ISO-10303-21;
HEADER;
/* Generated by software containing ST-Developer
 * from STEP Tools, Inc. (www.steptools.com) 
 */

FILE_DESCRIPTION(
/* description */ (''),
/* implementation_level */ '2;1');

FILE_NAME(
/* name */ 
'Back.stp',
/* time_stamp */ '2024-09-01T09:42:15+02:00',
/* author */ ('Harald'),
/* organization */ (''),
/* preprocessor_version */ 'ST-DEVELOPER v18.1',
/* authorisation */ '');

FILE_SCHEMA (('AUTOMOTIVE_DESIGN { 1 0 10303 214 3 1 1 }'));
ENDSEC;

DATA;
#10=MECHANICAL_DESIGN_GEOMETRIC_PRESENTATION_REPRESENTATION('',(#5181,#5182,
#5183,#5184,#5185,#5186,#5187,#5188,#5189,#5190,#5191,#5192,#5193,#5194,
#5195,#5196,#5197,#5198,#5199,#5200,#5201,#5202,#5203,#5204,#5205,#5206,
#5207,#5208,#5209,#5210,#5211,#5212,#5213,#5214,#5215,#5216,#5217,#5218,
#5219,#5220,#5221,#5222,#5223,#5224,#5225,#5226,#5227,#5228,#5229,#5230,
#5231,#5232,#5233,#5234,#5235,#5236,#5237,#5238,#5239,#5240,#5241,#5242,
#5243,#5244,#5245,#5246,#5247,#5248,#5249,#5250,#5251,#5252,#5253,#5254,
#5255,#5256,#5257,#5258,#5259,#5260,#5261,#5262,#5263,#5264,#5265,#5266,
#5267,#5268,#5269,#5270,#5271,#5272,#5273,#5274,#5275,#5276,#5277,#5278,
#5279,#5280,#5281,#5282,#5283,#5284,#5285,#5286,#5287,#5288,#5289,#5290,
#5291,#5292,#5293,#5294,#5295,#5296,#5297,#5298,#5299,#5300,#5301,#5302,
#5303,#5304,#5305,#5306,#5307,#5308,#5309,#5310,#5311,#5312,#5313,#5314,
#5315,#5316,#5317,#5318,#5319,#5320,#5321,#5322,#5323,#5324,#5325,#5326,
#5327,#5328,#5329,#5330,#5331,#5332,#5333,#5334,#5335,#5336,#5337,#5338,
#5339,#5340,#5341,#5342,#5343,#5344,#5345,#5346,#5347,#5348,#5349,#5350,
#5351,#5352,#5353,#5354,#5355,#5356,#5357,#5358,#5359,#5360,#5361,#5362,
#5363,#5364,#5365,#5366,#5367,#5368,#5369,#5370,#5371,#5372,#5373,#5374,
#5375,#5376,#5377,#5378,#5379,#5380,#5381,#5382,#5383,#5384,#5385,#5386,
#5387,#5388,#5389,#5390,#5391,#5392,#5393,#5394,#5395,#5396,#5397,#5398,
#5399,#5400,#5401,#5402,#5403,#5404,#5405,#5406,#5407,#5408,#5409,#5410,
#5411,#5412,#5413,#5414,#5415,#5416,#5417,#5418,#5419,#5420,#5421,#5422,
#5423,#5424,#5425,#5426,#5427,#5428,#5429,#5430,#5431,#5432,#5433,#5434,
#5435,#5436,#5437,#5438,#5439,#5440,#5441,#5442,#5443,#5444,#5445,#5446,
#5447),#9036);
#11=SHAPE_REPRESENTATION_RELATIONSHIP('SRR','None',#9043,#12);
#12=ADVANCED_BREP_SHAPE_REPRESENTATION('',(#13),#9035);
#13=MANIFOLD_SOLID_BREP('Volumenk\X\F6rper1',#5714);
#14=ELLIPSE('',#5905,11.7855593114635,11.);
#15=ELLIPSE('',#5918,10.7141448286032,10.);
#16=CYLINDRICAL_SURFACE('',#5824,1.5);
#17=CYLINDRICAL_SURFACE('',#5839,3.);
#18=CYLINDRICAL_SURFACE('',#5845,3.);
#19=CYLINDRICAL_SURFACE('',#5851,3.);
#20=CYLINDRICAL_SURFACE('',#5857,3.00000000000001);
#21=CYLINDRICAL_SURFACE('',#5904,11.);
#22=CYLINDRICAL_SURFACE('',#5917,10.);
#23=CYLINDRICAL_SURFACE('',#5920,1.7);
#24=CYLINDRICAL_SURFACE('',#5926,1.7);
#25=CYLINDRICAL_SURFACE('',#5932,1.7);
#26=CYLINDRICAL_SURFACE('',#5938,1.7);
#27=CYLINDRICAL_SURFACE('',#5944,4.);
#28=CYLINDRICAL_SURFACE('',#5950,4.);
#29=CYLINDRICAL_SURFACE('',#5956,4.00000000000001);
#30=CYLINDRICAL_SURFACE('',#5962,4.);
#31=CYLINDRICAL_SURFACE('',#5968,1.5);
#32=CYLINDRICAL_SURFACE('',#5973,1.5);
#33=CYLINDRICAL_SURFACE('',#5978,1.5);
#34=CYLINDRICAL_SURFACE('',#5983,1.5);
#35=CYLINDRICAL_SURFACE('',#6028,4.);
#36=CYLINDRICAL_SURFACE('',#6032,4.);
#37=CYLINDRICAL_SURFACE('',#6050,1.7);
#38=CYLINDRICAL_SURFACE('',#6054,1.7);
#39=CYLINDRICAL_SURFACE('',#6060,1.7);
#40=CYLINDRICAL_SURFACE('',#6066,1.7);
#41=FACE_BOUND('',#564,.T.);
#42=FACE_BOUND('',#566,.T.);
#43=FACE_BOUND('',#574,.T.);
#44=FACE_BOUND('',#580,.T.);
#45=FACE_BOUND('',#619,.T.);
#46=FACE_BOUND('',#620,.T.);
#47=FACE_BOUND('',#634,.T.);
#48=FACE_BOUND('',#649,.T.);
#49=FACE_BOUND('',#652,.T.);
#50=FACE_BOUND('',#655,.T.);
#51=FACE_BOUND('',#658,.T.);
#52=FACE_BOUND('',#664,.T.);
#53=FACE_BOUND('',#666,.T.);
#54=FACE_BOUND('',#668,.T.);
#55=FACE_BOUND('',#670,.T.);
#56=FACE_BOUND('',#690,.T.);
#57=FACE_BOUND('',#691,.T.);
#58=FACE_BOUND('',#692,.T.);
#59=FACE_BOUND('',#693,.T.);
#60=FACE_BOUND('',#694,.T.);
#61=FACE_BOUND('',#695,.T.);
#62=FACE_BOUND('',#696,.T.);
#63=FACE_BOUND('',#697,.T.);
#64=FACE_BOUND('',#698,.T.);
#65=FACE_BOUND('',#699,.T.);
#66=FACE_BOUND('',#700,.T.);
#67=FACE_BOUND('',#701,.T.);
#68=FACE_BOUND('',#702,.T.);
#69=FACE_BOUND('',#703,.T.);
#70=FACE_BOUND('',#704,.T.);
#71=FACE_BOUND('',#705,.T.);
#72=FACE_BOUND('',#706,.T.);
#73=FACE_BOUND('',#707,.T.);
#74=FACE_BOUND('',#708,.T.);
#75=FACE_BOUND('',#709,.T.);
#76=FACE_BOUND('',#710,.T.);
#77=FACE_BOUND('',#712,.T.);
#78=FACE_BOUND('',#713,.T.);
#79=FACE_BOUND('',#714,.T.);
#80=FACE_BOUND('',#715,.T.);
#81=FACE_BOUND('',#716,.T.);
#82=FACE_BOUND('',#717,.T.);
#83=FACE_BOUND('',#718,.T.);
#84=FACE_BOUND('',#719,.T.);
#85=FACE_BOUND('',#720,.T.);
#86=FACE_BOUND('',#721,.T.);
#87=FACE_BOUND('',#722,.T.);
#88=FACE_BOUND('',#723,.T.);
#89=FACE_BOUND('',#724,.T.);
#90=FACE_BOUND('',#725,.T.);
#91=FACE_BOUND('',#726,.T.);
#92=FACE_BOUND('',#727,.T.);
#93=FACE_BOUND('',#728,.T.);
#94=FACE_BOUND('',#729,.T.);
#95=FACE_BOUND('',#730,.T.);
#96=FACE_BOUND('',#731,.T.);
#97=FACE_BOUND('',#732,.T.);
#98=FACE_BOUND('',#733,.T.);
#99=FACE_BOUND('',#734,.T.);
#100=FACE_BOUND('',#735,.T.);
#101=FACE_BOUND('',#736,.T.);
#102=FACE_BOUND('',#737,.T.);
#103=FACE_BOUND('',#738,.T.);
#104=FACE_BOUND('',#739,.T.);
#105=FACE_BOUND('',#740,.T.);
#106=FACE_BOUND('',#741,.T.);
#107=FACE_BOUND('',#742,.T.);
#108=FACE_BOUND('',#743,.T.);
#109=FACE_BOUND('',#748,.T.);
#110=FACE_BOUND('',#752,.T.);
#111=FACE_BOUND('',#755,.T.);
#112=FACE_BOUND('',#758,.T.);
#113=FACE_BOUND('',#769,.T.);
#114=FACE_BOUND('',#772,.T.);
#115=FACE_BOUND('',#780,.T.);
#116=FACE_BOUND('',#797,.T.);
#117=FACE_BOUND('',#798,.T.);
#118=CIRCLE('',#5818,1.7);
#119=CIRCLE('',#5819,1.7);
#120=CIRCLE('',#5821,1.7);
#121=CIRCLE('',#5822,1.7);
#122=CIRCLE('',#5825,1.5);
#123=CIRCLE('',#5826,1.5);
#124=CIRCLE('',#5827,1.5);
#125=CIRCLE('',#5828,1.5);
#126=CIRCLE('',#5840,3.);
#127=CIRCLE('',#5841,3.);
#128=CIRCLE('',#5842,3.);
#129=CIRCLE('',#5843,3.);
#130=CIRCLE('',#5846,3.);
#131=CIRCLE('',#5847,3.);
#132=CIRCLE('',#5848,3.);
#133=CIRCLE('',#5849,3.);
#134=CIRCLE('',#5852,3.);
#135=CIRCLE('',#5853,3.);
#136=CIRCLE('',#5854,3.);
#137=CIRCLE('',#5855,3.);
#138=CIRCLE('',#5858,3.00000000000001);
#139=CIRCLE('',#5859,3.00000000000001);
#140=CIRCLE('',#5860,3.00000000000001);
#141=CIRCLE('',#5861,3.00000000000001);
#142=CIRCLE('',#5906,11.);
#143=CIRCLE('',#5907,11.);
#144=CIRCLE('',#5908,11.);
#145=CIRCLE('',#5909,11.);
#146=CIRCLE('',#5911,10.);
#147=CIRCLE('',#5912,10.);
#148=CIRCLE('',#5915,10.);
#149=CIRCLE('',#5916,10.);
#150=CIRCLE('',#5921,1.7);
#151=CIRCLE('',#5922,1.7);
#152=CIRCLE('',#5923,1.7);
#153=CIRCLE('',#5924,1.7);
#154=CIRCLE('',#5927,1.7);
#155=CIRCLE('',#5928,1.7);
#156=CIRCLE('',#5929,1.7);
#157=CIRCLE('',#5930,1.7);
#158=CIRCLE('',#5933,1.7);
#159=CIRCLE('',#5934,1.7);
#160=CIRCLE('',#5935,1.7);
#161=CIRCLE('',#5936,1.7);
#162=CIRCLE('',#5939,1.7);
#163=CIRCLE('',#5940,1.7);
#164=CIRCLE('',#5941,1.7);
#165=CIRCLE('',#5942,1.7);
#166=CIRCLE('',#5945,4.);
#167=CIRCLE('',#5946,4.);
#168=CIRCLE('',#5947,4.);
#169=CIRCLE('',#5948,4.);
#170=CIRCLE('',#5951,4.);
#171=CIRCLE('',#5952,4.);
#172=CIRCLE('',#5953,4.);
#173=CIRCLE('',#5954,4.);
#174=CIRCLE('',#5957,4.00000000000001);
#175=CIRCLE('',#5958,4.00000000000001);
#176=CIRCLE('',#5959,4.00000000000001);
#177=CIRCLE('',#5960,4.00000000000001);
#178=CIRCLE('',#5963,4.);
#179=CIRCLE('',#5964,4.);
#180=CIRCLE('',#5965,4.);
#181=CIRCLE('',#5966,4.);
#182=CIRCLE('',#5969,1.5);
#183=CIRCLE('',#5970,1.5);
#184=CIRCLE('',#5971,1.5);
#185=CIRCLE('',#5972,1.5);
#186=CIRCLE('',#5974,1.5);
#187=CIRCLE('',#5975,1.5);
#188=CIRCLE('',#5976,1.5);
#189=CIRCLE('',#5977,1.5);
#190=CIRCLE('',#5979,1.5);
#191=CIRCLE('',#5980,1.5);
#192=CIRCLE('',#5981,1.5);
#193=CIRCLE('',#5982,1.5);
#194=CIRCLE('',#5984,1.5);
#195=CIRCLE('',#5985,1.5);
#196=CIRCLE('',#5986,1.5);
#197=CIRCLE('',#5987,1.5);
#198=CIRCLE('',#6029,4.);
#199=CIRCLE('',#6030,4.);
#200=CIRCLE('',#6033,4.);
#201=CIRCLE('',#6034,4.);
#202=CIRCLE('',#6051,1.7);
#203=CIRCLE('',#6052,1.7);
#204=CIRCLE('',#6055,1.7);
#205=CIRCLE('',#6056,1.7);
#206=CIRCLE('',#6057,1.7);
#207=CIRCLE('',#6058,1.7);
#208=CIRCLE('',#6061,1.7);
#209=CIRCLE('',#6062,1.7);
#210=CIRCLE('',#6063,1.7);
#211=CIRCLE('',#6064,1.7);
#212=CIRCLE('',#6067,1.7);
#213=CIRCLE('',#6068,1.7);
#214=FACE_OUTER_BOUND('',#480,.T.);
#215=FACE_OUTER_BOUND('',#481,.T.);
#216=FACE_OUTER_BOUND('',#482,.T.);
#217=FACE_OUTER_BOUND('',#483,.T.);
#218=FACE_OUTER_BOUND('',#484,.T.);
#219=FACE_OUTER_BOUND('',#485,.T.);
#220=FACE_OUTER_BOUND('',#486,.T.);
#221=FACE_OUTER_BOUND('',#487,.T.);
#222=FACE_OUTER_BOUND('',#488,.T.);
#223=FACE_OUTER_BOUND('',#489,.T.);
#224=FACE_OUTER_BOUND('',#490,.T.);
#225=FACE_OUTER_BOUND('',#491,.T.);
#226=FACE_OUTER_BOUND('',#492,.T.);
#227=FACE_OUTER_BOUND('',#493,.T.);
#228=FACE_OUTER_BOUND('',#494,.T.);
#229=FACE_OUTER_BOUND('',#495,.T.);
#230=FACE_OUTER_BOUND('',#496,.T.);
#231=FACE_OUTER_BOUND('',#497,.T.);
#232=FACE_OUTER_BOUND('',#498,.T.);
#233=FACE_OUTER_BOUND('',#499,.T.);
#234=FACE_OUTER_BOUND('',#500,.T.);
#235=FACE_OUTER_BOUND('',#501,.T.);
#236=FACE_OUTER_BOUND('',#502,.T.);
#237=FACE_OUTER_BOUND('',#503,.T.);
#238=FACE_OUTER_BOUND('',#504,.T.);
#239=FACE_OUTER_BOUND('',#505,.T.);
#240=FACE_OUTER_BOUND('',#506,.T.);
#241=FACE_OUTER_BOUND('',#507,.T.);
#242=FACE_OUTER_BOUND('',#508,.T.);
#243=FACE_OUTER_BOUND('',#509,.T.);
#244=FACE_OUTER_BOUND('',#510,.T.);
#245=FACE_OUTER_BOUND('',#511,.T.);
#246=FACE_OUTER_BOUND('',#512,.T.);
#247=FACE_OUTER_BOUND('',#513,.T.);
#248=FACE_OUTER_BOUND('',#514,.T.);
#249=FACE_OUTER_BOUND('',#515,.T.);
#250=FACE_OUTER_BOUND('',#516,.T.);
#251=FACE_OUTER_BOUND('',#517,.T.);
#252=FACE_OUTER_BOUND('',#518,.T.);
#253=FACE_OUTER_BOUND('',#519,.T.);
#254=FACE_OUTER_BOUND('',#520,.T.);
#255=FACE_OUTER_BOUND('',#521,.T.);
#256=FACE_OUTER_BOUND('',#522,.T.);
#257=FACE_OUTER_BOUND('',#523,.T.);
#258=FACE_OUTER_BOUND('',#524,.T.);
#259=FACE_OUTER_BOUND('',#525,.T.);
#260=FACE_OUTER_BOUND('',#526,.T.);
#261=FACE_OUTER_BOUND('',#527,.T.);
#262=FACE_OUTER_BOUND('',#528,.T.);
#263=FACE_OUTER_BOUND('',#529,.T.);
#264=FACE_OUTER_BOUND('',#530,.T.);
#265=FACE_OUTER_BOUND('',#531,.T.);
#266=FACE_OUTER_BOUND('',#532,.T.);
#267=FACE_OUTER_BOUND('',#533,.T.);
#268=FACE_OUTER_BOUND('',#534,.T.);
#269=FACE_OUTER_BOUND('',#535,.T.);
#270=FACE_OUTER_BOUND('',#536,.T.);
#271=FACE_OUTER_BOUND('',#537,.T.);
#272=FACE_OUTER_BOUND('',#538,.T.);
#273=FACE_OUTER_BOUND('',#539,.T.);
#274=FACE_OUTER_BOUND('',#540,.T.);
#275=FACE_OUTER_BOUND('',#541,.T.);
#276=FACE_OUTER_BOUND('',#542,.T.);
#277=FACE_OUTER_BOUND('',#543,.T.);
#278=FACE_OUTER_BOUND('',#544,.T.);
#279=FACE_OUTER_BOUND('',#545,.T.);
#280=FACE_OUTER_BOUND('',#546,.T.);
#281=FACE_OUTER_BOUND('',#547,.T.);
#282=FACE_OUTER_BOUND('',#548,.T.);
#283=FACE_OUTER_BOUND('',#549,.T.);
#284=FACE_OUTER_BOUND('',#550,.T.);
#285=FACE_OUTER_BOUND('',#551,.T.);
#286=FACE_OUTER_BOUND('',#552,.T.);
#287=FACE_OUTER_BOUND('',#553,.T.);
#288=FACE_OUTER_BOUND('',#554,.T.);
#289=FACE_OUTER_BOUND('',#555,.T.);
#290=FACE_OUTER_BOUND('',#556,.T.);
#291=FACE_OUTER_BOUND('',#557,.T.);
#292=FACE_OUTER_BOUND('',#558,.T.);
#293=FACE_OUTER_BOUND('',#559,.T.);
#294=FACE_OUTER_BOUND('',#560,.T.);
#295=FACE_OUTER_BOUND('',#561,.T.);
#296=FACE_OUTER_BOUND('',#562,.T.);
#297=FACE_OUTER_BOUND('',#563,.T.);
#298=FACE_OUTER_BOUND('',#565,.T.);
#299=FACE_OUTER_BOUND('',#567,.T.);
#300=FACE_OUTER_BOUND('',#568,.T.);
#301=FACE_OUTER_BOUND('',#569,.T.);
#302=FACE_OUTER_BOUND('',#570,.T.);
#303=FACE_OUTER_BOUND('',#571,.T.);
#304=FACE_OUTER_BOUND('',#572,.T.);
#305=FACE_OUTER_BOUND('',#573,.T.);
#306=FACE_OUTER_BOUND('',#575,.T.);
#307=FACE_OUTER_BOUND('',#576,.T.);
#308=FACE_OUTER_BOUND('',#577,.T.);
#309=FACE_OUTER_BOUND('',#578,.T.);
#310=FACE_OUTER_BOUND('',#579,.T.);
#311=FACE_OUTER_BOUND('',#581,.T.);
#312=FACE_OUTER_BOUND('',#582,.T.);
#313=FACE_OUTER_BOUND('',#583,.T.);
#314=FACE_OUTER_BOUND('',#584,.T.);
#315=FACE_OUTER_BOUND('',#585,.T.);
#316=FACE_OUTER_BOUND('',#586,.T.);
#317=FACE_OUTER_BOUND('',#587,.T.);
#318=FACE_OUTER_BOUND('',#588,.T.);
#319=FACE_OUTER_BOUND('',#589,.T.);
#320=FACE_OUTER_BOUND('',#590,.T.);
#321=FACE_OUTER_BOUND('',#591,.T.);
#322=FACE_OUTER_BOUND('',#592,.T.);
#323=FACE_OUTER_BOUND('',#593,.T.);
#324=FACE_OUTER_BOUND('',#594,.T.);
#325=FACE_OUTER_BOUND('',#595,.T.);
#326=FACE_OUTER_BOUND('',#596,.T.);
#327=FACE_OUTER_BOUND('',#597,.T.);
#328=FACE_OUTER_BOUND('',#598,.T.);
#329=FACE_OUTER_BOUND('',#599,.T.);
#330=FACE_OUTER_BOUND('',#600,.T.);
#331=FACE_OUTER_BOUND('',#601,.T.);
#332=FACE_OUTER_BOUND('',#602,.T.);
#333=FACE_OUTER_BOUND('',#603,.T.);
#334=FACE_OUTER_BOUND('',#604,.T.);
#335=FACE_OUTER_BOUND('',#605,.T.);
#336=FACE_OUTER_BOUND('',#606,.T.);
#337=FACE_OUTER_BOUND('',#607,.T.);
#338=FACE_OUTER_BOUND('',#608,.T.);
#339=FACE_OUTER_BOUND('',#609,.T.);
#340=FACE_OUTER_BOUND('',#610,.T.);
#341=FACE_OUTER_BOUND('',#611,.T.);
#342=FACE_OUTER_BOUND('',#612,.T.);
#343=FACE_OUTER_BOUND('',#613,.T.);
#344=FACE_OUTER_BOUND('',#614,.T.);
#345=FACE_OUTER_BOUND('',#615,.T.);
#346=FACE_OUTER_BOUND('',#616,.T.);
#347=FACE_OUTER_BOUND('',#617,.T.);
#348=FACE_OUTER_BOUND('',#618,.T.);
#349=FACE_OUTER_BOUND('',#621,.T.);
#350=FACE_OUTER_BOUND('',#622,.T.);
#351=FACE_OUTER_BOUND('',#623,.T.);
#352=FACE_OUTER_BOUND('',#624,.T.);
#353=FACE_OUTER_BOUND('',#625,.T.);
#354=FACE_OUTER_BOUND('',#626,.T.);
#355=FACE_OUTER_BOUND('',#627,.T.);
#356=FACE_OUTER_BOUND('',#628,.T.);
#357=FACE_OUTER_BOUND('',#629,.T.);
#358=FACE_OUTER_BOUND('',#630,.T.);
#359=FACE_OUTER_BOUND('',#631,.T.);
#360=FACE_OUTER_BOUND('',#632,.T.);
#361=FACE_OUTER_BOUND('',#633,.T.);
#362=FACE_OUTER_BOUND('',#635,.T.);
#363=FACE_OUTER_BOUND('',#636,.T.);
#364=FACE_OUTER_BOUND('',#637,.T.);
#365=FACE_OUTER_BOUND('',#638,.T.);
#366=FACE_OUTER_BOUND('',#639,.T.);
#367=FACE_OUTER_BOUND('',#640,.T.);
#368=FACE_OUTER_BOUND('',#641,.T.);
#369=FACE_OUTER_BOUND('',#642,.T.);
#370=FACE_OUTER_BOUND('',#643,.T.);
#371=FACE_OUTER_BOUND('',#644,.T.);
#372=FACE_OUTER_BOUND('',#645,.T.);
#373=FACE_OUTER_BOUND('',#646,.T.);
#374=FACE_OUTER_BOUND('',#647,.T.);
#375=FACE_OUTER_BOUND('',#648,.T.);
#376=FACE_OUTER_BOUND('',#650,.T.);
#377=FACE_OUTER_BOUND('',#651,.T.);
#378=FACE_OUTER_BOUND('',#653,.T.);
#379=FACE_OUTER_BOUND('',#654,.T.);
#380=FACE_OUTER_BOUND('',#656,.T.);
#381=FACE_OUTER_BOUND('',#657,.T.);
#382=FACE_OUTER_BOUND('',#659,.T.);
#383=FACE_OUTER_BOUND('',#660,.T.);
#384=FACE_OUTER_BOUND('',#661,.T.);
#385=FACE_OUTER_BOUND('',#662,.T.);
#386=FACE_OUTER_BOUND('',#663,.T.);
#387=FACE_OUTER_BOUND('',#665,.T.);
#388=FACE_OUTER_BOUND('',#667,.T.);
#389=FACE_OUTER_BOUND('',#669,.T.);
#390=FACE_OUTER_BOUND('',#671,.T.);
#391=FACE_OUTER_BOUND('',#672,.T.);
#392=FACE_OUTER_BOUND('',#673,.T.);
#393=FACE_OUTER_BOUND('',#674,.T.);
#394=FACE_OUTER_BOUND('',#675,.T.);
#395=FACE_OUTER_BOUND('',#676,.T.);
#396=FACE_OUTER_BOUND('',#677,.T.);
#397=FACE_OUTER_BOUND('',#678,.T.);
#398=FACE_OUTER_BOUND('',#679,.T.);
#399=FACE_OUTER_BOUND('',#680,.T.);
#400=FACE_OUTER_BOUND('',#681,.T.);
#401=FACE_OUTER_BOUND('',#682,.T.);
#402=FACE_OUTER_BOUND('',#683,.T.);
#403=FACE_OUTER_BOUND('',#684,.T.);
#404=FACE_OUTER_BOUND('',#685,.T.);
#405=FACE_OUTER_BOUND('',#686,.T.);
#406=FACE_OUTER_BOUND('',#687,.T.);
#407=FACE_OUTER_BOUND('',#688,.T.);
#408=FACE_OUTER_BOUND('',#689,.T.);
#409=FACE_OUTER_BOUND('',#711,.T.);
#410=FACE_OUTER_BOUND('',#744,.T.);
#411=FACE_OUTER_BOUND('',#745,.T.);
#412=FACE_OUTER_BOUND('',#746,.T.);
#413=FACE_OUTER_BOUND('',#747,.T.);
#414=FACE_OUTER_BOUND('',#749,.T.);
#415=FACE_OUTER_BOUND('',#750,.T.);
#416=FACE_OUTER_BOUND('',#751,.T.);
#417=FACE_OUTER_BOUND('',#753,.T.);
#418=FACE_OUTER_BOUND('',#754,.T.);
#419=FACE_OUTER_BOUND('',#756,.T.);
#420=FACE_OUTER_BOUND('',#757,.T.);
#421=FACE_OUTER_BOUND('',#759,.T.);
#422=FACE_OUTER_BOUND('',#760,.T.);
#423=FACE_OUTER_BOUND('',#761,.T.);
#424=FACE_OUTER_BOUND('',#762,.T.);
#425=FACE_OUTER_BOUND('',#763,.T.);
#426=FACE_OUTER_BOUND('',#764,.T.);
#427=FACE_OUTER_BOUND('',#765,.T.);
#428=FACE_OUTER_BOUND('',#766,.T.);
#429=FACE_OUTER_BOUND('',#767,.T.);
#430=FACE_OUTER_BOUND('',#768,.T.);
#431=FACE_OUTER_BOUND('',#770,.T.);
#432=FACE_OUTER_BOUND('',#771,.T.);
#433=FACE_OUTER_BOUND('',#773,.T.);
#434=FACE_OUTER_BOUND('',#774,.T.);
#435=FACE_OUTER_BOUND('',#775,.T.);
#436=FACE_OUTER_BOUND('',#776,.T.);
#437=FACE_OUTER_BOUND('',#777,.T.);
#438=FACE_OUTER_BOUND('',#778,.T.);
#439=FACE_OUTER_BOUND('',#779,.T.);
#440=FACE_OUTER_BOUND('',#781,.T.);
#441=FACE_OUTER_BOUND('',#782,.T.);
#442=FACE_OUTER_BOUND('',#783,.T.);
#443=FACE_OUTER_BOUND('',#784,.T.);
#444=FACE_OUTER_BOUND('',#785,.T.);
#445=FACE_OUTER_BOUND('',#786,.T.);
#446=FACE_OUTER_BOUND('',#787,.T.);
#447=FACE_OUTER_BOUND('',#788,.T.);
#448=FACE_OUTER_BOUND('',#789,.T.);
#449=FACE_OUTER_BOUND('',#790,.T.);
#450=FACE_OUTER_BOUND('',#791,.T.);
#451=FACE_OUTER_BOUND('',#792,.T.);
#452=FACE_OUTER_BOUND('',#793,.T.);
#453=FACE_OUTER_BOUND('',#794,.T.);
#454=FACE_OUTER_BOUND('',#795,.T.);
#455=FACE_OUTER_BOUND('',#796,.T.);
#456=FACE_OUTER_BOUND('',#799,.T.);
#457=FACE_OUTER_BOUND('',#800,.T.);
#458=FACE_OUTER_BOUND('',#801,.T.);
#459=FACE_OUTER_BOUND('',#802,.T.);
#460=FACE_OUTER_BOUND('',#803,.T.);
#461=FACE_OUTER_BOUND('',#804,.T.);
#462=FACE_OUTER_BOUND('',#805,.T.);
#463=FACE_OUTER_BOUND('',#806,.T.);
#464=FACE_OUTER_BOUND('',#807,.T.);
#465=FACE_OUTER_BOUND('',#808,.T.);
#466=FACE_OUTER_BOUND('',#809,.T.);
#467=FACE_OUTER_BOUND('',#810,.T.);
#468=FACE_OUTER_BOUND('',#811,.T.);
#469=FACE_OUTER_BOUND('',#812,.T.);
#470=FACE_OUTER_BOUND('',#813,.T.);
#471=FACE_OUTER_BOUND('',#814,.T.);
#472=FACE_OUTER_BOUND('',#815,.T.);
#473=FACE_OUTER_BOUND('',#816,.T.);
#474=FACE_OUTER_BOUND('',#817,.T.);
#475=FACE_OUTER_BOUND('',#818,.T.);
#476=FACE_OUTER_BOUND('',#819,.T.);
#477=FACE_OUTER_BOUND('',#820,.T.);
#478=FACE_OUTER_BOUND('',#821,.T.);
#479=FACE_OUTER_BOUND('',#822,.T.);
#480=EDGE_LOOP('',(#3422,#3423,#3424,#3425));
#481=EDGE_LOOP('',(#3426,#3427,#3428,#3429));
#482=EDGE_LOOP('',(#3430,#3431,#3432,#3433));
#483=EDGE_LOOP('',(#3434,#3435,#3436,#3437));
#484=EDGE_LOOP('',(#3438,#3439,#3440,#3441));
#485=EDGE_LOOP('',(#3442,#3443,#3444,#3445));
#486=EDGE_LOOP('',(#3446,#3447,#3448,#3449));
#487=EDGE_LOOP('',(#3450,#3451,#3452,#3453));
#488=EDGE_LOOP('',(#3454,#3455,#3456,#3457));
#489=EDGE_LOOP('',(#3458,#3459,#3460,#3461));
#490=EDGE_LOOP('',(#3462,#3463,#3464,#3465));
#491=EDGE_LOOP('',(#3466,#3467,#3468,#3469));
#492=EDGE_LOOP('',(#3470,#3471,#3472,#3473));
#493=EDGE_LOOP('',(#3474,#3475,#3476,#3477));
#494=EDGE_LOOP('',(#3478,#3479,#3480,#3481));
#495=EDGE_LOOP('',(#3482,#3483,#3484,#3485));
#496=EDGE_LOOP('',(#3486,#3487,#3488,#3489));
#497=EDGE_LOOP('',(#3490,#3491,#3492,#3493));
#498=EDGE_LOOP('',(#3494,#3495,#3496,#3497));
#499=EDGE_LOOP('',(#3498,#3499,#3500,#3501));
#500=EDGE_LOOP('',(#3502,#3503,#3504,#3505));
#501=EDGE_LOOP('',(#3506,#3507,#3508,#3509));
#502=EDGE_LOOP('',(#3510,#3511,#3512,#3513));
#503=EDGE_LOOP('',(#3514,#3515,#3516,#3517));
#504=EDGE_LOOP('',(#3518,#3519,#3520,#3521));
#505=EDGE_LOOP('',(#3522,#3523,#3524,#3525));
#506=EDGE_LOOP('',(#3526,#3527,#3528,#3529));
#507=EDGE_LOOP('',(#3530,#3531,#3532,#3533));
#508=EDGE_LOOP('',(#3534,#3535,#3536,#3537));
#509=EDGE_LOOP('',(#3538,#3539,#3540,#3541));
#510=EDGE_LOOP('',(#3542,#3543,#3544,#3545));
#511=EDGE_LOOP('',(#3546,#3547,#3548,#3549));
#512=EDGE_LOOP('',(#3550,#3551,#3552,#3553));
#513=EDGE_LOOP('',(#3554,#3555,#3556,#3557));
#514=EDGE_LOOP('',(#3558,#3559,#3560,#3561));
#515=EDGE_LOOP('',(#3562,#3563,#3564,#3565));
#516=EDGE_LOOP('',(#3566,#3567,#3568,#3569));
#517=EDGE_LOOP('',(#3570,#3571,#3572,#3573));
#518=EDGE_LOOP('',(#3574,#3575,#3576,#3577));
#519=EDGE_LOOP('',(#3578,#3579,#3580,#3581));
#520=EDGE_LOOP('',(#3582,#3583,#3584,#3585));
#521=EDGE_LOOP('',(#3586,#3587,#3588,#3589));
#522=EDGE_LOOP('',(#3590,#3591,#3592,#3593));
#523=EDGE_LOOP('',(#3594,#3595,#3596,#3597));
#524=EDGE_LOOP('',(#3598,#3599,#3600,#3601));
#525=EDGE_LOOP('',(#3602,#3603,#3604,#3605));
#526=EDGE_LOOP('',(#3606,#3607,#3608,#3609));
#527=EDGE_LOOP('',(#3610,#3611,#3612,#3613));
#528=EDGE_LOOP('',(#3614,#3615,#3616,#3617));
#529=EDGE_LOOP('',(#3618,#3619,#3620,#3621));
#530=EDGE_LOOP('',(#3622,#3623,#3624,#3625));
#531=EDGE_LOOP('',(#3626,#3627,#3628,#3629));
#532=EDGE_LOOP('',(#3630,#3631,#3632,#3633));
#533=EDGE_LOOP('',(#3634,#3635,#3636,#3637));
#534=EDGE_LOOP('',(#3638,#3639,#3640,#3641));
#535=EDGE_LOOP('',(#3642,#3643,#3644,#3645));
#536=EDGE_LOOP('',(#3646,#3647,#3648,#3649));
#537=EDGE_LOOP('',(#3650,#3651,#3652,#3653));
#538=EDGE_LOOP('',(#3654,#3655,#3656,#3657));
#539=EDGE_LOOP('',(#3658,#3659,#3660,#3661));
#540=EDGE_LOOP('',(#3662,#3663,#3664,#3665));
#541=EDGE_LOOP('',(#3666,#3667,#3668,#3669));
#542=EDGE_LOOP('',(#3670,#3671,#3672,#3673));
#543=EDGE_LOOP('',(#3674,#3675,#3676,#3677));
#544=EDGE_LOOP('',(#3678,#3679,#3680,#3681));
#545=EDGE_LOOP('',(#3682,#3683,#3684,#3685));
#546=EDGE_LOOP('',(#3686,#3687,#3688,#3689));
#547=EDGE_LOOP('',(#3690,#3691,#3692,#3693));
#548=EDGE_LOOP('',(#3694,#3695,#3696,#3697));
#549=EDGE_LOOP('',(#3698,#3699,#3700,#3701));
#550=EDGE_LOOP('',(#3702,#3703,#3704,#3705));
#551=EDGE_LOOP('',(#3706,#3707,#3708,#3709));
#552=EDGE_LOOP('',(#3710,#3711,#3712,#3713));
#553=EDGE_LOOP('',(#3714,#3715,#3716,#3717));
#554=EDGE_LOOP('',(#3718,#3719,#3720,#3721));
#555=EDGE_LOOP('',(#3722,#3723,#3724,#3725));
#556=EDGE_LOOP('',(#3726,#3727,#3728,#3729));
#557=EDGE_LOOP('',(#3730,#3731,#3732,#3733));
#558=EDGE_LOOP('',(#3734,#3735,#3736,#3737));
#559=EDGE_LOOP('',(#3738,#3739,#3740,#3741));
#560=EDGE_LOOP('',(#3742,#3743,#3744,#3745));
#561=EDGE_LOOP('',(#3746,#3747,#3748,#3749));
#562=EDGE_LOOP('',(#3750,#3751,#3752,#3753));
#563=EDGE_LOOP('',(#3754,#3755,#3756,#3757,#3758));
#564=EDGE_LOOP('',(#3759,#3760));
#565=EDGE_LOOP('',(#3761,#3762,#3763,#3764,#3765));
#566=EDGE_LOOP('',(#3766,#3767));
#567=EDGE_LOOP('',(#3768,#3769,#3770,#3771,#3772,#3773,#3774,#3775,#3776,
#3777));
#568=EDGE_LOOP('',(#3778,#3779,#3780,#3781,#3782,#3783));
#569=EDGE_LOOP('',(#3784,#3785,#3786,#3787));
#570=EDGE_LOOP('',(#3788,#3789,#3790,#3791));
#571=EDGE_LOOP('',(#3792,#3793,#3794,#3795));
#572=EDGE_LOOP('',(#3796,#3797,#3798,#3799));
#573=EDGE_LOOP('',(#3800,#3801,#3802,#3803));
#574=EDGE_LOOP('',(#3804,#3805));
#575=EDGE_LOOP('',(#3806,#3807,#3808,#3809));
#576=EDGE_LOOP('',(#3810,#3811,#3812,#3813));
#577=EDGE_LOOP('',(#3814,#3815,#3816,#3817));
#578=EDGE_LOOP('',(#3818,#3819,#3820,#3821));
#579=EDGE_LOOP('',(#3822,#3823,#3824,#3825));
#580=EDGE_LOOP('',(#3826,#3827));
#581=EDGE_LOOP('',(#3828,#3829,#3830,#3831,#3832,#3833));
#582=EDGE_LOOP('',(#3834,#3835));
#583=EDGE_LOOP('',(#3836,#3837,#3838,#3839,#3840,#3841));
#584=EDGE_LOOP('',(#3842,#3843));
#585=EDGE_LOOP('',(#3844,#3845,#3846,#3847,#3848,#3849));
#586=EDGE_LOOP('',(#3850,#3851));
#587=EDGE_LOOP('',(#3852,#3853,#3854,#3855,#3856,#3857));
#588=EDGE_LOOP('',(#3858,#3859));
#589=EDGE_LOOP('',(#3860,#3861,#3862,#3863));
#590=EDGE_LOOP('',(#3864,#3865,#3866,#3867));
#591=EDGE_LOOP('',(#3868,#3869,#3870,#3871));
#592=EDGE_LOOP('',(#3872,#3873,#3874,#3875));
#593=EDGE_LOOP('',(#3876,#3877,#3878,#3879));
#594=EDGE_LOOP('',(#3880,#3881,#3882,#3883));
#595=EDGE_LOOP('',(#3884,#3885,#3886,#3887));
#596=EDGE_LOOP('',(#3888,#3889,#3890,#3891));
#597=EDGE_LOOP('',(#3892,#3893,#3894,#3895,#3896,#3897,#3898,#3899,#3900,
#3901,#3902,#3903));
#598=EDGE_LOOP('',(#3904,#3905,#3906,#3907));
#599=EDGE_LOOP('',(#3908,#3909,#3910,#3911));
#600=EDGE_LOOP('',(#3912,#3913,#3914,#3915));
#601=EDGE_LOOP('',(#3916,#3917,#3918,#3919));
#602=EDGE_LOOP('',(#3920,#3921,#3922,#3923));
#603=EDGE_LOOP('',(#3924,#3925,#3926,#3927));
#604=EDGE_LOOP('',(#3928,#3929,#3930,#3931));
#605=EDGE_LOOP('',(#3932,#3933,#3934,#3935));
#606=EDGE_LOOP('',(#3936,#3937,#3938,#3939,#3940,#3941,#3942,#3943,#3944,
#3945,#3946,#3947));
#607=EDGE_LOOP('',(#3948,#3949,#3950,#3951));
#608=EDGE_LOOP('',(#3952,#3953,#3954,#3955));
#609=EDGE_LOOP('',(#3956,#3957,#3958,#3959));
#610=EDGE_LOOP('',(#3960,#3961,#3962,#3963));
#611=EDGE_LOOP('',(#3964,#3965,#3966,#3967));
#612=EDGE_LOOP('',(#3968,#3969,#3970,#3971));
#613=EDGE_LOOP('',(#3972,#3973,#3974,#3975));
#614=EDGE_LOOP('',(#3976,#3977,#3978,#3979));
#615=EDGE_LOOP('',(#3980,#3981,#3982,#3983));
#616=EDGE_LOOP('',(#3984,#3985,#3986,#3987));
#617=EDGE_LOOP('',(#3988,#3989,#3990,#3991));
#618=EDGE_LOOP('',(#3992,#3993,#3994,#3995));
#619=EDGE_LOOP('',(#3996,#3997,#3998,#3999));
#620=EDGE_LOOP('',(#4000,#4001,#4002,#4003));
#621=EDGE_LOOP('',(#4004,#4005,#4006,#4007));
#622=EDGE_LOOP('',(#4008,#4009,#4010,#4011));
#623=EDGE_LOOP('',(#4012,#4013,#4014,#4015));
#624=EDGE_LOOP('',(#4016,#4017,#4018,#4019));
#625=EDGE_LOOP('',(#4020,#4021,#4022,#4023,#4024,#4025,#4026,#4027));
#626=EDGE_LOOP('',(#4028,#4029,#4030,#4031,#4032,#4033,#4034,#4035));
#627=EDGE_LOOP('',(#4036,#4037,#4038,#4039));
#628=EDGE_LOOP('',(#4040,#4041,#4042,#4043,#4044,#4045,#4046,#4047));
#629=EDGE_LOOP('',(#4048,#4049,#4050,#4051));
#630=EDGE_LOOP('',(#4052,#4053,#4054,#4055,#4056,#4057,#4058,#4059));
#631=EDGE_LOOP('',(#4060,#4061,#4062,#4063));
#632=EDGE_LOOP('',(#4064,#4065,#4066,#4067,#4068,#4069,#4070));
#633=EDGE_LOOP('',(#4071,#4072));
#634=EDGE_LOOP('',(#4073,#4074));
#635=EDGE_LOOP('',(#4075,#4076,#4077,#4078,#4079,#4080,#4081,#4082,#4083,
#4084,#4085));
#636=EDGE_LOOP('',(#4086,#4087,#4088,#4089,#4090,#4091,#4092,#4093,#4094,
#4095,#4096));
#637=EDGE_LOOP('',(#4097,#4098,#4099,#4100,#4101,#4102,#4103));
#638=EDGE_LOOP('',(#4104,#4105,#4106,#4107,#4108,#4109));
#639=EDGE_LOOP('',(#4110,#4111,#4112,#4113,#4114,#4115));
#640=EDGE_LOOP('',(#4116,#4117));
#641=EDGE_LOOP('',(#4118,#4119,#4120,#4121,#4122,#4123));
#642=EDGE_LOOP('',(#4124,#4125));
#643=EDGE_LOOP('',(#4126,#4127,#4128,#4129,#4130,#4131));
#644=EDGE_LOOP('',(#4132,#4133));
#645=EDGE_LOOP('',(#4134,#4135,#4136,#4137,#4138,#4139));
#646=EDGE_LOOP('',(#4140,#4141));
#647=EDGE_LOOP('',(#4142,#4143,#4144,#4145,#4146,#4147));
#648=EDGE_LOOP('',(#4148,#4149));
#649=EDGE_LOOP('',(#4150,#4151));
#650=EDGE_LOOP('',(#4152,#4153,#4154,#4155,#4156,#4157));
#651=EDGE_LOOP('',(#4158,#4159));
#652=EDGE_LOOP('',(#4160,#4161));
#653=EDGE_LOOP('',(#4162,#4163,#4164,#4165,#4166,#4167));
#654=EDGE_LOOP('',(#4168,#4169));
#655=EDGE_LOOP('',(#4170,#4171));
#656=EDGE_LOOP('',(#4172,#4173,#4174,#4175,#4176,#4177));
#657=EDGE_LOOP('',(#4178,#4179));
#658=EDGE_LOOP('',(#4180,#4181));
#659=EDGE_LOOP('',(#4182,#4183,#4184,#4185,#4186,#4187));
#660=EDGE_LOOP('',(#4188,#4189,#4190,#4191,#4192,#4193));
#661=EDGE_LOOP('',(#4194,#4195,#4196,#4197,#4198,#4199));
#662=EDGE_LOOP('',(#4200,#4201,#4202,#4203,#4204,#4205));
#663=EDGE_LOOP('',(#4206,#4207,#4208,#4209));
#664=EDGE_LOOP('',(#4210,#4211));
#665=EDGE_LOOP('',(#4212,#4213,#4214,#4215));
#666=EDGE_LOOP('',(#4216,#4217));
#667=EDGE_LOOP('',(#4218,#4219,#4220,#4221));
#668=EDGE_LOOP('',(#4222,#4223));
#669=EDGE_LOOP('',(#4224,#4225,#4226,#4227));
#670=EDGE_LOOP('',(#4228,#4229));
#671=EDGE_LOOP('',(#4230,#4231,#4232,#4233,#4234,#4235,#4236,#4237));
#672=EDGE_LOOP('',(#4238,#4239,#4240,#4241,#4242));
#673=EDGE_LOOP('',(#4243,#4244,#4245,#4246,#4247));
#674=EDGE_LOOP('',(#4248,#4249,#4250,#4251,#4252));
#675=EDGE_LOOP('',(#4253,#4254,#4255,#4256,#4257));
#676=EDGE_LOOP('',(#4258,#4259,#4260,#4261,#4262));
#677=EDGE_LOOP('',(#4263,#4264,#4265,#4266,#4267));
#678=EDGE_LOOP('',(#4268,#4269,#4270,#4271,#4272));
#679=EDGE_LOOP('',(#4273,#4274,#4275,#4276,#4277));
#680=EDGE_LOOP('',(#4278,#4279,#4280,#4281));
#681=EDGE_LOOP('',(#4282,#4283,#4284,#4285,#4286));
#682=EDGE_LOOP('',(#4287,#4288,#4289,#4290,#4291,#4292,#4293));
#683=EDGE_LOOP('',(#4294,#4295,#4296,#4297,#4298));
#684=EDGE_LOOP('',(#4299,#4300,#4301,#4302,#4303));
#685=EDGE_LOOP('',(#4304,#4305,#4306,#4307));
#686=EDGE_LOOP('',(#4308,#4309,#4310,#4311,#4312));
#687=EDGE_LOOP('',(#4313,#4314,#4315,#4316,#4317,#4318));
#688=EDGE_LOOP('',(#4319,#4320,#4321,#4322,#4323));
#689=EDGE_LOOP('',(#4324,#4325,#4326,#4327,#4328,#4329,#4330,#4331,#4332,
#4333,#4334,#4335,#4336,#4337,#4338,#4339,#4340,#4341,#4342,#4343,#4344,
#4345,#4346,#4347));
#690=EDGE_LOOP('',(#4348,#4349,#4350,#4351));
#691=EDGE_LOOP('',(#4352,#4353,#4354,#4355));
#692=EDGE_LOOP('',(#4356,#4357,#4358,#4359));
#693=EDGE_LOOP('',(#4360,#4361,#4362,#4363));
#694=EDGE_LOOP('',(#4364,#4365,#4366,#4367));
#695=EDGE_LOOP('',(#4368,#4369,#4370,#4371));
#696=EDGE_LOOP('',(#4372,#4373,#4374,#4375));
#697=EDGE_LOOP('',(#4376,#4377,#4378,#4379));
#698=EDGE_LOOP('',(#4380,#4381,#4382,#4383));
#699=EDGE_LOOP('',(#4384,#4385,#4386,#4387));
#700=EDGE_LOOP('',(#4388,#4389,#4390,#4391));
#701=EDGE_LOOP('',(#4392,#4393,#4394,#4395));
#702=EDGE_LOOP('',(#4396,#4397,#4398,#4399));
#703=EDGE_LOOP('',(#4400,#4401,#4402,#4403));
#704=EDGE_LOOP('',(#4404,#4405,#4406,#4407));
#705=EDGE_LOOP('',(#4408,#4409,#4410,#4411));
#706=EDGE_LOOP('',(#4412,#4413,#4414,#4415));
#707=EDGE_LOOP('',(#4416,#4417,#4418,#4419));
#708=EDGE_LOOP('',(#4420,#4421,#4422,#4423));
#709=EDGE_LOOP('',(#4424,#4425,#4426,#4427));
#710=EDGE_LOOP('',(#4428,#4429,#4430,#4431));
#711=EDGE_LOOP('',(#4432,#4433,#4434,#4435,#4436,#4437,#4438,#4439,#4440,
#4441,#4442,#4443,#4444,#4445,#4446,#4447,#4448,#4449,#4450,#4451,#4452,
#4453,#4454,#4455));
#712=EDGE_LOOP('',(#4456,#4457,#4458,#4459));
#713=EDGE_LOOP('',(#4460,#4461,#4462,#4463));
#714=EDGE_LOOP('',(#4464,#4465,#4466,#4467));
#715=EDGE_LOOP('',(#4468,#4469,#4470,#4471));
#716=EDGE_LOOP('',(#4472,#4473,#4474,#4475));
#717=EDGE_LOOP('',(#4476,#4477,#4478,#4479));
#718=EDGE_LOOP('',(#4480,#4481,#4482,#4483));
#719=EDGE_LOOP('',(#4484,#4485,#4486,#4487));
#720=EDGE_LOOP('',(#4488,#4489,#4490,#4491));
#721=EDGE_LOOP('',(#4492,#4493,#4494,#4495));
#722=EDGE_LOOP('',(#4496,#4497,#4498,#4499));
#723=EDGE_LOOP('',(#4500,#4501,#4502,#4503));
#724=EDGE_LOOP('',(#4504,#4505,#4506,#4507));
#725=EDGE_LOOP('',(#4508,#4509,#4510,#4511));
#726=EDGE_LOOP('',(#4512,#4513,#4514,#4515));
#727=EDGE_LOOP('',(#4516,#4517,#4518,#4519));
#728=EDGE_LOOP('',(#4520,#4521,#4522,#4523));
#729=EDGE_LOOP('',(#4524,#4525,#4526,#4527));
#730=EDGE_LOOP('',(#4528,#4529,#4530,#4531));
#731=EDGE_LOOP('',(#4532,#4533,#4534,#4535));
#732=EDGE_LOOP('',(#4536,#4537,#4538,#4539));
#733=EDGE_LOOP('',(#4540,#4541));
#734=EDGE_LOOP('',(#4542,#4543));
#735=EDGE_LOOP('',(#4544,#4545));
#736=EDGE_LOOP('',(#4546,#4547));
#737=EDGE_LOOP('',(#4548,#4549,#4550,#4551));
#738=EDGE_LOOP('',(#4552,#4553,#4554,#4555));
#739=EDGE_LOOP('',(#4556,#4557,#4558,#4559));
#740=EDGE_LOOP('',(#4560,#4561));
#741=EDGE_LOOP('',(#4562,#4563));
#742=EDGE_LOOP('',(#4564,#4565));
#743=EDGE_LOOP('',(#4566,#4567));
#744=EDGE_LOOP('',(#4568,#4569,#4570,#4571));
#745=EDGE_LOOP('',(#4572,#4573,#4574,#4575));
#746=EDGE_LOOP('',(#4576,#4577,#4578,#4579));
#747=EDGE_LOOP('',(#4580,#4581,#4582,#4583));
#748=EDGE_LOOP('',(#4584,#4585));
#749=EDGE_LOOP('',(#4586,#4587,#4588,#4589,#4590));
#750=EDGE_LOOP('',(#4591,#4592,#4593,#4594,#4595));
#751=EDGE_LOOP('',(#4596,#4597,#4598,#4599));
#752=EDGE_LOOP('',(#4600,#4601));
#753=EDGE_LOOP('',(#4602,#4603,#4604,#4605,#4606));
#754=EDGE_LOOP('',(#4607,#4608,#4609,#4610));
#755=EDGE_LOOP('',(#4611,#4612));
#756=EDGE_LOOP('',(#4613,#4614,#4615,#4616,#4617));
#757=EDGE_LOOP('',(#4618,#4619,#4620,#4621));
#758=EDGE_LOOP('',(#4622,#4623));
#759=EDGE_LOOP('',(#4624,#4625,#4626,#4627,#4628));
#760=EDGE_LOOP('',(#4629,#4630,#4631,#4632,#4633,#4634,#4635,#4636));
#761=EDGE_LOOP('',(#4637,#4638,#4639,#4640,#4641,#4642));
#762=EDGE_LOOP('',(#4643,#4644,#4645,#4646,#4647,#4648,#4649,#4650));
#763=EDGE_LOOP('',(#4651,#4652,#4653,#4654));
#764=EDGE_LOOP('',(#4655,#4656,#4657,#4658));
#765=EDGE_LOOP('',(#4659,#4660,#4661,#4662));
#766=EDGE_LOOP('',(#4663,#4664,#4665,#4666));
#767=EDGE_LOOP('',(#4667,#4668,#4669,#4670,#4671));
#768=EDGE_LOOP('',(#4672,#4673,#4674,#4675));
#769=EDGE_LOOP('',(#4676,#4677,#4678,#4679));
#770=EDGE_LOOP('',(#4680,#4681,#4682,#4683,#4684));
#771=EDGE_LOOP('',(#4685,#4686,#4687,#4688,#4689,#4690,#4691,#4692,#4693,
#4694,#4695,#4696,#4697,#4698,#4699,#4700));
#772=EDGE_LOOP('',(#4701,#4702,#4703,#4704,#4705,#4706,#4707,#4708,#4709,
#4710,#4711,#4712,#4713,#4714,#4715,#4716));
#773=EDGE_LOOP('',(#4717,#4718,#4719,#4720,#4721));
#774=EDGE_LOOP('',(#4722,#4723,#4724,#4725,#4726));
#775=EDGE_LOOP('',(#4727,#4728,#4729,#4730,#4731));
#776=EDGE_LOOP('',(#4732,#4733,#4734,#4735));
#777=EDGE_LOOP('',(#4736,#4737,#4738,#4739,#4740));
#778=EDGE_LOOP('',(#4741,#4742,#4743,#4744,#4745));
#779=EDGE_LOOP('',(#4746,#4747,#4748,#4749));
#780=EDGE_LOOP('',(#4750,#4751,#4752,#4753));
#781=EDGE_LOOP('',(#4754,#4755,#4756,#4757,#4758));
#782=EDGE_LOOP('',(#4759,#4760,#4761,#4762));
#783=EDGE_LOOP('',(#4763,#4764,#4765,#4766));
#784=EDGE_LOOP('',(#4767,#4768,#4769,#4770));
#785=EDGE_LOOP('',(#4771,#4772,#4773,#4774,#4775,#4776));
#786=EDGE_LOOP('',(#4777,#4778));
#787=EDGE_LOOP('',(#4779,#4780,#4781,#4782,#4783,#4784));
#788=EDGE_LOOP('',(#4785,#4786));
#789=EDGE_LOOP('',(#4787,#4788,#4789,#4790,#4791,#4792));
#790=EDGE_LOOP('',(#4793,#4794));
#791=EDGE_LOOP('',(#4795,#4796,#4797,#4798,#4799,#4800));
#792=EDGE_LOOP('',(#4801,#4802));
#793=EDGE_LOOP('',(#4803,#4804,#4805,#4806));
#794=EDGE_LOOP('',(#4807,#4808,#4809,#4810));
#795=EDGE_LOOP('',(#4811,#4812,#4813,#4814,#4815,#4816));
#796=EDGE_LOOP('',(#4817,#4818,#4819,#4820,#4821,#4822));
#797=EDGE_LOOP('',(#4823,#4824));
#798=EDGE_LOOP('',(#4825,#4826));
#799=EDGE_LOOP('',(#4827,#4828,#4829,#4830));
#800=EDGE_LOOP('',(#4831,#4832,#4833,#4834));
#801=EDGE_LOOP('',(#4835,#4836,#4837));
#802=EDGE_LOOP('',(#4838,#4839,#4840));
#803=EDGE_LOOP('',(#4841,#4842,#4843));
#804=EDGE_LOOP('',(#4844,#4845,#4846));
#805=EDGE_LOOP('',(#4847,#4848,#4849,#4850,#4851,#4852,#4853,#4854));
#806=EDGE_LOOP('',(#4855,#4856,#4857,#4858,#4859,#4860,#4861));
#807=EDGE_LOOP('',(#4862,#4863,#4864,#4865));
#808=EDGE_LOOP('',(#4866,#4867,#4868,#4869,#4870,#4871,#4872,#4873));
#809=EDGE_LOOP('',(#4874,#4875,#4876,#4877));
#810=EDGE_LOOP('',(#4878,#4879,#4880,#4881));
#811=EDGE_LOOP('',(#4882,#4883,#4884,#4885));
#812=EDGE_LOOP('',(#4886,#4887,#4888,#4889));
#813=EDGE_LOOP('',(#4890,#4891,#4892,#4893));
#814=EDGE_LOOP('',(#4894,#4895,#4896,#4897));
#815=EDGE_LOOP('',(#4898,#4899,#4900,#4901));
#816=EDGE_LOOP('',(#4902,#4903,#4904,#4905,#4906,#4907));
#817=EDGE_LOOP('',(#4908,#4909,#4910,#4911));
#818=EDGE_LOOP('',(#4912,#4913,#4914,#4915,#4916,#4917));
#819=EDGE_LOOP('',(#4918,#4919,#4920,#4921,#4922,#4923));
#820=EDGE_LOOP('',(#4924,#4925,#4926,#4927));
#821=EDGE_LOOP('',(#4928,#4929,#4930,#4931,#4932,#4933));
#822=EDGE_LOOP('',(#4934,#4935,#4936,#4937,#4938,#4939));
#823=LINE('',#7493,#1484);
#824=LINE('',#7495,#1485);
#825=LINE('',#7497,#1486);
#826=LINE('',#7498,#1487);
#827=LINE('',#7501,#1488);
#828=LINE('',#7503,#1489);
#829=LINE('',#7504,#1490);
#830=LINE('',#7507,#1491);
#831=LINE('',#7509,#1492);
#832=LINE('',#7510,#1493);
#833=LINE('',#7512,#1494);
#834=LINE('',#7513,#1495);
#835=LINE('',#7517,#1496);
#836=LINE('',#7519,#1497);
#837=LINE('',#7521,#1498);
#838=LINE('',#7522,#1499);
#839=LINE('',#7525,#1500);
#840=LINE('',#7527,#1501);
#841=LINE('',#7528,#1502);
#842=LINE('',#7531,#1503);
#843=LINE('',#7533,#1504);
#844=LINE('',#7534,#1505);
#845=LINE('',#7536,#1506);
#846=LINE('',#7537,#1507);
#847=LINE('',#7541,#1508);
#848=LINE('',#7543,#1509);
#849=LINE('',#7545,#1510);
#850=LINE('',#7546,#1511);
#851=LINE('',#7549,#1512);
#852=LINE('',#7551,#1513);
#853=LINE('',#7552,#1514);
#854=LINE('',#7555,#1515);
#855=LINE('',#7557,#1516);
#856=LINE('',#7558,#1517);
#857=LINE('',#7560,#1518);
#858=LINE('',#7561,#1519);
#859=LINE('',#7565,#1520);
#860=LINE('',#7567,#1521);
#861=LINE('',#7569,#1522);
#862=LINE('',#7570,#1523);
#863=LINE('',#7573,#1524);
#864=LINE('',#7575,#1525);
#865=LINE('',#7576,#1526);
#866=LINE('',#7579,#1527);
#867=LINE('',#7581,#1528);
#868=LINE('',#7582,#1529);
#869=LINE('',#7584,#1530);
#870=LINE('',#7585,#1531);
#871=LINE('',#7589,#1532);
#872=LINE('',#7591,#1533);
#873=LINE('',#7593,#1534);
#874=LINE('',#7594,#1535);
#875=LINE('',#7597,#1536);
#876=LINE('',#7599,#1537);
#877=LINE('',#7600,#1538);
#878=LINE('',#7603,#1539);
#879=LINE('',#7605,#1540);
#880=LINE('',#7606,#1541);
#881=LINE('',#7608,#1542);
#882=LINE('',#7609,#1543);
#883=LINE('',#7613,#1544);
#884=LINE('',#7615,#1545);
#885=LINE('',#7617,#1546);
#886=LINE('',#7618,#1547);
#887=LINE('',#7621,#1548);
#888=LINE('',#7623,#1549);
#889=LINE('',#7624,#1550);
#890=LINE('',#7627,#1551);
#891=LINE('',#7629,#1552);
#892=LINE('',#7630,#1553);
#893=LINE('',#7632,#1554);
#894=LINE('',#7633,#1555);
#895=LINE('',#7637,#1556);
#896=LINE('',#7639,#1557);
#897=LINE('',#7641,#1558);
#898=LINE('',#7642,#1559);
#899=LINE('',#7645,#1560);
#900=LINE('',#7647,#1561);
#901=LINE('',#7648,#1562);
#902=LINE('',#7651,#1563);
#903=LINE('',#7653,#1564);
#904=LINE('',#7654,#1565);
#905=LINE('',#7656,#1566);
#906=LINE('',#7657,#1567);
#907=LINE('',#7661,#1568);
#908=LINE('',#7663,#1569);
#909=LINE('',#7665,#1570);
#910=LINE('',#7666,#1571);
#911=LINE('',#7669,#1572);
#912=LINE('',#7671,#1573);
#913=LINE('',#7672,#1574);
#914=LINE('',#7675,#1575);
#915=LINE('',#7677,#1576);
#916=LINE('',#7678,#1577);
#917=LINE('',#7680,#1578);
#918=LINE('',#7681,#1579);
#919=LINE('',#7685,#1580);
#920=LINE('',#7687,#1581);
#921=LINE('',#7689,#1582);
#922=LINE('',#7690,#1583);
#923=LINE('',#7693,#1584);
#924=LINE('',#7695,#1585);
#925=LINE('',#7696,#1586);
#926=LINE('',#7699,#1587);
#927=LINE('',#7701,#1588);
#928=LINE('',#7702,#1589);
#929=LINE('',#7704,#1590);
#930=LINE('',#7705,#1591);
#931=LINE('',#7709,#1592);
#932=LINE('',#7711,#1593);
#933=LINE('',#7713,#1594);
#934=LINE('',#7714,#1595);
#935=LINE('',#7717,#1596);
#936=LINE('',#7719,#1597);
#937=LINE('',#7720,#1598);
#938=LINE('',#7723,#1599);
#939=LINE('',#7725,#1600);
#940=LINE('',#7726,#1601);
#941=LINE('',#7728,#1602);
#942=LINE('',#7729,#1603);
#943=LINE('',#7733,#1604);
#944=LINE('',#7735,#1605);
#945=LINE('',#7737,#1606);
#946=LINE('',#7738,#1607);
#947=LINE('',#7741,#1608);
#948=LINE('',#7743,#1609);
#949=LINE('',#7744,#1610);
#950=LINE('',#7747,#1611);
#951=LINE('',#7749,#1612);
#952=LINE('',#7750,#1613);
#953=LINE('',#7752,#1614);
#954=LINE('',#7753,#1615);
#955=LINE('',#7757,#1616);
#956=LINE('',#7759,#1617);
#957=LINE('',#7761,#1618);
#958=LINE('',#7762,#1619);
#959=LINE('',#7765,#1620);
#960=LINE('',#7767,#1621);
#961=LINE('',#7768,#1622);
#962=LINE('',#7771,#1623);
#963=LINE('',#7773,#1624);
#964=LINE('',#7774,#1625);
#965=LINE('',#7776,#1626);
#966=LINE('',#7777,#1627);
#967=LINE('',#7781,#1628);
#968=LINE('',#7783,#1629);
#969=LINE('',#7785,#1630);
#970=LINE('',#7786,#1631);
#971=LINE('',#7789,#1632);
#972=LINE('',#7791,#1633);
#973=LINE('',#7792,#1634);
#974=LINE('',#7795,#1635);
#975=LINE('',#7797,#1636);
#976=LINE('',#7798,#1637);
#977=LINE('',#7800,#1638);
#978=LINE('',#7801,#1639);
#979=LINE('',#7805,#1640);
#980=LINE('',#7807,#1641);
#981=LINE('',#7809,#1642);
#982=LINE('',#7810,#1643);
#983=LINE('',#7813,#1644);
#984=LINE('',#7815,#1645);
#985=LINE('',#7816,#1646);
#986=LINE('',#7819,#1647);
#987=LINE('',#7821,#1648);
#988=LINE('',#7822,#1649);
#989=LINE('',#7824,#1650);
#990=LINE('',#7825,#1651);
#991=LINE('',#7829,#1652);
#992=LINE('',#7831,#1653);
#993=LINE('',#7833,#1654);
#994=LINE('',#7834,#1655);
#995=LINE('',#7837,#1656);
#996=LINE('',#7839,#1657);
#997=LINE('',#7840,#1658);
#998=LINE('',#7843,#1659);
#999=LINE('',#7845,#1660);
#1000=LINE('',#7846,#1661);
#1001=LINE('',#7848,#1662);
#1002=LINE('',#7849,#1663);
#1003=LINE('',#7853,#1664);
#1004=LINE('',#7855,#1665);
#1005=LINE('',#7857,#1666);
#1006=LINE('',#7858,#1667);
#1007=LINE('',#7861,#1668);
#1008=LINE('',#7863,#1669);
#1009=LINE('',#7864,#1670);
#1010=LINE('',#7867,#1671);
#1011=LINE('',#7869,#1672);
#1012=LINE('',#7870,#1673);
#1013=LINE('',#7872,#1674);
#1014=LINE('',#7873,#1675);
#1015=LINE('',#7877,#1676);
#1016=LINE('',#7879,#1677);
#1017=LINE('',#7881,#1678);
#1018=LINE('',#7882,#1679);
#1019=LINE('',#7885,#1680);
#1020=LINE('',#7887,#1681);
#1021=LINE('',#7888,#1682);
#1022=LINE('',#7891,#1683);
#1023=LINE('',#7893,#1684);
#1024=LINE('',#7894,#1685);
#1025=LINE('',#7896,#1686);
#1026=LINE('',#7897,#1687);
#1027=LINE('',#7901,#1688);
#1028=LINE('',#7903,#1689);
#1029=LINE('',#7905,#1690);
#1030=LINE('',#7906,#1691);
#1031=LINE('',#7909,#1692);
#1032=LINE('',#7911,#1693);
#1033=LINE('',#7912,#1694);
#1034=LINE('',#7915,#1695);
#1035=LINE('',#7917,#1696);
#1036=LINE('',#7918,#1697);
#1037=LINE('',#7920,#1698);
#1038=LINE('',#7921,#1699);
#1039=LINE('',#7925,#1700);
#1040=LINE('',#7927,#1701);
#1041=LINE('',#7929,#1702);
#1042=LINE('',#7930,#1703);
#1043=LINE('',#7933,#1704);
#1044=LINE('',#7935,#1705);
#1045=LINE('',#7936,#1706);
#1046=LINE('',#7939,#1707);
#1047=LINE('',#7941,#1708);
#1048=LINE('',#7942,#1709);
#1049=LINE('',#7944,#1710);
#1050=LINE('',#7945,#1711);
#1051=LINE('',#7949,#1712);
#1052=LINE('',#7951,#1713);
#1053=LINE('',#7953,#1714);
#1054=LINE('',#7954,#1715);
#1055=LINE('',#7957,#1716);
#1056=LINE('',#7959,#1717);
#1057=LINE('',#7960,#1718);
#1058=LINE('',#7963,#1719);
#1059=LINE('',#7965,#1720);
#1060=LINE('',#7966,#1721);
#1061=LINE('',#7968,#1722);
#1062=LINE('',#7969,#1723);
#1063=LINE('',#7973,#1724);
#1064=LINE('',#7975,#1725);
#1065=LINE('',#7977,#1726);
#1066=LINE('',#7978,#1727);
#1067=LINE('',#7982,#1728);
#1068=LINE('',#7984,#1729);
#1069=LINE('',#7986,#1730);
#1070=LINE('',#7987,#1731);
#1071=LINE('',#7989,#1732);
#1072=LINE('',#7990,#1733);
#1073=LINE('',#7993,#1734);
#1074=LINE('',#7995,#1735);
#1075=LINE('',#7997,#1736);
#1076=LINE('',#7998,#1737);
#1077=LINE('',#8005,#1738);
#1078=LINE('',#8007,#1739);
#1079=LINE('',#8009,#1740);
#1080=LINE('',#8010,#1741);
#1081=LINE('',#8017,#1742);
#1082=LINE('',#8019,#1743);
#1083=LINE('',#8021,#1744);
#1084=LINE('',#8023,#1745);
#1085=LINE('',#8024,#1746);
#1086=LINE('',#8031,#1747);
#1087=LINE('',#8038,#1748);
#1088=LINE('',#8040,#1749);
#1089=LINE('',#8042,#1750);
#1090=LINE('',#8043,#1751);
#1091=LINE('',#8046,#1752);
#1092=LINE('',#8048,#1753);
#1093=LINE('',#8049,#1754);
#1094=LINE('',#8052,#1755);
#1095=LINE('',#8054,#1756);
#1096=LINE('',#8055,#1757);
#1097=LINE('',#8057,#1758);
#1098=LINE('',#8058,#1759);
#1099=LINE('',#8063,#1760);
#1100=LINE('',#8065,#1761);
#1101=LINE('',#8067,#1762);
#1102=LINE('',#8068,#1763);
#1103=LINE('',#8071,#1764);
#1104=LINE('',#8073,#1765);
#1105=LINE('',#8074,#1766);
#1106=LINE('',#8077,#1767);
#1107=LINE('',#8079,#1768);
#1108=LINE('',#8080,#1769);
#1109=LINE('',#8082,#1770);
#1110=LINE('',#8083,#1771);
#1111=LINE('',#8091,#1772);
#1112=LINE('',#8102,#1773);
#1113=LINE('',#8113,#1774);
#1114=LINE('',#8124,#1775);
#1115=LINE('',#8132,#1776);
#1116=LINE('',#8134,#1777);
#1117=LINE('',#8136,#1778);
#1118=LINE('',#8137,#1779);
#1119=LINE('',#8140,#1780);
#1120=LINE('',#8142,#1781);
#1121=LINE('',#8143,#1782);
#1122=LINE('',#8146,#1783);
#1123=LINE('',#8148,#1784);
#1124=LINE('',#8149,#1785);
#1125=LINE('',#8151,#1786);
#1126=LINE('',#8155,#1787);
#1127=LINE('',#8157,#1788);
#1128=LINE('',#8159,#1789);
#1129=LINE('',#8160,#1790);
#1130=LINE('',#8163,#1791);
#1131=LINE('',#8165,#1792);
#1132=LINE('',#8166,#1793);
#1133=LINE('',#8169,#1794);
#1134=LINE('',#8171,#1795);
#1135=LINE('',#8172,#1796);
#1136=LINE('',#8174,#1797);
#1137=LINE('',#8177,#1798);
#1138=LINE('',#8179,#1799);
#1139=LINE('',#8180,#1800);
#1140=LINE('',#8182,#1801);
#1141=LINE('',#8184,#1802);
#1142=LINE('',#8185,#1803);
#1143=LINE('',#8189,#1804);
#1144=LINE('',#8191,#1805);
#1145=LINE('',#8193,#1806);
#1146=LINE('',#8194,#1807);
#1147=LINE('',#8197,#1808);
#1148=LINE('',#8199,#1809);
#1149=LINE('',#8200,#1810);
#1150=LINE('',#8203,#1811);
#1151=LINE('',#8205,#1812);
#1152=LINE('',#8206,#1813);
#1153=LINE('',#8208,#1814);
#1154=LINE('',#8212,#1815);
#1155=LINE('',#8214,#1816);
#1156=LINE('',#8216,#1817);
#1157=LINE('',#8217,#1818);
#1158=LINE('',#8220,#1819);
#1159=LINE('',#8222,#1820);
#1160=LINE('',#8223,#1821);
#1161=LINE('',#8226,#1822);
#1162=LINE('',#8228,#1823);
#1163=LINE('',#8229,#1824);
#1164=LINE('',#8231,#1825);
#1165=LINE('',#8234,#1826);
#1166=LINE('',#8236,#1827);
#1167=LINE('',#8237,#1828);
#1168=LINE('',#8239,#1829);
#1169=LINE('',#8241,#1830);
#1170=LINE('',#8242,#1831);
#1171=LINE('',#8246,#1832);
#1172=LINE('',#8248,#1833);
#1173=LINE('',#8250,#1834);
#1174=LINE('',#8251,#1835);
#1175=LINE('',#8254,#1836);
#1176=LINE('',#8256,#1837);
#1177=LINE('',#8257,#1838);
#1178=LINE('',#8260,#1839);
#1179=LINE('',#8262,#1840);
#1180=LINE('',#8263,#1841);
#1181=LINE('',#8265,#1842);
#1182=LINE('',#8266,#1843);
#1183=LINE('',#8271,#1844);
#1184=LINE('',#8273,#1845);
#1185=LINE('',#8275,#1846);
#1186=LINE('',#8276,#1847);
#1187=LINE('',#8279,#1848);
#1188=LINE('',#8281,#1849);
#1189=LINE('',#8282,#1850);
#1190=LINE('',#8285,#1851);
#1191=LINE('',#8287,#1852);
#1192=LINE('',#8288,#1853);
#1193=LINE('',#8290,#1854);
#1194=LINE('',#8291,#1855);
#1195=LINE('',#8296,#1856);
#1196=LINE('',#8298,#1857);
#1197=LINE('',#8300,#1858);
#1198=LINE('',#8301,#1859);
#1199=LINE('',#8304,#1860);
#1200=LINE('',#8306,#1861);
#1201=LINE('',#8307,#1862);
#1202=LINE('',#8310,#1863);
#1203=LINE('',#8312,#1864);
#1204=LINE('',#8313,#1865);
#1205=LINE('',#8315,#1866);
#1206=LINE('',#8316,#1867);
#1207=LINE('',#8321,#1868);
#1208=LINE('',#8323,#1869);
#1209=LINE('',#8325,#1870);
#1210=LINE('',#8326,#1871);
#1211=LINE('',#8328,#1872);
#1212=LINE('',#8329,#1873);
#1213=LINE('',#8331,#1874);
#1214=LINE('',#8332,#1875);
#1215=LINE('',#8336,#1876);
#1216=LINE('',#8338,#1877);
#1217=LINE('',#8339,#1878);
#1218=LINE('',#8342,#1879);
#1219=LINE('',#8344,#1880);
#1220=LINE('',#8345,#1881);
#1221=LINE('',#8347,#1882);
#1222=LINE('',#8348,#1883);
#1223=LINE('',#8357,#1884);
#1224=LINE('',#8369,#1885);
#1225=LINE('',#8371,#1886);
#1226=LINE('',#8373,#1887);
#1227=LINE('',#8375,#1888);
#1228=LINE('',#8377,#1889);
#1229=LINE('',#8379,#1890);
#1230=LINE('',#8381,#1891);
#1231=LINE('',#8383,#1892);
#1232=LINE('',#8384,#1893);
#1233=LINE('',#8388,#1894);
#1234=LINE('',#8394,#1895);
#1235=LINE('',#8396,#1896);
#1236=LINE('',#8398,#1897);
#1237=LINE('',#8400,#1898);
#1238=LINE('',#8402,#1899);
#1239=LINE('',#8404,#1900);
#1240=LINE('',#8406,#1901);
#1241=LINE('',#8407,#1902);
#1242=LINE('',#8409,#1903);
#1243=LINE('',#8413,#1904);
#1244=LINE('',#8415,#1905);
#1245=LINE('',#8416,#1906);
#1246=LINE('',#8423,#1907);
#1247=LINE('',#8434,#1908);
#1248=LINE('',#8445,#1909);
#1249=LINE('',#8456,#1910);
#1250=LINE('',#8467,#1911);
#1251=LINE('',#8478,#1912);
#1252=LINE('',#8489,#1913);
#1253=LINE('',#8500,#1914);
#1254=LINE('',#8511,#1915);
#1255=LINE('',#8521,#1916);
#1256=LINE('',#8531,#1917);
#1257=LINE('',#8541,#1918);
#1258=LINE('',#8548,#1919);
#1259=LINE('',#8550,#1920);
#1260=LINE('',#8552,#1921);
#1261=LINE('',#8553,#1922);
#1262=LINE('',#8557,#1923);
#1263=LINE('',#8559,#1924);
#1264=LINE('',#8561,#1925);
#1265=LINE('',#8562,#1926);
#1266=LINE('',#8565,#1927);
#1267=LINE('',#8567,#1928);
#1268=LINE('',#8568,#1929);
#1269=LINE('',#8571,#1930);
#1270=LINE('',#8573,#1931);
#1271=LINE('',#8574,#1932);
#1272=LINE('',#8577,#1933);
#1273=LINE('',#8579,#1934);
#1274=LINE('',#8580,#1935);
#1275=LINE('',#8582,#1936);
#1276=LINE('',#8583,#1937);
#1277=LINE('',#8587,#1938);
#1278=LINE('',#8588,#1939);
#1279=LINE('',#8590,#1940);
#1280=LINE('',#8591,#1941);
#1281=LINE('',#8593,#1942);
#1282=LINE('',#8597,#1943);
#1283=LINE('',#8598,#1944);
#1284=LINE('',#8600,#1945);
#1285=LINE('',#8601,#1946);
#1286=LINE('',#8605,#1947);
#1287=LINE('',#8606,#1948);
#1288=LINE('',#8607,#1949);
#1289=LINE('',#8611,#1950);
#1290=LINE('',#8612,#1951);
#1291=LINE('',#8613,#1952);
#1292=LINE('',#8615,#1953);
#1293=LINE('',#8619,#1954);
#1294=LINE('',#8620,#1955);
#1295=LINE('',#8621,#1956);
#1296=LINE('',#8624,#1957);
#1297=LINE('',#8626,#1958);
#1298=LINE('',#8627,#1959);
#1299=LINE('',#8631,#1960);
#1300=LINE('',#8633,#1961);
#1301=LINE('',#8635,#1962);
#1302=LINE('',#8636,#1963);
#1303=LINE('',#8639,#1964);
#1304=LINE('',#8641,#1965);
#1305=LINE('',#8643,#1966);
#1306=LINE('',#8644,#1967);
#1307=LINE('',#8647,#1968);
#1308=LINE('',#8649,#1969);
#1309=LINE('',#8651,#1970);
#1310=LINE('',#8652,#1971);
#1311=LINE('',#8655,#1972);
#1312=LINE('',#8657,#1973);
#1313=LINE('',#8658,#1974);
#1314=LINE('',#8661,#1975);
#1315=LINE('',#8662,#1976);
#1316=LINE('',#8664,#1977);
#1317=LINE('',#8665,#1978);
#1318=LINE('',#8669,#1979);
#1319=LINE('',#8671,#1980);
#1320=LINE('',#8673,#1981);
#1321=LINE('',#8674,#1982);
#1322=LINE('',#8677,#1983);
#1323=LINE('',#8679,#1984);
#1324=LINE('',#8681,#1985);
#1325=LINE('',#8682,#1986);
#1326=LINE('',#8685,#1987);
#1327=LINE('',#8687,#1988);
#1328=LINE('',#8688,#1989);
#1329=LINE('',#8692,#1990);
#1330=LINE('',#8694,#1991);
#1331=LINE('',#8696,#1992);
#1332=LINE('',#8698,#1993);
#1333=LINE('',#8699,#1994);
#1334=LINE('',#8702,#1995);
#1335=LINE('',#8704,#1996);
#1336=LINE('',#8706,#1997);
#1337=LINE('',#8708,#1998);
#1338=LINE('',#8709,#1999);
#1339=LINE('',#8710,#2000);
#1340=LINE('',#8711,#2001);
#1341=LINE('',#8713,#2002);
#1342=LINE('',#8715,#2003);
#1343=LINE('',#8717,#2004);
#1344=LINE('',#8719,#2005);
#1345=LINE('',#8721,#2006);
#1346=LINE('',#8723,#2007);
#1347=LINE('',#8725,#2008);
#1348=LINE('',#8727,#2009);
#1349=LINE('',#8729,#2010);
#1350=LINE('',#8731,#2011);
#1351=LINE('',#8732,#2012);
#1352=LINE('',#8734,#2013);
#1353=LINE('',#8735,#2014);
#1354=LINE('',#8736,#2015);
#1355=LINE('',#8738,#2016);
#1356=LINE('',#8740,#2017);
#1357=LINE('',#8742,#2018);
#1358=LINE('',#8744,#2019);
#1359=LINE('',#8746,#2020);
#1360=LINE('',#8748,#2021);
#1361=LINE('',#8750,#2022);
#1362=LINE('',#8752,#2023);
#1363=LINE('',#8753,#2024);
#1364=LINE('',#8756,#2025);
#1365=LINE('',#8759,#2026);
#1366=LINE('',#8760,#2027);
#1367=LINE('',#8762,#2028);
#1368=LINE('',#8763,#2029);
#1369=LINE('',#8767,#2030);
#1370=LINE('',#8769,#2031);
#1371=LINE('',#8770,#2032);
#1372=LINE('',#8773,#2033);
#1373=LINE('',#8775,#2034);
#1374=LINE('',#8776,#2035);
#1375=LINE('',#8779,#2036);
#1376=LINE('',#8780,#2037);
#1377=LINE('',#8782,#2038);
#1378=LINE('',#8783,#2039);
#1379=LINE('',#8787,#2040);
#1380=LINE('',#8789,#2041);
#1381=LINE('',#8790,#2042);
#1382=LINE('',#8793,#2043);
#1383=LINE('',#8794,#2044);
#1384=LINE('',#8797,#2045);
#1385=LINE('',#8798,#2046);
#1386=LINE('',#8801,#2047);
#1387=LINE('',#8803,#2048);
#1388=LINE('',#8804,#2049);
#1389=LINE('',#8806,#2050);
#1390=LINE('',#8807,#2051);
#1391=LINE('',#8811,#2052);
#1392=LINE('',#8813,#2053);
#1393=LINE('',#8815,#2054);
#1394=LINE('',#8816,#2055);
#1395=LINE('',#8822,#2056);
#1396=LINE('',#8825,#2057);
#1397=LINE('',#8827,#2058);
#1398=LINE('',#8828,#2059);
#1399=LINE('',#8834,#2060);
#1400=LINE('',#8836,#2061);
#1401=LINE('',#8838,#2062);
#1402=LINE('',#8839,#2063);
#1403=LINE('',#8842,#2064);
#1404=LINE('',#8843,#2065);
#1405=LINE('',#8846,#2066);
#1406=LINE('',#8848,#2067);
#1407=LINE('',#8849,#2068);
#1408=LINE('',#8853,#2069);
#1409=LINE('',#8855,#2070);
#1410=LINE('',#8857,#2071);
#1411=LINE('',#8859,#2072);
#1412=LINE('',#8861,#2073);
#1413=LINE('',#8863,#2074);
#1414=LINE('',#8865,#2075);
#1415=LINE('',#8866,#2076);
#1416=LINE('',#8868,#2077);
#1417=LINE('',#8870,#2078);
#1418=LINE('',#8872,#2079);
#1419=LINE('',#8873,#2080);
#1420=LINE('',#8875,#2081);
#1421=LINE('',#8877,#2082);
#1422=LINE('',#8879,#2083);
#1423=LINE('',#8881,#2084);
#1424=LINE('',#8883,#2085);
#1425=LINE('',#8884,#2086);
#1426=LINE('',#8886,#2087);
#1427=LINE('',#8888,#2088);
#1428=LINE('',#8890,#2089);
#1429=LINE('',#8891,#2090);
#1430=LINE('',#8894,#2091);
#1431=LINE('',#8895,#2092);
#1432=LINE('',#8896,#2093);
#1433=LINE('',#8898,#2094);
#1434=LINE('',#8899,#2095);
#1435=LINE('',#8902,#2096);
#1436=LINE('',#8904,#2097);
#1437=LINE('',#8905,#2098);
#1438=LINE('',#8908,#2099);
#1439=LINE('',#8910,#2100);
#1440=LINE('',#8911,#2101);
#1441=LINE('',#8913,#2102);
#1442=LINE('',#8914,#2103);
#1443=LINE('',#8917,#2104);
#1444=LINE('',#8918,#2105);
#1445=LINE('',#8919,#2106);
#1446=LINE('',#8923,#2107);
#1447=LINE('',#8924,#2108);
#1448=LINE('',#8927,#2109);
#1449=LINE('',#8928,#2110);
#1450=LINE('',#8930,#2111);
#1451=LINE('',#8932,#2112);
#1452=LINE('',#8935,#2113);
#1453=LINE('',#8946,#2114);
#1454=LINE('',#8957,#2115);
#1455=LINE('',#8964,#2116);
#1456=LINE('',#8971,#2117);
#1457=LINE('',#8972,#2118);
#1458=LINE('',#8975,#2119);
#1459=LINE('',#8976,#2120);
#1460=LINE('',#8978,#2121);
#1461=LINE('',#8979,#2122);
#1462=LINE('',#8980,#2123);
#1463=LINE('',#8983,#2124);
#1464=LINE('',#8985,#2125);
#1465=LINE('',#8986,#2126);
#1466=LINE('',#8988,#2127);
#1467=LINE('',#8995,#2128);
#1468=LINE('',#8997,#2129);
#1469=LINE('',#8999,#2130);
#1470=LINE('',#9001,#2131);
#1471=LINE('',#9004,#2132);
#1472=LINE('',#9006,#2133);
#1473=LINE('',#9010,#2134);
#1474=LINE('',#9012,#2135);
#1475=LINE('',#9013,#2136);
#1476=LINE('',#9016,#2137);
#1477=LINE('',#9018,#2138);
#1478=LINE('',#9019,#2139);
#1479=LINE('',#9022,#2140);
#1480=LINE('',#9024,#2141);
#1481=LINE('',#9027,#2142);
#1482=LINE('',#9029,#2143);
#1483=LINE('',#9031,#2144);
#1484=VECTOR('',#6102,10.);
#1485=VECTOR('',#6103,10.);
#1486=VECTOR('',#6104,10.);
#1487=VECTOR('',#6105,10.);
#1488=VECTOR('',#6108,10.);
#1489=VECTOR('',#6109,10.);
#1490=VECTOR('',#6110,10.);
#1491=VECTOR('',#6113,10.);
#1492=VECTOR('',#6114,10.);
#1493=VECTOR('',#6115,10.);
#1494=VECTOR('',#6118,10.);
#1495=VECTOR('',#6119,10.);
#1496=VECTOR('',#6122,10.);
#1497=VECTOR('',#6123,10.);
#1498=VECTOR('',#6124,10.);
#1499=VECTOR('',#6125,10.);
#1500=VECTOR('',#6128,10.);
#1501=VECTOR('',#6129,10.);
#1502=VECTOR('',#6130,10.);
#1503=VECTOR('',#6133,10.);
#1504=VECTOR('',#6134,10.);
#1505=VECTOR('',#6135,10.);
#1506=VECTOR('',#6138,10.);
#1507=VECTOR('',#6139,10.);
#1508=VECTOR('',#6142,10.);
#1509=VECTOR('',#6143,10.);
#1510=VECTOR('',#6144,10.);
#1511=VECTOR('',#6145,10.);
#1512=VECTOR('',#6148,10.);
#1513=VECTOR('',#6149,10.);
#1514=VECTOR('',#6150,10.);
#1515=VECTOR('',#6153,10.);
#1516=VECTOR('',#6154,10.);
#1517=VECTOR('',#6155,10.);
#1518=VECTOR('',#6158,10.);
#1519=VECTOR('',#6159,10.);
#1520=VECTOR('',#6162,10.);
#1521=VECTOR('',#6163,10.);
#1522=VECTOR('',#6164,10.);
#1523=VECTOR('',#6165,10.);
#1524=VECTOR('',#6168,10.);
#1525=VECTOR('',#6169,10.);
#1526=VECTOR('',#6170,10.);
#1527=VECTOR('',#6173,10.);
#1528=VECTOR('',#6174,10.);
#1529=VECTOR('',#6175,10.);
#1530=VECTOR('',#6178,10.);
#1531=VECTOR('',#6179,10.);
#1532=VECTOR('',#6182,10.);
#1533=VECTOR('',#6183,10.);
#1534=VECTOR('',#6184,10.);
#1535=VECTOR('',#6185,10.);
#1536=VECTOR('',#6188,10.);
#1537=VECTOR('',#6189,10.);
#1538=VECTOR('',#6190,10.);
#1539=VECTOR('',#6193,10.);
#1540=VECTOR('',#6194,10.);
#1541=VECTOR('',#6195,10.);
#1542=VECTOR('',#6198,10.);
#1543=VECTOR('',#6199,10.);
#1544=VECTOR('',#6202,10.);
#1545=VECTOR('',#6203,10.);
#1546=VECTOR('',#6204,10.);
#1547=VECTOR('',#6205,10.);
#1548=VECTOR('',#6208,10.);
#1549=VECTOR('',#6209,10.);
#1550=VECTOR('',#6210,10.);
#1551=VECTOR('',#6213,10.);
#1552=VECTOR('',#6214,10.);
#1553=VECTOR('',#6215,10.);
#1554=VECTOR('',#6218,10.);
#1555=VECTOR('',#6219,10.);
#1556=VECTOR('',#6222,10.);
#1557=VECTOR('',#6223,10.);
#1558=VECTOR('',#6224,10.);
#1559=VECTOR('',#6225,10.);
#1560=VECTOR('',#6228,10.);
#1561=VECTOR('',#6229,10.);
#1562=VECTOR('',#6230,10.);
#1563=VECTOR('',#6233,10.);
#1564=VECTOR('',#6234,10.);
#1565=VECTOR('',#6235,10.);
#1566=VECTOR('',#6238,10.);
#1567=VECTOR('',#6239,10.);
#1568=VECTOR('',#6242,10.);
#1569=VECTOR('',#6243,10.);
#1570=VECTOR('',#6244,10.);
#1571=VECTOR('',#6245,10.);
#1572=VECTOR('',#6248,10.);
#1573=VECTOR('',#6249,10.);
#1574=VECTOR('',#6250,10.);
#1575=VECTOR('',#6253,10.);
#1576=VECTOR('',#6254,10.);
#1577=VECTOR('',#6255,10.);
#1578=VECTOR('',#6258,10.);
#1579=VECTOR('',#6259,10.);
#1580=VECTOR('',#6262,10.);
#1581=VECTOR('',#6263,10.);
#1582=VECTOR('',#6264,10.);
#1583=VECTOR('',#6265,10.);
#1584=VECTOR('',#6268,10.);
#1585=VECTOR('',#6269,10.);
#1586=VECTOR('',#6270,10.);
#1587=VECTOR('',#6273,10.);
#1588=VECTOR('',#6274,10.);
#1589=VECTOR('',#6275,10.);
#1590=VECTOR('',#6278,10.);
#1591=VECTOR('',#6279,10.);
#1592=VECTOR('',#6282,10.);
#1593=VECTOR('',#6283,10.);
#1594=VECTOR('',#6284,10.);
#1595=VECTOR('',#6285,10.);
#1596=VECTOR('',#6288,10.);
#1597=VECTOR('',#6289,10.);
#1598=VECTOR('',#6290,10.);
#1599=VECTOR('',#6293,10.);
#1600=VECTOR('',#6294,10.);
#1601=VECTOR('',#6295,10.);
#1602=VECTOR('',#6298,10.);
#1603=VECTOR('',#6299,10.);
#1604=VECTOR('',#6302,10.);
#1605=VECTOR('',#6303,10.);
#1606=VECTOR('',#6304,10.);
#1607=VECTOR('',#6305,10.);
#1608=VECTOR('',#6308,10.);
#1609=VECTOR('',#6309,10.);
#1610=VECTOR('',#6310,10.);
#1611=VECTOR('',#6313,10.);
#1612=VECTOR('',#6314,10.);
#1613=VECTOR('',#6315,10.);
#1614=VECTOR('',#6318,10.);
#1615=VECTOR('',#6319,10.);
#1616=VECTOR('',#6322,10.);
#1617=VECTOR('',#6323,10.);
#1618=VECTOR('',#6324,10.);
#1619=VECTOR('',#6325,10.);
#1620=VECTOR('',#6328,10.);
#1621=VECTOR('',#6329,10.);
#1622=VECTOR('',#6330,10.);
#1623=VECTOR('',#6333,10.);
#1624=VECTOR('',#6334,10.);
#1625=VECTOR('',#6335,10.);
#1626=VECTOR('',#6338,10.);
#1627=VECTOR('',#6339,10.);
#1628=VECTOR('',#6342,10.);
#1629=VECTOR('',#6343,10.);
#1630=VECTOR('',#6344,10.);
#1631=VECTOR('',#6345,10.);
#1632=VECTOR('',#6348,10.);
#1633=VECTOR('',#6349,10.);
#1634=VECTOR('',#6350,10.);
#1635=VECTOR('',#6353,10.);
#1636=VECTOR('',#6354,10.);
#1637=VECTOR('',#6355,10.);
#1638=VECTOR('',#6358,10.);
#1639=VECTOR('',#6359,10.);
#1640=VECTOR('',#6362,10.);
#1641=VECTOR('',#6363,10.);
#1642=VECTOR('',#6364,10.);
#1643=VECTOR('',#6365,10.);
#1644=VECTOR('',#6368,10.);
#1645=VECTOR('',#6369,10.);
#1646=VECTOR('',#6370,10.);
#1647=VECTOR('',#6373,10.);
#1648=VECTOR('',#6374,10.);
#1649=VECTOR('',#6375,10.);
#1650=VECTOR('',#6378,10.);
#1651=VECTOR('',#6379,10.);
#1652=VECTOR('',#6382,10.);
#1653=VECTOR('',#6383,10.);
#1654=VECTOR('',#6384,10.);
#1655=VECTOR('',#6385,10.);
#1656=VECTOR('',#6388,10.);
#1657=VECTOR('',#6389,10.);
#1658=VECTOR('',#6390,10.);
#1659=VECTOR('',#6393,10.);
#1660=VECTOR('',#6394,10.);
#1661=VECTOR('',#6395,10.);
#1662=VECTOR('',#6398,10.);
#1663=VECTOR('',#6399,10.);
#1664=VECTOR('',#6402,10.);
#1665=VECTOR('',#6403,10.);
#1666=VECTOR('',#6404,10.);
#1667=VECTOR('',#6405,10.);
#1668=VECTOR('',#6408,10.);
#1669=VECTOR('',#6409,10.);
#1670=VECTOR('',#6410,10.);
#1671=VECTOR('',#6413,10.);
#1672=VECTOR('',#6414,10.);
#1673=VECTOR('',#6415,10.);
#1674=VECTOR('',#6418,10.);
#1675=VECTOR('',#6419,10.);
#1676=VECTOR('',#6422,10.);
#1677=VECTOR('',#6423,10.);
#1678=VECTOR('',#6424,10.);
#1679=VECTOR('',#6425,10.);
#1680=VECTOR('',#6428,10.);
#1681=VECTOR('',#6429,10.);
#1682=VECTOR('',#6430,10.);
#1683=VECTOR('',#6433,10.);
#1684=VECTOR('',#6434,10.);
#1685=VECTOR('',#6435,10.);
#1686=VECTOR('',#6438,10.);
#1687=VECTOR('',#6439,10.);
#1688=VECTOR('',#6442,10.);
#1689=VECTOR('',#6443,10.);
#1690=VECTOR('',#6444,10.);
#1691=VECTOR('',#6445,10.);
#1692=VECTOR('',#6448,10.);
#1693=VECTOR('',#6449,10.);
#1694=VECTOR('',#6450,10.);
#1695=VECTOR('',#6453,10.);
#1696=VECTOR('',#6454,10.);
#1697=VECTOR('',#6455,10.);
#1698=VECTOR('',#6458,10.);
#1699=VECTOR('',#6459,10.);
#1700=VECTOR('',#6462,10.);
#1701=VECTOR('',#6463,10.);
#1702=VECTOR('',#6464,10.);
#1703=VECTOR('',#6465,10.);
#1704=VECTOR('',#6468,10.);
#1705=VECTOR('',#6469,10.);
#1706=VECTOR('',#6470,10.);
#1707=VECTOR('',#6473,10.);
#1708=VECTOR('',#6474,10.);
#1709=VECTOR('',#6475,10.);
#1710=VECTOR('',#6478,10.);
#1711=VECTOR('',#6479,10.);
#1712=VECTOR('',#6482,10.);
#1713=VECTOR('',#6483,10.);
#1714=VECTOR('',#6484,10.);
#1715=VECTOR('',#6485,10.);
#1716=VECTOR('',#6488,10.);
#1717=VECTOR('',#6489,10.);
#1718=VECTOR('',#6490,10.);
#1719=VECTOR('',#6493,10.);
#1720=VECTOR('',#6494,10.);
#1721=VECTOR('',#6495,10.);
#1722=VECTOR('',#6498,10.);
#1723=VECTOR('',#6499,10.);
#1724=VECTOR('',#6502,10.);
#1725=VECTOR('',#6503,10.);
#1726=VECTOR('',#6504,10.);
#1727=VECTOR('',#6505,10.);
#1728=VECTOR('',#6508,10.);
#1729=VECTOR('',#6509,10.);
#1730=VECTOR('',#6510,10.);
#1731=VECTOR('',#6511,10.);
#1732=VECTOR('',#6514,10.);
#1733=VECTOR('',#6515,10.);
#1734=VECTOR('',#6518,10.);
#1735=VECTOR('',#6519,10.);
#1736=VECTOR('',#6520,10.);
#1737=VECTOR('',#6521,10.);
#1738=VECTOR('',#6528,10.);
#1739=VECTOR('',#6529,10.);
#1740=VECTOR('',#6530,10.);
#1741=VECTOR('',#6531,10.);
#1742=VECTOR('',#6538,10.);
#1743=VECTOR('',#6539,10.);
#1744=VECTOR('',#6540,10.);
#1745=VECTOR('',#6541,10.);
#1746=VECTOR('',#6542,10.);
#1747=VECTOR('',#6549,1.5);
#1748=VECTOR('',#6556,10.);
#1749=VECTOR('',#6557,10.);
#1750=VECTOR('',#6558,10.);
#1751=VECTOR('',#6559,10.);
#1752=VECTOR('',#6562,10.);
#1753=VECTOR('',#6563,10.);
#1754=VECTOR('',#6564,10.);
#1755=VECTOR('',#6567,10.);
#1756=VECTOR('',#6568,10.);
#1757=VECTOR('',#6569,10.);
#1758=VECTOR('',#6572,10.);
#1759=VECTOR('',#6573,10.);
#1760=VECTOR('',#6578,10.);
#1761=VECTOR('',#6579,10.);
#1762=VECTOR('',#6580,10.);
#1763=VECTOR('',#6581,10.);
#1764=VECTOR('',#6584,10.);
#1765=VECTOR('',#6585,10.);
#1766=VECTOR('',#6586,10.);
#1767=VECTOR('',#6589,10.);
#1768=VECTOR('',#6590,10.);
#1769=VECTOR('',#6591,10.);
#1770=VECTOR('',#6594,10.);
#1771=VECTOR('',#6595,10.);
#1772=VECTOR('',#6604,3.);
#1773=VECTOR('',#6617,3.);
#1774=VECTOR('',#6630,3.);
#1775=VECTOR('',#6643,3.00000000000001);
#1776=VECTOR('',#6652,10.);
#1777=VECTOR('',#6653,10.);
#1778=VECTOR('',#6654,10.);
#1779=VECTOR('',#6655,10.);
#1780=VECTOR('',#6658,10.);
#1781=VECTOR('',#6659,10.);
#1782=VECTOR('',#6660,10.);
#1783=VECTOR('',#6663,10.);
#1784=VECTOR('',#6664,10.);
#1785=VECTOR('',#6665,10.);
#1786=VECTOR('',#6668,10.);
#1787=VECTOR('',#6671,10.);
#1788=VECTOR('',#6672,10.);
#1789=VECTOR('',#6673,10.);
#1790=VECTOR('',#6674,10.);
#1791=VECTOR('',#6677,10.);
#1792=VECTOR('',#6678,10.);
#1793=VECTOR('',#6679,10.);
#1794=VECTOR('',#6682,10.);
#1795=VECTOR('',#6683,10.);
#1796=VECTOR('',#6684,10.);
#1797=VECTOR('',#6687,10.);
#1798=VECTOR('',#6690,10.);
#1799=VECTOR('',#6691,10.);
#1800=VECTOR('',#6692,10.);
#1801=VECTOR('',#6693,10.);
#1802=VECTOR('',#6694,10.);
#1803=VECTOR('',#6695,10.);
#1804=VECTOR('',#6698,10.);
#1805=VECTOR('',#6699,10.);
#1806=VECTOR('',#6700,10.);
#1807=VECTOR('',#6701,10.);
#1808=VECTOR('',#6704,10.);
#1809=VECTOR('',#6705,10.);
#1810=VECTOR('',#6706,10.);
#1811=VECTOR('',#6709,10.);
#1812=VECTOR('',#6710,10.);
#1813=VECTOR('',#6711,10.);
#1814=VECTOR('',#6714,10.);
#1815=VECTOR('',#6717,10.);
#1816=VECTOR('',#6718,10.);
#1817=VECTOR('',#6719,10.);
#1818=VECTOR('',#6720,10.);
#1819=VECTOR('',#6723,10.);
#1820=VECTOR('',#6724,10.);
#1821=VECTOR('',#6725,10.);
#1822=VECTOR('',#6728,10.);
#1823=VECTOR('',#6729,10.);
#1824=VECTOR('',#6730,10.);
#1825=VECTOR('',#6733,10.);
#1826=VECTOR('',#6736,10.);
#1827=VECTOR('',#6737,10.);
#1828=VECTOR('',#6738,10.);
#1829=VECTOR('',#6739,10.);
#1830=VECTOR('',#6740,10.);
#1831=VECTOR('',#6741,10.);
#1832=VECTOR('',#6744,10.);
#1833=VECTOR('',#6745,10.);
#1834=VECTOR('',#6746,10.);
#1835=VECTOR('',#6747,10.);
#1836=VECTOR('',#6750,10.);
#1837=VECTOR('',#6751,10.);
#1838=VECTOR('',#6752,10.);
#1839=VECTOR('',#6755,10.);
#1840=VECTOR('',#6756,10.);
#1841=VECTOR('',#6757,10.);
#1842=VECTOR('',#6760,10.);
#1843=VECTOR('',#6761,10.);
#1844=VECTOR('',#6766,10.);
#1845=VECTOR('',#6767,10.);
#1846=VECTOR('',#6768,10.);
#1847=VECTOR('',#6769,10.);
#1848=VECTOR('',#6772,10.);
#1849=VECTOR('',#6773,10.);
#1850=VECTOR('',#6774,10.);
#1851=VECTOR('',#6777,10.);
#1852=VECTOR('',#6778,10.);
#1853=VECTOR('',#6779,10.);
#1854=VECTOR('',#6782,10.);
#1855=VECTOR('',#6783,10.);
#1856=VECTOR('',#6788,10.);
#1857=VECTOR('',#6789,10.);
#1858=VECTOR('',#6790,10.);
#1859=VECTOR('',#6791,10.);
#1860=VECTOR('',#6794,10.);
#1861=VECTOR('',#6795,10.);
#1862=VECTOR('',#6796,10.);
#1863=VECTOR('',#6799,10.);
#1864=VECTOR('',#6800,10.);
#1865=VECTOR('',#6801,10.);
#1866=VECTOR('',#6804,10.);
#1867=VECTOR('',#6805,10.);
#1868=VECTOR('',#6810,10.);
#1869=VECTOR('',#6811,10.);
#1870=VECTOR('',#6812,10.);
#1871=VECTOR('',#6813,10.);
#1872=VECTOR('',#6816,10.);
#1873=VECTOR('',#6817,10.);
#1874=VECTOR('',#6820,10.);
#1875=VECTOR('',#6821,10.);
#1876=VECTOR('',#6826,10.);
#1877=VECTOR('',#6827,10.);
#1878=VECTOR('',#6828,10.);
#1879=VECTOR('',#6831,10.);
#1880=VECTOR('',#6832,10.);
#1881=VECTOR('',#6833,10.);
#1882=VECTOR('',#6836,10.);
#1883=VECTOR('',#6837,10.);
#1884=VECTOR('',#6846,11.);
#1885=VECTOR('',#6861,10.);
#1886=VECTOR('',#6862,10.);
#1887=VECTOR('',#6863,10.);
#1888=VECTOR('',#6864,10.);
#1889=VECTOR('',#6865,10.);
#1890=VECTOR('',#6866,10.);
#1891=VECTOR('',#6867,10.);
#1892=VECTOR('',#6868,10.);
#1893=VECTOR('',#6869,10.);
#1894=VECTOR('',#6872,10.);
#1895=VECTOR('',#6877,10.);
#1896=VECTOR('',#6878,10.);
#1897=VECTOR('',#6879,10.);
#1898=VECTOR('',#6880,10.);
#1899=VECTOR('',#6881,10.);
#1900=VECTOR('',#6882,10.);
#1901=VECTOR('',#6883,10.);
#1902=VECTOR('',#6884,10.);
#1903=VECTOR('',#6887,10.);
#1904=VECTOR('',#6892,10.);
#1905=VECTOR('',#6893,10.);
#1906=VECTOR('',#6894,10.);
#1907=VECTOR('',#6901,1.7);
#1908=VECTOR('',#6914,1.7);
#1909=VECTOR('',#6927,1.7);
#1910=VECTOR('',#6940,1.7);
#1911=VECTOR('',#6953,4.);
#1912=VECTOR('',#6966,4.);
#1913=VECTOR('',#6979,4.00000000000001);
#1914=VECTOR('',#6992,4.);
#1915=VECTOR('',#7005,1.5);
#1916=VECTOR('',#7016,1.5);
#1917=VECTOR('',#7027,1.5);
#1918=VECTOR('',#7038,1.5);
#1919=VECTOR('',#7045,10.);
#1920=VECTOR('',#7046,10.);
#1921=VECTOR('',#7047,10.);
#1922=VECTOR('',#7048,10.);
#1923=VECTOR('',#7051,10.);
#1924=VECTOR('',#7052,10.);
#1925=VECTOR('',#7053,10.);
#1926=VECTOR('',#7054,10.);
#1927=VECTOR('',#7057,10.);
#1928=VECTOR('',#7058,10.);
#1929=VECTOR('',#7059,10.);
#1930=VECTOR('',#7062,10.);
#1931=VECTOR('',#7063,10.);
#1932=VECTOR('',#7064,10.);
#1933=VECTOR('',#7067,10.);
#1934=VECTOR('',#7068,10.);
#1935=VECTOR('',#7069,10.);
#1936=VECTOR('',#7070,10.);
#1937=VECTOR('',#7071,10.);
#1938=VECTOR('',#7074,10.);
#1939=VECTOR('',#7075,10.);
#1940=VECTOR('',#7076,10.);
#1941=VECTOR('',#7077,10.);
#1942=VECTOR('',#7080,10.);
#1943=VECTOR('',#7083,10.);
#1944=VECTOR('',#7084,10.);
#1945=VECTOR('',#7085,10.);
#1946=VECTOR('',#7086,10.);
#1947=VECTOR('',#7089,10.);
#1948=VECTOR('',#7090,10.);
#1949=VECTOR('',#7091,10.);
#1950=VECTOR('',#7094,10.);
#1951=VECTOR('',#7095,10.);
#1952=VECTOR('',#7096,10.);
#1953=VECTOR('',#7099,10.);
#1954=VECTOR('',#7102,10.);
#1955=VECTOR('',#7103,10.);
#1956=VECTOR('',#7104,10.);
#1957=VECTOR('',#7107,10.);
#1958=VECTOR('',#7108,10.);
#1959=VECTOR('',#7109,10.);
#1960=VECTOR('',#7112,10.);
#1961=VECTOR('',#7113,10.);
#1962=VECTOR('',#7114,10.);
#1963=VECTOR('',#7115,10.);
#1964=VECTOR('',#7118,10.);
#1965=VECTOR('',#7119,10.);
#1966=VECTOR('',#7120,10.);
#1967=VECTOR('',#7121,10.);
#1968=VECTOR('',#7124,10.);
#1969=VECTOR('',#7125,10.);
#1970=VECTOR('',#7126,10.);
#1971=VECTOR('',#7127,10.);
#1972=VECTOR('',#7130,10.);
#1973=VECTOR('',#7131,10.);
#1974=VECTOR('',#7132,10.);
#1975=VECTOR('',#7135,10.);
#1976=VECTOR('',#7136,10.);
#1977=VECTOR('',#7137,10.);
#1978=VECTOR('',#7138,10.);
#1979=VECTOR('',#7141,10.);
#1980=VECTOR('',#7142,10.);
#1981=VECTOR('',#7143,10.);
#1982=VECTOR('',#7144,10.);
#1983=VECTOR('',#7147,10.);
#1984=VECTOR('',#7148,10.);
#1985=VECTOR('',#7149,10.);
#1986=VECTOR('',#7150,10.);
#1987=VECTOR('',#7153,10.);
#1988=VECTOR('',#7154,10.);
#1989=VECTOR('',#7155,10.);
#1990=VECTOR('',#7158,10.);
#1991=VECTOR('',#7159,10.);
#1992=VECTOR('',#7160,10.);
#1993=VECTOR('',#7161,10.);
#1994=VECTOR('',#7162,10.);
#1995=VECTOR('',#7165,10.);
#1996=VECTOR('',#7166,10.);
#1997=VECTOR('',#7167,10.);
#1998=VECTOR('',#7168,10.);
#1999=VECTOR('',#7169,10.);
#2000=VECTOR('',#7170,10.);
#2001=VECTOR('',#7171,10.);
#2002=VECTOR('',#7172,10.);
#2003=VECTOR('',#7173,10.);
#2004=VECTOR('',#7174,10.);
#2005=VECTOR('',#7175,10.);
#2006=VECTOR('',#7176,10.);
#2007=VECTOR('',#7177,10.);
#2008=VECTOR('',#7178,10.);
#2009=VECTOR('',#7179,10.);
#2010=VECTOR('',#7180,10.);
#2011=VECTOR('',#7181,10.);
#2012=VECTOR('',#7182,10.);
#2013=VECTOR('',#7185,10.);
#2014=VECTOR('',#7186,10.);
#2015=VECTOR('',#7187,10.);
#2016=VECTOR('',#7188,10.);
#2017=VECTOR('',#7189,10.);
#2018=VECTOR('',#7190,10.);
#2019=VECTOR('',#7191,10.);
#2020=VECTOR('',#7192,10.);
#2021=VECTOR('',#7193,10.);
#2022=VECTOR('',#7194,10.);
#2023=VECTOR('',#7195,10.);
#2024=VECTOR('',#7196,10.);
#2025=VECTOR('',#7201,10.);
#2026=VECTOR('',#7204,10.);
#2027=VECTOR('',#7205,10.);
#2028=VECTOR('',#7208,10.);
#2029=VECTOR('',#7209,10.);
#2030=VECTOR('',#7214,10.);
#2031=VECTOR('',#7215,10.);
#2032=VECTOR('',#7216,10.);
#2033=VECTOR('',#7219,10.);
#2034=VECTOR('',#7220,10.);
#2035=VECTOR('',#7221,10.);
#2036=VECTOR('',#7224,10.);
#2037=VECTOR('',#7225,10.);
#2038=VECTOR('',#7228,10.);
#2039=VECTOR('',#7229,10.);
#2040=VECTOR('',#7234,10.);
#2041=VECTOR('',#7235,10.);
#2042=VECTOR('',#7236,10.);
#2043=VECTOR('',#7239,10.);
#2044=VECTOR('',#7240,10.);
#2045=VECTOR('',#7243,10.);
#2046=VECTOR('',#7244,10.);
#2047=VECTOR('',#7247,10.);
#2048=VECTOR('',#7248,10.);
#2049=VECTOR('',#7249,10.);
#2050=VECTOR('',#7252,10.);
#2051=VECTOR('',#7253,10.);
#2052=VECTOR('',#7256,10.);
#2053=VECTOR('',#7257,10.);
#2054=VECTOR('',#7258,10.);
#2055=VECTOR('',#7259,10.);
#2056=VECTOR('',#7266,10.);
#2057=VECTOR('',#7269,10.);
#2058=VECTOR('',#7270,10.);
#2059=VECTOR('',#7271,10.);
#2060=VECTOR('',#7280,10.);
#2061=VECTOR('',#7281,10.);
#2062=VECTOR('',#7282,10.);
#2063=VECTOR('',#7283,10.);
#2064=VECTOR('',#7286,10.);
#2065=VECTOR('',#7287,10.);
#2066=VECTOR('',#7290,10.);
#2067=VECTOR('',#7291,10.);
#2068=VECTOR('',#7292,10.);
#2069=VECTOR('',#7295,10.);
#2070=VECTOR('',#7296,10.);
#2071=VECTOR('',#7297,10.);
#2072=VECTOR('',#7298,10.);
#2073=VECTOR('',#7299,10.);
#2074=VECTOR('',#7300,10.);
#2075=VECTOR('',#7301,10.);
#2076=VECTOR('',#7302,10.);
#2077=VECTOR('',#7303,10.);
#2078=VECTOR('',#7304,10.);
#2079=VECTOR('',#7305,10.);
#2080=VECTOR('',#7306,10.);
#2081=VECTOR('',#7307,10.);
#2082=VECTOR('',#7308,10.);
#2083=VECTOR('',#7309,10.);
#2084=VECTOR('',#7310,10.);
#2085=VECTOR('',#7311,10.);
#2086=VECTOR('',#7312,10.);
#2087=VECTOR('',#7313,10.);
#2088=VECTOR('',#7314,10.);
#2089=VECTOR('',#7315,10.);
#2090=VECTOR('',#7316,10.);
#2091=VECTOR('',#7319,10.);
#2092=VECTOR('',#7320,10.);
#2093=VECTOR('',#7321,10.);
#2094=VECTOR('',#7324,10.);
#2095=VECTOR('',#7325,10.);
#2096=VECTOR('',#7328,10.);
#2097=VECTOR('',#7329,10.);
#2098=VECTOR('',#7330,10.);
#2099=VECTOR('',#7333,10.);
#2100=VECTOR('',#7334,10.);
#2101=VECTOR('',#7335,10.);
#2102=VECTOR('',#7338,10.);
#2103=VECTOR('',#7339,10.);
#2104=VECTOR('',#7342,10.);
#2105=VECTOR('',#7343,10.);
#2106=VECTOR('',#7344,10.);
#2107=VECTOR('',#7349,10.);
#2108=VECTOR('',#7350,10.);
#2109=VECTOR('',#7353,10.);
#2110=VECTOR('',#7354,10.);
#2111=VECTOR('',#7357,10.);
#2112=VECTOR('',#7360,10.);
#2113=VECTOR('',#7363,1.7);
#2114=VECTOR('',#7376,1.7);
#2115=VECTOR('',#7389,1.7);
#2116=VECTOR('',#7398,1.7);
#2117=VECTOR('',#7407,10.);
#2118=VECTOR('',#7408,10.);
#2119=VECTOR('',#7411,10.);
#2120=VECTOR('',#7412,10.);
#2121=VECTOR('',#7415,10.);
#2122=VECTOR('',#7416,10.);
#2123=VECTOR('',#7417,10.);
#2124=VECTOR('',#7420,10.);
#2125=VECTOR('',#7421,10.);
#2126=VECTOR('',#7422,10.);
#2127=VECTOR('',#7425,10.);
#2128=VECTOR('',#7438,10.);
#2129=VECTOR('',#7441,10.);
#2130=VECTOR('',#7444,10.);
#2131=VECTOR('',#7447,10.);
#2132=VECTOR('',#7452,10.);
#2133=VECTOR('',#7455,10.);
#2134=VECTOR('',#7460,10.);
#2135=VECTOR('',#7461,10.);
#2136=VECTOR('',#7462,10.);
#2137=VECTOR('',#7465,10.);
#2138=VECTOR('',#7466,10.);
#2139=VECTOR('',#7467,10.);
#2140=VECTOR('',#7472,10.);
#2141=VECTOR('',#7475,10.);
#2142=VECTOR('',#7480,10.);
#2143=VECTOR('',#7483,10.);
#2144=VECTOR('',#7486,10.);
#2145=VERTEX_POINT('',#7491);
#2146=VERTEX_POINT('',#7492);
#2147=VERTEX_POINT('',#7494);
#2148=VERTEX_POINT('',#7496);
#2149=VERTEX_POINT('',#7500);
#2150=VERTEX_POINT('',#7502);
#2151=VERTEX_POINT('',#7506);
#2152=VERTEX_POINT('',#7508);
#2153=VERTEX_POINT('',#7515);
#2154=VERTEX_POINT('',#7516);
#2155=VERTEX_POINT('',#7518);
#2156=VERTEX_POINT('',#7520);
#2157=VERTEX_POINT('',#7524);
#2158=VERTEX_POINT('',#7526);
#2159=VERTEX_POINT('',#7530);
#2160=VERTEX_POINT('',#7532);
#2161=VERTEX_POINT('',#7539);
#2162=VERTEX_POINT('',#7540);
#2163=VERTEX_POINT('',#7542);
#2164=VERTEX_POINT('',#7544);
#2165=VERTEX_POINT('',#7548);
#2166=VERTEX_POINT('',#7550);
#2167=VERTEX_POINT('',#7554);
#2168=VERTEX_POINT('',#7556);
#2169=VERTEX_POINT('',#7563);
#2170=VERTEX_POINT('',#7564);
#2171=VERTEX_POINT('',#7566);
#2172=VERTEX_POINT('',#7568);
#2173=VERTEX_POINT('',#7572);
#2174=VERTEX_POINT('',#7574);
#2175=VERTEX_POINT('',#7578);
#2176=VERTEX_POINT('',#7580);
#2177=VERTEX_POINT('',#7587);
#2178=VERTEX_POINT('',#7588);
#2179=VERTEX_POINT('',#7590);
#2180=VERTEX_POINT('',#7592);
#2181=VERTEX_POINT('',#7596);
#2182=VERTEX_POINT('',#7598);
#2183=VERTEX_POINT('',#7602);
#2184=VERTEX_POINT('',#7604);
#2185=VERTEX_POINT('',#7611);
#2186=VERTEX_POINT('',#7612);
#2187=VERTEX_POINT('',#7614);
#2188=VERTEX_POINT('',#7616);
#2189=VERTEX_POINT('',#7620);
#2190=VERTEX_POINT('',#7622);
#2191=VERTEX_POINT('',#7626);
#2192=VERTEX_POINT('',#7628);
#2193=VERTEX_POINT('',#7635);
#2194=VERTEX_POINT('',#7636);
#2195=VERTEX_POINT('',#7638);
#2196=VERTEX_POINT('',#7640);
#2197=VERTEX_POINT('',#7644);
#2198=VERTEX_POINT('',#7646);
#2199=VERTEX_POINT('',#7650);
#2200=VERTEX_POINT('',#7652);
#2201=VERTEX_POINT('',#7659);
#2202=VERTEX_POINT('',#7660);
#2203=VERTEX_POINT('',#7662);
#2204=VERTEX_POINT('',#7664);
#2205=VERTEX_POINT('',#7668);
#2206=VERTEX_POINT('',#7670);
#2207=VERTEX_POINT('',#7674);
#2208=VERTEX_POINT('',#7676);
#2209=VERTEX_POINT('',#7683);
#2210=VERTEX_POINT('',#7684);
#2211=VERTEX_POINT('',#7686);
#2212=VERTEX_POINT('',#7688);
#2213=VERTEX_POINT('',#7692);
#2214=VERTEX_POINT('',#7694);
#2215=VERTEX_POINT('',#7698);
#2216=VERTEX_POINT('',#7700);
#2217=VERTEX_POINT('',#7707);
#2218=VERTEX_POINT('',#7708);
#2219=VERTEX_POINT('',#7710);
#2220=VERTEX_POINT('',#7712);
#2221=VERTEX_POINT('',#7716);
#2222=VERTEX_POINT('',#7718);
#2223=VERTEX_POINT('',#7722);
#2224=VERTEX_POINT('',#7724);
#2225=VERTEX_POINT('',#7731);
#2226=VERTEX_POINT('',#7732);
#2227=VERTEX_POINT('',#7734);
#2228=VERTEX_POINT('',#7736);
#2229=VERTEX_POINT('',#7740);
#2230=VERTEX_POINT('',#7742);
#2231=VERTEX_POINT('',#7746);
#2232=VERTEX_POINT('',#7748);
#2233=VERTEX_POINT('',#7755);
#2234=VERTEX_POINT('',#7756);
#2235=VERTEX_POINT('',#7758);
#2236=VERTEX_POINT('',#7760);
#2237=VERTEX_POINT('',#7764);
#2238=VERTEX_POINT('',#7766);
#2239=VERTEX_POINT('',#7770);
#2240=VERTEX_POINT('',#7772);
#2241=VERTEX_POINT('',#7779);
#2242=VERTEX_POINT('',#7780);
#2243=VERTEX_POINT('',#7782);
#2244=VERTEX_POINT('',#7784);
#2245=VERTEX_POINT('',#7788);
#2246=VERTEX_POINT('',#7790);
#2247=VERTEX_POINT('',#7794);
#2248=VERTEX_POINT('',#7796);
#2249=VERTEX_POINT('',#7803);
#2250=VERTEX_POINT('',#7804);
#2251=VERTEX_POINT('',#7806);
#2252=VERTEX_POINT('',#7808);
#2253=VERTEX_POINT('',#7812);
#2254=VERTEX_POINT('',#7814);
#2255=VERTEX_POINT('',#7818);
#2256=VERTEX_POINT('',#7820);
#2257=VERTEX_POINT('',#7827);
#2258=VERTEX_POINT('',#7828);
#2259=VERTEX_POINT('',#7830);
#2260=VERTEX_POINT('',#7832);
#2261=VERTEX_POINT('',#7836);
#2262=VERTEX_POINT('',#7838);
#2263=VERTEX_POINT('',#7842);
#2264=VERTEX_POINT('',#7844);
#2265=VERTEX_POINT('',#7851);
#2266=VERTEX_POINT('',#7852);
#2267=VERTEX_POINT('',#7854);
#2268=VERTEX_POINT('',#7856);
#2269=VERTEX_POINT('',#7860);
#2270=VERTEX_POINT('',#7862);
#2271=VERTEX_POINT('',#7866);
#2272=VERTEX_POINT('',#7868);
#2273=VERTEX_POINT('',#7875);
#2274=VERTEX_POINT('',#7876);
#2275=VERTEX_POINT('',#7878);
#2276=VERTEX_POINT('',#7880);
#2277=VERTEX_POINT('',#7884);
#2278=VERTEX_POINT('',#7886);
#2279=VERTEX_POINT('',#7890);
#2280=VERTEX_POINT('',#7892);
#2281=VERTEX_POINT('',#7899);
#2282=VERTEX_POINT('',#7900);
#2283=VERTEX_POINT('',#7902);
#2284=VERTEX_POINT('',#7904);
#2285=VERTEX_POINT('',#7908);
#2286=VERTEX_POINT('',#7910);
#2287=VERTEX_POINT('',#7914);
#2288=VERTEX_POINT('',#7916);
#2289=VERTEX_POINT('',#7923);
#2290=VERTEX_POINT('',#7924);
#2291=VERTEX_POINT('',#7926);
#2292=VERTEX_POINT('',#7928);
#2293=VERTEX_POINT('',#7932);
#2294=VERTEX_POINT('',#7934);
#2295=VERTEX_POINT('',#7938);
#2296=VERTEX_POINT('',#7940);
#2297=VERTEX_POINT('',#7947);
#2298=VERTEX_POINT('',#7948);
#2299=VERTEX_POINT('',#7950);
#2300=VERTEX_POINT('',#7952);
#2301=VERTEX_POINT('',#7956);
#2302=VERTEX_POINT('',#7958);
#2303=VERTEX_POINT('',#7962);
#2304=VERTEX_POINT('',#7964);
#2305=VERTEX_POINT('',#7971);
#2306=VERTEX_POINT('',#7972);
#2307=VERTEX_POINT('',#7974);
#2308=VERTEX_POINT('',#7976);
#2309=VERTEX_POINT('',#7980);
#2310=VERTEX_POINT('',#7981);
#2311=VERTEX_POINT('',#7983);
#2312=VERTEX_POINT('',#7985);
#2313=VERTEX_POINT('',#7992);
#2314=VERTEX_POINT('',#7994);
#2315=VERTEX_POINT('',#7996);
#2316=VERTEX_POINT('',#7999);
#2317=VERTEX_POINT('',#8000);
#2318=VERTEX_POINT('',#8004);
#2319=VERTEX_POINT('',#8006);
#2320=VERTEX_POINT('',#8008);
#2321=VERTEX_POINT('',#8011);
#2322=VERTEX_POINT('',#8012);
#2323=VERTEX_POINT('',#8016);
#2324=VERTEX_POINT('',#8018);
#2325=VERTEX_POINT('',#8020);
#2326=VERTEX_POINT('',#8022);
#2327=VERTEX_POINT('',#8026);
#2328=VERTEX_POINT('',#8027);
#2329=VERTEX_POINT('',#8030);
#2330=VERTEX_POINT('',#8032);
#2331=VERTEX_POINT('',#8036);
#2332=VERTEX_POINT('',#8037);
#2333=VERTEX_POINT('',#8039);
#2334=VERTEX_POINT('',#8041);
#2335=VERTEX_POINT('',#8045);
#2336=VERTEX_POINT('',#8047);
#2337=VERTEX_POINT('',#8051);
#2338=VERTEX_POINT('',#8053);
#2339=VERTEX_POINT('',#8061);
#2340=VERTEX_POINT('',#8062);
#2341=VERTEX_POINT('',#8064);
#2342=VERTEX_POINT('',#8066);
#2343=VERTEX_POINT('',#8070);
#2344=VERTEX_POINT('',#8072);
#2345=VERTEX_POINT('',#8076);
#2346=VERTEX_POINT('',#8078);
#2347=VERTEX_POINT('',#8086);
#2348=VERTEX_POINT('',#8087);
#2349=VERTEX_POINT('',#8090);
#2350=VERTEX_POINT('',#8092);
#2351=VERTEX_POINT('',#8097);
#2352=VERTEX_POINT('',#8098);
#2353=VERTEX_POINT('',#8101);
#2354=VERTEX_POINT('',#8103);
#2355=VERTEX_POINT('',#8108);
#2356=VERTEX_POINT('',#8109);
#2357=VERTEX_POINT('',#8112);
#2358=VERTEX_POINT('',#8114);
#2359=VERTEX_POINT('',#8119);
#2360=VERTEX_POINT('',#8120);
#2361=VERTEX_POINT('',#8123);
#2362=VERTEX_POINT('',#8125);
#2363=VERTEX_POINT('',#8130);
#2364=VERTEX_POINT('',#8131);
#2365=VERTEX_POINT('',#8133);
#2366=VERTEX_POINT('',#8135);
#2367=VERTEX_POINT('',#8139);
#2368=VERTEX_POINT('',#8141);
#2369=VERTEX_POINT('',#8145);
#2370=VERTEX_POINT('',#8147);
#2371=VERTEX_POINT('',#8153);
#2372=VERTEX_POINT('',#8154);
#2373=VERTEX_POINT('',#8156);
#2374=VERTEX_POINT('',#8158);
#2375=VERTEX_POINT('',#8162);
#2376=VERTEX_POINT('',#8164);
#2377=VERTEX_POINT('',#8168);
#2378=VERTEX_POINT('',#8170);
#2379=VERTEX_POINT('',#8176);
#2380=VERTEX_POINT('',#8178);
#2381=VERTEX_POINT('',#8181);
#2382=VERTEX_POINT('',#8183);
#2383=VERTEX_POINT('',#8187);
#2384=VERTEX_POINT('',#8188);
#2385=VERTEX_POINT('',#8190);
#2386=VERTEX_POINT('',#8192);
#2387=VERTEX_POINT('',#8196);
#2388=VERTEX_POINT('',#8198);
#2389=VERTEX_POINT('',#8202);
#2390=VERTEX_POINT('',#8204);
#2391=VERTEX_POINT('',#8210);
#2392=VERTEX_POINT('',#8211);
#2393=VERTEX_POINT('',#8213);
#2394=VERTEX_POINT('',#8215);
#2395=VERTEX_POINT('',#8219);
#2396=VERTEX_POINT('',#8221);
#2397=VERTEX_POINT('',#8225);
#2398=VERTEX_POINT('',#8227);
#2399=VERTEX_POINT('',#8233);
#2400=VERTEX_POINT('',#8235);
#2401=VERTEX_POINT('',#8238);
#2402=VERTEX_POINT('',#8240);
#2403=VERTEX_POINT('',#8244);
#2404=VERTEX_POINT('',#8245);
#2405=VERTEX_POINT('',#8247);
#2406=VERTEX_POINT('',#8249);
#2407=VERTEX_POINT('',#8253);
#2408=VERTEX_POINT('',#8255);
#2409=VERTEX_POINT('',#8259);
#2410=VERTEX_POINT('',#8261);
#2411=VERTEX_POINT('',#8269);
#2412=VERTEX_POINT('',#8270);
#2413=VERTEX_POINT('',#8272);
#2414=VERTEX_POINT('',#8274);
#2415=VERTEX_POINT('',#8278);
#2416=VERTEX_POINT('',#8280);
#2417=VERTEX_POINT('',#8284);
#2418=VERTEX_POINT('',#8286);
#2419=VERTEX_POINT('',#8294);
#2420=VERTEX_POINT('',#8295);
#2421=VERTEX_POINT('',#8297);
#2422=VERTEX_POINT('',#8299);
#2423=VERTEX_POINT('',#8303);
#2424=VERTEX_POINT('',#8305);
#2425=VERTEX_POINT('',#8309);
#2426=VERTEX_POINT('',#8311);
#2427=VERTEX_POINT('',#8319);
#2428=VERTEX_POINT('',#8320);
#2429=VERTEX_POINT('',#8322);
#2430=VERTEX_POINT('',#8324);
#2431=VERTEX_POINT('',#8335);
#2432=VERTEX_POINT('',#8337);
#2433=VERTEX_POINT('',#8341);
#2434=VERTEX_POINT('',#8343);
#2435=VERTEX_POINT('',#8351);
#2436=VERTEX_POINT('',#8352);
#2437=VERTEX_POINT('',#8354);
#2438=VERTEX_POINT('',#8356);
#2439=VERTEX_POINT('',#8358);
#2440=VERTEX_POINT('',#8363);
#2441=VERTEX_POINT('',#8364);
#2442=VERTEX_POINT('',#8368);
#2443=VERTEX_POINT('',#8370);
#2444=VERTEX_POINT('',#8372);
#2445=VERTEX_POINT('',#8374);
#2446=VERTEX_POINT('',#8376);
#2447=VERTEX_POINT('',#8378);
#2448=VERTEX_POINT('',#8380);
#2449=VERTEX_POINT('',#8382);
#2450=VERTEX_POINT('',#8386);
#2451=VERTEX_POINT('',#8387);
#2452=VERTEX_POINT('',#8389);
#2453=VERTEX_POINT('',#8391);
#2454=VERTEX_POINT('',#8393);
#2455=VERTEX_POINT('',#8395);
#2456=VERTEX_POINT('',#8397);
#2457=VERTEX_POINT('',#8399);
#2458=VERTEX_POINT('',#8401);
#2459=VERTEX_POINT('',#8403);
#2460=VERTEX_POINT('',#8405);
#2461=VERTEX_POINT('',#8412);
#2462=VERTEX_POINT('',#8414);
#2463=VERTEX_POINT('',#8418);
#2464=VERTEX_POINT('',#8419);
#2465=VERTEX_POINT('',#8422);
#2466=VERTEX_POINT('',#8424);
#2467=VERTEX_POINT('',#8429);
#2468=VERTEX_POINT('',#8430);
#2469=VERTEX_POINT('',#8433);
#2470=VERTEX_POINT('',#8435);
#2471=VERTEX_POINT('',#8440);
#2472=VERTEX_POINT('',#8441);
#2473=VERTEX_POINT('',#8444);
#2474=VERTEX_POINT('',#8446);
#2475=VERTEX_POINT('',#8451);
#2476=VERTEX_POINT('',#8452);
#2477=VERTEX_POINT('',#8455);
#2478=VERTEX_POINT('',#8457);
#2479=VERTEX_POINT('',#8462);
#2480=VERTEX_POINT('',#8463);
#2481=VERTEX_POINT('',#8466);
#2482=VERTEX_POINT('',#8468);
#2483=VERTEX_POINT('',#8473);
#2484=VERTEX_POINT('',#8474);
#2485=VERTEX_POINT('',#8477);
#2486=VERTEX_POINT('',#8479);
#2487=VERTEX_POINT('',#8484);
#2488=VERTEX_POINT('',#8485);
#2489=VERTEX_POINT('',#8488);
#2490=VERTEX_POINT('',#8490);
#2491=VERTEX_POINT('',#8495);
#2492=VERTEX_POINT('',#8496);
#2493=VERTEX_POINT('',#8499);
#2494=VERTEX_POINT('',#8501);
#2495=VERTEX_POINT('',#8506);
#2496=VERTEX_POINT('',#8507);
#2497=VERTEX_POINT('',#8510);
#2498=VERTEX_POINT('',#8512);
#2499=VERTEX_POINT('',#8516);
#2500=VERTEX_POINT('',#8517);
#2501=VERTEX_POINT('',#8520);
#2502=VERTEX_POINT('',#8522);
#2503=VERTEX_POINT('',#8526);
#2504=VERTEX_POINT('',#8527);
#2505=VERTEX_POINT('',#8530);
#2506=VERTEX_POINT('',#8532);
#2507=VERTEX_POINT('',#8536);
#2508=VERTEX_POINT('',#8537);
#2509=VERTEX_POINT('',#8540);
#2510=VERTEX_POINT('',#8542);
#2511=VERTEX_POINT('',#8546);
#2512=VERTEX_POINT('',#8547);
#2513=VERTEX_POINT('',#8549);
#2514=VERTEX_POINT('',#8551);
#2515=VERTEX_POINT('',#8555);
#2516=VERTEX_POINT('',#8556);
#2517=VERTEX_POINT('',#8558);
#2518=VERTEX_POINT('',#8560);
#2519=VERTEX_POINT('',#8564);
#2520=VERTEX_POINT('',#8566);
#2521=VERTEX_POINT('',#8570);
#2522=VERTEX_POINT('',#8572);
#2523=VERTEX_POINT('',#8576);
#2524=VERTEX_POINT('',#8578);
#2525=VERTEX_POINT('',#8581);
#2526=VERTEX_POINT('',#8585);
#2527=VERTEX_POINT('',#8586);
#2528=VERTEX_POINT('',#8589);
#2529=VERTEX_POINT('',#8595);
#2530=VERTEX_POINT('',#8596);
#2531=VERTEX_POINT('',#8599);
#2532=VERTEX_POINT('',#8603);
#2533=VERTEX_POINT('',#8604);
#2534=VERTEX_POINT('',#8609);
#2535=VERTEX_POINT('',#8610);
#2536=VERTEX_POINT('',#8617);
#2537=VERTEX_POINT('',#8618);
#2538=VERTEX_POINT('',#8623);
#2539=VERTEX_POINT('',#8625);
#2540=VERTEX_POINT('',#8629);
#2541=VERTEX_POINT('',#8630);
#2542=VERTEX_POINT('',#8632);
#2543=VERTEX_POINT('',#8634);
#2544=VERTEX_POINT('',#8638);
#2545=VERTEX_POINT('',#8640);
#2546=VERTEX_POINT('',#8642);
#2547=VERTEX_POINT('',#8646);
#2548=VERTEX_POINT('',#8648);
#2549=VERTEX_POINT('',#8650);
#2550=VERTEX_POINT('',#8654);
#2551=VERTEX_POINT('',#8656);
#2552=VERTEX_POINT('',#8660);
#2553=VERTEX_POINT('',#8663);
#2554=VERTEX_POINT('',#8667);
#2555=VERTEX_POINT('',#8668);
#2556=VERTEX_POINT('',#8670);
#2557=VERTEX_POINT('',#8672);
#2558=VERTEX_POINT('',#8676);
#2559=VERTEX_POINT('',#8678);
#2560=VERTEX_POINT('',#8680);
#2561=VERTEX_POINT('',#8684);
#2562=VERTEX_POINT('',#8686);
#2563=VERTEX_POINT('',#8690);
#2564=VERTEX_POINT('',#8691);
#2565=VERTEX_POINT('',#8693);
#2566=VERTEX_POINT('',#8695);
#2567=VERTEX_POINT('',#8697);
#2568=VERTEX_POINT('',#8701);
#2569=VERTEX_POINT('',#8703);
#2570=VERTEX_POINT('',#8705);
#2571=VERTEX_POINT('',#8707);
#2572=VERTEX_POINT('',#8712);
#2573=VERTEX_POINT('',#8714);
#2574=VERTEX_POINT('',#8716);
#2575=VERTEX_POINT('',#8718);
#2576=VERTEX_POINT('',#8720);
#2577=VERTEX_POINT('',#8722);
#2578=VERTEX_POINT('',#8724);
#2579=VERTEX_POINT('',#8726);
#2580=VERTEX_POINT('',#8728);
#2581=VERTEX_POINT('',#8730);
#2582=VERTEX_POINT('',#8737);
#2583=VERTEX_POINT('',#8739);
#2584=VERTEX_POINT('',#8741);
#2585=VERTEX_POINT('',#8743);
#2586=VERTEX_POINT('',#8745);
#2587=VERTEX_POINT('',#8747);
#2588=VERTEX_POINT('',#8749);
#2589=VERTEX_POINT('',#8751);
#2590=VERTEX_POINT('',#8758);
#2591=VERTEX_POINT('',#8766);
#2592=VERTEX_POINT('',#8768);
#2593=VERTEX_POINT('',#8772);
#2594=VERTEX_POINT('',#8774);
#2595=VERTEX_POINT('',#8778);
#2596=VERTEX_POINT('',#8786);
#2597=VERTEX_POINT('',#8788);
#2598=VERTEX_POINT('',#8792);
#2599=VERTEX_POINT('',#8796);
#2600=VERTEX_POINT('',#8800);
#2601=VERTEX_POINT('',#8802);
#2602=VERTEX_POINT('',#8809);
#2603=VERTEX_POINT('',#8810);
#2604=VERTEX_POINT('',#8812);
#2605=VERTEX_POINT('',#8814);
#2606=VERTEX_POINT('',#8818);
#2607=VERTEX_POINT('',#8820);
#2608=VERTEX_POINT('',#8824);
#2609=VERTEX_POINT('',#8826);
#2610=VERTEX_POINT('',#8833);
#2611=VERTEX_POINT('',#8835);
#2612=VERTEX_POINT('',#8837);
#2613=VERTEX_POINT('',#8841);
#2614=VERTEX_POINT('',#8845);
#2615=VERTEX_POINT('',#8847);
#2616=VERTEX_POINT('',#8851);
#2617=VERTEX_POINT('',#8852);
#2618=VERTEX_POINT('',#8854);
#2619=VERTEX_POINT('',#8856);
#2620=VERTEX_POINT('',#8858);
#2621=VERTEX_POINT('',#8860);
#2622=VERTEX_POINT('',#8862);
#2623=VERTEX_POINT('',#8864);
#2624=VERTEX_POINT('',#8867);
#2625=VERTEX_POINT('',#8869);
#2626=VERTEX_POINT('',#8871);
#2627=VERTEX_POINT('',#8874);
#2628=VERTEX_POINT('',#8876);
#2629=VERTEX_POINT('',#8878);
#2630=VERTEX_POINT('',#8880);
#2631=VERTEX_POINT('',#8882);
#2632=VERTEX_POINT('',#8885);
#2633=VERTEX_POINT('',#8887);
#2634=VERTEX_POINT('',#8889);
#2635=VERTEX_POINT('',#8893);
#2636=VERTEX_POINT('',#8901);
#2637=VERTEX_POINT('',#8903);
#2638=VERTEX_POINT('',#8907);
#2639=VERTEX_POINT('',#8909);
#2640=VERTEX_POINT('',#8916);
#2641=VERTEX_POINT('',#8922);
#2642=VERTEX_POINT('',#8926);
#2643=VERTEX_POINT('',#8934);
#2644=VERTEX_POINT('',#8936);
#2645=VERTEX_POINT('',#8941);
#2646=VERTEX_POINT('',#8942);
#2647=VERTEX_POINT('',#8945);
#2648=VERTEX_POINT('',#8947);
#2649=VERTEX_POINT('',#8952);
#2650=VERTEX_POINT('',#8953);
#2651=VERTEX_POINT('',#8956);
#2652=VERTEX_POINT('',#8958);
#2653=VERTEX_POINT('',#8963);
#2654=VERTEX_POINT('',#8965);
#2655=VERTEX_POINT('',#8970);
#2656=VERTEX_POINT('',#8974);
#2657=VERTEX_POINT('',#8982);
#2658=VERTEX_POINT('',#8984);
#2659=VERTEX_POINT('',#9009);
#2660=VERTEX_POINT('',#9011);
#2661=VERTEX_POINT('',#9015);
#2662=VERTEX_POINT('',#9017);
#2663=EDGE_CURVE('',#2145,#2146,#823,.T.);
#2664=EDGE_CURVE('',#2145,#2147,#824,.T.);
#2665=EDGE_CURVE('',#2148,#2147,#825,.T.);
#2666=EDGE_CURVE('',#2146,#2148,#826,.T.);
#2667=EDGE_CURVE('',#2149,#2145,#827,.T.);
#2668=EDGE_CURVE('',#2149,#2150,#828,.T.);
#2669=EDGE_CURVE('',#2147,#2150,#829,.T.);
#2670=EDGE_CURVE('',#2151,#2149,#830,.T.);
#2671=EDGE_CURVE('',#2151,#2152,#831,.T.);
#2672=EDGE_CURVE('',#2150,#2152,#832,.T.);
#2673=EDGE_CURVE('',#2146,#2151,#833,.T.);
#2674=EDGE_CURVE('',#2152,#2148,#834,.T.);
#2675=EDGE_CURVE('',#2153,#2154,#835,.T.);
#2676=EDGE_CURVE('',#2153,#2155,#836,.T.);
#2677=EDGE_CURVE('',#2156,#2155,#837,.T.);
#2678=EDGE_CURVE('',#2154,#2156,#838,.T.);
#2679=EDGE_CURVE('',#2157,#2153,#839,.T.);
#2680=EDGE_CURVE('',#2157,#2158,#840,.T.);
#2681=EDGE_CURVE('',#2155,#2158,#841,.T.);
#2682=EDGE_CURVE('',#2159,#2157,#842,.T.);
#2683=EDGE_CURVE('',#2159,#2160,#843,.T.);
#2684=EDGE_CURVE('',#2158,#2160,#844,.T.);
#2685=EDGE_CURVE('',#2154,#2159,#845,.T.);
#2686=EDGE_CURVE('',#2160,#2156,#846,.T.);
#2687=EDGE_CURVE('',#2161,#2162,#847,.T.);
#2688=EDGE_CURVE('',#2161,#2163,#848,.T.);
#2689=EDGE_CURVE('',#2164,#2163,#849,.T.);
#2690=EDGE_CURVE('',#2162,#2164,#850,.T.);
#2691=EDGE_CURVE('',#2165,#2161,#851,.T.);
#2692=EDGE_CURVE('',#2165,#2166,#852,.T.);
#2693=EDGE_CURVE('',#2163,#2166,#853,.T.);
#2694=EDGE_CURVE('',#2167,#2165,#854,.T.);
#2695=EDGE_CURVE('',#2167,#2168,#855,.T.);
#2696=EDGE_CURVE('',#2166,#2168,#856,.T.);
#2697=EDGE_CURVE('',#2162,#2167,#857,.T.);
#2698=EDGE_CURVE('',#2168,#2164,#858,.T.);
#2699=EDGE_CURVE('',#2169,#2170,#859,.T.);
#2700=EDGE_CURVE('',#2169,#2171,#860,.T.);
#2701=EDGE_CURVE('',#2172,#2171,#861,.T.);
#2702=EDGE_CURVE('',#2170,#2172,#862,.T.);
#2703=EDGE_CURVE('',#2173,#2169,#863,.T.);
#2704=EDGE_CURVE('',#2173,#2174,#864,.T.);
#2705=EDGE_CURVE('',#2171,#2174,#865,.T.);
#2706=EDGE_CURVE('',#2175,#2173,#866,.T.);
#2707=EDGE_CURVE('',#2175,#2176,#867,.T.);
#2708=EDGE_CURVE('',#2174,#2176,#868,.T.);
#2709=EDGE_CURVE('',#2170,#2175,#869,.T.);
#2710=EDGE_CURVE('',#2176,#2172,#870,.T.);
#2711=EDGE_CURVE('',#2177,#2178,#871,.T.);
#2712=EDGE_CURVE('',#2177,#2179,#872,.T.);
#2713=EDGE_CURVE('',#2180,#2179,#873,.T.);
#2714=EDGE_CURVE('',#2178,#2180,#874,.T.);
#2715=EDGE_CURVE('',#2181,#2177,#875,.T.);
#2716=EDGE_CURVE('',#2181,#2182,#876,.T.);
#2717=EDGE_CURVE('',#2179,#2182,#877,.T.);
#2718=EDGE_CURVE('',#2183,#2181,#878,.T.);
#2719=EDGE_CURVE('',#2183,#2184,#879,.T.);
#2720=EDGE_CURVE('',#2182,#2184,#880,.T.);
#2721=EDGE_CURVE('',#2178,#2183,#881,.T.);
#2722=EDGE_CURVE('',#2184,#2180,#882,.T.);
#2723=EDGE_CURVE('',#2185,#2186,#883,.T.);
#2724=EDGE_CURVE('',#2185,#2187,#884,.T.);
#2725=EDGE_CURVE('',#2188,#2187,#885,.T.);
#2726=EDGE_CURVE('',#2186,#2188,#886,.T.);
#2727=EDGE_CURVE('',#2189,#2185,#887,.T.);
#2728=EDGE_CURVE('',#2189,#2190,#888,.T.);
#2729=EDGE_CURVE('',#2187,#2190,#889,.T.);
#2730=EDGE_CURVE('',#2191,#2189,#890,.T.);
#2731=EDGE_CURVE('',#2191,#2192,#891,.T.);
#2732=EDGE_CURVE('',#2190,#2192,#892,.T.);
#2733=EDGE_CURVE('',#2186,#2191,#893,.T.);
#2734=EDGE_CURVE('',#2192,#2188,#894,.T.);
#2735=EDGE_CURVE('',#2193,#2194,#895,.T.);
#2736=EDGE_CURVE('',#2193,#2195,#896,.T.);
#2737=EDGE_CURVE('',#2196,#2195,#897,.T.);
#2738=EDGE_CURVE('',#2194,#2196,#898,.T.);
#2739=EDGE_CURVE('',#2197,#2193,#899,.T.);
#2740=EDGE_CURVE('',#2197,#2198,#900,.T.);
#2741=EDGE_CURVE('',#2195,#2198,#901,.T.);
#2742=EDGE_CURVE('',#2199,#2197,#902,.T.);
#2743=EDGE_CURVE('',#2199,#2200,#903,.T.);
#2744=EDGE_CURVE('',#2198,#2200,#904,.T.);
#2745=EDGE_CURVE('',#2194,#2199,#905,.T.);
#2746=EDGE_CURVE('',#2200,#2196,#906,.T.);
#2747=EDGE_CURVE('',#2201,#2202,#907,.T.);
#2748=EDGE_CURVE('',#2201,#2203,#908,.T.);
#2749=EDGE_CURVE('',#2204,#2203,#909,.T.);
#2750=EDGE_CURVE('',#2202,#2204,#910,.T.);
#2751=EDGE_CURVE('',#2205,#2201,#911,.T.);
#2752=EDGE_CURVE('',#2205,#2206,#912,.T.);
#2753=EDGE_CURVE('',#2203,#2206,#913,.T.);
#2754=EDGE_CURVE('',#2207,#2205,#914,.T.);
#2755=EDGE_CURVE('',#2207,#2208,#915,.T.);
#2756=EDGE_CURVE('',#2206,#2208,#916,.T.);
#2757=EDGE_CURVE('',#2202,#2207,#917,.T.);
#2758=EDGE_CURVE('',#2208,#2204,#918,.T.);
#2759=EDGE_CURVE('',#2209,#2210,#919,.T.);
#2760=EDGE_CURVE('',#2209,#2211,#920,.T.);
#2761=EDGE_CURVE('',#2212,#2211,#921,.T.);
#2762=EDGE_CURVE('',#2210,#2212,#922,.T.);
#2763=EDGE_CURVE('',#2213,#2209,#923,.T.);
#2764=EDGE_CURVE('',#2213,#2214,#924,.T.);
#2765=EDGE_CURVE('',#2211,#2214,#925,.T.);
#2766=EDGE_CURVE('',#2215,#2213,#926,.T.);
#2767=EDGE_CURVE('',#2215,#2216,#927,.T.);
#2768=EDGE_CURVE('',#2214,#2216,#928,.T.);
#2769=EDGE_CURVE('',#2210,#2215,#929,.T.);
#2770=EDGE_CURVE('',#2216,#2212,#930,.T.);
#2771=EDGE_CURVE('',#2217,#2218,#931,.T.);
#2772=EDGE_CURVE('',#2217,#2219,#932,.T.);
#2773=EDGE_CURVE('',#2220,#2219,#933,.T.);
#2774=EDGE_CURVE('',#2218,#2220,#934,.T.);
#2775=EDGE_CURVE('',#2221,#2217,#935,.T.);
#2776=EDGE_CURVE('',#2221,#2222,#936,.T.);
#2777=EDGE_CURVE('',#2219,#2222,#937,.T.);
#2778=EDGE_CURVE('',#2223,#2221,#938,.T.);
#2779=EDGE_CURVE('',#2223,#2224,#939,.T.);
#2780=EDGE_CURVE('',#2222,#2224,#940,.T.);
#2781=EDGE_CURVE('',#2218,#2223,#941,.T.);
#2782=EDGE_CURVE('',#2224,#2220,#942,.T.);
#2783=EDGE_CURVE('',#2225,#2226,#943,.T.);
#2784=EDGE_CURVE('',#2225,#2227,#944,.T.);
#2785=EDGE_CURVE('',#2228,#2227,#945,.T.);
#2786=EDGE_CURVE('',#2226,#2228,#946,.T.);
#2787=EDGE_CURVE('',#2229,#2225,#947,.T.);
#2788=EDGE_CURVE('',#2229,#2230,#948,.T.);
#2789=EDGE_CURVE('',#2227,#2230,#949,.T.);
#2790=EDGE_CURVE('',#2231,#2229,#950,.T.);
#2791=EDGE_CURVE('',#2231,#2232,#951,.T.);
#2792=EDGE_CURVE('',#2230,#2232,#952,.T.);
#2793=EDGE_CURVE('',#2226,#2231,#953,.T.);
#2794=EDGE_CURVE('',#2232,#2228,#954,.T.);
#2795=EDGE_CURVE('',#2233,#2234,#955,.T.);
#2796=EDGE_CURVE('',#2233,#2235,#956,.T.);
#2797=EDGE_CURVE('',#2236,#2235,#957,.T.);
#2798=EDGE_CURVE('',#2234,#2236,#958,.T.);
#2799=EDGE_CURVE('',#2237,#2233,#959,.T.);
#2800=EDGE_CURVE('',#2237,#2238,#960,.T.);
#2801=EDGE_CURVE('',#2235,#2238,#961,.T.);
#2802=EDGE_CURVE('',#2239,#2237,#962,.T.);
#2803=EDGE_CURVE('',#2239,#2240,#963,.T.);
#2804=EDGE_CURVE('',#2238,#2240,#964,.T.);
#2805=EDGE_CURVE('',#2234,#2239,#965,.T.);
#2806=EDGE_CURVE('',#2240,#2236,#966,.T.);
#2807=EDGE_CURVE('',#2241,#2242,#967,.T.);
#2808=EDGE_CURVE('',#2241,#2243,#968,.T.);
#2809=EDGE_CURVE('',#2244,#2243,#969,.T.);
#2810=EDGE_CURVE('',#2242,#2244,#970,.T.);
#2811=EDGE_CURVE('',#2245,#2241,#971,.T.);
#2812=EDGE_CURVE('',#2245,#2246,#972,.T.);
#2813=EDGE_CURVE('',#2243,#2246,#973,.T.);
#2814=EDGE_CURVE('',#2247,#2245,#974,.T.);
#2815=EDGE_CURVE('',#2247,#2248,#975,.T.);
#2816=EDGE_CURVE('',#2246,#2248,#976,.T.);
#2817=EDGE_CURVE('',#2242,#2247,#977,.T.);
#2818=EDGE_CURVE('',#2248,#2244,#978,.T.);
#2819=EDGE_CURVE('',#2249,#2250,#979,.T.);
#2820=EDGE_CURVE('',#2249,#2251,#980,.T.);
#2821=EDGE_CURVE('',#2252,#2251,#981,.T.);
#2822=EDGE_CURVE('',#2250,#2252,#982,.T.);
#2823=EDGE_CURVE('',#2253,#2249,#983,.T.);
#2824=EDGE_CURVE('',#2253,#2254,#984,.T.);
#2825=EDGE_CURVE('',#2251,#2254,#985,.T.);
#2826=EDGE_CURVE('',#2255,#2253,#986,.T.);
#2827=EDGE_CURVE('',#2255,#2256,#987,.T.);
#2828=EDGE_CURVE('',#2254,#2256,#988,.T.);
#2829=EDGE_CURVE('',#2250,#2255,#989,.T.);
#2830=EDGE_CURVE('',#2256,#2252,#990,.T.);
#2831=EDGE_CURVE('',#2257,#2258,#991,.T.);
#2832=EDGE_CURVE('',#2257,#2259,#992,.T.);
#2833=EDGE_CURVE('',#2260,#2259,#993,.T.);
#2834=EDGE_CURVE('',#2258,#2260,#994,.T.);
#2835=EDGE_CURVE('',#2261,#2257,#995,.T.);
#2836=EDGE_CURVE('',#2261,#2262,#996,.T.);
#2837=EDGE_CURVE('',#2259,#2262,#997,.T.);
#2838=EDGE_CURVE('',#2263,#2261,#998,.T.);
#2839=EDGE_CURVE('',#2263,#2264,#999,.T.);
#2840=EDGE_CURVE('',#2262,#2264,#1000,.T.);
#2841=EDGE_CURVE('',#2258,#2263,#1001,.T.);
#2842=EDGE_CURVE('',#2264,#2260,#1002,.T.);
#2843=EDGE_CURVE('',#2265,#2266,#1003,.T.);
#2844=EDGE_CURVE('',#2265,#2267,#1004,.T.);
#2845=EDGE_CURVE('',#2268,#2267,#1005,.T.);
#2846=EDGE_CURVE('',#2266,#2268,#1006,.T.);
#2847=EDGE_CURVE('',#2269,#2265,#1007,.T.);
#2848=EDGE_CURVE('',#2269,#2270,#1008,.T.);
#2849=EDGE_CURVE('',#2267,#2270,#1009,.T.);
#2850=EDGE_CURVE('',#2271,#2269,#1010,.T.);
#2851=EDGE_CURVE('',#2271,#2272,#1011,.T.);
#2852=EDGE_CURVE('',#2270,#2272,#1012,.T.);
#2853=EDGE_CURVE('',#2266,#2271,#1013,.T.);
#2854=EDGE_CURVE('',#2272,#2268,#1014,.T.);
#2855=EDGE_CURVE('',#2273,#2274,#1015,.T.);
#2856=EDGE_CURVE('',#2273,#2275,#1016,.T.);
#2857=EDGE_CURVE('',#2276,#2275,#1017,.T.);
#2858=EDGE_CURVE('',#2274,#2276,#1018,.T.);
#2859=EDGE_CURVE('',#2277,#2273,#1019,.T.);
#2860=EDGE_CURVE('',#2277,#2278,#1020,.T.);
#2861=EDGE_CURVE('',#2275,#2278,#1021,.T.);
#2862=EDGE_CURVE('',#2279,#2277,#1022,.T.);
#2863=EDGE_CURVE('',#2279,#2280,#1023,.T.);
#2864=EDGE_CURVE('',#2278,#2280,#1024,.T.);
#2865=EDGE_CURVE('',#2274,#2279,#1025,.T.);
#2866=EDGE_CURVE('',#2280,#2276,#1026,.T.);
#2867=EDGE_CURVE('',#2281,#2282,#1027,.T.);
#2868=EDGE_CURVE('',#2281,#2283,#1028,.T.);
#2869=EDGE_CURVE('',#2284,#2283,#1029,.T.);
#2870=EDGE_CURVE('',#2282,#2284,#1030,.T.);
#2871=EDGE_CURVE('',#2285,#2281,#1031,.T.);
#2872=EDGE_CURVE('',#2285,#2286,#1032,.T.);
#2873=EDGE_CURVE('',#2283,#2286,#1033,.T.);
#2874=EDGE_CURVE('',#2287,#2285,#1034,.T.);
#2875=EDGE_CURVE('',#2287,#2288,#1035,.T.);
#2876=EDGE_CURVE('',#2286,#2288,#1036,.T.);
#2877=EDGE_CURVE('',#2282,#2287,#1037,.T.);
#2878=EDGE_CURVE('',#2288,#2284,#1038,.T.);
#2879=EDGE_CURVE('',#2289,#2290,#1039,.T.);
#2880=EDGE_CURVE('',#2289,#2291,#1040,.T.);
#2881=EDGE_CURVE('',#2292,#2291,#1041,.T.);
#2882=EDGE_CURVE('',#2290,#2292,#1042,.T.);
#2883=EDGE_CURVE('',#2293,#2289,#1043,.T.);
#2884=EDGE_CURVE('',#2293,#2294,#1044,.T.);
#2885=EDGE_CURVE('',#2291,#2294,#1045,.T.);
#2886=EDGE_CURVE('',#2295,#2293,#1046,.T.);
#2887=EDGE_CURVE('',#2295,#2296,#1047,.T.);
#2888=EDGE_CURVE('',#2294,#2296,#1048,.T.);
#2889=EDGE_CURVE('',#2290,#2295,#1049,.T.);
#2890=EDGE_CURVE('',#2296,#2292,#1050,.T.);
#2891=EDGE_CURVE('',#2297,#2298,#1051,.T.);
#2892=EDGE_CURVE('',#2297,#2299,#1052,.T.);
#2893=EDGE_CURVE('',#2300,#2299,#1053,.T.);
#2894=EDGE_CURVE('',#2298,#2300,#1054,.T.);
#2895=EDGE_CURVE('',#2301,#2297,#1055,.T.);
#2896=EDGE_CURVE('',#2301,#2302,#1056,.T.);
#2897=EDGE_CURVE('',#2299,#2302,#1057,.T.);
#2898=EDGE_CURVE('',#2303,#2301,#1058,.T.);
#2899=EDGE_CURVE('',#2303,#2304,#1059,.T.);
#2900=EDGE_CURVE('',#2302,#2304,#1060,.T.);
#2901=EDGE_CURVE('',#2298,#2303,#1061,.T.);
#2902=EDGE_CURVE('',#2304,#2300,#1062,.T.);
#2903=EDGE_CURVE('',#2305,#2306,#1063,.T.);
#2904=EDGE_CURVE('',#2305,#2307,#1064,.T.);
#2905=EDGE_CURVE('',#2307,#2308,#1065,.T.);
#2906=EDGE_CURVE('',#2306,#2308,#1066,.T.);
#2907=EDGE_CURVE('',#2309,#2310,#1067,.T.);
#2908=EDGE_CURVE('',#2311,#2309,#1068,.T.);
#2909=EDGE_CURVE('',#2311,#2312,#1069,.T.);
#2910=EDGE_CURVE('',#2310,#2312,#1070,.T.);
#2911=EDGE_CURVE('',#2308,#2311,#1071,.T.);
#2912=EDGE_CURVE('',#2312,#2307,#1072,.T.);
#2913=EDGE_CURVE('',#2313,#2310,#1073,.T.);
#2914=EDGE_CURVE('',#2314,#2313,#1074,.T.);
#2915=EDGE_CURVE('',#2314,#2315,#1075,.T.);
#2916=EDGE_CURVE('',#2315,#2309,#1076,.T.);
#2917=EDGE_CURVE('',#2316,#2317,#118,.T.);
#2918=EDGE_CURVE('',#2317,#2316,#119,.T.);
#2919=EDGE_CURVE('',#2306,#2318,#1077,.T.);
#2920=EDGE_CURVE('',#2318,#2319,#1078,.T.);
#2921=EDGE_CURVE('',#2320,#2319,#1079,.T.);
#2922=EDGE_CURVE('',#2305,#2320,#1080,.T.);
#2923=EDGE_CURVE('',#2321,#2322,#120,.T.);
#2924=EDGE_CURVE('',#2322,#2321,#121,.T.);
#2925=EDGE_CURVE('',#2315,#2323,#1081,.T.);
#2926=EDGE_CURVE('',#2324,#2323,#1082,.T.);
#2927=EDGE_CURVE('',#2325,#2324,#1083,.T.);
#2928=EDGE_CURVE('',#2326,#2325,#1084,.T.);
#2929=EDGE_CURVE('',#2318,#2326,#1085,.T.);
#2930=EDGE_CURVE('',#2327,#2328,#122,.T.);
#2931=EDGE_CURVE('',#2328,#2327,#123,.T.);
#2932=EDGE_CURVE('',#2328,#2329,#1086,.T.);
#2933=EDGE_CURVE('',#2330,#2329,#124,.T.);
#2934=EDGE_CURVE('',#2329,#2330,#125,.T.);
#2935=EDGE_CURVE('',#2331,#2332,#1087,.T.);
#2936=EDGE_CURVE('',#2331,#2333,#1088,.T.);
#2937=EDGE_CURVE('',#2333,#2334,#1089,.T.);
#2938=EDGE_CURVE('',#2332,#2334,#1090,.T.);
#2939=EDGE_CURVE('',#2335,#2331,#1091,.T.);
#2940=EDGE_CURVE('',#2335,#2336,#1092,.T.);
#2941=EDGE_CURVE('',#2336,#2333,#1093,.T.);
#2942=EDGE_CURVE('',#2337,#2335,#1094,.T.);
#2943=EDGE_CURVE('',#2337,#2338,#1095,.T.);
#2944=EDGE_CURVE('',#2338,#2336,#1096,.T.);
#2945=EDGE_CURVE('',#2332,#2337,#1097,.T.);
#2946=EDGE_CURVE('',#2334,#2338,#1098,.T.);
#2947=EDGE_CURVE('',#2339,#2340,#1099,.T.);
#2948=EDGE_CURVE('',#2339,#2341,#1100,.T.);
#2949=EDGE_CURVE('',#2342,#2341,#1101,.T.);
#2950=EDGE_CURVE('',#2340,#2342,#1102,.T.);
#2951=EDGE_CURVE('',#2340,#2343,#1103,.T.);
#2952=EDGE_CURVE('',#2344,#2342,#1104,.T.);
#2953=EDGE_CURVE('',#2343,#2344,#1105,.T.);
#2954=EDGE_CURVE('',#2343,#2345,#1106,.T.);
#2955=EDGE_CURVE('',#2346,#2344,#1107,.T.);
#2956=EDGE_CURVE('',#2345,#2346,#1108,.T.);
#2957=EDGE_CURVE('',#2345,#2339,#1109,.T.);
#2958=EDGE_CURVE('',#2341,#2346,#1110,.T.);
#2959=EDGE_CURVE('',#2347,#2348,#126,.T.);
#2960=EDGE_CURVE('',#2348,#2347,#127,.T.);
#2961=EDGE_CURVE('',#2348,#2349,#1111,.T.);
#2962=EDGE_CURVE('',#2350,#2349,#128,.T.);
#2963=EDGE_CURVE('',#2349,#2350,#129,.T.);
#2964=EDGE_CURVE('',#2351,#2352,#130,.T.);
#2965=EDGE_CURVE('',#2352,#2351,#131,.T.);
#2966=EDGE_CURVE('',#2352,#2353,#1112,.T.);
#2967=EDGE_CURVE('',#2354,#2353,#132,.T.);
#2968=EDGE_CURVE('',#2353,#2354,#133,.T.);
#2969=EDGE_CURVE('',#2355,#2356,#134,.T.);
#2970=EDGE_CURVE('',#2356,#2355,#135,.T.);
#2971=EDGE_CURVE('',#2356,#2357,#1113,.T.);
#2972=EDGE_CURVE('',#2358,#2357,#136,.T.);
#2973=EDGE_CURVE('',#2357,#2358,#137,.T.);
#2974=EDGE_CURVE('',#2359,#2360,#138,.T.);
#2975=EDGE_CURVE('',#2360,#2359,#139,.T.);
#2976=EDGE_CURVE('',#2360,#2361,#1114,.T.);
#2977=EDGE_CURVE('',#2362,#2361,#140,.T.);
#2978=EDGE_CURVE('',#2361,#2362,#141,.T.);
#2979=EDGE_CURVE('',#2363,#2364,#1115,.T.);
#2980=EDGE_CURVE('',#2363,#2365,#1116,.T.);
#2981=EDGE_CURVE('',#2365,#2366,#1117,.T.);
#2982=EDGE_CURVE('',#2364,#2366,#1118,.T.);
#2983=EDGE_CURVE('',#2367,#2363,#1119,.T.);
#2984=EDGE_CURVE('',#2367,#2368,#1120,.T.);
#2985=EDGE_CURVE('',#2368,#2365,#1121,.T.);
#2986=EDGE_CURVE('',#2369,#2367,#1122,.T.);
#2987=EDGE_CURVE('',#2370,#2369,#1123,.T.);
#2988=EDGE_CURVE('',#2370,#2368,#1124,.T.);
#2989=EDGE_CURVE('',#2366,#2370,#1125,.T.);
#2990=EDGE_CURVE('',#2371,#2372,#1126,.T.);
#2991=EDGE_CURVE('',#2371,#2373,#1127,.T.);
#2992=EDGE_CURVE('',#2373,#2374,#1128,.T.);
#2993=EDGE_CURVE('',#2372,#2374,#1129,.T.);
#2994=EDGE_CURVE('',#2375,#2371,#1130,.T.);
#2995=EDGE_CURVE('',#2375,#2376,#1131,.T.);
#2996=EDGE_CURVE('',#2376,#2373,#1132,.T.);
#2997=EDGE_CURVE('',#2377,#2375,#1133,.T.);
#2998=EDGE_CURVE('',#2378,#2377,#1134,.T.);
#2999=EDGE_CURVE('',#2378,#2376,#1135,.T.);
#3000=EDGE_CURVE('',#2374,#2378,#1136,.T.);
#3001=EDGE_CURVE('',#2379,#2364,#1137,.T.);
#3002=EDGE_CURVE('',#2380,#2379,#1138,.T.);
#3003=EDGE_CURVE('',#2380,#2377,#1139,.T.);
#3004=EDGE_CURVE('',#2372,#2381,#1140,.T.);
#3005=EDGE_CURVE('',#2382,#2381,#1141,.T.);
#3006=EDGE_CURVE('',#2369,#2382,#1142,.T.);
#3007=EDGE_CURVE('',#2383,#2384,#1143,.T.);
#3008=EDGE_CURVE('',#2383,#2385,#1144,.T.);
#3009=EDGE_CURVE('',#2385,#2386,#1145,.T.);
#3010=EDGE_CURVE('',#2384,#2386,#1146,.T.);
#3011=EDGE_CURVE('',#2387,#2383,#1147,.T.);
#3012=EDGE_CURVE('',#2387,#2388,#1148,.T.);
#3013=EDGE_CURVE('',#2388,#2385,#1149,.T.);
#3014=EDGE_CURVE('',#2389,#2387,#1150,.T.);
#3015=EDGE_CURVE('',#2390,#2389,#1151,.T.);
#3016=EDGE_CURVE('',#2390,#2388,#1152,.T.);
#3017=EDGE_CURVE('',#2386,#2390,#1153,.T.);
#3018=EDGE_CURVE('',#2391,#2392,#1154,.T.);
#3019=EDGE_CURVE('',#2391,#2393,#1155,.T.);
#3020=EDGE_CURVE('',#2393,#2394,#1156,.T.);
#3021=EDGE_CURVE('',#2392,#2394,#1157,.T.);
#3022=EDGE_CURVE('',#2395,#2391,#1158,.T.);
#3023=EDGE_CURVE('',#2395,#2396,#1159,.T.);
#3024=EDGE_CURVE('',#2396,#2393,#1160,.T.);
#3025=EDGE_CURVE('',#2397,#2395,#1161,.T.);
#3026=EDGE_CURVE('',#2398,#2397,#1162,.T.);
#3027=EDGE_CURVE('',#2398,#2396,#1163,.T.);
#3028=EDGE_CURVE('',#2394,#2398,#1164,.T.);
#3029=EDGE_CURVE('',#2384,#2399,#1165,.T.);
#3030=EDGE_CURVE('',#2400,#2399,#1166,.T.);
#3031=EDGE_CURVE('',#2397,#2400,#1167,.T.);
#3032=EDGE_CURVE('',#2401,#2392,#1168,.T.);
#3033=EDGE_CURVE('',#2402,#2401,#1169,.T.);
#3034=EDGE_CURVE('',#2402,#2389,#1170,.T.);
#3035=EDGE_CURVE('',#2403,#2404,#1171,.T.);
#3036=EDGE_CURVE('',#2403,#2405,#1172,.T.);
#3037=EDGE_CURVE('',#2405,#2406,#1173,.T.);
#3038=EDGE_CURVE('',#2404,#2406,#1174,.T.);
#3039=EDGE_CURVE('',#2407,#2403,#1175,.T.);
#3040=EDGE_CURVE('',#2407,#2408,#1176,.T.);
#3041=EDGE_CURVE('',#2408,#2405,#1177,.T.);
#3042=EDGE_CURVE('',#2409,#2407,#1178,.T.);
#3043=EDGE_CURVE('',#2409,#2410,#1179,.T.);
#3044=EDGE_CURVE('',#2410,#2408,#1180,.T.);
#3045=EDGE_CURVE('',#2404,#2409,#1181,.T.);
#3046=EDGE_CURVE('',#2406,#2410,#1182,.T.);
#3047=EDGE_CURVE('',#2411,#2412,#1183,.T.);
#3048=EDGE_CURVE('',#2411,#2413,#1184,.T.);
#3049=EDGE_CURVE('',#2413,#2414,#1185,.T.);
#3050=EDGE_CURVE('',#2412,#2414,#1186,.T.);
#3051=EDGE_CURVE('',#2415,#2411,#1187,.T.);
#3052=EDGE_CURVE('',#2415,#2416,#1188,.T.);
#3053=EDGE_CURVE('',#2416,#2413,#1189,.T.);
#3054=EDGE_CURVE('',#2417,#2415,#1190,.T.);
#3055=EDGE_CURVE('',#2417,#2418,#1191,.T.);
#3056=EDGE_CURVE('',#2418,#2416,#1192,.T.);
#3057=EDGE_CURVE('',#2412,#2417,#1193,.T.);
#3058=EDGE_CURVE('',#2414,#2418,#1194,.T.);
#3059=EDGE_CURVE('',#2419,#2420,#1195,.T.);
#3060=EDGE_CURVE('',#2419,#2421,#1196,.T.);
#3061=EDGE_CURVE('',#2422,#2421,#1197,.T.);
#3062=EDGE_CURVE('',#2420,#2422,#1198,.T.);
#3063=EDGE_CURVE('',#2420,#2423,#1199,.T.);
#3064=EDGE_CURVE('',#2424,#2422,#1200,.T.);
#3065=EDGE_CURVE('',#2423,#2424,#1201,.T.);
#3066=EDGE_CURVE('',#2423,#2425,#1202,.T.);
#3067=EDGE_CURVE('',#2426,#2424,#1203,.T.);
#3068=EDGE_CURVE('',#2425,#2426,#1204,.T.);
#3069=EDGE_CURVE('',#2425,#2419,#1205,.T.);
#3070=EDGE_CURVE('',#2421,#2426,#1206,.T.);
#3071=EDGE_CURVE('',#2427,#2428,#1207,.T.);
#3072=EDGE_CURVE('',#2427,#2429,#1208,.T.);
#3073=EDGE_CURVE('',#2430,#2429,#1209,.T.);
#3074=EDGE_CURVE('',#2428,#2430,#1210,.T.);
#3075=EDGE_CURVE('',#2428,#2380,#1211,.T.);
#3076=EDGE_CURVE('',#2381,#2430,#1212,.T.);
#3077=EDGE_CURVE('',#2429,#2382,#1213,.T.);
#3078=EDGE_CURVE('',#2379,#2427,#1214,.T.);
#3079=EDGE_CURVE('',#2431,#2400,#1215,.T.);
#3080=EDGE_CURVE('',#2432,#2431,#1216,.T.);
#3081=EDGE_CURVE('',#2401,#2432,#1217,.T.);
#3082=EDGE_CURVE('',#2432,#2433,#1218,.T.);
#3083=EDGE_CURVE('',#2434,#2431,#1219,.T.);
#3084=EDGE_CURVE('',#2433,#2434,#1220,.T.);
#3085=EDGE_CURVE('',#2433,#2402,#1221,.T.);
#3086=EDGE_CURVE('',#2399,#2434,#1222,.T.);
#3087=EDGE_CURVE('',#2435,#2436,#14,.T.);
#3088=EDGE_CURVE('',#2437,#2435,#142,.T.);
#3089=EDGE_CURVE('',#2437,#2438,#1223,.T.);
#3090=EDGE_CURVE('',#2439,#2438,#143,.T.);
#3091=EDGE_CURVE('',#2438,#2439,#144,.T.);
#3092=EDGE_CURVE('',#2436,#2437,#145,.T.);
#3093=EDGE_CURVE('',#2440,#2441,#146,.T.);
#3094=EDGE_CURVE('',#2441,#2440,#147,.T.);
#3095=EDGE_CURVE('',#2435,#2442,#1224,.F.);
#3096=EDGE_CURVE('',#2442,#2443,#1225,.T.);
#3097=EDGE_CURVE('',#2443,#2444,#1226,.T.);
#3098=EDGE_CURVE('',#2445,#2444,#1227,.T.);
#3099=EDGE_CURVE('',#2446,#2445,#1228,.T.);
#3100=EDGE_CURVE('',#2446,#2447,#1229,.F.);
#3101=EDGE_CURVE('',#2447,#2448,#1230,.T.);
#3102=EDGE_CURVE('',#2448,#2449,#1231,.T.);
#3103=EDGE_CURVE('',#2449,#2436,#1232,.F.);
#3104=EDGE_CURVE('',#2450,#2451,#1233,.T.);
#3105=EDGE_CURVE('',#2450,#2452,#148,.T.);
#3106=EDGE_CURVE('',#2452,#2453,#149,.T.);
#3107=EDGE_CURVE('',#2454,#2453,#1234,.T.);
#3108=EDGE_CURVE('',#2454,#2455,#1235,.T.);
#3109=EDGE_CURVE('',#2455,#2456,#1236,.T.);
#3110=EDGE_CURVE('',#2457,#2456,#1237,.T.);
#3111=EDGE_CURVE('',#2457,#2458,#1238,.T.);
#3112=EDGE_CURVE('',#2458,#2459,#1239,.T.);
#3113=EDGE_CURVE('',#2459,#2460,#1240,.T.);
#3114=EDGE_CURVE('',#2460,#2451,#1241,.T.);
#3115=EDGE_CURVE('',#2441,#2452,#1242,.T.);
#3116=EDGE_CURVE('',#2453,#2450,#15,.T.);
#3117=EDGE_CURVE('',#2449,#2461,#1243,.T.);
#3118=EDGE_CURVE('',#2461,#2462,#1244,.F.);
#3119=EDGE_CURVE('',#2462,#2442,#1245,.T.);
#3120=EDGE_CURVE('',#2463,#2464,#150,.T.);
#3121=EDGE_CURVE('',#2464,#2463,#151,.T.);
#3122=EDGE_CURVE('',#2464,#2465,#1246,.T.);
#3123=EDGE_CURVE('',#2466,#2465,#152,.T.);
#3124=EDGE_CURVE('',#2465,#2466,#153,.T.);
#3125=EDGE_CURVE('',#2467,#2468,#154,.T.);
#3126=EDGE_CURVE('',#2468,#2467,#155,.T.);
#3127=EDGE_CURVE('',#2468,#2469,#1247,.T.);
#3128=EDGE_CURVE('',#2470,#2469,#156,.T.);
#3129=EDGE_CURVE('',#2469,#2470,#157,.T.);
#3130=EDGE_CURVE('',#2471,#2472,#158,.T.);
#3131=EDGE_CURVE('',#2472,#2471,#159,.T.);
#3132=EDGE_CURVE('',#2472,#2473,#1248,.T.);
#3133=EDGE_CURVE('',#2474,#2473,#160,.T.);
#3134=EDGE_CURVE('',#2473,#2474,#161,.T.);
#3135=EDGE_CURVE('',#2475,#2476,#162,.T.);
#3136=EDGE_CURVE('',#2476,#2475,#163,.T.);
#3137=EDGE_CURVE('',#2476,#2477,#1249,.T.);
#3138=EDGE_CURVE('',#2478,#2477,#164,.T.);
#3139=EDGE_CURVE('',#2477,#2478,#165,.T.);
#3140=EDGE_CURVE('',#2479,#2480,#166,.T.);
#3141=EDGE_CURVE('',#2480,#2479,#167,.T.);
#3142=EDGE_CURVE('',#2480,#2481,#1250,.T.);
#3143=EDGE_CURVE('',#2482,#2481,#168,.T.);
#3144=EDGE_CURVE('',#2481,#2482,#169,.T.);
#3145=EDGE_CURVE('',#2483,#2484,#170,.T.);
#3146=EDGE_CURVE('',#2484,#2483,#171,.T.);
#3147=EDGE_CURVE('',#2484,#2485,#1251,.T.);
#3148=EDGE_CURVE('',#2486,#2485,#172,.T.);
#3149=EDGE_CURVE('',#2485,#2486,#173,.T.);
#3150=EDGE_CURVE('',#2487,#2488,#174,.T.);
#3151=EDGE_CURVE('',#2488,#2487,#175,.T.);
#3152=EDGE_CURVE('',#2488,#2489,#1252,.T.);
#3153=EDGE_CURVE('',#2490,#2489,#176,.T.);
#3154=EDGE_CURVE('',#2489,#2490,#177,.T.);
#3155=EDGE_CURVE('',#2491,#2492,#178,.T.);
#3156=EDGE_CURVE('',#2492,#2491,#179,.T.);
#3157=EDGE_CURVE('',#2492,#2493,#1253,.T.);
#3158=EDGE_CURVE('',#2494,#2493,#180,.T.);
#3159=EDGE_CURVE('',#2493,#2494,#181,.T.);
#3160=EDGE_CURVE('',#2495,#2496,#182,.T.);
#3161=EDGE_CURVE('',#2496,#2495,#183,.T.);
#3162=EDGE_CURVE('',#2496,#2497,#1254,.T.);
#3163=EDGE_CURVE('',#2498,#2497,#184,.T.);
#3164=EDGE_CURVE('',#2497,#2498,#185,.T.);
#3165=EDGE_CURVE('',#2499,#2500,#186,.T.);
#3166=EDGE_CURVE('',#2500,#2499,#187,.T.);
#3167=EDGE_CURVE('',#2500,#2501,#1255,.T.);
#3168=EDGE_CURVE('',#2502,#2501,#188,.T.);
#3169=EDGE_CURVE('',#2501,#2502,#189,.T.);
#3170=EDGE_CURVE('',#2503,#2504,#190,.T.);
#3171=EDGE_CURVE('',#2504,#2503,#191,.T.);
#3172=EDGE_CURVE('',#2504,#2505,#1256,.T.);
#3173=EDGE_CURVE('',#2506,#2505,#192,.T.);
#3174=EDGE_CURVE('',#2505,#2506,#193,.T.);
#3175=EDGE_CURVE('',#2507,#2508,#194,.T.);
#3176=EDGE_CURVE('',#2508,#2507,#195,.T.);
#3177=EDGE_CURVE('',#2508,#2509,#1257,.T.);
#3178=EDGE_CURVE('',#2510,#2509,#196,.T.);
#3179=EDGE_CURVE('',#2509,#2510,#197,.T.);
#3180=EDGE_CURVE('',#2511,#2512,#1258,.T.);
#3181=EDGE_CURVE('',#2511,#2513,#1259,.T.);
#3182=EDGE_CURVE('',#2513,#2514,#1260,.T.);
#3183=EDGE_CURVE('',#2512,#2514,#1261,.T.);
#3184=EDGE_CURVE('',#2515,#2516,#1262,.T.);
#3185=EDGE_CURVE('',#2516,#2517,#1263,.T.);
#3186=EDGE_CURVE('',#2518,#2517,#1264,.T.);
#3187=EDGE_CURVE('',#2515,#2518,#1265,.T.);
#3188=EDGE_CURVE('',#2519,#2447,#1266,.T.);
#3189=EDGE_CURVE('',#2519,#2520,#1267,.T.);
#3190=EDGE_CURVE('',#2520,#2448,#1268,.T.);
#3191=EDGE_CURVE('',#2444,#2521,#1269,.T.);
#3192=EDGE_CURVE('',#2443,#2522,#1270,.T.);
#3193=EDGE_CURVE('',#2522,#2521,#1271,.T.);
#3194=EDGE_CURVE('',#2514,#2523,#1272,.T.);
#3195=EDGE_CURVE('',#2523,#2524,#1273,.F.);
#3196=EDGE_CURVE('',#2524,#2519,#1274,.T.);
#3197=EDGE_CURVE('',#2525,#2446,#1275,.T.);
#3198=EDGE_CURVE('',#2525,#2512,#1276,.F.);
#3199=EDGE_CURVE('',#2526,#2527,#1277,.T.);
#3200=EDGE_CURVE('',#2521,#2526,#1278,.T.);
#3201=EDGE_CURVE('',#2522,#2528,#1279,.T.);
#3202=EDGE_CURVE('',#2527,#2528,#1280,.T.);
#3203=EDGE_CURVE('',#2528,#2462,#1281,.T.);
#3204=EDGE_CURVE('',#2529,#2530,#1282,.T.);
#3205=EDGE_CURVE('',#2529,#2516,#1283,.T.);
#3206=EDGE_CURVE('',#2531,#2515,#1284,.T.);
#3207=EDGE_CURVE('',#2530,#2531,#1285,.T.);
#3208=EDGE_CURVE('',#2532,#2533,#1286,.T.);
#3209=EDGE_CURVE('',#2517,#2532,#1287,.T.);
#3210=EDGE_CURVE('',#2533,#2529,#1288,.T.);
#3211=EDGE_CURVE('',#2534,#2535,#1289,.T.);
#3212=EDGE_CURVE('',#2520,#2534,#1290,.T.);
#3213=EDGE_CURVE('',#2535,#2524,#1291,.T.);
#3214=EDGE_CURVE('',#2461,#2534,#1292,.T.);
#3215=EDGE_CURVE('',#2536,#2537,#1293,.T.);
#3216=EDGE_CURVE('',#2523,#2536,#1294,.T.);
#3217=EDGE_CURVE('',#2537,#2513,#1295,.T.);
#3218=EDGE_CURVE('',#2537,#2538,#1296,.T.);
#3219=EDGE_CURVE('',#2539,#2511,#1297,.T.);
#3220=EDGE_CURVE('',#2538,#2539,#1298,.T.);
#3221=EDGE_CURVE('',#2540,#2541,#1299,.T.);
#3222=EDGE_CURVE('',#2541,#2542,#1300,.T.);
#3223=EDGE_CURVE('',#2543,#2542,#1301,.T.);
#3224=EDGE_CURVE('',#2540,#2543,#1302,.T.);
#3225=EDGE_CURVE('',#2544,#2540,#1303,.T.);
#3226=EDGE_CURVE('',#2545,#2544,#1304,.T.);
#3227=EDGE_CURVE('',#2546,#2545,#1305,.T.);
#3228=EDGE_CURVE('',#2541,#2546,#1306,.T.);
#3229=EDGE_CURVE('',#2526,#2547,#1307,.F.);
#3230=EDGE_CURVE('',#2548,#2547,#1308,.T.);
#3231=EDGE_CURVE('',#2549,#2548,#1309,.T.);
#3232=EDGE_CURVE('',#2445,#2549,#1310,.T.);
#3233=EDGE_CURVE('',#2527,#2550,#1311,.F.);
#3234=EDGE_CURVE('',#2550,#2551,#1312,.F.);
#3235=EDGE_CURVE('',#2551,#2547,#1313,.F.);
#3236=EDGE_CURVE('',#2552,#2531,#1314,.F.);
#3237=EDGE_CURVE('',#2326,#2552,#1315,.T.);
#3238=EDGE_CURVE('',#2553,#2326,#1316,.T.);
#3239=EDGE_CURVE('',#2553,#2530,#1317,.F.);
#3240=EDGE_CURVE('',#2554,#2555,#1318,.T.);
#3241=EDGE_CURVE('',#2556,#2555,#1319,.T.);
#3242=EDGE_CURVE('',#2556,#2557,#1320,.T.);
#3243=EDGE_CURVE('',#2557,#2554,#1321,.T.);
#3244=EDGE_CURVE('',#2558,#2554,#1322,.T.);
#3245=EDGE_CURVE('',#2559,#2558,#1323,.T.);
#3246=EDGE_CURVE('',#2559,#2560,#1324,.T.);
#3247=EDGE_CURVE('',#2555,#2560,#1325,.T.);
#3248=EDGE_CURVE('',#2451,#2561,#1326,.T.);
#3249=EDGE_CURVE('',#2562,#2561,#1327,.T.);
#3250=EDGE_CURVE('',#2562,#2454,#1328,.T.);
#3251=EDGE_CURVE('',#2563,#2564,#1329,.T.);
#3252=EDGE_CURVE('',#2565,#2563,#1330,.T.);
#3253=EDGE_CURVE('',#2566,#2565,#1331,.T.);
#3254=EDGE_CURVE('',#2566,#2567,#1332,.T.);
#3255=EDGE_CURVE('',#2564,#2567,#1333,.T.);
#3256=EDGE_CURVE('',#2560,#2568,#1334,.T.);
#3257=EDGE_CURVE('',#2568,#2569,#1335,.T.);
#3258=EDGE_CURVE('',#2569,#2570,#1336,.T.);
#3259=EDGE_CURVE('',#2570,#2571,#1337,.T.);
#3260=EDGE_CURVE('',#2571,#2564,#1338,.T.);
#3261=EDGE_CURVE('',#2567,#2562,#1339,.T.);
#3262=EDGE_CURVE('',#2561,#2544,#1340,.T.);
#3263=EDGE_CURVE('',#2543,#2572,#1341,.T.);
#3264=EDGE_CURVE('',#2572,#2573,#1342,.T.);
#3265=EDGE_CURVE('',#2573,#2574,#1343,.T.);
#3266=EDGE_CURVE('',#2574,#2575,#1344,.T.);
#3267=EDGE_CURVE('',#2575,#2576,#1345,.T.);
#3268=EDGE_CURVE('',#2576,#2577,#1346,.T.);
#3269=EDGE_CURVE('',#2577,#2578,#1347,.T.);
#3270=EDGE_CURVE('',#2578,#2579,#1348,.T.);
#3271=EDGE_CURVE('',#2579,#2580,#1349,.T.);
#3272=EDGE_CURVE('',#2580,#2581,#1350,.T.);
#3273=EDGE_CURVE('',#2581,#2556,#1351,.T.);
#3274=EDGE_CURVE('',#2536,#2535,#1352,.F.);
#3275=EDGE_CURVE('',#2533,#2538,#1353,.F.);
#3276=EDGE_CURVE('',#2325,#2553,#1354,.T.);
#3277=EDGE_CURVE('',#2582,#2324,#1355,.T.);
#3278=EDGE_CURVE('',#2583,#2582,#1356,.F.);
#3279=EDGE_CURVE('',#2583,#2584,#1357,.T.);
#3280=EDGE_CURVE('',#2584,#2585,#1358,.T.);
#3281=EDGE_CURVE('',#2585,#2586,#1359,.T.);
#3282=EDGE_CURVE('',#2587,#2586,#1360,.F.);
#3283=EDGE_CURVE('',#2588,#2587,#1361,.T.);
#3284=EDGE_CURVE('',#2588,#2589,#1362,.T.);
#3285=EDGE_CURVE('',#2550,#2589,#1363,.T.);
#3286=EDGE_CURVE('',#2532,#2539,#1364,.F.);
#3287=EDGE_CURVE('',#2571,#2590,#1365,.T.);
#3288=EDGE_CURVE('',#2590,#2563,#1366,.T.);
#3289=EDGE_CURVE('',#2545,#2460,#1367,.T.);
#3290=EDGE_CURVE('',#2546,#2459,#1368,.T.);
#3291=EDGE_CURVE('',#2570,#2591,#1369,.T.);
#3292=EDGE_CURVE('',#2592,#2591,#1370,.T.);
#3293=EDGE_CURVE('',#2590,#2592,#1371,.T.);
#3294=EDGE_CURVE('',#2591,#2593,#1372,.T.);
#3295=EDGE_CURVE('',#2594,#2593,#1373,.T.);
#3296=EDGE_CURVE('',#2592,#2594,#1374,.T.);
#3297=EDGE_CURVE('',#2595,#2569,#1375,.T.);
#3298=EDGE_CURVE('',#2593,#2595,#1376,.T.);
#3299=EDGE_CURVE('',#2456,#2565,#1377,.T.);
#3300=EDGE_CURVE('',#2455,#2566,#1378,.T.);
#3301=EDGE_CURVE('',#2596,#2558,#1379,.T.);
#3302=EDGE_CURVE('',#2597,#2596,#1380,.T.);
#3303=EDGE_CURVE('',#2597,#2559,#1381,.T.);
#3304=EDGE_CURVE('',#2568,#2598,#1382,.T.);
#3305=EDGE_CURVE('',#2598,#2597,#1383,.T.);
#3306=EDGE_CURVE('',#2599,#2594,#1384,.T.);
#3307=EDGE_CURVE('',#2599,#2457,#1385,.T.);
#3308=EDGE_CURVE('',#2600,#2557,#1386,.T.);
#3309=EDGE_CURVE('',#2600,#2601,#1387,.T.);
#3310=EDGE_CURVE('',#2601,#2596,#1388,.T.);
#3311=EDGE_CURVE('',#2598,#2595,#1389,.T.);
#3312=EDGE_CURVE('',#2601,#2599,#1390,.T.);
#3313=EDGE_CURVE('',#2602,#2603,#1391,.T.);
#3314=EDGE_CURVE('',#2604,#2602,#1392,.T.);
#3315=EDGE_CURVE('',#2605,#2604,#1393,.T.);
#3316=EDGE_CURVE('',#2605,#2603,#1394,.T.);
#3317=EDGE_CURVE('',#2603,#2606,#198,.T.);
#3318=EDGE_CURVE('',#2607,#2605,#199,.T.);
#3319=EDGE_CURVE('',#2607,#2606,#1395,.T.);
#3320=EDGE_CURVE('',#2606,#2608,#1396,.T.);
#3321=EDGE_CURVE('',#2609,#2607,#1397,.T.);
#3322=EDGE_CURVE('',#2609,#2608,#1398,.T.);
#3323=EDGE_CURVE('',#2608,#2602,#200,.T.);
#3324=EDGE_CURVE('',#2604,#2609,#201,.T.);
#3325=EDGE_CURVE('',#2610,#2585,#1399,.T.);
#3326=EDGE_CURVE('',#2611,#2610,#1400,.T.);
#3327=EDGE_CURVE('',#2612,#2611,#1401,.T.);
#3328=EDGE_CURVE('',#2586,#2612,#1402,.T.);
#3329=EDGE_CURVE('',#2613,#2584,#1403,.T.);
#3330=EDGE_CURVE('',#2610,#2613,#1404,.T.);
#3331=EDGE_CURVE('',#2614,#2583,#1405,.T.);
#3332=EDGE_CURVE('',#2615,#2614,#1406,.T.);
#3333=EDGE_CURVE('',#2613,#2615,#1407,.T.);
#3334=EDGE_CURVE('',#2616,#2617,#1408,.T.);
#3335=EDGE_CURVE('',#2617,#2618,#1409,.T.);
#3336=EDGE_CURVE('',#2618,#2619,#1410,.T.);
#3337=EDGE_CURVE('',#2620,#2619,#1411,.T.);
#3338=EDGE_CURVE('',#2621,#2620,#1412,.T.);
#3339=EDGE_CURVE('',#2622,#2621,#1413,.T.);
#3340=EDGE_CURVE('',#2623,#2622,#1414,.T.);
#3341=EDGE_CURVE('',#2458,#2623,#1415,.T.);
#3342=EDGE_CURVE('',#2624,#2600,#1416,.T.);
#3343=EDGE_CURVE('',#2625,#2624,#1417,.T.);
#3344=EDGE_CURVE('',#2626,#2625,#1418,.T.);
#3345=EDGE_CURVE('',#2616,#2626,#1419,.T.);
#3346=EDGE_CURVE('',#2615,#2627,#1420,.T.);
#3347=EDGE_CURVE('',#2627,#2628,#1421,.T.);
#3348=EDGE_CURVE('',#2628,#2629,#1422,.T.);
#3349=EDGE_CURVE('',#2629,#2630,#1423,.T.);
#3350=EDGE_CURVE('',#2630,#2631,#1424,.T.);
#3351=EDGE_CURVE('',#2631,#2525,#1425,.T.);
#3352=EDGE_CURVE('',#2549,#2632,#1426,.T.);
#3353=EDGE_CURVE('',#2632,#2633,#1427,.T.);
#3354=EDGE_CURVE('',#2633,#2634,#1428,.T.);
#3355=EDGE_CURVE('',#2634,#2611,#1429,.T.);
#3356=EDGE_CURVE('',#2614,#2635,#1430,.F.);
#3357=EDGE_CURVE('',#2314,#2635,#1431,.T.);
#3358=EDGE_CURVE('',#2627,#2314,#1432,.T.);
#3359=EDGE_CURVE('',#2582,#2323,#1433,.F.);
#3360=EDGE_CURVE('',#2323,#2635,#1434,.F.);
#3361=EDGE_CURVE('',#2636,#2612,#1435,.F.);
#3362=EDGE_CURVE('',#2637,#2636,#1436,.T.);
#3363=EDGE_CURVE('',#2587,#2637,#1437,.T.);
#3364=EDGE_CURVE('',#2638,#2575,#1438,.T.);
#3365=EDGE_CURVE('',#2574,#2639,#1439,.T.);
#3366=EDGE_CURVE('',#2639,#2638,#1440,.T.);
#3367=EDGE_CURVE('',#2619,#2638,#1441,.T.);
#3368=EDGE_CURVE('',#2618,#2576,#1442,.T.);
#3369=EDGE_CURVE('',#2578,#2640,#1443,.T.);
#3370=EDGE_CURVE('',#2617,#2577,#1444,.T.);
#3371=EDGE_CURVE('',#2640,#2616,#1445,.T.);
#3372=EDGE_CURVE('',#2634,#2641,#1446,.T.);
#3373=EDGE_CURVE('',#2641,#2636,#1447,.T.);
#3374=EDGE_CURVE('',#2626,#2642,#1448,.T.);
#3375=EDGE_CURVE('',#2640,#2642,#1449,.T.);
#3376=EDGE_CURVE('',#2620,#2639,#1450,.T.);
#3377=EDGE_CURVE('',#2579,#2642,#1451,.T.);
#3378=EDGE_CURVE('',#2322,#2643,#1452,.T.);
#3379=EDGE_CURVE('',#2644,#2643,#202,.T.);
#3380=EDGE_CURVE('',#2643,#2644,#203,.T.);
#3381=EDGE_CURVE('',#2645,#2646,#204,.T.);
#3382=EDGE_CURVE('',#2646,#2645,#205,.T.);
#3383=EDGE_CURVE('',#2646,#2647,#1453,.T.);
#3384=EDGE_CURVE('',#2648,#2647,#206,.T.);
#3385=EDGE_CURVE('',#2647,#2648,#207,.T.);
#3386=EDGE_CURVE('',#2649,#2650,#208,.T.);
#3387=EDGE_CURVE('',#2650,#2649,#209,.T.);
#3388=EDGE_CURVE('',#2650,#2651,#1454,.T.);
#3389=EDGE_CURVE('',#2652,#2651,#210,.T.);
#3390=EDGE_CURVE('',#2651,#2652,#211,.T.);
#3391=EDGE_CURVE('',#2317,#2653,#1455,.T.);
#3392=EDGE_CURVE('',#2654,#2653,#212,.T.);
#3393=EDGE_CURVE('',#2653,#2654,#213,.T.);
#3394=EDGE_CURVE('',#2655,#2641,#1456,.T.);
#3395=EDGE_CURVE('',#2655,#2637,#1457,.T.);
#3396=EDGE_CURVE('',#2656,#2551,#1458,.T.);
#3397=EDGE_CURVE('',#2548,#2656,#1459,.T.);
#3398=EDGE_CURVE('',#2637,#2588,#1460,.T.);
#3399=EDGE_CURVE('',#2656,#2655,#1461,.T.);
#3400=EDGE_CURVE('',#2589,#2551,#1462,.T.);
#3401=EDGE_CURVE('',#2657,#2641,#1463,.T.);
#3402=EDGE_CURVE('',#2658,#2657,#1464,.T.);
#3403=EDGE_CURVE('',#2548,#2658,#1465,.T.);
#3404=EDGE_CURVE('',#2319,#2552,#1466,.T.);
#3405=EDGE_CURVE('',#2631,#2518,#1467,.F.);
#3406=EDGE_CURVE('',#2630,#2319,#1468,.T.);
#3407=EDGE_CURVE('',#2629,#2320,#1469,.F.);
#3408=EDGE_CURVE('',#2628,#2313,#1470,.F.);
#3409=EDGE_CURVE('',#2633,#2657,#1471,.F.);
#3410=EDGE_CURVE('',#2632,#2658,#1472,.F.);
#3411=EDGE_CURVE('',#2572,#2659,#1473,.T.);
#3412=EDGE_CURVE('',#2659,#2660,#1474,.T.);
#3413=EDGE_CURVE('',#2573,#2660,#1475,.T.);
#3414=EDGE_CURVE('',#2580,#2661,#1476,.T.);
#3415=EDGE_CURVE('',#2661,#2662,#1477,.T.);
#3416=EDGE_CURVE('',#2581,#2662,#1478,.T.);
#3417=EDGE_CURVE('',#2624,#2662,#1479,.T.);
#3418=EDGE_CURVE('',#2625,#2661,#1480,.T.);
#3419=EDGE_CURVE('',#2621,#2660,#1481,.T.);
#3420=EDGE_CURVE('',#2622,#2659,#1482,.T.);
#3421=EDGE_CURVE('',#2623,#2542,#1483,.T.);
#3422=ORIENTED_EDGE('',*,*,#2663,.F.);
#3423=ORIENTED_EDGE('',*,*,#2664,.T.);
#3424=ORIENTED_EDGE('',*,*,#2665,.F.);
#3425=ORIENTED_EDGE('',*,*,#2666,.F.);
#3426=ORIENTED_EDGE('',*,*,#2667,.F.);
#3427=ORIENTED_EDGE('',*,*,#2668,.T.);
#3428=ORIENTED_EDGE('',*,*,#2669,.F.);
#3429=ORIENTED_EDGE('',*,*,#2664,.F.);
#3430=ORIENTED_EDGE('',*,*,#2670,.F.);
#3431=ORIENTED_EDGE('',*,*,#2671,.T.);
#3432=ORIENTED_EDGE('',*,*,#2672,.F.);
#3433=ORIENTED_EDGE('',*,*,#2668,.F.);
#3434=ORIENTED_EDGE('',*,*,#2673,.F.);
#3435=ORIENTED_EDGE('',*,*,#2666,.T.);
#3436=ORIENTED_EDGE('',*,*,#2674,.F.);
#3437=ORIENTED_EDGE('',*,*,#2671,.F.);
#3438=ORIENTED_EDGE('',*,*,#2675,.F.);
#3439=ORIENTED_EDGE('',*,*,#2676,.T.);
#3440=ORIENTED_EDGE('',*,*,#2677,.F.);
#3441=ORIENTED_EDGE('',*,*,#2678,.F.);
#3442=ORIENTED_EDGE('',*,*,#2679,.F.);
#3443=ORIENTED_EDGE('',*,*,#2680,.T.);
#3444=ORIENTED_EDGE('',*,*,#2681,.F.);
#3445=ORIENTED_EDGE('',*,*,#2676,.F.);
#3446=ORIENTED_EDGE('',*,*,#2682,.F.);
#3447=ORIENTED_EDGE('',*,*,#2683,.T.);
#3448=ORIENTED_EDGE('',*,*,#2684,.F.);
#3449=ORIENTED_EDGE('',*,*,#2680,.F.);
#3450=ORIENTED_EDGE('',*,*,#2685,.F.);
#3451=ORIENTED_EDGE('',*,*,#2678,.T.);
#3452=ORIENTED_EDGE('',*,*,#2686,.F.);
#3453=ORIENTED_EDGE('',*,*,#2683,.F.);
#3454=ORIENTED_EDGE('',*,*,#2687,.F.);
#3455=ORIENTED_EDGE('',*,*,#2688,.T.);
#3456=ORIENTED_EDGE('',*,*,#2689,.F.);
#3457=ORIENTED_EDGE('',*,*,#2690,.F.);
#3458=ORIENTED_EDGE('',*,*,#2691,.F.);
#3459=ORIENTED_EDGE('',*,*,#2692,.T.);
#3460=ORIENTED_EDGE('',*,*,#2693,.F.);
#3461=ORIENTED_EDGE('',*,*,#2688,.F.);
#3462=ORIENTED_EDGE('',*,*,#2694,.F.);
#3463=ORIENTED_EDGE('',*,*,#2695,.T.);
#3464=ORIENTED_EDGE('',*,*,#2696,.F.);
#3465=ORIENTED_EDGE('',*,*,#2692,.F.);
#3466=ORIENTED_EDGE('',*,*,#2697,.F.);
#3467=ORIENTED_EDGE('',*,*,#2690,.T.);
#3468=ORIENTED_EDGE('',*,*,#2698,.F.);
#3469=ORIENTED_EDGE('',*,*,#2695,.F.);
#3470=ORIENTED_EDGE('',*,*,#2699,.F.);
#3471=ORIENTED_EDGE('',*,*,#2700,.T.);
#3472=ORIENTED_EDGE('',*,*,#2701,.F.);
#3473=ORIENTED_EDGE('',*,*,#2702,.F.);
#3474=ORIENTED_EDGE('',*,*,#2703,.F.);
#3475=ORIENTED_EDGE('',*,*,#2704,.T.);
#3476=ORIENTED_EDGE('',*,*,#2705,.F.);
#3477=ORIENTED_EDGE('',*,*,#2700,.F.);
#3478=ORIENTED_EDGE('',*,*,#2706,.F.);
#3479=ORIENTED_EDGE('',*,*,#2707,.T.);
#3480=ORIENTED_EDGE('',*,*,#2708,.F.);
#3481=ORIENTED_EDGE('',*,*,#2704,.F.);
#3482=ORIENTED_EDGE('',*,*,#2709,.F.);
#3483=ORIENTED_EDGE('',*,*,#2702,.T.);
#3484=ORIENTED_EDGE('',*,*,#2710,.F.);
#3485=ORIENTED_EDGE('',*,*,#2707,.F.);
#3486=ORIENTED_EDGE('',*,*,#2711,.F.);
#3487=ORIENTED_EDGE('',*,*,#2712,.T.);
#3488=ORIENTED_EDGE('',*,*,#2713,.F.);
#3489=ORIENTED_EDGE('',*,*,#2714,.F.);
#3490=ORIENTED_EDGE('',*,*,#2715,.F.);
#3491=ORIENTED_EDGE('',*,*,#2716,.T.);
#3492=ORIENTED_EDGE('',*,*,#2717,.F.);
#3493=ORIENTED_EDGE('',*,*,#2712,.F.);
#3494=ORIENTED_EDGE('',*,*,#2718,.F.);
#3495=ORIENTED_EDGE('',*,*,#2719,.T.);
#3496=ORIENTED_EDGE('',*,*,#2720,.F.);
#3497=ORIENTED_EDGE('',*,*,#2716,.F.);
#3498=ORIENTED_EDGE('',*,*,#2721,.F.);
#3499=ORIENTED_EDGE('',*,*,#2714,.T.);
#3500=ORIENTED_EDGE('',*,*,#2722,.F.);
#3501=ORIENTED_EDGE('',*,*,#2719,.F.);
#3502=ORIENTED_EDGE('',*,*,#2723,.F.);
#3503=ORIENTED_EDGE('',*,*,#2724,.T.);
#3504=ORIENTED_EDGE('',*,*,#2725,.F.);
#3505=ORIENTED_EDGE('',*,*,#2726,.F.);
#3506=ORIENTED_EDGE('',*,*,#2727,.F.);
#3507=ORIENTED_EDGE('',*,*,#2728,.T.);
#3508=ORIENTED_EDGE('',*,*,#2729,.F.);
#3509=ORIENTED_EDGE('',*,*,#2724,.F.);
#3510=ORIENTED_EDGE('',*,*,#2730,.F.);
#3511=ORIENTED_EDGE('',*,*,#2731,.T.);
#3512=ORIENTED_EDGE('',*,*,#2732,.F.);
#3513=ORIENTED_EDGE('',*,*,#2728,.F.);
#3514=ORIENTED_EDGE('',*,*,#2733,.F.);
#3515=ORIENTED_EDGE('',*,*,#2726,.T.);
#3516=ORIENTED_EDGE('',*,*,#2734,.F.);
#3517=ORIENTED_EDGE('',*,*,#2731,.F.);
#3518=ORIENTED_EDGE('',*,*,#2735,.F.);
#3519=ORIENTED_EDGE('',*,*,#2736,.T.);
#3520=ORIENTED_EDGE('',*,*,#2737,.F.);
#3521=ORIENTED_EDGE('',*,*,#2738,.F.);
#3522=ORIENTED_EDGE('',*,*,#2739,.F.);
#3523=ORIENTED_EDGE('',*,*,#2740,.T.);
#3524=ORIENTED_EDGE('',*,*,#2741,.F.);
#3525=ORIENTED_EDGE('',*,*,#2736,.F.);
#3526=ORIENTED_EDGE('',*,*,#2742,.F.);
#3527=ORIENTED_EDGE('',*,*,#2743,.T.);
#3528=ORIENTED_EDGE('',*,*,#2744,.F.);
#3529=ORIENTED_EDGE('',*,*,#2740,.F.);
#3530=ORIENTED_EDGE('',*,*,#2745,.F.);
#3531=ORIENTED_EDGE('',*,*,#2738,.T.);
#3532=ORIENTED_EDGE('',*,*,#2746,.F.);
#3533=ORIENTED_EDGE('',*,*,#2743,.F.);
#3534=ORIENTED_EDGE('',*,*,#2747,.F.);
#3535=ORIENTED_EDGE('',*,*,#2748,.T.);
#3536=ORIENTED_EDGE('',*,*,#2749,.F.);
#3537=ORIENTED_EDGE('',*,*,#2750,.F.);
#3538=ORIENTED_EDGE('',*,*,#2751,.F.);
#3539=ORIENTED_EDGE('',*,*,#2752,.T.);
#3540=ORIENTED_EDGE('',*,*,#2753,.F.);
#3541=ORIENTED_EDGE('',*,*,#2748,.F.);
#3542=ORIENTED_EDGE('',*,*,#2754,.F.);
#3543=ORIENTED_EDGE('',*,*,#2755,.T.);
#3544=ORIENTED_EDGE('',*,*,#2756,.F.);
#3545=ORIENTED_EDGE('',*,*,#2752,.F.);
#3546=ORIENTED_EDGE('',*,*,#2757,.F.);
#3547=ORIENTED_EDGE('',*,*,#2750,.T.);
#3548=ORIENTED_EDGE('',*,*,#2758,.F.);
#3549=ORIENTED_EDGE('',*,*,#2755,.F.);
#3550=ORIENTED_EDGE('',*,*,#2759,.F.);
#3551=ORIENTED_EDGE('',*,*,#2760,.T.);
#3552=ORIENTED_EDGE('',*,*,#2761,.F.);
#3553=ORIENTED_EDGE('',*,*,#2762,.F.);
#3554=ORIENTED_EDGE('',*,*,#2763,.F.);
#3555=ORIENTED_EDGE('',*,*,#2764,.T.);
#3556=ORIENTED_EDGE('',*,*,#2765,.F.);
#3557=ORIENTED_EDGE('',*,*,#2760,.F.);
#3558=ORIENTED_EDGE('',*,*,#2766,.F.);
#3559=ORIENTED_EDGE('',*,*,#2767,.T.);
#3560=ORIENTED_EDGE('',*,*,#2768,.F.);
#3561=ORIENTED_EDGE('',*,*,#2764,.F.);
#3562=ORIENTED_EDGE('',*,*,#2769,.F.);
#3563=ORIENTED_EDGE('',*,*,#2762,.T.);
#3564=ORIENTED_EDGE('',*,*,#2770,.F.);
#3565=ORIENTED_EDGE('',*,*,#2767,.F.);
#3566=ORIENTED_EDGE('',*,*,#2771,.F.);
#3567=ORIENTED_EDGE('',*,*,#2772,.T.);
#3568=ORIENTED_EDGE('',*,*,#2773,.F.);
#3569=ORIENTED_EDGE('',*,*,#2774,.F.);
#3570=ORIENTED_EDGE('',*,*,#2775,.F.);
#3571=ORIENTED_EDGE('',*,*,#2776,.T.);
#3572=ORIENTED_EDGE('',*,*,#2777,.F.);
#3573=ORIENTED_EDGE('',*,*,#2772,.F.);
#3574=ORIENTED_EDGE('',*,*,#2778,.F.);
#3575=ORIENTED_EDGE('',*,*,#2779,.T.);
#3576=ORIENTED_EDGE('',*,*,#2780,.F.);
#3577=ORIENTED_EDGE('',*,*,#2776,.F.);
#3578=ORIENTED_EDGE('',*,*,#2781,.F.);
#3579=ORIENTED_EDGE('',*,*,#2774,.T.);
#3580=ORIENTED_EDGE('',*,*,#2782,.F.);
#3581=ORIENTED_EDGE('',*,*,#2779,.F.);
#3582=ORIENTED_EDGE('',*,*,#2783,.F.);
#3583=ORIENTED_EDGE('',*,*,#2784,.T.);
#3584=ORIENTED_EDGE('',*,*,#2785,.F.);
#3585=ORIENTED_EDGE('',*,*,#2786,.F.);
#3586=ORIENTED_EDGE('',*,*,#2787,.F.);
#3587=ORIENTED_EDGE('',*,*,#2788,.T.);
#3588=ORIENTED_EDGE('',*,*,#2789,.F.);
#3589=ORIENTED_EDGE('',*,*,#2784,.F.);
#3590=ORIENTED_EDGE('',*,*,#2790,.F.);
#3591=ORIENTED_EDGE('',*,*,#2791,.T.);
#3592=ORIENTED_EDGE('',*,*,#2792,.F.);
#3593=ORIENTED_EDGE('',*,*,#2788,.F.);
#3594=ORIENTED_EDGE('',*,*,#2793,.F.);
#3595=ORIENTED_EDGE('',*,*,#2786,.T.);
#3596=ORIENTED_EDGE('',*,*,#2794,.F.);
#3597=ORIENTED_EDGE('',*,*,#2791,.F.);
#3598=ORIENTED_EDGE('',*,*,#2795,.F.);
#3599=ORIENTED_EDGE('',*,*,#2796,.T.);
#3600=ORIENTED_EDGE('',*,*,#2797,.F.);
#3601=ORIENTED_EDGE('',*,*,#2798,.F.);
#3602=ORIENTED_EDGE('',*,*,#2799,.F.);
#3603=ORIENTED_EDGE('',*,*,#2800,.T.);
#3604=ORIENTED_EDGE('',*,*,#2801,.F.);
#3605=ORIENTED_EDGE('',*,*,#2796,.F.);
#3606=ORIENTED_EDGE('',*,*,#2802,.F.);
#3607=ORIENTED_EDGE('',*,*,#2803,.T.);
#3608=ORIENTED_EDGE('',*,*,#2804,.F.);
#3609=ORIENTED_EDGE('',*,*,#2800,.F.);
#3610=ORIENTED_EDGE('',*,*,#2805,.F.);
#3611=ORIENTED_EDGE('',*,*,#2798,.T.);
#3612=ORIENTED_EDGE('',*,*,#2806,.F.);
#3613=ORIENTED_EDGE('',*,*,#2803,.F.);
#3614=ORIENTED_EDGE('',*,*,#2807,.F.);
#3615=ORIENTED_EDGE('',*,*,#2808,.T.);
#3616=ORIENTED_EDGE('',*,*,#2809,.F.);
#3617=ORIENTED_EDGE('',*,*,#2810,.F.);
#3618=ORIENTED_EDGE('',*,*,#2811,.F.);
#3619=ORIENTED_EDGE('',*,*,#2812,.T.);
#3620=ORIENTED_EDGE('',*,*,#2813,.F.);
#3621=ORIENTED_EDGE('',*,*,#2808,.F.);
#3622=ORIENTED_EDGE('',*,*,#2814,.F.);
#3623=ORIENTED_EDGE('',*,*,#2815,.T.);
#3624=ORIENTED_EDGE('',*,*,#2816,.F.);
#3625=ORIENTED_EDGE('',*,*,#2812,.F.);
#3626=ORIENTED_EDGE('',*,*,#2817,.F.);
#3627=ORIENTED_EDGE('',*,*,#2810,.T.);
#3628=ORIENTED_EDGE('',*,*,#2818,.F.);
#3629=ORIENTED_EDGE('',*,*,#2815,.F.);
#3630=ORIENTED_EDGE('',*,*,#2819,.F.);
#3631=ORIENTED_EDGE('',*,*,#2820,.T.);
#3632=ORIENTED_EDGE('',*,*,#2821,.F.);
#3633=ORIENTED_EDGE('',*,*,#2822,.F.);
#3634=ORIENTED_EDGE('',*,*,#2823,.F.);
#3635=ORIENTED_EDGE('',*,*,#2824,.T.);
#3636=ORIENTED_EDGE('',*,*,#2825,.F.);
#3637=ORIENTED_EDGE('',*,*,#2820,.F.);
#3638=ORIENTED_EDGE('',*,*,#2826,.F.);
#3639=ORIENTED_EDGE('',*,*,#2827,.T.);
#3640=ORIENTED_EDGE('',*,*,#2828,.F.);
#3641=ORIENTED_EDGE('',*,*,#2824,.F.);
#3642=ORIENTED_EDGE('',*,*,#2829,.F.);
#3643=ORIENTED_EDGE('',*,*,#2822,.T.);
#3644=ORIENTED_EDGE('',*,*,#2830,.F.);
#3645=ORIENTED_EDGE('',*,*,#2827,.F.);
#3646=ORIENTED_EDGE('',*,*,#2831,.F.);
#3647=ORIENTED_EDGE('',*,*,#2832,.T.);
#3648=ORIENTED_EDGE('',*,*,#2833,.F.);
#3649=ORIENTED_EDGE('',*,*,#2834,.F.);
#3650=ORIENTED_EDGE('',*,*,#2835,.F.);
#3651=ORIENTED_EDGE('',*,*,#2836,.T.);
#3652=ORIENTED_EDGE('',*,*,#2837,.F.);
#3653=ORIENTED_EDGE('',*,*,#2832,.F.);
#3654=ORIENTED_EDGE('',*,*,#2838,.F.);
#3655=ORIENTED_EDGE('',*,*,#2839,.T.);
#3656=ORIENTED_EDGE('',*,*,#2840,.F.);
#3657=ORIENTED_EDGE('',*,*,#2836,.F.);
#3658=ORIENTED_EDGE('',*,*,#2841,.F.);
#3659=ORIENTED_EDGE('',*,*,#2834,.T.);
#3660=ORIENTED_EDGE('',*,*,#2842,.F.);
#3661=ORIENTED_EDGE('',*,*,#2839,.F.);
#3662=ORIENTED_EDGE('',*,*,#2843,.F.);
#3663=ORIENTED_EDGE('',*,*,#2844,.T.);
#3664=ORIENTED_EDGE('',*,*,#2845,.F.);
#3665=ORIENTED_EDGE('',*,*,#2846,.F.);
#3666=ORIENTED_EDGE('',*,*,#2847,.F.);
#3667=ORIENTED_EDGE('',*,*,#2848,.T.);
#3668=ORIENTED_EDGE('',*,*,#2849,.F.);
#3669=ORIENTED_EDGE('',*,*,#2844,.F.);
#3670=ORIENTED_EDGE('',*,*,#2850,.F.);
#3671=ORIENTED_EDGE('',*,*,#2851,.T.);
#3672=ORIENTED_EDGE('',*,*,#2852,.F.);
#3673=ORIENTED_EDGE('',*,*,#2848,.F.);
#3674=ORIENTED_EDGE('',*,*,#2853,.F.);
#3675=ORIENTED_EDGE('',*,*,#2846,.T.);
#3676=ORIENTED_EDGE('',*,*,#2854,.F.);
#3677=ORIENTED_EDGE('',*,*,#2851,.F.);
#3678=ORIENTED_EDGE('',*,*,#2855,.F.);
#3679=ORIENTED_EDGE('',*,*,#2856,.T.);
#3680=ORIENTED_EDGE('',*,*,#2857,.F.);
#3681=ORIENTED_EDGE('',*,*,#2858,.F.);
#3682=ORIENTED_EDGE('',*,*,#2859,.F.);
#3683=ORIENTED_EDGE('',*,*,#2860,.T.);
#3684=ORIENTED_EDGE('',*,*,#2861,.F.);
#3685=ORIENTED_EDGE('',*,*,#2856,.F.);
#3686=ORIENTED_EDGE('',*,*,#2862,.F.);
#3687=ORIENTED_EDGE('',*,*,#2863,.T.);
#3688=ORIENTED_EDGE('',*,*,#2864,.F.);
#3689=ORIENTED_EDGE('',*,*,#2860,.F.);
#3690=ORIENTED_EDGE('',*,*,#2865,.F.);
#3691=ORIENTED_EDGE('',*,*,#2858,.T.);
#3692=ORIENTED_EDGE('',*,*,#2866,.F.);
#3693=ORIENTED_EDGE('',*,*,#2863,.F.);
#3694=ORIENTED_EDGE('',*,*,#2867,.F.);
#3695=ORIENTED_EDGE('',*,*,#2868,.T.);
#3696=ORIENTED_EDGE('',*,*,#2869,.F.);
#3697=ORIENTED_EDGE('',*,*,#2870,.F.);
#3698=ORIENTED_EDGE('',*,*,#2871,.F.);
#3699=ORIENTED_EDGE('',*,*,#2872,.T.);
#3700=ORIENTED_EDGE('',*,*,#2873,.F.);
#3701=ORIENTED_EDGE('',*,*,#2868,.F.);
#3702=ORIENTED_EDGE('',*,*,#2874,.F.);
#3703=ORIENTED_EDGE('',*,*,#2875,.T.);
#3704=ORIENTED_EDGE('',*,*,#2876,.F.);
#3705=ORIENTED_EDGE('',*,*,#2872,.F.);
#3706=ORIENTED_EDGE('',*,*,#2877,.F.);
#3707=ORIENTED_EDGE('',*,*,#2870,.T.);
#3708=ORIENTED_EDGE('',*,*,#2878,.F.);
#3709=ORIENTED_EDGE('',*,*,#2875,.F.);
#3710=ORIENTED_EDGE('',*,*,#2879,.F.);
#3711=ORIENTED_EDGE('',*,*,#2880,.T.);
#3712=ORIENTED_EDGE('',*,*,#2881,.F.);
#3713=ORIENTED_EDGE('',*,*,#2882,.F.);
#3714=ORIENTED_EDGE('',*,*,#2883,.F.);
#3715=ORIENTED_EDGE('',*,*,#2884,.T.);
#3716=ORIENTED_EDGE('',*,*,#2885,.F.);
#3717=ORIENTED_EDGE('',*,*,#2880,.F.);
#3718=ORIENTED_EDGE('',*,*,#2886,.F.);
#3719=ORIENTED_EDGE('',*,*,#2887,.T.);
#3720=ORIENTED_EDGE('',*,*,#2888,.F.);
#3721=ORIENTED_EDGE('',*,*,#2884,.F.);
#3722=ORIENTED_EDGE('',*,*,#2889,.F.);
#3723=ORIENTED_EDGE('',*,*,#2882,.T.);
#3724=ORIENTED_EDGE('',*,*,#2890,.F.);
#3725=ORIENTED_EDGE('',*,*,#2887,.F.);
#3726=ORIENTED_EDGE('',*,*,#2891,.F.);
#3727=ORIENTED_EDGE('',*,*,#2892,.T.);
#3728=ORIENTED_EDGE('',*,*,#2893,.F.);
#3729=ORIENTED_EDGE('',*,*,#2894,.F.);
#3730=ORIENTED_EDGE('',*,*,#2895,.F.);
#3731=ORIENTED_EDGE('',*,*,#2896,.T.);
#3732=ORIENTED_EDGE('',*,*,#2897,.F.);
#3733=ORIENTED_EDGE('',*,*,#2892,.F.);
#3734=ORIENTED_EDGE('',*,*,#2898,.F.);
#3735=ORIENTED_EDGE('',*,*,#2899,.T.);
#3736=ORIENTED_EDGE('',*,*,#2900,.F.);
#3737=ORIENTED_EDGE('',*,*,#2896,.F.);
#3738=ORIENTED_EDGE('',*,*,#2901,.F.);
#3739=ORIENTED_EDGE('',*,*,#2894,.T.);
#3740=ORIENTED_EDGE('',*,*,#2902,.F.);
#3741=ORIENTED_EDGE('',*,*,#2899,.F.);
#3742=ORIENTED_EDGE('',*,*,#2903,.F.);
#3743=ORIENTED_EDGE('',*,*,#2904,.T.);
#3744=ORIENTED_EDGE('',*,*,#2905,.T.);
#3745=ORIENTED_EDGE('',*,*,#2906,.F.);
#3746=ORIENTED_EDGE('',*,*,#2907,.F.);
#3747=ORIENTED_EDGE('',*,*,#2908,.F.);
#3748=ORIENTED_EDGE('',*,*,#2909,.T.);
#3749=ORIENTED_EDGE('',*,*,#2910,.F.);
#3750=ORIENTED_EDGE('',*,*,#2911,.F.);
#3751=ORIENTED_EDGE('',*,*,#2905,.F.);
#3752=ORIENTED_EDGE('',*,*,#2912,.F.);
#3753=ORIENTED_EDGE('',*,*,#2909,.F.);
#3754=ORIENTED_EDGE('',*,*,#2907,.T.);
#3755=ORIENTED_EDGE('',*,*,#2913,.F.);
#3756=ORIENTED_EDGE('',*,*,#2914,.F.);
#3757=ORIENTED_EDGE('',*,*,#2915,.T.);
#3758=ORIENTED_EDGE('',*,*,#2916,.T.);
#3759=ORIENTED_EDGE('',*,*,#2917,.T.);
#3760=ORIENTED_EDGE('',*,*,#2918,.T.);
#3761=ORIENTED_EDGE('',*,*,#2903,.T.);
#3762=ORIENTED_EDGE('',*,*,#2919,.T.);
#3763=ORIENTED_EDGE('',*,*,#2920,.T.);
#3764=ORIENTED_EDGE('',*,*,#2921,.F.);
#3765=ORIENTED_EDGE('',*,*,#2922,.F.);
#3766=ORIENTED_EDGE('',*,*,#2923,.T.);
#3767=ORIENTED_EDGE('',*,*,#2924,.T.);
#3768=ORIENTED_EDGE('',*,*,#2906,.T.);
#3769=ORIENTED_EDGE('',*,*,#2911,.T.);
#3770=ORIENTED_EDGE('',*,*,#2908,.T.);
#3771=ORIENTED_EDGE('',*,*,#2916,.F.);
#3772=ORIENTED_EDGE('',*,*,#2925,.T.);
#3773=ORIENTED_EDGE('',*,*,#2926,.F.);
#3774=ORIENTED_EDGE('',*,*,#2927,.F.);
#3775=ORIENTED_EDGE('',*,*,#2928,.F.);
#3776=ORIENTED_EDGE('',*,*,#2929,.F.);
#3777=ORIENTED_EDGE('',*,*,#2919,.F.);
#3778=ORIENTED_EDGE('',*,*,#2930,.F.);
#3779=ORIENTED_EDGE('',*,*,#2931,.F.);
#3780=ORIENTED_EDGE('',*,*,#2932,.T.);
#3781=ORIENTED_EDGE('',*,*,#2933,.F.);
#3782=ORIENTED_EDGE('',*,*,#2934,.F.);
#3783=ORIENTED_EDGE('',*,*,#2932,.F.);
#3784=ORIENTED_EDGE('',*,*,#2935,.F.);
#3785=ORIENTED_EDGE('',*,*,#2936,.T.);
#3786=ORIENTED_EDGE('',*,*,#2937,.T.);
#3787=ORIENTED_EDGE('',*,*,#2938,.F.);
#3788=ORIENTED_EDGE('',*,*,#2939,.F.);
#3789=ORIENTED_EDGE('',*,*,#2940,.T.);
#3790=ORIENTED_EDGE('',*,*,#2941,.T.);
#3791=ORIENTED_EDGE('',*,*,#2936,.F.);
#3792=ORIENTED_EDGE('',*,*,#2942,.F.);
#3793=ORIENTED_EDGE('',*,*,#2943,.T.);
#3794=ORIENTED_EDGE('',*,*,#2944,.T.);
#3795=ORIENTED_EDGE('',*,*,#2940,.F.);
#3796=ORIENTED_EDGE('',*,*,#2945,.F.);
#3797=ORIENTED_EDGE('',*,*,#2938,.T.);
#3798=ORIENTED_EDGE('',*,*,#2946,.T.);
#3799=ORIENTED_EDGE('',*,*,#2943,.F.);
#3800=ORIENTED_EDGE('',*,*,#2946,.F.);
#3801=ORIENTED_EDGE('',*,*,#2937,.F.);
#3802=ORIENTED_EDGE('',*,*,#2941,.F.);
#3803=ORIENTED_EDGE('',*,*,#2944,.F.);
#3804=ORIENTED_EDGE('',*,*,#2933,.T.);
#3805=ORIENTED_EDGE('',*,*,#2934,.T.);
#3806=ORIENTED_EDGE('',*,*,#2947,.F.);
#3807=ORIENTED_EDGE('',*,*,#2948,.T.);
#3808=ORIENTED_EDGE('',*,*,#2949,.F.);
#3809=ORIENTED_EDGE('',*,*,#2950,.F.);
#3810=ORIENTED_EDGE('',*,*,#2951,.F.);
#3811=ORIENTED_EDGE('',*,*,#2950,.T.);
#3812=ORIENTED_EDGE('',*,*,#2952,.F.);
#3813=ORIENTED_EDGE('',*,*,#2953,.F.);
#3814=ORIENTED_EDGE('',*,*,#2954,.F.);
#3815=ORIENTED_EDGE('',*,*,#2953,.T.);
#3816=ORIENTED_EDGE('',*,*,#2955,.F.);
#3817=ORIENTED_EDGE('',*,*,#2956,.F.);
#3818=ORIENTED_EDGE('',*,*,#2957,.F.);
#3819=ORIENTED_EDGE('',*,*,#2956,.T.);
#3820=ORIENTED_EDGE('',*,*,#2958,.F.);
#3821=ORIENTED_EDGE('',*,*,#2948,.F.);
#3822=ORIENTED_EDGE('',*,*,#2958,.T.);
#3823=ORIENTED_EDGE('',*,*,#2955,.T.);
#3824=ORIENTED_EDGE('',*,*,#2952,.T.);
#3825=ORIENTED_EDGE('',*,*,#2949,.T.);
#3826=ORIENTED_EDGE('',*,*,#2930,.T.);
#3827=ORIENTED_EDGE('',*,*,#2931,.T.);
#3828=ORIENTED_EDGE('',*,*,#2959,.F.);
#3829=ORIENTED_EDGE('',*,*,#2960,.F.);
#3830=ORIENTED_EDGE('',*,*,#2961,.T.);
#3831=ORIENTED_EDGE('',*,*,#2962,.F.);
#3832=ORIENTED_EDGE('',*,*,#2963,.F.);
#3833=ORIENTED_EDGE('',*,*,#2961,.F.);
#3834=ORIENTED_EDGE('',*,*,#2959,.T.);
#3835=ORIENTED_EDGE('',*,*,#2960,.T.);
#3836=ORIENTED_EDGE('',*,*,#2964,.F.);
#3837=ORIENTED_EDGE('',*,*,#2965,.F.);
#3838=ORIENTED_EDGE('',*,*,#2966,.T.);
#3839=ORIENTED_EDGE('',*,*,#2967,.F.);
#3840=ORIENTED_EDGE('',*,*,#2968,.F.);
#3841=ORIENTED_EDGE('',*,*,#2966,.F.);
#3842=ORIENTED_EDGE('',*,*,#2964,.T.);
#3843=ORIENTED_EDGE('',*,*,#2965,.T.);
#3844=ORIENTED_EDGE('',*,*,#2969,.F.);
#3845=ORIENTED_EDGE('',*,*,#2970,.F.);
#3846=ORIENTED_EDGE('',*,*,#2971,.T.);
#3847=ORIENTED_EDGE('',*,*,#2972,.F.);
#3848=ORIENTED_EDGE('',*,*,#2973,.F.);
#3849=ORIENTED_EDGE('',*,*,#2971,.F.);
#3850=ORIENTED_EDGE('',*,*,#2969,.T.);
#3851=ORIENTED_EDGE('',*,*,#2970,.T.);
#3852=ORIENTED_EDGE('',*,*,#2974,.F.);
#3853=ORIENTED_EDGE('',*,*,#2975,.F.);
#3854=ORIENTED_EDGE('',*,*,#2976,.T.);
#3855=ORIENTED_EDGE('',*,*,#2977,.F.);
#3856=ORIENTED_EDGE('',*,*,#2978,.F.);
#3857=ORIENTED_EDGE('',*,*,#2976,.F.);
#3858=ORIENTED_EDGE('',*,*,#2974,.T.);
#3859=ORIENTED_EDGE('',*,*,#2975,.T.);
#3860=ORIENTED_EDGE('',*,*,#2979,.F.);
#3861=ORIENTED_EDGE('',*,*,#2980,.T.);
#3862=ORIENTED_EDGE('',*,*,#2981,.T.);
#3863=ORIENTED_EDGE('',*,*,#2982,.F.);
#3864=ORIENTED_EDGE('',*,*,#2983,.F.);
#3865=ORIENTED_EDGE('',*,*,#2984,.T.);
#3866=ORIENTED_EDGE('',*,*,#2985,.T.);
#3867=ORIENTED_EDGE('',*,*,#2980,.F.);
#3868=ORIENTED_EDGE('',*,*,#2986,.F.);
#3869=ORIENTED_EDGE('',*,*,#2987,.F.);
#3870=ORIENTED_EDGE('',*,*,#2988,.T.);
#3871=ORIENTED_EDGE('',*,*,#2984,.F.);
#3872=ORIENTED_EDGE('',*,*,#2988,.F.);
#3873=ORIENTED_EDGE('',*,*,#2989,.F.);
#3874=ORIENTED_EDGE('',*,*,#2981,.F.);
#3875=ORIENTED_EDGE('',*,*,#2985,.F.);
#3876=ORIENTED_EDGE('',*,*,#2990,.F.);
#3877=ORIENTED_EDGE('',*,*,#2991,.T.);
#3878=ORIENTED_EDGE('',*,*,#2992,.T.);
#3879=ORIENTED_EDGE('',*,*,#2993,.F.);
#3880=ORIENTED_EDGE('',*,*,#2994,.F.);
#3881=ORIENTED_EDGE('',*,*,#2995,.T.);
#3882=ORIENTED_EDGE('',*,*,#2996,.T.);
#3883=ORIENTED_EDGE('',*,*,#2991,.F.);
#3884=ORIENTED_EDGE('',*,*,#2997,.F.);
#3885=ORIENTED_EDGE('',*,*,#2998,.F.);
#3886=ORIENTED_EDGE('',*,*,#2999,.T.);
#3887=ORIENTED_EDGE('',*,*,#2995,.F.);
#3888=ORIENTED_EDGE('',*,*,#2999,.F.);
#3889=ORIENTED_EDGE('',*,*,#3000,.F.);
#3890=ORIENTED_EDGE('',*,*,#2992,.F.);
#3891=ORIENTED_EDGE('',*,*,#2996,.F.);
#3892=ORIENTED_EDGE('',*,*,#2986,.T.);
#3893=ORIENTED_EDGE('',*,*,#2983,.T.);
#3894=ORIENTED_EDGE('',*,*,#2979,.T.);
#3895=ORIENTED_EDGE('',*,*,#3001,.F.);
#3896=ORIENTED_EDGE('',*,*,#3002,.F.);
#3897=ORIENTED_EDGE('',*,*,#3003,.T.);
#3898=ORIENTED_EDGE('',*,*,#2997,.T.);
#3899=ORIENTED_EDGE('',*,*,#2994,.T.);
#3900=ORIENTED_EDGE('',*,*,#2990,.T.);
#3901=ORIENTED_EDGE('',*,*,#3004,.T.);
#3902=ORIENTED_EDGE('',*,*,#3005,.F.);
#3903=ORIENTED_EDGE('',*,*,#3006,.F.);
#3904=ORIENTED_EDGE('',*,*,#3007,.F.);
#3905=ORIENTED_EDGE('',*,*,#3008,.T.);
#3906=ORIENTED_EDGE('',*,*,#3009,.T.);
#3907=ORIENTED_EDGE('',*,*,#3010,.F.);
#3908=ORIENTED_EDGE('',*,*,#3011,.F.);
#3909=ORIENTED_EDGE('',*,*,#3012,.T.);
#3910=ORIENTED_EDGE('',*,*,#3013,.T.);
#3911=ORIENTED_EDGE('',*,*,#3008,.F.);
#3912=ORIENTED_EDGE('',*,*,#3014,.F.);
#3913=ORIENTED_EDGE('',*,*,#3015,.F.);
#3914=ORIENTED_EDGE('',*,*,#3016,.T.);
#3915=ORIENTED_EDGE('',*,*,#3012,.F.);
#3916=ORIENTED_EDGE('',*,*,#3016,.F.);
#3917=ORIENTED_EDGE('',*,*,#3017,.F.);
#3918=ORIENTED_EDGE('',*,*,#3009,.F.);
#3919=ORIENTED_EDGE('',*,*,#3013,.F.);
#3920=ORIENTED_EDGE('',*,*,#3018,.F.);
#3921=ORIENTED_EDGE('',*,*,#3019,.T.);
#3922=ORIENTED_EDGE('',*,*,#3020,.T.);
#3923=ORIENTED_EDGE('',*,*,#3021,.F.);
#3924=ORIENTED_EDGE('',*,*,#3022,.F.);
#3925=ORIENTED_EDGE('',*,*,#3023,.T.);
#3926=ORIENTED_EDGE('',*,*,#3024,.T.);
#3927=ORIENTED_EDGE('',*,*,#3019,.F.);
#3928=ORIENTED_EDGE('',*,*,#3025,.F.);
#3929=ORIENTED_EDGE('',*,*,#3026,.F.);
#3930=ORIENTED_EDGE('',*,*,#3027,.T.);
#3931=ORIENTED_EDGE('',*,*,#3023,.F.);
#3932=ORIENTED_EDGE('',*,*,#3027,.F.);
#3933=ORIENTED_EDGE('',*,*,#3028,.F.);
#3934=ORIENTED_EDGE('',*,*,#3020,.F.);
#3935=ORIENTED_EDGE('',*,*,#3024,.F.);
#3936=ORIENTED_EDGE('',*,*,#3014,.T.);
#3937=ORIENTED_EDGE('',*,*,#3011,.T.);
#3938=ORIENTED_EDGE('',*,*,#3007,.T.);
#3939=ORIENTED_EDGE('',*,*,#3029,.T.);
#3940=ORIENTED_EDGE('',*,*,#3030,.F.);
#3941=ORIENTED_EDGE('',*,*,#3031,.F.);
#3942=ORIENTED_EDGE('',*,*,#3025,.T.);
#3943=ORIENTED_EDGE('',*,*,#3022,.T.);
#3944=ORIENTED_EDGE('',*,*,#3018,.T.);
#3945=ORIENTED_EDGE('',*,*,#3032,.F.);
#3946=ORIENTED_EDGE('',*,*,#3033,.F.);
#3947=ORIENTED_EDGE('',*,*,#3034,.T.);
#3948=ORIENTED_EDGE('',*,*,#3035,.F.);
#3949=ORIENTED_EDGE('',*,*,#3036,.T.);
#3950=ORIENTED_EDGE('',*,*,#3037,.T.);
#3951=ORIENTED_EDGE('',*,*,#3038,.F.);
#3952=ORIENTED_EDGE('',*,*,#3039,.F.);
#3953=ORIENTED_EDGE('',*,*,#3040,.T.);
#3954=ORIENTED_EDGE('',*,*,#3041,.T.);
#3955=ORIENTED_EDGE('',*,*,#3036,.F.);
#3956=ORIENTED_EDGE('',*,*,#3042,.F.);
#3957=ORIENTED_EDGE('',*,*,#3043,.T.);
#3958=ORIENTED_EDGE('',*,*,#3044,.T.);
#3959=ORIENTED_EDGE('',*,*,#3040,.F.);
#3960=ORIENTED_EDGE('',*,*,#3045,.F.);
#3961=ORIENTED_EDGE('',*,*,#3038,.T.);
#3962=ORIENTED_EDGE('',*,*,#3046,.T.);
#3963=ORIENTED_EDGE('',*,*,#3043,.F.);
#3964=ORIENTED_EDGE('',*,*,#3046,.F.);
#3965=ORIENTED_EDGE('',*,*,#3037,.F.);
#3966=ORIENTED_EDGE('',*,*,#3041,.F.);
#3967=ORIENTED_EDGE('',*,*,#3044,.F.);
#3968=ORIENTED_EDGE('',*,*,#3047,.F.);
#3969=ORIENTED_EDGE('',*,*,#3048,.T.);
#3970=ORIENTED_EDGE('',*,*,#3049,.T.);
#3971=ORIENTED_EDGE('',*,*,#3050,.F.);
#3972=ORIENTED_EDGE('',*,*,#3051,.F.);
#3973=ORIENTED_EDGE('',*,*,#3052,.T.);
#3974=ORIENTED_EDGE('',*,*,#3053,.T.);
#3975=ORIENTED_EDGE('',*,*,#3048,.F.);
#3976=ORIENTED_EDGE('',*,*,#3054,.F.);
#3977=ORIENTED_EDGE('',*,*,#3055,.T.);
#3978=ORIENTED_EDGE('',*,*,#3056,.T.);
#3979=ORIENTED_EDGE('',*,*,#3052,.F.);
#3980=ORIENTED_EDGE('',*,*,#3057,.F.);
#3981=ORIENTED_EDGE('',*,*,#3050,.T.);
#3982=ORIENTED_EDGE('',*,*,#3058,.T.);
#3983=ORIENTED_EDGE('',*,*,#3055,.F.);
#3984=ORIENTED_EDGE('',*,*,#3058,.F.);
#3985=ORIENTED_EDGE('',*,*,#3049,.F.);
#3986=ORIENTED_EDGE('',*,*,#3053,.F.);
#3987=ORIENTED_EDGE('',*,*,#3056,.F.);
#3988=ORIENTED_EDGE('',*,*,#3059,.F.);
#3989=ORIENTED_EDGE('',*,*,#3060,.T.);
#3990=ORIENTED_EDGE('',*,*,#3061,.F.);
#3991=ORIENTED_EDGE('',*,*,#3062,.F.);
#3992=ORIENTED_EDGE('',*,*,#3063,.F.);
#3993=ORIENTED_EDGE('',*,*,#3062,.T.);
#3994=ORIENTED_EDGE('',*,*,#3064,.F.);
#3995=ORIENTED_EDGE('',*,*,#3065,.F.);
#3996=ORIENTED_EDGE('',*,*,#3035,.T.);
#3997=ORIENTED_EDGE('',*,*,#3045,.T.);
#3998=ORIENTED_EDGE('',*,*,#3042,.T.);
#3999=ORIENTED_EDGE('',*,*,#3039,.T.);
#4000=ORIENTED_EDGE('',*,*,#3047,.T.);
#4001=ORIENTED_EDGE('',*,*,#3057,.T.);
#4002=ORIENTED_EDGE('',*,*,#3054,.T.);
#4003=ORIENTED_EDGE('',*,*,#3051,.T.);
#4004=ORIENTED_EDGE('',*,*,#3066,.F.);
#4005=ORIENTED_EDGE('',*,*,#3065,.T.);
#4006=ORIENTED_EDGE('',*,*,#3067,.F.);
#4007=ORIENTED_EDGE('',*,*,#3068,.F.);
#4008=ORIENTED_EDGE('',*,*,#3069,.F.);
#4009=ORIENTED_EDGE('',*,*,#3068,.T.);
#4010=ORIENTED_EDGE('',*,*,#3070,.F.);
#4011=ORIENTED_EDGE('',*,*,#3060,.F.);
#4012=ORIENTED_EDGE('',*,*,#3070,.T.);
#4013=ORIENTED_EDGE('',*,*,#3067,.T.);
#4014=ORIENTED_EDGE('',*,*,#3064,.T.);
#4015=ORIENTED_EDGE('',*,*,#3061,.T.);
#4016=ORIENTED_EDGE('',*,*,#3071,.F.);
#4017=ORIENTED_EDGE('',*,*,#3072,.T.);
#4018=ORIENTED_EDGE('',*,*,#3073,.F.);
#4019=ORIENTED_EDGE('',*,*,#3074,.F.);
#4020=ORIENTED_EDGE('',*,*,#2998,.T.);
#4021=ORIENTED_EDGE('',*,*,#3003,.F.);
#4022=ORIENTED_EDGE('',*,*,#3075,.F.);
#4023=ORIENTED_EDGE('',*,*,#3074,.T.);
#4024=ORIENTED_EDGE('',*,*,#3076,.F.);
#4025=ORIENTED_EDGE('',*,*,#3004,.F.);
#4026=ORIENTED_EDGE('',*,*,#2993,.T.);
#4027=ORIENTED_EDGE('',*,*,#3000,.T.);
#4028=ORIENTED_EDGE('',*,*,#2987,.T.);
#4029=ORIENTED_EDGE('',*,*,#3006,.T.);
#4030=ORIENTED_EDGE('',*,*,#3077,.F.);
#4031=ORIENTED_EDGE('',*,*,#3072,.F.);
#4032=ORIENTED_EDGE('',*,*,#3078,.F.);
#4033=ORIENTED_EDGE('',*,*,#3001,.T.);
#4034=ORIENTED_EDGE('',*,*,#2982,.T.);
#4035=ORIENTED_EDGE('',*,*,#2989,.T.);
#4036=ORIENTED_EDGE('',*,*,#3077,.T.);
#4037=ORIENTED_EDGE('',*,*,#3005,.T.);
#4038=ORIENTED_EDGE('',*,*,#3076,.T.);
#4039=ORIENTED_EDGE('',*,*,#3073,.T.);
#4040=ORIENTED_EDGE('',*,*,#3026,.T.);
#4041=ORIENTED_EDGE('',*,*,#3031,.T.);
#4042=ORIENTED_EDGE('',*,*,#3079,.F.);
#4043=ORIENTED_EDGE('',*,*,#3080,.F.);
#4044=ORIENTED_EDGE('',*,*,#3081,.F.);
#4045=ORIENTED_EDGE('',*,*,#3032,.T.);
#4046=ORIENTED_EDGE('',*,*,#3021,.T.);
#4047=ORIENTED_EDGE('',*,*,#3028,.T.);
#4048=ORIENTED_EDGE('',*,*,#3082,.F.);
#4049=ORIENTED_EDGE('',*,*,#3080,.T.);
#4050=ORIENTED_EDGE('',*,*,#3083,.F.);
#4051=ORIENTED_EDGE('',*,*,#3084,.F.);
#4052=ORIENTED_EDGE('',*,*,#3015,.T.);
#4053=ORIENTED_EDGE('',*,*,#3034,.F.);
#4054=ORIENTED_EDGE('',*,*,#3085,.F.);
#4055=ORIENTED_EDGE('',*,*,#3084,.T.);
#4056=ORIENTED_EDGE('',*,*,#3086,.F.);
#4057=ORIENTED_EDGE('',*,*,#3029,.F.);
#4058=ORIENTED_EDGE('',*,*,#3010,.T.);
#4059=ORIENTED_EDGE('',*,*,#3017,.T.);
#4060=ORIENTED_EDGE('',*,*,#3086,.T.);
#4061=ORIENTED_EDGE('',*,*,#3083,.T.);
#4062=ORIENTED_EDGE('',*,*,#3079,.T.);
#4063=ORIENTED_EDGE('',*,*,#3030,.T.);
#4064=ORIENTED_EDGE('',*,*,#3087,.F.);
#4065=ORIENTED_EDGE('',*,*,#3088,.F.);
#4066=ORIENTED_EDGE('',*,*,#3089,.T.);
#4067=ORIENTED_EDGE('',*,*,#3090,.F.);
#4068=ORIENTED_EDGE('',*,*,#3091,.F.);
#4069=ORIENTED_EDGE('',*,*,#3089,.F.);
#4070=ORIENTED_EDGE('',*,*,#3092,.F.);
#4071=ORIENTED_EDGE('',*,*,#3090,.T.);
#4072=ORIENTED_EDGE('',*,*,#3091,.T.);
#4073=ORIENTED_EDGE('',*,*,#3093,.T.);
#4074=ORIENTED_EDGE('',*,*,#3094,.T.);
#4075=ORIENTED_EDGE('',*,*,#3092,.T.);
#4076=ORIENTED_EDGE('',*,*,#3088,.T.);
#4077=ORIENTED_EDGE('',*,*,#3095,.T.);
#4078=ORIENTED_EDGE('',*,*,#3096,.T.);
#4079=ORIENTED_EDGE('',*,*,#3097,.T.);
#4080=ORIENTED_EDGE('',*,*,#3098,.F.);
#4081=ORIENTED_EDGE('',*,*,#3099,.F.);
#4082=ORIENTED_EDGE('',*,*,#3100,.T.);
#4083=ORIENTED_EDGE('',*,*,#3101,.T.);
#4084=ORIENTED_EDGE('',*,*,#3102,.T.);
#4085=ORIENTED_EDGE('',*,*,#3103,.T.);
#4086=ORIENTED_EDGE('',*,*,#3104,.F.);
#4087=ORIENTED_EDGE('',*,*,#3105,.T.);
#4088=ORIENTED_EDGE('',*,*,#3106,.T.);
#4089=ORIENTED_EDGE('',*,*,#3107,.F.);
#4090=ORIENTED_EDGE('',*,*,#3108,.T.);
#4091=ORIENTED_EDGE('',*,*,#3109,.T.);
#4092=ORIENTED_EDGE('',*,*,#3110,.F.);
#4093=ORIENTED_EDGE('',*,*,#3111,.T.);
#4094=ORIENTED_EDGE('',*,*,#3112,.T.);
#4095=ORIENTED_EDGE('',*,*,#3113,.T.);
#4096=ORIENTED_EDGE('',*,*,#3114,.T.);
#4097=ORIENTED_EDGE('',*,*,#3093,.F.);
#4098=ORIENTED_EDGE('',*,*,#3094,.F.);
#4099=ORIENTED_EDGE('',*,*,#3115,.T.);
#4100=ORIENTED_EDGE('',*,*,#3105,.F.);
#4101=ORIENTED_EDGE('',*,*,#3116,.F.);
#4102=ORIENTED_EDGE('',*,*,#3106,.F.);
#4103=ORIENTED_EDGE('',*,*,#3115,.F.);
#4104=ORIENTED_EDGE('',*,*,#3087,.T.);
#4105=ORIENTED_EDGE('',*,*,#3103,.F.);
#4106=ORIENTED_EDGE('',*,*,#3117,.T.);
#4107=ORIENTED_EDGE('',*,*,#3118,.T.);
#4108=ORIENTED_EDGE('',*,*,#3119,.T.);
#4109=ORIENTED_EDGE('',*,*,#3095,.F.);
#4110=ORIENTED_EDGE('',*,*,#3120,.F.);
#4111=ORIENTED_EDGE('',*,*,#3121,.F.);
#4112=ORIENTED_EDGE('',*,*,#3122,.T.);
#4113=ORIENTED_EDGE('',*,*,#3123,.F.);
#4114=ORIENTED_EDGE('',*,*,#3124,.F.);
#4115=ORIENTED_EDGE('',*,*,#3122,.F.);
#4116=ORIENTED_EDGE('',*,*,#3123,.T.);
#4117=ORIENTED_EDGE('',*,*,#3124,.T.);
#4118=ORIENTED_EDGE('',*,*,#3125,.F.);
#4119=ORIENTED_EDGE('',*,*,#3126,.F.);
#4120=ORIENTED_EDGE('',*,*,#3127,.T.);
#4121=ORIENTED_EDGE('',*,*,#3128,.F.);
#4122=ORIENTED_EDGE('',*,*,#3129,.F.);
#4123=ORIENTED_EDGE('',*,*,#3127,.F.);
#4124=ORIENTED_EDGE('',*,*,#3128,.T.);
#4125=ORIENTED_EDGE('',*,*,#3129,.T.);
#4126=ORIENTED_EDGE('',*,*,#3130,.F.);
#4127=ORIENTED_EDGE('',*,*,#3131,.F.);
#4128=ORIENTED_EDGE('',*,*,#3132,.T.);
#4129=ORIENTED_EDGE('',*,*,#3133,.F.);
#4130=ORIENTED_EDGE('',*,*,#3134,.F.);
#4131=ORIENTED_EDGE('',*,*,#3132,.F.);
#4132=ORIENTED_EDGE('',*,*,#3133,.T.);
#4133=ORIENTED_EDGE('',*,*,#3134,.T.);
#4134=ORIENTED_EDGE('',*,*,#3135,.F.);
#4135=ORIENTED_EDGE('',*,*,#3136,.F.);
#4136=ORIENTED_EDGE('',*,*,#3137,.T.);
#4137=ORIENTED_EDGE('',*,*,#3138,.F.);
#4138=ORIENTED_EDGE('',*,*,#3139,.F.);
#4139=ORIENTED_EDGE('',*,*,#3137,.F.);
#4140=ORIENTED_EDGE('',*,*,#3138,.T.);
#4141=ORIENTED_EDGE('',*,*,#3139,.T.);
#4142=ORIENTED_EDGE('',*,*,#3140,.F.);
#4143=ORIENTED_EDGE('',*,*,#3141,.F.);
#4144=ORIENTED_EDGE('',*,*,#3142,.T.);
#4145=ORIENTED_EDGE('',*,*,#3143,.F.);
#4146=ORIENTED_EDGE('',*,*,#3144,.F.);
#4147=ORIENTED_EDGE('',*,*,#3142,.F.);
#4148=ORIENTED_EDGE('',*,*,#3140,.T.);
#4149=ORIENTED_EDGE('',*,*,#3141,.T.);
#4150=ORIENTED_EDGE('',*,*,#3135,.T.);
#4151=ORIENTED_EDGE('',*,*,#3136,.T.);
#4152=ORIENTED_EDGE('',*,*,#3145,.F.);
#4153=ORIENTED_EDGE('',*,*,#3146,.F.);
#4154=ORIENTED_EDGE('',*,*,#3147,.T.);
#4155=ORIENTED_EDGE('',*,*,#3148,.F.);
#4156=ORIENTED_EDGE('',*,*,#3149,.F.);
#4157=ORIENTED_EDGE('',*,*,#3147,.F.);
#4158=ORIENTED_EDGE('',*,*,#3145,.T.);
#4159=ORIENTED_EDGE('',*,*,#3146,.T.);
#4160=ORIENTED_EDGE('',*,*,#3120,.T.);
#4161=ORIENTED_EDGE('',*,*,#3121,.T.);
#4162=ORIENTED_EDGE('',*,*,#3150,.F.);
#4163=ORIENTED_EDGE('',*,*,#3151,.F.);
#4164=ORIENTED_EDGE('',*,*,#3152,.T.);
#4165=ORIENTED_EDGE('',*,*,#3153,.F.);
#4166=ORIENTED_EDGE('',*,*,#3154,.F.);
#4167=ORIENTED_EDGE('',*,*,#3152,.F.);
#4168=ORIENTED_EDGE('',*,*,#3150,.T.);
#4169=ORIENTED_EDGE('',*,*,#3151,.T.);
#4170=ORIENTED_EDGE('',*,*,#3125,.T.);
#4171=ORIENTED_EDGE('',*,*,#3126,.T.);
#4172=ORIENTED_EDGE('',*,*,#3155,.F.);
#4173=ORIENTED_EDGE('',*,*,#3156,.F.);
#4174=ORIENTED_EDGE('',*,*,#3157,.T.);
#4175=ORIENTED_EDGE('',*,*,#3158,.F.);
#4176=ORIENTED_EDGE('',*,*,#3159,.F.);
#4177=ORIENTED_EDGE('',*,*,#3157,.F.);
#4178=ORIENTED_EDGE('',*,*,#3155,.T.);
#4179=ORIENTED_EDGE('',*,*,#3156,.T.);
#4180=ORIENTED_EDGE('',*,*,#3130,.T.);
#4181=ORIENTED_EDGE('',*,*,#3131,.T.);
#4182=ORIENTED_EDGE('',*,*,#3160,.F.);
#4183=ORIENTED_EDGE('',*,*,#3161,.F.);
#4184=ORIENTED_EDGE('',*,*,#3162,.T.);
#4185=ORIENTED_EDGE('',*,*,#3163,.F.);
#4186=ORIENTED_EDGE('',*,*,#3164,.F.);
#4187=ORIENTED_EDGE('',*,*,#3162,.F.);
#4188=ORIENTED_EDGE('',*,*,#3165,.F.);
#4189=ORIENTED_EDGE('',*,*,#3166,.F.);
#4190=ORIENTED_EDGE('',*,*,#3167,.T.);
#4191=ORIENTED_EDGE('',*,*,#3168,.F.);
#4192=ORIENTED_EDGE('',*,*,#3169,.F.);
#4193=ORIENTED_EDGE('',*,*,#3167,.F.);
#4194=ORIENTED_EDGE('',*,*,#3170,.F.);
#4195=ORIENTED_EDGE('',*,*,#3171,.F.);
#4196=ORIENTED_EDGE('',*,*,#3172,.T.);
#4197=ORIENTED_EDGE('',*,*,#3173,.F.);
#4198=ORIENTED_EDGE('',*,*,#3174,.F.);
#4199=ORIENTED_EDGE('',*,*,#3172,.F.);
#4200=ORIENTED_EDGE('',*,*,#3175,.F.);
#4201=ORIENTED_EDGE('',*,*,#3176,.F.);
#4202=ORIENTED_EDGE('',*,*,#3177,.T.);
#4203=ORIENTED_EDGE('',*,*,#3178,.F.);
#4204=ORIENTED_EDGE('',*,*,#3179,.F.);
#4205=ORIENTED_EDGE('',*,*,#3177,.F.);
#4206=ORIENTED_EDGE('',*,*,#3180,.F.);
#4207=ORIENTED_EDGE('',*,*,#3181,.T.);
#4208=ORIENTED_EDGE('',*,*,#3182,.T.);
#4209=ORIENTED_EDGE('',*,*,#3183,.F.);
#4210=ORIENTED_EDGE('',*,*,#3163,.T.);
#4211=ORIENTED_EDGE('',*,*,#3164,.T.);
#4212=ORIENTED_EDGE('',*,*,#3184,.T.);
#4213=ORIENTED_EDGE('',*,*,#3185,.T.);
#4214=ORIENTED_EDGE('',*,*,#3186,.F.);
#4215=ORIENTED_EDGE('',*,*,#3187,.F.);
#4216=ORIENTED_EDGE('',*,*,#3178,.T.);
#4217=ORIENTED_EDGE('',*,*,#3179,.T.);
#4218=ORIENTED_EDGE('',*,*,#3101,.F.);
#4219=ORIENTED_EDGE('',*,*,#3188,.F.);
#4220=ORIENTED_EDGE('',*,*,#3189,.T.);
#4221=ORIENTED_EDGE('',*,*,#3190,.T.);
#4222=ORIENTED_EDGE('',*,*,#3168,.T.);
#4223=ORIENTED_EDGE('',*,*,#3169,.T.);
#4224=ORIENTED_EDGE('',*,*,#3191,.F.);
#4225=ORIENTED_EDGE('',*,*,#3097,.F.);
#4226=ORIENTED_EDGE('',*,*,#3192,.T.);
#4227=ORIENTED_EDGE('',*,*,#3193,.T.);
#4228=ORIENTED_EDGE('',*,*,#3173,.T.);
#4229=ORIENTED_EDGE('',*,*,#3174,.T.);
#4230=ORIENTED_EDGE('',*,*,#3183,.T.);
#4231=ORIENTED_EDGE('',*,*,#3194,.T.);
#4232=ORIENTED_EDGE('',*,*,#3195,.T.);
#4233=ORIENTED_EDGE('',*,*,#3196,.T.);
#4234=ORIENTED_EDGE('',*,*,#3188,.T.);
#4235=ORIENTED_EDGE('',*,*,#3100,.F.);
#4236=ORIENTED_EDGE('',*,*,#3197,.F.);
#4237=ORIENTED_EDGE('',*,*,#3198,.T.);
#4238=ORIENTED_EDGE('',*,*,#3199,.F.);
#4239=ORIENTED_EDGE('',*,*,#3200,.F.);
#4240=ORIENTED_EDGE('',*,*,#3193,.F.);
#4241=ORIENTED_EDGE('',*,*,#3201,.T.);
#4242=ORIENTED_EDGE('',*,*,#3202,.F.);
#4243=ORIENTED_EDGE('',*,*,#3119,.F.);
#4244=ORIENTED_EDGE('',*,*,#3203,.F.);
#4245=ORIENTED_EDGE('',*,*,#3201,.F.);
#4246=ORIENTED_EDGE('',*,*,#3192,.F.);
#4247=ORIENTED_EDGE('',*,*,#3096,.F.);
#4248=ORIENTED_EDGE('',*,*,#3204,.F.);
#4249=ORIENTED_EDGE('',*,*,#3205,.T.);
#4250=ORIENTED_EDGE('',*,*,#3184,.F.);
#4251=ORIENTED_EDGE('',*,*,#3206,.F.);
#4252=ORIENTED_EDGE('',*,*,#3207,.F.);
#4253=ORIENTED_EDGE('',*,*,#3208,.F.);
#4254=ORIENTED_EDGE('',*,*,#3209,.F.);
#4255=ORIENTED_EDGE('',*,*,#3185,.F.);
#4256=ORIENTED_EDGE('',*,*,#3205,.F.);
#4257=ORIENTED_EDGE('',*,*,#3210,.F.);
#4258=ORIENTED_EDGE('',*,*,#3211,.F.);
#4259=ORIENTED_EDGE('',*,*,#3212,.F.);
#4260=ORIENTED_EDGE('',*,*,#3189,.F.);
#4261=ORIENTED_EDGE('',*,*,#3196,.F.);
#4262=ORIENTED_EDGE('',*,*,#3213,.F.);
#4263=ORIENTED_EDGE('',*,*,#3117,.F.);
#4264=ORIENTED_EDGE('',*,*,#3102,.F.);
#4265=ORIENTED_EDGE('',*,*,#3190,.F.);
#4266=ORIENTED_EDGE('',*,*,#3212,.T.);
#4267=ORIENTED_EDGE('',*,*,#3214,.F.);
#4268=ORIENTED_EDGE('',*,*,#3215,.F.);
#4269=ORIENTED_EDGE('',*,*,#3216,.F.);
#4270=ORIENTED_EDGE('',*,*,#3194,.F.);
#4271=ORIENTED_EDGE('',*,*,#3182,.F.);
#4272=ORIENTED_EDGE('',*,*,#3217,.F.);
#4273=ORIENTED_EDGE('',*,*,#3218,.F.);
#4274=ORIENTED_EDGE('',*,*,#3217,.T.);
#4275=ORIENTED_EDGE('',*,*,#3181,.F.);
#4276=ORIENTED_EDGE('',*,*,#3219,.F.);
#4277=ORIENTED_EDGE('',*,*,#3220,.F.);
#4278=ORIENTED_EDGE('',*,*,#3221,.T.);
#4279=ORIENTED_EDGE('',*,*,#3222,.T.);
#4280=ORIENTED_EDGE('',*,*,#3223,.F.);
#4281=ORIENTED_EDGE('',*,*,#3224,.F.);
#4282=ORIENTED_EDGE('',*,*,#3221,.F.);
#4283=ORIENTED_EDGE('',*,*,#3225,.F.);
#4284=ORIENTED_EDGE('',*,*,#3226,.F.);
#4285=ORIENTED_EDGE('',*,*,#3227,.F.);
#4286=ORIENTED_EDGE('',*,*,#3228,.F.);
#4287=ORIENTED_EDGE('',*,*,#3200,.T.);
#4288=ORIENTED_EDGE('',*,*,#3229,.T.);
#4289=ORIENTED_EDGE('',*,*,#3230,.F.);
#4290=ORIENTED_EDGE('',*,*,#3231,.F.);
#4291=ORIENTED_EDGE('',*,*,#3232,.F.);
#4292=ORIENTED_EDGE('',*,*,#3098,.T.);
#4293=ORIENTED_EDGE('',*,*,#3191,.T.);
#4294=ORIENTED_EDGE('',*,*,#3199,.T.);
#4295=ORIENTED_EDGE('',*,*,#3233,.T.);
#4296=ORIENTED_EDGE('',*,*,#3234,.T.);
#4297=ORIENTED_EDGE('',*,*,#3235,.T.);
#4298=ORIENTED_EDGE('',*,*,#3229,.F.);
#4299=ORIENTED_EDGE('',*,*,#3207,.T.);
#4300=ORIENTED_EDGE('',*,*,#3236,.F.);
#4301=ORIENTED_EDGE('',*,*,#3237,.F.);
#4302=ORIENTED_EDGE('',*,*,#3238,.F.);
#4303=ORIENTED_EDGE('',*,*,#3239,.T.);
#4304=ORIENTED_EDGE('',*,*,#3240,.T.);
#4305=ORIENTED_EDGE('',*,*,#3241,.F.);
#4306=ORIENTED_EDGE('',*,*,#3242,.T.);
#4307=ORIENTED_EDGE('',*,*,#3243,.T.);
#4308=ORIENTED_EDGE('',*,*,#3240,.F.);
#4309=ORIENTED_EDGE('',*,*,#3244,.F.);
#4310=ORIENTED_EDGE('',*,*,#3245,.F.);
#4311=ORIENTED_EDGE('',*,*,#3246,.T.);
#4312=ORIENTED_EDGE('',*,*,#3247,.F.);
#4313=ORIENTED_EDGE('',*,*,#3107,.T.);
#4314=ORIENTED_EDGE('',*,*,#3116,.T.);
#4315=ORIENTED_EDGE('',*,*,#3104,.T.);
#4316=ORIENTED_EDGE('',*,*,#3248,.T.);
#4317=ORIENTED_EDGE('',*,*,#3249,.F.);
#4318=ORIENTED_EDGE('',*,*,#3250,.T.);
#4319=ORIENTED_EDGE('',*,*,#3251,.F.);
#4320=ORIENTED_EDGE('',*,*,#3252,.F.);
#4321=ORIENTED_EDGE('',*,*,#3253,.F.);
#4322=ORIENTED_EDGE('',*,*,#3254,.T.);
#4323=ORIENTED_EDGE('',*,*,#3255,.F.);
#4324=ORIENTED_EDGE('',*,*,#3241,.T.);
#4325=ORIENTED_EDGE('',*,*,#3247,.T.);
#4326=ORIENTED_EDGE('',*,*,#3256,.T.);
#4327=ORIENTED_EDGE('',*,*,#3257,.T.);
#4328=ORIENTED_EDGE('',*,*,#3258,.T.);
#4329=ORIENTED_EDGE('',*,*,#3259,.T.);
#4330=ORIENTED_EDGE('',*,*,#3260,.T.);
#4331=ORIENTED_EDGE('',*,*,#3255,.T.);
#4332=ORIENTED_EDGE('',*,*,#3261,.T.);
#4333=ORIENTED_EDGE('',*,*,#3249,.T.);
#4334=ORIENTED_EDGE('',*,*,#3262,.T.);
#4335=ORIENTED_EDGE('',*,*,#3225,.T.);
#4336=ORIENTED_EDGE('',*,*,#3224,.T.);
#4337=ORIENTED_EDGE('',*,*,#3263,.T.);
#4338=ORIENTED_EDGE('',*,*,#3264,.T.);
#4339=ORIENTED_EDGE('',*,*,#3265,.T.);
#4340=ORIENTED_EDGE('',*,*,#3266,.T.);
#4341=ORIENTED_EDGE('',*,*,#3267,.T.);
#4342=ORIENTED_EDGE('',*,*,#3268,.T.);
#4343=ORIENTED_EDGE('',*,*,#3269,.T.);
#4344=ORIENTED_EDGE('',*,*,#3270,.T.);
#4345=ORIENTED_EDGE('',*,*,#3271,.T.);
#4346=ORIENTED_EDGE('',*,*,#3272,.T.);
#4347=ORIENTED_EDGE('',*,*,#3273,.T.);
#4348=ORIENTED_EDGE('',*,*,#2665,.T.);
#4349=ORIENTED_EDGE('',*,*,#2669,.T.);
#4350=ORIENTED_EDGE('',*,*,#2672,.T.);
#4351=ORIENTED_EDGE('',*,*,#2674,.T.);
#4352=ORIENTED_EDGE('',*,*,#2677,.T.);
#4353=ORIENTED_EDGE('',*,*,#2681,.T.);
#4354=ORIENTED_EDGE('',*,*,#2684,.T.);
#4355=ORIENTED_EDGE('',*,*,#2686,.T.);
#4356=ORIENTED_EDGE('',*,*,#2689,.T.);
#4357=ORIENTED_EDGE('',*,*,#2693,.T.);
#4358=ORIENTED_EDGE('',*,*,#2696,.T.);
#4359=ORIENTED_EDGE('',*,*,#2698,.T.);
#4360=ORIENTED_EDGE('',*,*,#2701,.T.);
#4361=ORIENTED_EDGE('',*,*,#2705,.T.);
#4362=ORIENTED_EDGE('',*,*,#2708,.T.);
#4363=ORIENTED_EDGE('',*,*,#2710,.T.);
#4364=ORIENTED_EDGE('',*,*,#2713,.T.);
#4365=ORIENTED_EDGE('',*,*,#2717,.T.);
#4366=ORIENTED_EDGE('',*,*,#2720,.T.);
#4367=ORIENTED_EDGE('',*,*,#2722,.T.);
#4368=ORIENTED_EDGE('',*,*,#2725,.T.);
#4369=ORIENTED_EDGE('',*,*,#2729,.T.);
#4370=ORIENTED_EDGE('',*,*,#2732,.T.);
#4371=ORIENTED_EDGE('',*,*,#2734,.T.);
#4372=ORIENTED_EDGE('',*,*,#2737,.T.);
#4373=ORIENTED_EDGE('',*,*,#2741,.T.);
#4374=ORIENTED_EDGE('',*,*,#2744,.T.);
#4375=ORIENTED_EDGE('',*,*,#2746,.T.);
#4376=ORIENTED_EDGE('',*,*,#2749,.T.);
#4377=ORIENTED_EDGE('',*,*,#2753,.T.);
#4378=ORIENTED_EDGE('',*,*,#2756,.T.);
#4379=ORIENTED_EDGE('',*,*,#2758,.T.);
#4380=ORIENTED_EDGE('',*,*,#2761,.T.);
#4381=ORIENTED_EDGE('',*,*,#2765,.T.);
#4382=ORIENTED_EDGE('',*,*,#2768,.T.);
#4383=ORIENTED_EDGE('',*,*,#2770,.T.);
#4384=ORIENTED_EDGE('',*,*,#2773,.T.);
#4385=ORIENTED_EDGE('',*,*,#2777,.T.);
#4386=ORIENTED_EDGE('',*,*,#2780,.T.);
#4387=ORIENTED_EDGE('',*,*,#2782,.T.);
#4388=ORIENTED_EDGE('',*,*,#2785,.T.);
#4389=ORIENTED_EDGE('',*,*,#2789,.T.);
#4390=ORIENTED_EDGE('',*,*,#2792,.T.);
#4391=ORIENTED_EDGE('',*,*,#2794,.T.);
#4392=ORIENTED_EDGE('',*,*,#2797,.T.);
#4393=ORIENTED_EDGE('',*,*,#2801,.T.);
#4394=ORIENTED_EDGE('',*,*,#2804,.T.);
#4395=ORIENTED_EDGE('',*,*,#2806,.T.);
#4396=ORIENTED_EDGE('',*,*,#2809,.T.);
#4397=ORIENTED_EDGE('',*,*,#2813,.T.);
#4398=ORIENTED_EDGE('',*,*,#2816,.T.);
#4399=ORIENTED_EDGE('',*,*,#2818,.T.);
#4400=ORIENTED_EDGE('',*,*,#2821,.T.);
#4401=ORIENTED_EDGE('',*,*,#2825,.T.);
#4402=ORIENTED_EDGE('',*,*,#2828,.T.);
#4403=ORIENTED_EDGE('',*,*,#2830,.T.);
#4404=ORIENTED_EDGE('',*,*,#2833,.T.);
#4405=ORIENTED_EDGE('',*,*,#2837,.T.);
#4406=ORIENTED_EDGE('',*,*,#2840,.T.);
#4407=ORIENTED_EDGE('',*,*,#2842,.T.);
#4408=ORIENTED_EDGE('',*,*,#2845,.T.);
#4409=ORIENTED_EDGE('',*,*,#2849,.T.);
#4410=ORIENTED_EDGE('',*,*,#2852,.T.);
#4411=ORIENTED_EDGE('',*,*,#2854,.T.);
#4412=ORIENTED_EDGE('',*,*,#2857,.T.);
#4413=ORIENTED_EDGE('',*,*,#2861,.T.);
#4414=ORIENTED_EDGE('',*,*,#2864,.T.);
#4415=ORIENTED_EDGE('',*,*,#2866,.T.);
#4416=ORIENTED_EDGE('',*,*,#2869,.T.);
#4417=ORIENTED_EDGE('',*,*,#2873,.T.);
#4418=ORIENTED_EDGE('',*,*,#2876,.T.);
#4419=ORIENTED_EDGE('',*,*,#2878,.T.);
#4420=ORIENTED_EDGE('',*,*,#2881,.T.);
#4421=ORIENTED_EDGE('',*,*,#2885,.T.);
#4422=ORIENTED_EDGE('',*,*,#2888,.T.);
#4423=ORIENTED_EDGE('',*,*,#2890,.T.);
#4424=ORIENTED_EDGE('',*,*,#2893,.T.);
#4425=ORIENTED_EDGE('',*,*,#2897,.T.);
#4426=ORIENTED_EDGE('',*,*,#2900,.T.);
#4427=ORIENTED_EDGE('',*,*,#2902,.T.);
#4428=ORIENTED_EDGE('',*,*,#2935,.T.);
#4429=ORIENTED_EDGE('',*,*,#2945,.T.);
#4430=ORIENTED_EDGE('',*,*,#2942,.T.);
#4431=ORIENTED_EDGE('',*,*,#2939,.T.);
#4432=ORIENTED_EDGE('',*,*,#3202,.T.);
#4433=ORIENTED_EDGE('',*,*,#3203,.T.);
#4434=ORIENTED_EDGE('',*,*,#3118,.F.);
#4435=ORIENTED_EDGE('',*,*,#3214,.T.);
#4436=ORIENTED_EDGE('',*,*,#3211,.T.);
#4437=ORIENTED_EDGE('',*,*,#3274,.F.);
#4438=ORIENTED_EDGE('',*,*,#3215,.T.);
#4439=ORIENTED_EDGE('',*,*,#3218,.T.);
#4440=ORIENTED_EDGE('',*,*,#3275,.F.);
#4441=ORIENTED_EDGE('',*,*,#3210,.T.);
#4442=ORIENTED_EDGE('',*,*,#3204,.T.);
#4443=ORIENTED_EDGE('',*,*,#3239,.F.);
#4444=ORIENTED_EDGE('',*,*,#3276,.F.);
#4445=ORIENTED_EDGE('',*,*,#2927,.T.);
#4446=ORIENTED_EDGE('',*,*,#3277,.F.);
#4447=ORIENTED_EDGE('',*,*,#3278,.F.);
#4448=ORIENTED_EDGE('',*,*,#3279,.T.);
#4449=ORIENTED_EDGE('',*,*,#3280,.T.);
#4450=ORIENTED_EDGE('',*,*,#3281,.T.);
#4451=ORIENTED_EDGE('',*,*,#3282,.F.);
#4452=ORIENTED_EDGE('',*,*,#3283,.F.);
#4453=ORIENTED_EDGE('',*,*,#3284,.T.);
#4454=ORIENTED_EDGE('',*,*,#3285,.F.);
#4455=ORIENTED_EDGE('',*,*,#3233,.F.);
#4456=ORIENTED_EDGE('',*,*,#2663,.T.);
#4457=ORIENTED_EDGE('',*,*,#2673,.T.);
#4458=ORIENTED_EDGE('',*,*,#2670,.T.);
#4459=ORIENTED_EDGE('',*,*,#2667,.T.);
#4460=ORIENTED_EDGE('',*,*,#2675,.T.);
#4461=ORIENTED_EDGE('',*,*,#2685,.T.);
#4462=ORIENTED_EDGE('',*,*,#2682,.T.);
#4463=ORIENTED_EDGE('',*,*,#2679,.T.);
#4464=ORIENTED_EDGE('',*,*,#2687,.T.);
#4465=ORIENTED_EDGE('',*,*,#2697,.T.);
#4466=ORIENTED_EDGE('',*,*,#2694,.T.);
#4467=ORIENTED_EDGE('',*,*,#2691,.T.);
#4468=ORIENTED_EDGE('',*,*,#2699,.T.);
#4469=ORIENTED_EDGE('',*,*,#2709,.T.);
#4470=ORIENTED_EDGE('',*,*,#2706,.T.);
#4471=ORIENTED_EDGE('',*,*,#2703,.T.);
#4472=ORIENTED_EDGE('',*,*,#2711,.T.);
#4473=ORIENTED_EDGE('',*,*,#2721,.T.);
#4474=ORIENTED_EDGE('',*,*,#2718,.T.);
#4475=ORIENTED_EDGE('',*,*,#2715,.T.);
#4476=ORIENTED_EDGE('',*,*,#2723,.T.);
#4477=ORIENTED_EDGE('',*,*,#2733,.T.);
#4478=ORIENTED_EDGE('',*,*,#2730,.T.);
#4479=ORIENTED_EDGE('',*,*,#2727,.T.);
#4480=ORIENTED_EDGE('',*,*,#2735,.T.);
#4481=ORIENTED_EDGE('',*,*,#2745,.T.);
#4482=ORIENTED_EDGE('',*,*,#2742,.T.);
#4483=ORIENTED_EDGE('',*,*,#2739,.T.);
#4484=ORIENTED_EDGE('',*,*,#2747,.T.);
#4485=ORIENTED_EDGE('',*,*,#2757,.T.);
#4486=ORIENTED_EDGE('',*,*,#2754,.T.);
#4487=ORIENTED_EDGE('',*,*,#2751,.T.);
#4488=ORIENTED_EDGE('',*,*,#2759,.T.);
#4489=ORIENTED_EDGE('',*,*,#2769,.T.);
#4490=ORIENTED_EDGE('',*,*,#2766,.T.);
#4491=ORIENTED_EDGE('',*,*,#2763,.T.);
#4492=ORIENTED_EDGE('',*,*,#2771,.T.);
#4493=ORIENTED_EDGE('',*,*,#2781,.T.);
#4494=ORIENTED_EDGE('',*,*,#2778,.T.);
#4495=ORIENTED_EDGE('',*,*,#2775,.T.);
#4496=ORIENTED_EDGE('',*,*,#2783,.T.);
#4497=ORIENTED_EDGE('',*,*,#2793,.T.);
#4498=ORIENTED_EDGE('',*,*,#2790,.T.);
#4499=ORIENTED_EDGE('',*,*,#2787,.T.);
#4500=ORIENTED_EDGE('',*,*,#2795,.T.);
#4501=ORIENTED_EDGE('',*,*,#2805,.T.);
#4502=ORIENTED_EDGE('',*,*,#2802,.T.);
#4503=ORIENTED_EDGE('',*,*,#2799,.T.);
#4504=ORIENTED_EDGE('',*,*,#2807,.T.);
#4505=ORIENTED_EDGE('',*,*,#2817,.T.);
#4506=ORIENTED_EDGE('',*,*,#2814,.T.);
#4507=ORIENTED_EDGE('',*,*,#2811,.T.);
#4508=ORIENTED_EDGE('',*,*,#2819,.T.);
#4509=ORIENTED_EDGE('',*,*,#2829,.T.);
#4510=ORIENTED_EDGE('',*,*,#2826,.T.);
#4511=ORIENTED_EDGE('',*,*,#2823,.T.);
#4512=ORIENTED_EDGE('',*,*,#2831,.T.);
#4513=ORIENTED_EDGE('',*,*,#2841,.T.);
#4514=ORIENTED_EDGE('',*,*,#2838,.T.);
#4515=ORIENTED_EDGE('',*,*,#2835,.T.);
#4516=ORIENTED_EDGE('',*,*,#2843,.T.);
#4517=ORIENTED_EDGE('',*,*,#2853,.T.);
#4518=ORIENTED_EDGE('',*,*,#2850,.T.);
#4519=ORIENTED_EDGE('',*,*,#2847,.T.);
#4520=ORIENTED_EDGE('',*,*,#2855,.T.);
#4521=ORIENTED_EDGE('',*,*,#2865,.T.);
#4522=ORIENTED_EDGE('',*,*,#2862,.T.);
#4523=ORIENTED_EDGE('',*,*,#2859,.T.);
#4524=ORIENTED_EDGE('',*,*,#2867,.T.);
#4525=ORIENTED_EDGE('',*,*,#2877,.T.);
#4526=ORIENTED_EDGE('',*,*,#2874,.T.);
#4527=ORIENTED_EDGE('',*,*,#2871,.T.);
#4528=ORIENTED_EDGE('',*,*,#2879,.T.);
#4529=ORIENTED_EDGE('',*,*,#2889,.T.);
#4530=ORIENTED_EDGE('',*,*,#2886,.T.);
#4531=ORIENTED_EDGE('',*,*,#2883,.T.);
#4532=ORIENTED_EDGE('',*,*,#2891,.T.);
#4533=ORIENTED_EDGE('',*,*,#2901,.T.);
#4534=ORIENTED_EDGE('',*,*,#2898,.T.);
#4535=ORIENTED_EDGE('',*,*,#2895,.T.);
#4536=ORIENTED_EDGE('',*,*,#2947,.T.);
#4537=ORIENTED_EDGE('',*,*,#2951,.T.);
#4538=ORIENTED_EDGE('',*,*,#2954,.T.);
#4539=ORIENTED_EDGE('',*,*,#2957,.T.);
#4540=ORIENTED_EDGE('',*,*,#2962,.T.);
#4541=ORIENTED_EDGE('',*,*,#2963,.T.);
#4542=ORIENTED_EDGE('',*,*,#2967,.T.);
#4543=ORIENTED_EDGE('',*,*,#2968,.T.);
#4544=ORIENTED_EDGE('',*,*,#2972,.T.);
#4545=ORIENTED_EDGE('',*,*,#2973,.T.);
#4546=ORIENTED_EDGE('',*,*,#2977,.T.);
#4547=ORIENTED_EDGE('',*,*,#2978,.T.);
#4548=ORIENTED_EDGE('',*,*,#3059,.T.);
#4549=ORIENTED_EDGE('',*,*,#3063,.T.);
#4550=ORIENTED_EDGE('',*,*,#3066,.T.);
#4551=ORIENTED_EDGE('',*,*,#3069,.T.);
#4552=ORIENTED_EDGE('',*,*,#3071,.T.);
#4553=ORIENTED_EDGE('',*,*,#3075,.T.);
#4554=ORIENTED_EDGE('',*,*,#3002,.T.);
#4555=ORIENTED_EDGE('',*,*,#3078,.T.);
#4556=ORIENTED_EDGE('',*,*,#3033,.T.);
#4557=ORIENTED_EDGE('',*,*,#3081,.T.);
#4558=ORIENTED_EDGE('',*,*,#3082,.T.);
#4559=ORIENTED_EDGE('',*,*,#3085,.T.);
#4560=ORIENTED_EDGE('',*,*,#3143,.T.);
#4561=ORIENTED_EDGE('',*,*,#3144,.T.);
#4562=ORIENTED_EDGE('',*,*,#3148,.T.);
#4563=ORIENTED_EDGE('',*,*,#3149,.T.);
#4564=ORIENTED_EDGE('',*,*,#3153,.T.);
#4565=ORIENTED_EDGE('',*,*,#3154,.T.);
#4566=ORIENTED_EDGE('',*,*,#3158,.T.);
#4567=ORIENTED_EDGE('',*,*,#3159,.T.);
#4568=ORIENTED_EDGE('',*,*,#3213,.T.);
#4569=ORIENTED_EDGE('',*,*,#3195,.F.);
#4570=ORIENTED_EDGE('',*,*,#3216,.T.);
#4571=ORIENTED_EDGE('',*,*,#3274,.T.);
#4572=ORIENTED_EDGE('',*,*,#3208,.T.);
#4573=ORIENTED_EDGE('',*,*,#3275,.T.);
#4574=ORIENTED_EDGE('',*,*,#3220,.T.);
#4575=ORIENTED_EDGE('',*,*,#3286,.F.);
#4576=ORIENTED_EDGE('',*,*,#3251,.T.);
#4577=ORIENTED_EDGE('',*,*,#3260,.F.);
#4578=ORIENTED_EDGE('',*,*,#3287,.T.);
#4579=ORIENTED_EDGE('',*,*,#3288,.T.);
#4580=ORIENTED_EDGE('',*,*,#3289,.T.);
#4581=ORIENTED_EDGE('',*,*,#3113,.F.);
#4582=ORIENTED_EDGE('',*,*,#3290,.F.);
#4583=ORIENTED_EDGE('',*,*,#3227,.T.);
#4584=ORIENTED_EDGE('',*,*,#3170,.T.);
#4585=ORIENTED_EDGE('',*,*,#3171,.T.);
#4586=ORIENTED_EDGE('',*,*,#3248,.F.);
#4587=ORIENTED_EDGE('',*,*,#3114,.F.);
#4588=ORIENTED_EDGE('',*,*,#3289,.F.);
#4589=ORIENTED_EDGE('',*,*,#3226,.T.);
#4590=ORIENTED_EDGE('',*,*,#3262,.F.);
#4591=ORIENTED_EDGE('',*,*,#3287,.F.);
#4592=ORIENTED_EDGE('',*,*,#3259,.F.);
#4593=ORIENTED_EDGE('',*,*,#3291,.T.);
#4594=ORIENTED_EDGE('',*,*,#3292,.F.);
#4595=ORIENTED_EDGE('',*,*,#3293,.F.);
#4596=ORIENTED_EDGE('',*,*,#3294,.T.);
#4597=ORIENTED_EDGE('',*,*,#3295,.F.);
#4598=ORIENTED_EDGE('',*,*,#3296,.F.);
#4599=ORIENTED_EDGE('',*,*,#3292,.T.);
#4600=ORIENTED_EDGE('',*,*,#3160,.T.);
#4601=ORIENTED_EDGE('',*,*,#3161,.T.);
#4602=ORIENTED_EDGE('',*,*,#3297,.F.);
#4603=ORIENTED_EDGE('',*,*,#3298,.F.);
#4604=ORIENTED_EDGE('',*,*,#3294,.F.);
#4605=ORIENTED_EDGE('',*,*,#3291,.F.);
#4606=ORIENTED_EDGE('',*,*,#3258,.F.);
#4607=ORIENTED_EDGE('',*,*,#3253,.T.);
#4608=ORIENTED_EDGE('',*,*,#3299,.F.);
#4609=ORIENTED_EDGE('',*,*,#3109,.F.);
#4610=ORIENTED_EDGE('',*,*,#3300,.T.);
#4611=ORIENTED_EDGE('',*,*,#3165,.T.);
#4612=ORIENTED_EDGE('',*,*,#3166,.T.);
#4613=ORIENTED_EDGE('',*,*,#3250,.F.);
#4614=ORIENTED_EDGE('',*,*,#3261,.F.);
#4615=ORIENTED_EDGE('',*,*,#3254,.F.);
#4616=ORIENTED_EDGE('',*,*,#3300,.F.);
#4617=ORIENTED_EDGE('',*,*,#3108,.F.);
#4618=ORIENTED_EDGE('',*,*,#3245,.T.);
#4619=ORIENTED_EDGE('',*,*,#3301,.F.);
#4620=ORIENTED_EDGE('',*,*,#3302,.F.);
#4621=ORIENTED_EDGE('',*,*,#3303,.T.);
#4622=ORIENTED_EDGE('',*,*,#3175,.T.);
#4623=ORIENTED_EDGE('',*,*,#3176,.T.);
#4624=ORIENTED_EDGE('',*,*,#3304,.F.);
#4625=ORIENTED_EDGE('',*,*,#3256,.F.);
#4626=ORIENTED_EDGE('',*,*,#3246,.F.);
#4627=ORIENTED_EDGE('',*,*,#3303,.F.);
#4628=ORIENTED_EDGE('',*,*,#3305,.F.);
#4629=ORIENTED_EDGE('',*,*,#3293,.T.);
#4630=ORIENTED_EDGE('',*,*,#3296,.T.);
#4631=ORIENTED_EDGE('',*,*,#3306,.F.);
#4632=ORIENTED_EDGE('',*,*,#3307,.T.);
#4633=ORIENTED_EDGE('',*,*,#3110,.T.);
#4634=ORIENTED_EDGE('',*,*,#3299,.T.);
#4635=ORIENTED_EDGE('',*,*,#3252,.T.);
#4636=ORIENTED_EDGE('',*,*,#3288,.F.);
#4637=ORIENTED_EDGE('',*,*,#3301,.T.);
#4638=ORIENTED_EDGE('',*,*,#3244,.T.);
#4639=ORIENTED_EDGE('',*,*,#3243,.F.);
#4640=ORIENTED_EDGE('',*,*,#3308,.F.);
#4641=ORIENTED_EDGE('',*,*,#3309,.T.);
#4642=ORIENTED_EDGE('',*,*,#3310,.T.);
#4643=ORIENTED_EDGE('',*,*,#3295,.T.);
#4644=ORIENTED_EDGE('',*,*,#3298,.T.);
#4645=ORIENTED_EDGE('',*,*,#3311,.F.);
#4646=ORIENTED_EDGE('',*,*,#3305,.T.);
#4647=ORIENTED_EDGE('',*,*,#3302,.T.);
#4648=ORIENTED_EDGE('',*,*,#3310,.F.);
#4649=ORIENTED_EDGE('',*,*,#3312,.T.);
#4650=ORIENTED_EDGE('',*,*,#3306,.T.);
#4651=ORIENTED_EDGE('',*,*,#3313,.F.);
#4652=ORIENTED_EDGE('',*,*,#3314,.F.);
#4653=ORIENTED_EDGE('',*,*,#3315,.F.);
#4654=ORIENTED_EDGE('',*,*,#3316,.T.);
#4655=ORIENTED_EDGE('',*,*,#3317,.F.);
#4656=ORIENTED_EDGE('',*,*,#3316,.F.);
#4657=ORIENTED_EDGE('',*,*,#3318,.F.);
#4658=ORIENTED_EDGE('',*,*,#3319,.T.);
#4659=ORIENTED_EDGE('',*,*,#3320,.F.);
#4660=ORIENTED_EDGE('',*,*,#3319,.F.);
#4661=ORIENTED_EDGE('',*,*,#3321,.F.);
#4662=ORIENTED_EDGE('',*,*,#3322,.T.);
#4663=ORIENTED_EDGE('',*,*,#3323,.F.);
#4664=ORIENTED_EDGE('',*,*,#3322,.F.);
#4665=ORIENTED_EDGE('',*,*,#3324,.F.);
#4666=ORIENTED_EDGE('',*,*,#3314,.T.);
#4667=ORIENTED_EDGE('',*,*,#3281,.F.);
#4668=ORIENTED_EDGE('',*,*,#3325,.F.);
#4669=ORIENTED_EDGE('',*,*,#3326,.F.);
#4670=ORIENTED_EDGE('',*,*,#3327,.F.);
#4671=ORIENTED_EDGE('',*,*,#3328,.F.);
#4672=ORIENTED_EDGE('',*,*,#3280,.F.);
#4673=ORIENTED_EDGE('',*,*,#3329,.F.);
#4674=ORIENTED_EDGE('',*,*,#3330,.F.);
#4675=ORIENTED_EDGE('',*,*,#3325,.T.);
#4676=ORIENTED_EDGE('',*,*,#3313,.T.);
#4677=ORIENTED_EDGE('',*,*,#3317,.T.);
#4678=ORIENTED_EDGE('',*,*,#3320,.T.);
#4679=ORIENTED_EDGE('',*,*,#3323,.T.);
#4680=ORIENTED_EDGE('',*,*,#3331,.F.);
#4681=ORIENTED_EDGE('',*,*,#3332,.F.);
#4682=ORIENTED_EDGE('',*,*,#3333,.F.);
#4683=ORIENTED_EDGE('',*,*,#3329,.T.);
#4684=ORIENTED_EDGE('',*,*,#3279,.F.);
#4685=ORIENTED_EDGE('',*,*,#3334,.T.);
#4686=ORIENTED_EDGE('',*,*,#3335,.T.);
#4687=ORIENTED_EDGE('',*,*,#3336,.T.);
#4688=ORIENTED_EDGE('',*,*,#3337,.F.);
#4689=ORIENTED_EDGE('',*,*,#3338,.F.);
#4690=ORIENTED_EDGE('',*,*,#3339,.F.);
#4691=ORIENTED_EDGE('',*,*,#3340,.F.);
#4692=ORIENTED_EDGE('',*,*,#3341,.F.);
#4693=ORIENTED_EDGE('',*,*,#3111,.F.);
#4694=ORIENTED_EDGE('',*,*,#3307,.F.);
#4695=ORIENTED_EDGE('',*,*,#3312,.F.);
#4696=ORIENTED_EDGE('',*,*,#3309,.F.);
#4697=ORIENTED_EDGE('',*,*,#3342,.F.);
#4698=ORIENTED_EDGE('',*,*,#3343,.F.);
#4699=ORIENTED_EDGE('',*,*,#3344,.F.);
#4700=ORIENTED_EDGE('',*,*,#3345,.F.);
#4701=ORIENTED_EDGE('',*,*,#3346,.T.);
#4702=ORIENTED_EDGE('',*,*,#3347,.T.);
#4703=ORIENTED_EDGE('',*,*,#3348,.T.);
#4704=ORIENTED_EDGE('',*,*,#3349,.T.);
#4705=ORIENTED_EDGE('',*,*,#3350,.T.);
#4706=ORIENTED_EDGE('',*,*,#3351,.T.);
#4707=ORIENTED_EDGE('',*,*,#3197,.T.);
#4708=ORIENTED_EDGE('',*,*,#3099,.T.);
#4709=ORIENTED_EDGE('',*,*,#3232,.T.);
#4710=ORIENTED_EDGE('',*,*,#3352,.T.);
#4711=ORIENTED_EDGE('',*,*,#3353,.T.);
#4712=ORIENTED_EDGE('',*,*,#3354,.T.);
#4713=ORIENTED_EDGE('',*,*,#3355,.T.);
#4714=ORIENTED_EDGE('',*,*,#3326,.T.);
#4715=ORIENTED_EDGE('',*,*,#3330,.T.);
#4716=ORIENTED_EDGE('',*,*,#3333,.T.);
#4717=ORIENTED_EDGE('',*,*,#3332,.T.);
#4718=ORIENTED_EDGE('',*,*,#3356,.T.);
#4719=ORIENTED_EDGE('',*,*,#3357,.F.);
#4720=ORIENTED_EDGE('',*,*,#3358,.F.);
#4721=ORIENTED_EDGE('',*,*,#3346,.F.);
#4722=ORIENTED_EDGE('',*,*,#3331,.T.);
#4723=ORIENTED_EDGE('',*,*,#3278,.T.);
#4724=ORIENTED_EDGE('',*,*,#3359,.T.);
#4725=ORIENTED_EDGE('',*,*,#3360,.T.);
#4726=ORIENTED_EDGE('',*,*,#3356,.F.);
#4727=ORIENTED_EDGE('',*,*,#3328,.T.);
#4728=ORIENTED_EDGE('',*,*,#3361,.F.);
#4729=ORIENTED_EDGE('',*,*,#3362,.F.);
#4730=ORIENTED_EDGE('',*,*,#3363,.F.);
#4731=ORIENTED_EDGE('',*,*,#3282,.T.);
#4732=ORIENTED_EDGE('',*,*,#3364,.T.);
#4733=ORIENTED_EDGE('',*,*,#3266,.F.);
#4734=ORIENTED_EDGE('',*,*,#3365,.T.);
#4735=ORIENTED_EDGE('',*,*,#3366,.T.);
#4736=ORIENTED_EDGE('',*,*,#3364,.F.);
#4737=ORIENTED_EDGE('',*,*,#3367,.F.);
#4738=ORIENTED_EDGE('',*,*,#3336,.F.);
#4739=ORIENTED_EDGE('',*,*,#3368,.T.);
#4740=ORIENTED_EDGE('',*,*,#3267,.F.);
#4741=ORIENTED_EDGE('',*,*,#3369,.F.);
#4742=ORIENTED_EDGE('',*,*,#3269,.F.);
#4743=ORIENTED_EDGE('',*,*,#3370,.F.);
#4744=ORIENTED_EDGE('',*,*,#3334,.F.);
#4745=ORIENTED_EDGE('',*,*,#3371,.F.);
#4746=ORIENTED_EDGE('',*,*,#3370,.T.);
#4747=ORIENTED_EDGE('',*,*,#3268,.F.);
#4748=ORIENTED_EDGE('',*,*,#3368,.F.);
#4749=ORIENTED_EDGE('',*,*,#3335,.F.);
#4750=ORIENTED_EDGE('',*,*,#3315,.T.);
#4751=ORIENTED_EDGE('',*,*,#3324,.T.);
#4752=ORIENTED_EDGE('',*,*,#3321,.T.);
#4753=ORIENTED_EDGE('',*,*,#3318,.T.);
#4754=ORIENTED_EDGE('',*,*,#3327,.T.);
#4755=ORIENTED_EDGE('',*,*,#3355,.F.);
#4756=ORIENTED_EDGE('',*,*,#3372,.T.);
#4757=ORIENTED_EDGE('',*,*,#3373,.T.);
#4758=ORIENTED_EDGE('',*,*,#3361,.T.);
#4759=ORIENTED_EDGE('',*,*,#3371,.T.);
#4760=ORIENTED_EDGE('',*,*,#3345,.T.);
#4761=ORIENTED_EDGE('',*,*,#3374,.T.);
#4762=ORIENTED_EDGE('',*,*,#3375,.F.);
#4763=ORIENTED_EDGE('',*,*,#3367,.T.);
#4764=ORIENTED_EDGE('',*,*,#3366,.F.);
#4765=ORIENTED_EDGE('',*,*,#3376,.F.);
#4766=ORIENTED_EDGE('',*,*,#3337,.T.);
#4767=ORIENTED_EDGE('',*,*,#3270,.F.);
#4768=ORIENTED_EDGE('',*,*,#3369,.T.);
#4769=ORIENTED_EDGE('',*,*,#3375,.T.);
#4770=ORIENTED_EDGE('',*,*,#3377,.F.);
#4771=ORIENTED_EDGE('',*,*,#2923,.F.);
#4772=ORIENTED_EDGE('',*,*,#2924,.F.);
#4773=ORIENTED_EDGE('',*,*,#3378,.T.);
#4774=ORIENTED_EDGE('',*,*,#3379,.F.);
#4775=ORIENTED_EDGE('',*,*,#3380,.F.);
#4776=ORIENTED_EDGE('',*,*,#3378,.F.);
#4777=ORIENTED_EDGE('',*,*,#3379,.T.);
#4778=ORIENTED_EDGE('',*,*,#3380,.T.);
#4779=ORIENTED_EDGE('',*,*,#3381,.F.);
#4780=ORIENTED_EDGE('',*,*,#3382,.F.);
#4781=ORIENTED_EDGE('',*,*,#3383,.T.);
#4782=ORIENTED_EDGE('',*,*,#3384,.F.);
#4783=ORIENTED_EDGE('',*,*,#3385,.F.);
#4784=ORIENTED_EDGE('',*,*,#3383,.F.);
#4785=ORIENTED_EDGE('',*,*,#3384,.T.);
#4786=ORIENTED_EDGE('',*,*,#3385,.T.);
#4787=ORIENTED_EDGE('',*,*,#3386,.F.);
#4788=ORIENTED_EDGE('',*,*,#3387,.F.);
#4789=ORIENTED_EDGE('',*,*,#3388,.T.);
#4790=ORIENTED_EDGE('',*,*,#3389,.F.);
#4791=ORIENTED_EDGE('',*,*,#3390,.F.);
#4792=ORIENTED_EDGE('',*,*,#3388,.F.);
#4793=ORIENTED_EDGE('',*,*,#3389,.T.);
#4794=ORIENTED_EDGE('',*,*,#3390,.T.);
#4795=ORIENTED_EDGE('',*,*,#2917,.F.);
#4796=ORIENTED_EDGE('',*,*,#2918,.F.);
#4797=ORIENTED_EDGE('',*,*,#3391,.T.);
#4798=ORIENTED_EDGE('',*,*,#3392,.F.);
#4799=ORIENTED_EDGE('',*,*,#3393,.F.);
#4800=ORIENTED_EDGE('',*,*,#3391,.F.);
#4801=ORIENTED_EDGE('',*,*,#3392,.T.);
#4802=ORIENTED_EDGE('',*,*,#3393,.T.);
#4803=ORIENTED_EDGE('',*,*,#3373,.F.);
#4804=ORIENTED_EDGE('',*,*,#3394,.F.);
#4805=ORIENTED_EDGE('',*,*,#3395,.T.);
#4806=ORIENTED_EDGE('',*,*,#3362,.T.);
#4807=ORIENTED_EDGE('',*,*,#3230,.T.);
#4808=ORIENTED_EDGE('',*,*,#3235,.F.);
#4809=ORIENTED_EDGE('',*,*,#3396,.F.);
#4810=ORIENTED_EDGE('',*,*,#3397,.F.);
#4811=ORIENTED_EDGE('',*,*,#3284,.F.);
#4812=ORIENTED_EDGE('',*,*,#3398,.F.);
#4813=ORIENTED_EDGE('',*,*,#3395,.F.);
#4814=ORIENTED_EDGE('',*,*,#3399,.F.);
#4815=ORIENTED_EDGE('',*,*,#3396,.T.);
#4816=ORIENTED_EDGE('',*,*,#3400,.F.);
#4817=ORIENTED_EDGE('',*,*,#3399,.T.);
#4818=ORIENTED_EDGE('',*,*,#3394,.T.);
#4819=ORIENTED_EDGE('',*,*,#3401,.F.);
#4820=ORIENTED_EDGE('',*,*,#3402,.F.);
#4821=ORIENTED_EDGE('',*,*,#3403,.F.);
#4822=ORIENTED_EDGE('',*,*,#3397,.T.);
#4823=ORIENTED_EDGE('',*,*,#3381,.T.);
#4824=ORIENTED_EDGE('',*,*,#3382,.T.);
#4825=ORIENTED_EDGE('',*,*,#3386,.T.);
#4826=ORIENTED_EDGE('',*,*,#3387,.T.);
#4827=ORIENTED_EDGE('',*,*,#3404,.F.);
#4828=ORIENTED_EDGE('',*,*,#2920,.F.);
#4829=ORIENTED_EDGE('',*,*,#2929,.T.);
#4830=ORIENTED_EDGE('',*,*,#3237,.T.);
#4831=ORIENTED_EDGE('',*,*,#3357,.T.);
#4832=ORIENTED_EDGE('',*,*,#3360,.F.);
#4833=ORIENTED_EDGE('',*,*,#2925,.F.);
#4834=ORIENTED_EDGE('',*,*,#2915,.F.);
#4835=ORIENTED_EDGE('',*,*,#3398,.T.);
#4836=ORIENTED_EDGE('',*,*,#3283,.T.);
#4837=ORIENTED_EDGE('',*,*,#3363,.T.);
#4838=ORIENTED_EDGE('',*,*,#3400,.T.);
#4839=ORIENTED_EDGE('',*,*,#3234,.F.);
#4840=ORIENTED_EDGE('',*,*,#3285,.T.);
#4841=ORIENTED_EDGE('',*,*,#2928,.T.);
#4842=ORIENTED_EDGE('',*,*,#3276,.T.);
#4843=ORIENTED_EDGE('',*,*,#3238,.T.);
#4844=ORIENTED_EDGE('',*,*,#2926,.T.);
#4845=ORIENTED_EDGE('',*,*,#3359,.F.);
#4846=ORIENTED_EDGE('',*,*,#3277,.T.);
#4847=ORIENTED_EDGE('',*,*,#3180,.T.);
#4848=ORIENTED_EDGE('',*,*,#3198,.F.);
#4849=ORIENTED_EDGE('',*,*,#3351,.F.);
#4850=ORIENTED_EDGE('',*,*,#3405,.T.);
#4851=ORIENTED_EDGE('',*,*,#3186,.T.);
#4852=ORIENTED_EDGE('',*,*,#3209,.T.);
#4853=ORIENTED_EDGE('',*,*,#3286,.T.);
#4854=ORIENTED_EDGE('',*,*,#3219,.T.);
#4855=ORIENTED_EDGE('',*,*,#3187,.T.);
#4856=ORIENTED_EDGE('',*,*,#3405,.F.);
#4857=ORIENTED_EDGE('',*,*,#3350,.F.);
#4858=ORIENTED_EDGE('',*,*,#3406,.T.);
#4859=ORIENTED_EDGE('',*,*,#3404,.T.);
#4860=ORIENTED_EDGE('',*,*,#3236,.T.);
#4861=ORIENTED_EDGE('',*,*,#3206,.T.);
#4862=ORIENTED_EDGE('',*,*,#2921,.T.);
#4863=ORIENTED_EDGE('',*,*,#3406,.F.);
#4864=ORIENTED_EDGE('',*,*,#3349,.F.);
#4865=ORIENTED_EDGE('',*,*,#3407,.T.);
#4866=ORIENTED_EDGE('',*,*,#2913,.T.);
#4867=ORIENTED_EDGE('',*,*,#2910,.T.);
#4868=ORIENTED_EDGE('',*,*,#2912,.T.);
#4869=ORIENTED_EDGE('',*,*,#2904,.F.);
#4870=ORIENTED_EDGE('',*,*,#2922,.T.);
#4871=ORIENTED_EDGE('',*,*,#3407,.F.);
#4872=ORIENTED_EDGE('',*,*,#3348,.F.);
#4873=ORIENTED_EDGE('',*,*,#3408,.T.);
#4874=ORIENTED_EDGE('',*,*,#2914,.T.);
#4875=ORIENTED_EDGE('',*,*,#3408,.F.);
#4876=ORIENTED_EDGE('',*,*,#3347,.F.);
#4877=ORIENTED_EDGE('',*,*,#3358,.T.);
#4878=ORIENTED_EDGE('',*,*,#3401,.T.);
#4879=ORIENTED_EDGE('',*,*,#3372,.F.);
#4880=ORIENTED_EDGE('',*,*,#3354,.F.);
#4881=ORIENTED_EDGE('',*,*,#3409,.T.);
#4882=ORIENTED_EDGE('',*,*,#3402,.T.);
#4883=ORIENTED_EDGE('',*,*,#3409,.F.);
#4884=ORIENTED_EDGE('',*,*,#3353,.F.);
#4885=ORIENTED_EDGE('',*,*,#3410,.T.);
#4886=ORIENTED_EDGE('',*,*,#3403,.T.);
#4887=ORIENTED_EDGE('',*,*,#3410,.F.);
#4888=ORIENTED_EDGE('',*,*,#3352,.F.);
#4889=ORIENTED_EDGE('',*,*,#3231,.T.);
#4890=ORIENTED_EDGE('',*,*,#3264,.F.);
#4891=ORIENTED_EDGE('',*,*,#3411,.T.);
#4892=ORIENTED_EDGE('',*,*,#3412,.T.);
#4893=ORIENTED_EDGE('',*,*,#3413,.F.);
#4894=ORIENTED_EDGE('',*,*,#3272,.F.);
#4895=ORIENTED_EDGE('',*,*,#3414,.T.);
#4896=ORIENTED_EDGE('',*,*,#3415,.T.);
#4897=ORIENTED_EDGE('',*,*,#3416,.F.);
#4898=ORIENTED_EDGE('',*,*,#3257,.F.);
#4899=ORIENTED_EDGE('',*,*,#3304,.T.);
#4900=ORIENTED_EDGE('',*,*,#3311,.T.);
#4901=ORIENTED_EDGE('',*,*,#3297,.T.);
#4902=ORIENTED_EDGE('',*,*,#3342,.T.);
#4903=ORIENTED_EDGE('',*,*,#3308,.T.);
#4904=ORIENTED_EDGE('',*,*,#3242,.F.);
#4905=ORIENTED_EDGE('',*,*,#3273,.F.);
#4906=ORIENTED_EDGE('',*,*,#3416,.T.);
#4907=ORIENTED_EDGE('',*,*,#3417,.F.);
#4908=ORIENTED_EDGE('',*,*,#3343,.T.);
#4909=ORIENTED_EDGE('',*,*,#3417,.T.);
#4910=ORIENTED_EDGE('',*,*,#3415,.F.);
#4911=ORIENTED_EDGE('',*,*,#3418,.F.);
#4912=ORIENTED_EDGE('',*,*,#3344,.T.);
#4913=ORIENTED_EDGE('',*,*,#3418,.T.);
#4914=ORIENTED_EDGE('',*,*,#3414,.F.);
#4915=ORIENTED_EDGE('',*,*,#3271,.F.);
#4916=ORIENTED_EDGE('',*,*,#3377,.T.);
#4917=ORIENTED_EDGE('',*,*,#3374,.F.);
#4918=ORIENTED_EDGE('',*,*,#3338,.T.);
#4919=ORIENTED_EDGE('',*,*,#3376,.T.);
#4920=ORIENTED_EDGE('',*,*,#3365,.F.);
#4921=ORIENTED_EDGE('',*,*,#3265,.F.);
#4922=ORIENTED_EDGE('',*,*,#3413,.T.);
#4923=ORIENTED_EDGE('',*,*,#3419,.F.);
#4924=ORIENTED_EDGE('',*,*,#3339,.T.);
#4925=ORIENTED_EDGE('',*,*,#3419,.T.);
#4926=ORIENTED_EDGE('',*,*,#3412,.F.);
#4927=ORIENTED_EDGE('',*,*,#3420,.F.);
#4928=ORIENTED_EDGE('',*,*,#3340,.T.);
#4929=ORIENTED_EDGE('',*,*,#3420,.T.);
#4930=ORIENTED_EDGE('',*,*,#3411,.F.);
#4931=ORIENTED_EDGE('',*,*,#3263,.F.);
#4932=ORIENTED_EDGE('',*,*,#3223,.T.);
#4933=ORIENTED_EDGE('',*,*,#3421,.F.);
#4934=ORIENTED_EDGE('',*,*,#3290,.T.);
#4935=ORIENTED_EDGE('',*,*,#3112,.F.);
#4936=ORIENTED_EDGE('',*,*,#3341,.T.);
#4937=ORIENTED_EDGE('',*,*,#3421,.T.);
#4938=ORIENTED_EDGE('',*,*,#3222,.F.);
#4939=ORIENTED_EDGE('',*,*,#3228,.T.);
#4940=PLANE('',#5734);
#4941=PLANE('',#5735);
#4942=PLANE('',#5736);
#4943=PLANE('',#5737);
#4944=PLANE('',#5738);
#4945=PLANE('',#5739);
#4946=PLANE('',#5740);
#4947=PLANE('',#5741);
#4948=PLANE('',#5742);
#4949=PLANE('',#5743);
#4950=PLANE('',#5744);
#4951=PLANE('',#5745);
#4952=PLANE('',#5746);
#4953=PLANE('',#5747);
#4954=PLANE('',#5748);
#4955=PLANE('',#5749);
#4956=PLANE('',#5750);
#4957=PLANE('',#5751);
#4958=PLANE('',#5752);
#4959=PLANE('',#5753);
#4960=PLANE('',#5754);
#4961=PLANE('',#5755);
#4962=PLANE('',#5756);
#4963=PLANE('',#5757);
#4964=PLANE('',#5758);
#4965=PLANE('',#5759);
#4966=PLANE('',#5760);
#4967=PLANE('',#5761);
#4968=PLANE('',#5762);
#4969=PLANE('',#5763);
#4970=PLANE('',#5764);
#4971=PLANE('',#5765);
#4972=PLANE('',#5766);
#4973=PLANE('',#5767);
#4974=PLANE('',#5768);
#4975=PLANE('',#5769);
#4976=PLANE('',#5770);
#4977=PLANE('',#5771);
#4978=PLANE('',#5772);
#4979=PLANE('',#5773);
#4980=PLANE('',#5774);
#4981=PLANE('',#5775);
#4982=PLANE('',#5776);
#4983=PLANE('',#5777);
#4984=PLANE('',#5778);
#4985=PLANE('',#5779);
#4986=PLANE('',#5780);
#4987=PLANE('',#5781);
#4988=PLANE('',#5782);
#4989=PLANE('',#5783);
#4990=PLANE('',#5784);
#4991=PLANE('',#5785);
#4992=PLANE('',#5786);
#4993=PLANE('',#5787);
#4994=PLANE('',#5788);
#4995=PLANE('',#5789);
#4996=PLANE('',#5790);
#4997=PLANE('',#5791);
#4998=PLANE('',#5792);
#4999=PLANE('',#5793);
#5000=PLANE('',#5794);
#5001=PLANE('',#5795);
#5002=PLANE('',#5796);
#5003=PLANE('',#5797);
#5004=PLANE('',#5798);
#5005=PLANE('',#5799);
#5006=PLANE('',#5800);
#5007=PLANE('',#5801);
#5008=PLANE('',#5802);
#5009=PLANE('',#5803);
#5010=PLANE('',#5804);
#5011=PLANE('',#5805);
#5012=PLANE('',#5806);
#5013=PLANE('',#5807);
#5014=PLANE('',#5808);
#5015=PLANE('',#5809);
#5016=PLANE('',#5810);
#5017=PLANE('',#5811);
#5018=PLANE('',#5812);
#5019=PLANE('',#5813);
#5020=PLANE('',#5814);
#5021=PLANE('',#5815);
#5022=PLANE('',#5816);
#5023=PLANE('',#5817);
#5024=PLANE('',#5820);
#5025=PLANE('',#5823);
#5026=PLANE('',#5829);
#5027=PLANE('',#5830);
#5028=PLANE('',#5831);
#5029=PLANE('',#5832);
#5030=PLANE('',#5833);
#5031=PLANE('',#5834);
#5032=PLANE('',#5835);
#5033=PLANE('',#5836);
#5034=PLANE('',#5837);
#5035=PLANE('',#5838);
#5036=PLANE('',#5844);
#5037=PLANE('',#5850);
#5038=PLANE('',#5856);
#5039=PLANE('',#5862);
#5040=PLANE('',#5863);
#5041=PLANE('',#5864);
#5042=PLANE('',#5865);
#5043=PLANE('',#5866);
#5044=PLANE('',#5867);
#5045=PLANE('',#5868);
#5046=PLANE('',#5869);
#5047=PLANE('',#5870);
#5048=PLANE('',#5871);
#5049=PLANE('',#5872);
#5050=PLANE('',#5873);
#5051=PLANE('',#5874);
#5052=PLANE('',#5875);
#5053=PLANE('',#5876);
#5054=PLANE('',#5877);
#5055=PLANE('',#5878);
#5056=PLANE('',#5879);
#5057=PLANE('',#5880);
#5058=PLANE('',#5881);
#5059=PLANE('',#5882);
#5060=PLANE('',#5883);
#5061=PLANE('',#5884);
#5062=PLANE('',#5885);
#5063=PLANE('',#5886);
#5064=PLANE('',#5887);
#5065=PLANE('',#5888);
#5066=PLANE('',#5889);
#5067=PLANE('',#5890);
#5068=PLANE('',#5891);
#5069=PLANE('',#5892);
#5070=PLANE('',#5893);
#5071=PLANE('',#5894);
#5072=PLANE('',#5895);
#5073=PLANE('',#5896);
#5074=PLANE('',#5897);
#5075=PLANE('',#5898);
#5076=PLANE('',#5899);
#5077=PLANE('',#5900);
#5078=PLANE('',#5901);
#5079=PLANE('',#5902);
#5080=PLANE('',#5903);
#5081=PLANE('',#5910);
#5082=PLANE('',#5913);
#5083=PLANE('',#5914);
#5084=PLANE('',#5919);
#5085=PLANE('',#5925);
#5086=PLANE('',#5931);
#5087=PLANE('',#5937);
#5088=PLANE('',#5943);
#5089=PLANE('',#5949);
#5090=PLANE('',#5955);
#5091=PLANE('',#5961);
#5092=PLANE('',#5967);
#5093=PLANE('',#5988);
#5094=PLANE('',#5989);
#5095=PLANE('',#5990);
#5096=PLANE('',#5991);
#5097=PLANE('',#5992);
#5098=PLANE('',#5993);
#5099=PLANE('',#5994);
#5100=PLANE('',#5995);
#5101=PLANE('',#5996);
#5102=PLANE('',#5997);
#5103=PLANE('',#5998);
#5104=PLANE('',#5999);
#5105=PLANE('',#6000);
#5106=PLANE('',#6001);
#5107=PLANE('',#6002);
#5108=PLANE('',#6003);
#5109=PLANE('',#6004);
#5110=PLANE('',#6005);
#5111=PLANE('',#6006);
#5112=PLANE('',#6007);
#5113=PLANE('',#6008);
#5114=PLANE('',#6009);
#5115=PLANE('',#6010);
#5116=PLANE('',#6011);
#5117=PLANE('',#6012);
#5118=PLANE('',#6013);
#5119=PLANE('',#6014);
#5120=PLANE('',#6015);
#5121=PLANE('',#6016);
#5122=PLANE('',#6017);
#5123=PLANE('',#6018);
#5124=PLANE('',#6019);
#5125=PLANE('',#6020);
#5126=PLANE('',#6021);
#5127=PLANE('',#6022);
#5128=PLANE('',#6023);
#5129=PLANE('',#6024);
#5130=PLANE('',#6025);
#5131=PLANE('',#6026);
#5132=PLANE('',#6027);
#5133=PLANE('',#6031);
#5134=PLANE('',#6035);
#5135=PLANE('',#6036);
#5136=PLANE('',#6037);
#5137=PLANE('',#6038);
#5138=PLANE('',#6039);
#5139=PLANE('',#6040);
#5140=PLANE('',#6041);
#5141=PLANE('',#6042);
#5142=PLANE('',#6043);
#5143=PLANE('',#6044);
#5144=PLANE('',#6045);
#5145=PLANE('',#6046);
#5146=PLANE('',#6047);
#5147=PLANE('',#6048);
#5148=PLANE('',#6049);
#5149=PLANE('',#6053);
#5150=PLANE('',#6059);
#5151=PLANE('',#6065);
#5152=PLANE('',#6069);
#5153=PLANE('',#6070);
#5154=PLANE('',#6071);
#5155=PLANE('',#6072);
#5156=PLANE('',#6073);
#5157=PLANE('',#6074);
#5158=PLANE('',#6075);
#5159=PLANE('',#6076);
#5160=PLANE('',#6077);
#5161=PLANE('',#6078);
#5162=PLANE('',#6079);
#5163=PLANE('',#6080);
#5164=PLANE('',#6081);
#5165=PLANE('',#6082);
#5166=PLANE('',#6083);
#5167=PLANE('',#6084);
#5168=PLANE('',#6085);
#5169=PLANE('',#6086);
#5170=PLANE('',#6087);
#5171=PLANE('',#6088);
#5172=PLANE('',#6089);
#5173=PLANE('',#6090);
#5174=PLANE('',#6091);
#5175=PLANE('',#6092);
#5176=PLANE('',#6093);
#5177=PLANE('',#6094);
#5178=PLANE('',#6095);
#5179=PLANE('',#6096);
#5180=PLANE('',#6097);
#5181=STYLED_ITEM('',(#9053),#5448);
#5182=STYLED_ITEM('',(#9053),#5449);
#5183=STYLED_ITEM('',(#9053),#5450);
#5184=STYLED_ITEM('',(#9053),#5451);
#5185=STYLED_ITEM('',(#9053),#5452);
#5186=STYLED_ITEM('',(#9053),#5453);
#5187=STYLED_ITEM('',(#9053),#5454);
#5188=STYLED_ITEM('',(#9053),#5455);
#5189=STYLED_ITEM('',(#9053),#5456);
#5190=STYLED_ITEM('',(#9053),#5457);
#5191=STYLED_ITEM('',(#9053),#5458);
#5192=STYLED_ITEM('',(#9053),#5459);
#5193=STYLED_ITEM('',(#9053),#5460);
#5194=STYLED_ITEM('',(#9053),#5461);
#5195=STYLED_ITEM('',(#9053),#5462);
#5196=STYLED_ITEM('',(#9053),#5463);
#5197=STYLED_ITEM('',(#9053),#5464);
#5198=STYLED_ITEM('',(#9053),#5465);
#5199=STYLED_ITEM('',(#9053),#5466);
#5200=STYLED_ITEM('',(#9053),#5467);
#5201=STYLED_ITEM('',(#9053),#5468);
#5202=STYLED_ITEM('',(#9053),#5469);
#5203=STYLED_ITEM('',(#9053),#5470);
#5204=STYLED_ITEM('',(#9053),#5471);
#5205=STYLED_ITEM('',(#9053),#5472);
#5206=STYLED_ITEM('',(#9053),#5473);
#5207=STYLED_ITEM('',(#9053),#5474);
#5208=STYLED_ITEM('',(#9053),#5475);
#5209=STYLED_ITEM('',(#9053),#5476);
#5210=STYLED_ITEM('',(#9053),#5477);
#5211=STYLED_ITEM('',(#9053),#5478);
#5212=STYLED_ITEM('',(#9053),#5479);
#5213=STYLED_ITEM('',(#9053),#5480);
#5214=STYLED_ITEM('',(#9053),#5481);
#5215=STYLED_ITEM('',(#9053),#5482);
#5216=STYLED_ITEM('',(#9053),#5483);
#5217=STYLED_ITEM('',(#9053),#5484);
#5218=STYLED_ITEM('',(#9053),#5485);
#5219=STYLED_ITEM('',(#9053),#5486);
#5220=STYLED_ITEM('',(#9053),#5487);
#5221=STYLED_ITEM('',(#9053),#5488);
#5222=STYLED_ITEM('',(#9053),#5489);
#5223=STYLED_ITEM('',(#9053),#5490);
#5224=STYLED_ITEM('',(#9053),#5491);
#5225=STYLED_ITEM('',(#9053),#5492);
#5226=STYLED_ITEM('',(#9053),#5493);
#5227=STYLED_ITEM('',(#9053),#5494);
#5228=STYLED_ITEM('',(#9053),#5495);
#5229=STYLED_ITEM('',(#9053),#5496);
#5230=STYLED_ITEM('',(#9053),#5497);
#5231=STYLED_ITEM('',(#9053),#5498);
#5232=STYLED_ITEM('',(#9053),#5499);
#5233=STYLED_ITEM('',(#9053),#5500);
#5234=STYLED_ITEM('',(#9053),#5501);
#5235=STYLED_ITEM('',(#9053),#5502);
#5236=STYLED_ITEM('',(#9053),#5503);
#5237=STYLED_ITEM('',(#9053),#5504);
#5238=STYLED_ITEM('',(#9053),#5505);
#5239=STYLED_ITEM('',(#9053),#5506);
#5240=STYLED_ITEM('',(#9053),#5507);
#5241=STYLED_ITEM('',(#9053),#5508);
#5242=STYLED_ITEM('',(#9053),#5509);
#5243=STYLED_ITEM('',(#9053),#5510);
#5244=STYLED_ITEM('',(#9053),#5511);
#5245=STYLED_ITEM('',(#9053),#5512);
#5246=STYLED_ITEM('',(#9053),#5513);
#5247=STYLED_ITEM('',(#9053),#5514);
#5248=STYLED_ITEM('',(#9053),#5515);
#5249=STYLED_ITEM('',(#9053),#5516);
#5250=STYLED_ITEM('',(#9053),#5517);
#5251=STYLED_ITEM('',(#9053),#5518);
#5252=STYLED_ITEM('',(#9053),#5519);
#5253=STYLED_ITEM('',(#9053),#5520);
#5254=STYLED_ITEM('',(#9053),#5521);
#5255=STYLED_ITEM('',(#9053),#5522);
#5256=STYLED_ITEM('',(#9053),#5523);
#5257=STYLED_ITEM('',(#9053),#5524);
#5258=STYLED_ITEM('',(#9053),#5525);
#5259=STYLED_ITEM('',(#9053),#5526);
#5260=STYLED_ITEM('',(#9053),#5527);
#5261=STYLED_ITEM('',(#9053),#5528);
#5262=STYLED_ITEM('',(#9053),#5529);
#5263=STYLED_ITEM('',(#9053),#5530);
#5264=STYLED_ITEM('',(#9053),#5531);
#5265=STYLED_ITEM('',(#9053),#5532);
#5266=STYLED_ITEM('',(#9053),#5533);
#5267=STYLED_ITEM('',(#9053),#5534);
#5268=STYLED_ITEM('',(#9053),#5535);
#5269=STYLED_ITEM('',(#9053),#5536);
#5270=STYLED_ITEM('',(#9053),#5537);
#5271=STYLED_ITEM('',(#9053),#5538);
#5272=STYLED_ITEM('',(#9053),#5539);
#5273=STYLED_ITEM('',(#9053),#5540);
#5274=STYLED_ITEM('',(#9053),#5541);
#5275=STYLED_ITEM('',(#9053),#5542);
#5276=STYLED_ITEM('',(#9053),#5543);
#5277=STYLED_ITEM('',(#9053),#5544);
#5278=STYLED_ITEM('',(#9053),#5545);
#5279=STYLED_ITEM('',(#9053),#5546);
#5280=STYLED_ITEM('',(#9053),#5547);
#5281=STYLED_ITEM('',(#9053),#5548);
#5282=STYLED_ITEM('',(#9053),#5549);
#5283=STYLED_ITEM('',(#9053),#5550);
#5284=STYLED_ITEM('',(#9053),#5551);
#5285=STYLED_ITEM('',(#9053),#5552);
#5286=STYLED_ITEM('',(#9053),#5553);
#5287=STYLED_ITEM('',(#9053),#5554);
#5288=STYLED_ITEM('',(#9053),#5555);
#5289=STYLED_ITEM('',(#9053),#5556);
#5290=STYLED_ITEM('',(#9053),#5557);
#5291=STYLED_ITEM('',(#9053),#5558);
#5292=STYLED_ITEM('',(#9053),#5559);
#5293=STYLED_ITEM('',(#9053),#5560);
#5294=STYLED_ITEM('',(#9053),#5561);
#5295=STYLED_ITEM('',(#9053),#5562);
#5296=STYLED_ITEM('',(#9053),#5563);
#5297=STYLED_ITEM('',(#9053),#5564);
#5298=STYLED_ITEM('',(#9053),#5565);
#5299=STYLED_ITEM('',(#9053),#5566);
#5300=STYLED_ITEM('',(#9053),#5567);
#5301=STYLED_ITEM('',(#9053),#5568);
#5302=STYLED_ITEM('',(#9053),#5569);
#5303=STYLED_ITEM('',(#9053),#5570);
#5304=STYLED_ITEM('',(#9053),#5571);
#5305=STYLED_ITEM('',(#9053),#5572);
#5306=STYLED_ITEM('',(#9053),#5573);
#5307=STYLED_ITEM('',(#9053),#5574);
#5308=STYLED_ITEM('',(#9053),#5575);
#5309=STYLED_ITEM('',(#9053),#5576);
#5310=STYLED_ITEM('',(#9053),#5577);
#5311=STYLED_ITEM('',(#9053),#5578);
#5312=STYLED_ITEM('',(#9053),#5579);
#5313=STYLED_ITEM('',(#9053),#5580);
#5314=STYLED_ITEM('',(#9053),#5581);
#5315=STYLED_ITEM('',(#9053),#5582);
#5316=STYLED_ITEM('',(#9053),#5583);
#5317=STYLED_ITEM('',(#9053),#5584);
#5318=STYLED_ITEM('',(#9053),#5585);
#5319=STYLED_ITEM('',(#9053),#5586);
#5320=STYLED_ITEM('',(#9053),#5587);
#5321=STYLED_ITEM('',(#9053),#5588);
#5322=STYLED_ITEM('',(#9053),#5589);
#5323=STYLED_ITEM('',(#9053),#5590);
#5324=STYLED_ITEM('',(#9053),#5591);
#5325=STYLED_ITEM('',(#9053),#5592);
#5326=STYLED_ITEM('',(#9053),#5593);
#5327=STYLED_ITEM('',(#9053),#5594);
#5328=STYLED_ITEM('',(#9053),#5595);
#5329=STYLED_ITEM('',(#9053),#5596);
#5330=STYLED_ITEM('',(#9053),#5597);
#5331=STYLED_ITEM('',(#9053),#5598);
#5332=STYLED_ITEM('',(#9053),#5599);
#5333=STYLED_ITEM('',(#9053),#5600);
#5334=STYLED_ITEM('',(#9053),#5601);
#5335=STYLED_ITEM('',(#9053),#5602);
#5336=STYLED_ITEM('',(#9053),#5603);
#5337=STYLED_ITEM('',(#9053),#5604);
#5338=STYLED_ITEM('',(#9053),#5605);
#5339=STYLED_ITEM('',(#9053),#5606);
#5340=STYLED_ITEM('',(#9053),#5607);
#5341=STYLED_ITEM('',(#9053),#5608);
#5342=STYLED_ITEM('',(#9053),#5609);
#5343=STYLED_ITEM('',(#9053),#5610);
#5344=STYLED_ITEM('',(#9053),#5611);
#5345=STYLED_ITEM('',(#9053),#5612);
#5346=STYLED_ITEM('',(#9053),#5613);
#5347=STYLED_ITEM('',(#9053),#5614);
#5348=STYLED_ITEM('',(#9053),#5615);
#5349=STYLED_ITEM('',(#9053),#5616);
#5350=STYLED_ITEM('',(#9053),#5617);
#5351=STYLED_ITEM('',(#9053),#5618);
#5352=STYLED_ITEM('',(#9053),#5619);
#5353=STYLED_ITEM('',(#9053),#5620);
#5354=STYLED_ITEM('',(#9053),#5621);
#5355=STYLED_ITEM('',(#9053),#5622);
#5356=STYLED_ITEM('',(#9053),#5623);
#5357=STYLED_ITEM('',(#9053),#5624);
#5358=STYLED_ITEM('',(#9053),#5625);
#5359=STYLED_ITEM('',(#9053),#5626);
#5360=STYLED_ITEM('',(#9053),#5627);
#5361=STYLED_ITEM('',(#9053),#5628);
#5362=STYLED_ITEM('',(#9053),#5629);
#5363=STYLED_ITEM('',(#9053),#5630);
#5364=STYLED_ITEM('',(#9053),#5631);
#5365=STYLED_ITEM('',(#9053),#5632);
#5366=STYLED_ITEM('',(#9053),#5633);
#5367=STYLED_ITEM('',(#9053),#5634);
#5368=STYLED_ITEM('',(#9053),#5635);
#5369=STYLED_ITEM('',(#9053),#5636);
#5370=STYLED_ITEM('',(#9053),#5637);
#5371=STYLED_ITEM('',(#9053),#5638);
#5372=STYLED_ITEM('',(#9053),#5639);
#5373=STYLED_ITEM('',(#9053),#5640);
#5374=STYLED_ITEM('',(#9053),#5641);
#5375=STYLED_ITEM('',(#9053),#5642);
#5376=STYLED_ITEM('',(#9053),#5643);
#5377=STYLED_ITEM('',(#9053),#5644);
#5378=STYLED_ITEM('',(#9053),#5645);
#5379=STYLED_ITEM('',(#9053),#5646);
#5380=STYLED_ITEM('',(#9053),#5647);
#5381=STYLED_ITEM('',(#9053),#5648);
#5382=STYLED_ITEM('',(#9053),#5649);
#5383=STYLED_ITEM('',(#9053),#5650);
#5384=STYLED_ITEM('',(#9053),#5651);
#5385=STYLED_ITEM('',(#9053),#5652);
#5386=STYLED_ITEM('',(#9053),#5653);
#5387=STYLED_ITEM('',(#9053),#5654);
#5388=STYLED_ITEM('',(#9053),#5655);
#5389=STYLED_ITEM('',(#9053),#5656);
#5390=STYLED_ITEM('',(#9053),#5657);
#5391=STYLED_ITEM('',(#9053),#5658);
#5392=STYLED_ITEM('',(#9053),#5659);
#5393=STYLED_ITEM('',(#9053),#5660);
#5394=STYLED_ITEM('',(#9053),#5661);
#5395=STYLED_ITEM('',(#9053),#5662);
#5396=STYLED_ITEM('',(#9053),#5663);
#5397=STYLED_ITEM('',(#9053),#5664);
#5398=STYLED_ITEM('',(#9053),#5665);
#5399=STYLED_ITEM('',(#9053),#5666);
#5400=STYLED_ITEM('',(#9053),#5667);
#5401=STYLED_ITEM('',(#9053),#5668);
#5402=STYLED_ITEM('',(#9053),#5669);
#5403=STYLED_ITEM('',(#9053),#5670);
#5404=STYLED_ITEM('',(#9053),#5671);
#5405=STYLED_ITEM('',(#9053),#5672);
#5406=STYLED_ITEM('',(#9053),#5673);
#5407=STYLED_ITEM('',(#9053),#5674);
#5408=STYLED_ITEM('',(#9053),#5675);
#5409=STYLED_ITEM('',(#9053),#5676);
#5410=STYLED_ITEM('',(#9053),#5677);
#5411=STYLED_ITEM('',(#9053),#5678);
#5412=STYLED_ITEM('',(#9053),#5679);
#5413=STYLED_ITEM('',(#9053),#5680);
#5414=STYLED_ITEM('',(#9053),#5681);
#5415=STYLED_ITEM('',(#9053),#5682);
#5416=STYLED_ITEM('',(#9053),#5683);
#5417=STYLED_ITEM('',(#9053),#5684);
#5418=STYLED_ITEM('',(#9053),#5685);
#5419=STYLED_ITEM('',(#9053),#5686);
#5420=STYLED_ITEM('',(#9053),#5687);
#5421=STYLED_ITEM('',(#9053),#5688);
#5422=STYLED_ITEM('',(#9053),#5689);
#5423=STYLED_ITEM('',(#9053),#5690);
#5424=STYLED_ITEM('',(#9053),#5691);
#5425=STYLED_ITEM('',(#9053),#5692);
#5426=STYLED_ITEM('',(#9053),#5693);
#5427=STYLED_ITEM('',(#9053),#5694);
#5428=STYLED_ITEM('',(#9053),#5695);
#5429=STYLED_ITEM('',(#9053),#5696);
#5430=STYLED_ITEM('',(#9053),#5697);
#5431=STYLED_ITEM('',(#9053),#5698);
#5432=STYLED_ITEM('',(#9053),#5699);
#5433=STYLED_ITEM('',(#9053),#5700);
#5434=STYLED_ITEM('',(#9053),#5701);
#5435=STYLED_ITEM('',(#9053),#5702);
#5436=STYLED_ITEM('',(#9053),#5703);
#5437=STYLED_ITEM('',(#9053),#5704);
#5438=STYLED_ITEM('',(#9053),#5705);
#5439=STYLED_ITEM('',(#9053),#5706);
#5440=STYLED_ITEM('',(#9053),#5707);
#5441=STYLED_ITEM('',(#9053),#5708);
#5442=STYLED_ITEM('',(#9053),#5709);
#5443=STYLED_ITEM('',(#9053),#5710);
#5444=STYLED_ITEM('',(#9053),#5711);
#5445=STYLED_ITEM('',(#9053),#5712);
#5446=STYLED_ITEM('',(#9053),#5713);
#5447=STYLED_ITEM('',(#9052),#13);
#5448=ADVANCED_FACE('',(#214),#4940,.F.);
#5449=ADVANCED_FACE('',(#215),#4941,.F.);
#5450=ADVANCED_FACE('',(#216),#4942,.F.);
#5451=ADVANCED_FACE('',(#217),#4943,.F.);
#5452=ADVANCED_FACE('',(#218),#4944,.F.);
#5453=ADVANCED_FACE('',(#219),#4945,.F.);
#5454=ADVANCED_FACE('',(#220),#4946,.F.);
#5455=ADVANCED_FACE('',(#221),#4947,.F.);
#5456=ADVANCED_FACE('',(#222),#4948,.F.);
#5457=ADVANCED_FACE('',(#223),#4949,.F.);
#5458=ADVANCED_FACE('',(#224),#4950,.F.);
#5459=ADVANCED_FACE('',(#225),#4951,.F.);
#5460=ADVANCED_FACE('',(#226),#4952,.F.);
#5461=ADVANCED_FACE('',(#227),#4953,.F.);
#5462=ADVANCED_FACE('',(#228),#4954,.F.);
#5463=ADVANCED_FACE('',(#229),#4955,.F.);
#5464=ADVANCED_FACE('',(#230),#4956,.F.);
#5465=ADVANCED_FACE('',(#231),#4957,.F.);
#5466=ADVANCED_FACE('',(#232),#4958,.F.);
#5467=ADVANCED_FACE('',(#233),#4959,.F.);
#5468=ADVANCED_FACE('',(#234),#4960,.F.);
#5469=ADVANCED_FACE('',(#235),#4961,.F.);
#5470=ADVANCED_FACE('',(#236),#4962,.F.);
#5471=ADVANCED_FACE('',(#237),#4963,.F.);
#5472=ADVANCED_FACE('',(#238),#4964,.F.);
#5473=ADVANCED_FACE('',(#239),#4965,.F.);
#5474=ADVANCED_FACE('',(#240),#4966,.F.);
#5475=ADVANCED_FACE('',(#241),#4967,.F.);
#5476=ADVANCED_FACE('',(#242),#4968,.F.);
#5477=ADVANCED_FACE('',(#243),#4969,.F.);
#5478=ADVANCED_FACE('',(#244),#4970,.F.);
#5479=ADVANCED_FACE('',(#245),#4971,.F.);
#5480=ADVANCED_FACE('',(#246),#4972,.F.);
#5481=ADVANCED_FACE('',(#247),#4973,.F.);
#5482=ADVANCED_FACE('',(#248),#4974,.F.);
#5483=ADVANCED_FACE('',(#249),#4975,.F.);
#5484=ADVANCED_FACE('',(#250),#4976,.F.);
#5485=ADVANCED_FACE('',(#251),#4977,.F.);
#5486=ADVANCED_FACE('',(#252),#4978,.F.);
#5487=ADVANCED_FACE('',(#253),#4979,.F.);
#5488=ADVANCED_FACE('',(#254),#4980,.F.);
#5489=ADVANCED_FACE('',(#255),#4981,.F.);
#5490=ADVANCED_FACE('',(#256),#4982,.F.);
#5491=ADVANCED_FACE('',(#257),#4983,.F.);
#5492=ADVANCED_FACE('',(#258),#4984,.F.);
#5493=ADVANCED_FACE('',(#259),#4985,.F.);
#5494=ADVANCED_FACE('',(#260),#4986,.F.);
#5495=ADVANCED_FACE('',(#261),#4987,.F.);
#5496=ADVANCED_FACE('',(#262),#4988,.F.);
#5497=ADVANCED_FACE('',(#263),#4989,.F.);
#5498=ADVANCED_FACE('',(#264),#4990,.F.);
#5499=ADVANCED_FACE('',(#265),#4991,.F.);
#5500=ADVANCED_FACE('',(#266),#4992,.F.);
#5501=ADVANCED_FACE('',(#267),#4993,.F.);
#5502=ADVANCED_FACE('',(#268),#4994,.F.);
#5503=ADVANCED_FACE('',(#269),#4995,.F.);
#5504=ADVANCED_FACE('',(#270),#4996,.F.);
#5505=ADVANCED_FACE('',(#271),#4997,.F.);
#5506=ADVANCED_FACE('',(#272),#4998,.F.);
#5507=ADVANCED_FACE('',(#273),#4999,.F.);
#5508=ADVANCED_FACE('',(#274),#5000,.F.);
#5509=ADVANCED_FACE('',(#275),#5001,.F.);
#5510=ADVANCED_FACE('',(#276),#5002,.F.);
#5511=ADVANCED_FACE('',(#277),#5003,.F.);
#5512=ADVANCED_FACE('',(#278),#5004,.F.);
#5513=ADVANCED_FACE('',(#279),#5005,.F.);
#5514=ADVANCED_FACE('',(#280),#5006,.F.);
#5515=ADVANCED_FACE('',(#281),#5007,.F.);
#5516=ADVANCED_FACE('',(#282),#5008,.F.);
#5517=ADVANCED_FACE('',(#283),#5009,.F.);
#5518=ADVANCED_FACE('',(#284),#5010,.F.);
#5519=ADVANCED_FACE('',(#285),#5011,.F.);
#5520=ADVANCED_FACE('',(#286),#5012,.F.);
#5521=ADVANCED_FACE('',(#287),#5013,.F.);
#5522=ADVANCED_FACE('',(#288),#5014,.F.);
#5523=ADVANCED_FACE('',(#289),#5015,.F.);
#5524=ADVANCED_FACE('',(#290),#5016,.F.);
#5525=ADVANCED_FACE('',(#291),#5017,.F.);
#5526=ADVANCED_FACE('',(#292),#5018,.F.);
#5527=ADVANCED_FACE('',(#293),#5019,.F.);
#5528=ADVANCED_FACE('',(#294),#5020,.F.);
#5529=ADVANCED_FACE('',(#295),#5021,.F.);
#5530=ADVANCED_FACE('',(#296),#5022,.F.);
#5531=ADVANCED_FACE('',(#297,#41),#5023,.T.);
#5532=ADVANCED_FACE('',(#298,#42),#5024,.T.);
#5533=ADVANCED_FACE('',(#299),#5025,.T.);
#5534=ADVANCED_FACE('',(#300),#16,.F.);
#5535=ADVANCED_FACE('',(#301),#5026,.F.);
#5536=ADVANCED_FACE('',(#302),#5027,.F.);
#5537=ADVANCED_FACE('',(#303),#5028,.F.);
#5538=ADVANCED_FACE('',(#304),#5029,.F.);
#5539=ADVANCED_FACE('',(#305,#43),#5030,.F.);
#5540=ADVANCED_FACE('',(#306),#5031,.T.);
#5541=ADVANCED_FACE('',(#307),#5032,.T.);
#5542=ADVANCED_FACE('',(#308),#5033,.T.);
#5543=ADVANCED_FACE('',(#309),#5034,.T.);
#5544=ADVANCED_FACE('',(#310,#44),#5035,.T.);
#5545=ADVANCED_FACE('',(#311),#17,.T.);
#5546=ADVANCED_FACE('',(#312),#5036,.T.);
#5547=ADVANCED_FACE('',(#313),#18,.T.);
#5548=ADVANCED_FACE('',(#314),#5037,.T.);
#5549=ADVANCED_FACE('',(#315),#19,.T.);
#5550=ADVANCED_FACE('',(#316),#5038,.T.);
#5551=ADVANCED_FACE('',(#317),#20,.T.);
#5552=ADVANCED_FACE('',(#318),#5039,.T.);
#5553=ADVANCED_FACE('',(#319),#5040,.F.);
#5554=ADVANCED_FACE('',(#320),#5041,.F.);
#5555=ADVANCED_FACE('',(#321),#5042,.F.);
#5556=ADVANCED_FACE('',(#322),#5043,.F.);
#5557=ADVANCED_FACE('',(#323),#5044,.F.);
#5558=ADVANCED_FACE('',(#324),#5045,.F.);
#5559=ADVANCED_FACE('',(#325),#5046,.F.);
#5560=ADVANCED_FACE('',(#326),#5047,.F.);
#5561=ADVANCED_FACE('',(#327),#5048,.T.);
#5562=ADVANCED_FACE('',(#328),#5049,.F.);
#5563=ADVANCED_FACE('',(#329),#5050,.F.);
#5564=ADVANCED_FACE('',(#330),#5051,.F.);
#5565=ADVANCED_FACE('',(#331),#5052,.F.);
#5566=ADVANCED_FACE('',(#332),#5053,.F.);
#5567=ADVANCED_FACE('',(#333),#5054,.F.);
#5568=ADVANCED_FACE('',(#334),#5055,.F.);
#5569=ADVANCED_FACE('',(#335),#5056,.F.);
#5570=ADVANCED_FACE('',(#336),#5057,.T.);
#5571=ADVANCED_FACE('',(#337),#5058,.F.);
#5572=ADVANCED_FACE('',(#338),#5059,.F.);
#5573=ADVANCED_FACE('',(#339),#5060,.F.);
#5574=ADVANCED_FACE('',(#340),#5061,.F.);
#5575=ADVANCED_FACE('',(#341),#5062,.F.);
#5576=ADVANCED_FACE('',(#342),#5063,.F.);
#5577=ADVANCED_FACE('',(#343),#5064,.F.);
#5578=ADVANCED_FACE('',(#344),#5065,.F.);
#5579=ADVANCED_FACE('',(#345),#5066,.F.);
#5580=ADVANCED_FACE('',(#346),#5067,.F.);
#5581=ADVANCED_FACE('',(#347),#5068,.T.);
#5582=ADVANCED_FACE('',(#348,#45,#46),#5069,.T.);
#5583=ADVANCED_FACE('',(#349),#5070,.T.);
#5584=ADVANCED_FACE('',(#350),#5071,.T.);
#5585=ADVANCED_FACE('',(#351),#5072,.T.);
#5586=ADVANCED_FACE('',(#352),#5073,.T.);
#5587=ADVANCED_FACE('',(#353),#5074,.T.);
#5588=ADVANCED_FACE('',(#354),#5075,.T.);
#5589=ADVANCED_FACE('',(#355),#5076,.T.);
#5590=ADVANCED_FACE('',(#356),#5077,.T.);
#5591=ADVANCED_FACE('',(#357),#5078,.T.);
#5592=ADVANCED_FACE('',(#358),#5079,.T.);
#5593=ADVANCED_FACE('',(#359),#5080,.T.);
#5594=ADVANCED_FACE('',(#360),#21,.T.);
#5595=ADVANCED_FACE('',(#361,#47),#5081,.T.);
#5596=ADVANCED_FACE('',(#362),#5082,.F.);
#5597=ADVANCED_FACE('',(#363),#5083,.T.);
#5598=ADVANCED_FACE('',(#364),#22,.F.);
#5599=ADVANCED_FACE('',(#365),#5084,.T.);
#5600=ADVANCED_FACE('',(#366),#23,.F.);
#5601=ADVANCED_FACE('',(#367),#5085,.T.);
#5602=ADVANCED_FACE('',(#368),#24,.F.);
#5603=ADVANCED_FACE('',(#369),#5086,.T.);
#5604=ADVANCED_FACE('',(#370),#25,.F.);
#5605=ADVANCED_FACE('',(#371),#5087,.T.);
#5606=ADVANCED_FACE('',(#372),#26,.F.);
#5607=ADVANCED_FACE('',(#373),#5088,.T.);
#5608=ADVANCED_FACE('',(#374),#27,.T.);
#5609=ADVANCED_FACE('',(#375,#48),#5089,.T.);
#5610=ADVANCED_FACE('',(#376),#28,.T.);
#5611=ADVANCED_FACE('',(#377,#49),#5090,.T.);
#5612=ADVANCED_FACE('',(#378),#29,.T.);
#5613=ADVANCED_FACE('',(#379,#50),#5091,.T.);
#5614=ADVANCED_FACE('',(#380),#30,.T.);
#5615=ADVANCED_FACE('',(#381,#51),#5092,.T.);
#5616=ADVANCED_FACE('',(#382),#31,.F.);
#5617=ADVANCED_FACE('',(#383),#32,.F.);
#5618=ADVANCED_FACE('',(#384),#33,.F.);
#5619=ADVANCED_FACE('',(#385),#34,.F.);
#5620=ADVANCED_FACE('',(#386,#52),#5093,.T.);
#5621=ADVANCED_FACE('',(#387,#53),#5094,.T.);
#5622=ADVANCED_FACE('',(#388,#54),#5095,.T.);
#5623=ADVANCED_FACE('',(#389,#55),#5096,.T.);
#5624=ADVANCED_FACE('',(#390),#5097,.F.);
#5625=ADVANCED_FACE('',(#391),#5098,.T.);
#5626=ADVANCED_FACE('',(#392),#5099,.T.);
#5627=ADVANCED_FACE('',(#393),#5100,.T.);
#5628=ADVANCED_FACE('',(#394),#5101,.T.);
#5629=ADVANCED_FACE('',(#395),#5102,.T.);
#5630=ADVANCED_FACE('',(#396),#5103,.T.);
#5631=ADVANCED_FACE('',(#397),#5104,.T.);
#5632=ADVANCED_FACE('',(#398),#5105,.T.);
#5633=ADVANCED_FACE('',(#399),#5106,.F.);
#5634=ADVANCED_FACE('',(#400),#5107,.F.);
#5635=ADVANCED_FACE('',(#401),#5108,.F.);
#5636=ADVANCED_FACE('',(#402),#5109,.T.);
#5637=ADVANCED_FACE('',(#403),#5110,.T.);
#5638=ADVANCED_FACE('',(#404),#5111,.F.);
#5639=ADVANCED_FACE('',(#405),#5112,.F.);
#5640=ADVANCED_FACE('',(#406),#5113,.F.);
#5641=ADVANCED_FACE('',(#407),#5114,.F.);
#5642=ADVANCED_FACE('',(#408,#56,#57,#58,#59,#60,#61,#62,#63,#64,#65,#66,
#67,#68,#69,#70,#71,#72,#73,#74,#75,#76),#5115,.T.);
#5643=ADVANCED_FACE('',(#409,#77,#78,#79,#80,#81,#82,#83,#84,#85,#86,#87,
#88,#89,#90,#91,#92,#93,#94,#95,#96,#97,#98,#99,#100,#101,#102,#103,#104,
#105,#106,#107,#108),#5116,.F.);
#5644=ADVANCED_FACE('',(#410),#5117,.T.);
#5645=ADVANCED_FACE('',(#411),#5118,.T.);
#5646=ADVANCED_FACE('',(#412),#5119,.F.);
#5647=ADVANCED_FACE('',(#413,#109),#5120,.F.);
#5648=ADVANCED_FACE('',(#414),#5121,.F.);
#5649=ADVANCED_FACE('',(#415),#5122,.F.);
#5650=ADVANCED_FACE('',(#416,#110),#5123,.F.);
#5651=ADVANCED_FACE('',(#417),#5124,.F.);
#5652=ADVANCED_FACE('',(#418,#111),#5125,.F.);
#5653=ADVANCED_FACE('',(#419),#5126,.F.);
#5654=ADVANCED_FACE('',(#420,#112),#5127,.F.);
#5655=ADVANCED_FACE('',(#421),#5128,.F.);
#5656=ADVANCED_FACE('',(#422),#5129,.T.);
#5657=ADVANCED_FACE('',(#423),#5130,.T.);
#5658=ADVANCED_FACE('',(#424),#5131,.T.);
#5659=ADVANCED_FACE('',(#425),#5132,.F.);
#5660=ADVANCED_FACE('',(#426),#35,.F.);
#5661=ADVANCED_FACE('',(#427),#5133,.F.);
#5662=ADVANCED_FACE('',(#428),#36,.F.);
#5663=ADVANCED_FACE('',(#429),#5134,.T.);
#5664=ADVANCED_FACE('',(#430,#113),#5135,.T.);
#5665=ADVANCED_FACE('',(#431),#5136,.T.);
#5666=ADVANCED_FACE('',(#432,#114),#5137,.T.);
#5667=ADVANCED_FACE('',(#433),#5138,.F.);
#5668=ADVANCED_FACE('',(#434),#5139,.T.);
#5669=ADVANCED_FACE('',(#435),#5140,.T.);
#5670=ADVANCED_FACE('',(#436),#5141,.F.);
#5671=ADVANCED_FACE('',(#437),#5142,.F.);
#5672=ADVANCED_FACE('',(#438),#5143,.F.);
#5673=ADVANCED_FACE('',(#439,#115),#5144,.F.);
#5674=ADVANCED_FACE('',(#440),#5145,.F.);
#5675=ADVANCED_FACE('',(#441),#5146,.T.);
#5676=ADVANCED_FACE('',(#442),#5147,.T.);
#5677=ADVANCED_FACE('',(#443),#5148,.F.);
#5678=ADVANCED_FACE('',(#444),#37,.F.);
#5679=ADVANCED_FACE('',(#445),#5149,.T.);
#5680=ADVANCED_FACE('',(#446),#38,.F.);
#5681=ADVANCED_FACE('',(#447),#5150,.T.);
#5682=ADVANCED_FACE('',(#448),#39,.F.);
#5683=ADVANCED_FACE('',(#449),#5151,.T.);
#5684=ADVANCED_FACE('',(#450),#40,.F.);
#5685=ADVANCED_FACE('',(#451),#5152,.T.);
#5686=ADVANCED_FACE('',(#452),#5153,.T.);
#5687=ADVANCED_FACE('',(#453),#5154,.T.);
#5688=ADVANCED_FACE('',(#454),#5155,.T.);
#5689=ADVANCED_FACE('',(#455,#116,#117),#5156,.T.);
#5690=ADVANCED_FACE('',(#456),#5157,.T.);
#5691=ADVANCED_FACE('',(#457),#5158,.T.);
#5692=ADVANCED_FACE('',(#458),#5159,.F.);
#5693=ADVANCED_FACE('',(#459),#5160,.F.);
#5694=ADVANCED_FACE('',(#460),#5161,.F.);
#5695=ADVANCED_FACE('',(#461),#5162,.F.);
#5696=ADVANCED_FACE('',(#462),#5163,.F.);
#5697=ADVANCED_FACE('',(#463),#5164,.F.);
#5698=ADVANCED_FACE('',(#464),#5165,.F.);
#5699=ADVANCED_FACE('',(#465),#5166,.F.);
#5700=ADVANCED_FACE('',(#466),#5167,.F.);
#5701=ADVANCED_FACE('',(#467),#5168,.F.);
#5702=ADVANCED_FACE('',(#468),#5169,.F.);
#5703=ADVANCED_FACE('',(#469),#5170,.F.);
#5704=ADVANCED_FACE('',(#470),#5171,.F.);
#5705=ADVANCED_FACE('',(#471),#5172,.F.);
#5706=ADVANCED_FACE('',(#472),#5173,.F.);
#5707=ADVANCED_FACE('',(#473),#5174,.T.);
#5708=ADVANCED_FACE('',(#474),#5175,.T.);
#5709=ADVANCED_FACE('',(#475),#5176,.T.);
#5710=ADVANCED_FACE('',(#476),#5177,.T.);
#5711=ADVANCED_FACE('',(#477),#5178,.T.);
#5712=ADVANCED_FACE('',(#478),#5179,.T.);
#5713=ADVANCED_FACE('',(#479),#5180,.T.);
#5714=CLOSED_SHELL('',(#5448,#5449,#5450,#5451,#5452,#5453,#5454,#5455,
#5456,#5457,#5458,#5459,#5460,#5461,#5462,#5463,#5464,#5465,#5466,#5467,
#5468,#5469,#5470,#5471,#5472,#5473,#5474,#5475,#5476,#5477,#5478,#5479,
#5480,#5481,#5482,#5483,#5484,#5485,#5486,#5487,#5488,#5489,#5490,#5491,
#5492,#5493,#5494,#5495,#5496,#5497,#5498,#5499,#5500,#5501,#5502,#5503,
#5504,#5505,#5506,#5507,#5508,#5509,#5510,#5511,#5512,#5513,#5514,#5515,
#5516,#5517,#5518,#5519,#5520,#5521,#5522,#5523,#5524,#5525,#5526,#5527,
#5528,#5529,#5530,#5531,#5532,#5533,#5534,#5535,#5536,#5537,#5538,#5539,
#5540,#5541,#5542,#5543,#5544,#5545,#5546,#5547,#5548,#5549,#5550,#5551,
#5552,#5553,#5554,#5555,#5556,#5557,#5558,#5559,#5560,#5561,#5562,#5563,
#5564,#5565,#5566,#5567,#5568,#5569,#5570,#5571,#5572,#5573,#5574,#5575,
#5576,#5577,#5578,#5579,#5580,#5581,#5582,#5583,#5584,#5585,#5586,#5587,
#5588,#5589,#5590,#5591,#5592,#5593,#5594,#5595,#5596,#5597,#5598,#5599,
#5600,#5601,#5602,#5603,#5604,#5605,#5606,#5607,#5608,#5609,#5610,#5611,
#5612,#5613,#5614,#5615,#5616,#5617,#5618,#5619,#5620,#5621,#5622,#5623,
#5624,#5625,#5626,#5627,#5628,#5629,#5630,#5631,#5632,#5633,#5634,#5635,
#5636,#5637,#5638,#5639,#5640,#5641,#5642,#5643,#5644,#5645,#5646,#5647,
#5648,#5649,#5650,#5651,#5652,#5653,#5654,#5655,#5656,#5657,#5658,#5659,
#5660,#5661,#5662,#5663,#5664,#5665,#5666,#5667,#5668,#5669,#5670,#5671,
#5672,#5673,#5674,#5675,#5676,#5677,#5678,#5679,#5680,#5681,#5682,#5683,
#5684,#5685,#5686,#5687,#5688,#5689,#5690,#5691,#5692,#5693,#5694,#5695,
#5696,#5697,#5698,#5699,#5700,#5701,#5702,#5703,#5704,#5705,#5706,#5707,
#5708,#5709,#5710,#5711,#5712,#5713));
#5715=DERIVED_UNIT_ELEMENT(#5717,1.);
#5716=DERIVED_UNIT_ELEMENT(#9038,3.);
#5717=(
MASS_UNIT()
NAMED_UNIT(*)
SI_UNIT($,.GRAM.)
);
#5718=DERIVED_UNIT((#5715,#5716));
#5719=MEASURE_REPRESENTATION_ITEM('density measure',
POSITIVE_RATIO_MEASURE(1.),#5718);
#5720=PROPERTY_DEFINITION_REPRESENTATION(#5725,#5722);
#5721=PROPERTY_DEFINITION_REPRESENTATION(#5726,#5723);
#5722=REPRESENTATION('material name',(#5724),#9035);
#5723=REPRESENTATION('density',(#5719),#9035);
#5724=DESCRIPTIVE_REPRESENTATION_ITEM('Generisch','Generisch');
#5725=PROPERTY_DEFINITION('material property','material name',#9045);
#5726=PROPERTY_DEFINITION('material property','density of part',#9045);
#5727=DATE_TIME_ROLE('creation_date');
#5728=APPLIED_DATE_AND_TIME_ASSIGNMENT(#5729,#5727,(#9045));
#5729=DATE_AND_TIME(#5730,#5731);
#5730=CALENDAR_DATE(2024,29,7);
#5731=LOCAL_TIME(0,0,0.,#5732);
#5732=COORDINATED_UNIVERSAL_TIME_OFFSET(0,0,.BEHIND.);
#5733=AXIS2_PLACEMENT_3D('placement',#7489,#6098,#6099);
#5734=AXIS2_PLACEMENT_3D('',#7490,#6100,#6101);
#5735=AXIS2_PLACEMENT_3D('',#7499,#6106,#6107);
#5736=AXIS2_PLACEMENT_3D('',#7505,#6111,#6112);
#5737=AXIS2_PLACEMENT_3D('',#7511,#6116,#6117);
#5738=AXIS2_PLACEMENT_3D('',#7514,#6120,#6121);
#5739=AXIS2_PLACEMENT_3D('',#7523,#6126,#6127);
#5740=AXIS2_PLACEMENT_3D('',#7529,#6131,#6132);
#5741=AXIS2_PLACEMENT_3D('',#7535,#6136,#6137);
#5742=AXIS2_PLACEMENT_3D('',#7538,#6140,#6141);
#5743=AXIS2_PLACEMENT_3D('',#7547,#6146,#6147);
#5744=AXIS2_PLACEMENT_3D('',#7553,#6151,#6152);
#5745=AXIS2_PLACEMENT_3D('',#7559,#6156,#6157);
#5746=AXIS2_PLACEMENT_3D('',#7562,#6160,#6161);
#5747=AXIS2_PLACEMENT_3D('',#7571,#6166,#6167);
#5748=AXIS2_PLACEMENT_3D('',#7577,#6171,#6172);
#5749=AXIS2_PLACEMENT_3D('',#7583,#6176,#6177);
#5750=AXIS2_PLACEMENT_3D('',#7586,#6180,#6181);
#5751=AXIS2_PLACEMENT_3D('',#7595,#6186,#6187);
#5752=AXIS2_PLACEMENT_3D('',#7601,#6191,#6192);
#5753=AXIS2_PLACEMENT_3D('',#7607,#6196,#6197);
#5754=AXIS2_PLACEMENT_3D('',#7610,#6200,#6201);
#5755=AXIS2_PLACEMENT_3D('',#7619,#6206,#6207);
#5756=AXIS2_PLACEMENT_3D('',#7625,#6211,#6212);
#5757=AXIS2_PLACEMENT_3D('',#7631,#6216,#6217);
#5758=AXIS2_PLACEMENT_3D('',#7634,#6220,#6221);
#5759=AXIS2_PLACEMENT_3D('',#7643,#6226,#6227);
#5760=AXIS2_PLACEMENT_3D('',#7649,#6231,#6232);
#5761=AXIS2_PLACEMENT_3D('',#7655,#6236,#6237);
#5762=AXIS2_PLACEMENT_3D('',#7658,#6240,#6241);
#5763=AXIS2_PLACEMENT_3D('',#7667,#6246,#6247);
#5764=AXIS2_PLACEMENT_3D('',#7673,#6251,#6252);
#5765=AXIS2_PLACEMENT_3D('',#7679,#6256,#6257);
#5766=AXIS2_PLACEMENT_3D('',#7682,#6260,#6261);
#5767=AXIS2_PLACEMENT_3D('',#7691,#6266,#6267);
#5768=AXIS2_PLACEMENT_3D('',#7697,#6271,#6272);
#5769=AXIS2_PLACEMENT_3D('',#7703,#6276,#6277);
#5770=AXIS2_PLACEMENT_3D('',#7706,#6280,#6281);
#5771=AXIS2_PLACEMENT_3D('',#7715,#6286,#6287);
#5772=AXIS2_PLACEMENT_3D('',#7721,#6291,#6292);
#5773=AXIS2_PLACEMENT_3D('',#7727,#6296,#6297);
#5774=AXIS2_PLACEMENT_3D('',#7730,#6300,#6301);
#5775=AXIS2_PLACEMENT_3D('',#7739,#6306,#6307);
#5776=AXIS2_PLACEMENT_3D('',#7745,#6311,#6312);
#5777=AXIS2_PLACEMENT_3D('',#7751,#6316,#6317);
#5778=AXIS2_PLACEMENT_3D('',#7754,#6320,#6321);
#5779=AXIS2_PLACEMENT_3D('',#7763,#6326,#6327);
#5780=AXIS2_PLACEMENT_3D('',#7769,#6331,#6332);
#5781=AXIS2_PLACEMENT_3D('',#7775,#6336,#6337);
#5782=AXIS2_PLACEMENT_3D('',#7778,#6340,#6341);
#5783=AXIS2_PLACEMENT_3D('',#7787,#6346,#6347);
#5784=AXIS2_PLACEMENT_3D('',#7793,#6351,#6352);
#5785=AXIS2_PLACEMENT_3D('',#7799,#6356,#6357);
#5786=AXIS2_PLACEMENT_3D('',#7802,#6360,#6361);
#5787=AXIS2_PLACEMENT_3D('',#7811,#6366,#6367);
#5788=AXIS2_PLACEMENT_3D('',#7817,#6371,#6372);
#5789=AXIS2_PLACEMENT_3D('',#7823,#6376,#6377);
#5790=AXIS2_PLACEMENT_3D('',#7826,#6380,#6381);
#5791=AXIS2_PLACEMENT_3D('',#7835,#6386,#6387);
#5792=AXIS2_PLACEMENT_3D('',#7841,#6391,#6392);
#5793=AXIS2_PLACEMENT_3D('',#7847,#6396,#6397);
#5794=AXIS2_PLACEMENT_3D('',#7850,#6400,#6401);
#5795=AXIS2_PLACEMENT_3D('',#7859,#6406,#6407);
#5796=AXIS2_PLACEMENT_3D('',#7865,#6411,#6412);
#5797=AXIS2_PLACEMENT_3D('',#7871,#6416,#6417);
#5798=AXIS2_PLACEMENT_3D('',#7874,#6420,#6421);
#5799=AXIS2_PLACEMENT_3D('',#7883,#6426,#6427);
#5800=AXIS2_PLACEMENT_3D('',#7889,#6431,#6432);
#5801=AXIS2_PLACEMENT_3D('',#7895,#6436,#6437);
#5802=AXIS2_PLACEMENT_3D('',#7898,#6440,#6441);
#5803=AXIS2_PLACEMENT_3D('',#7907,#6446,#6447);
#5804=AXIS2_PLACEMENT_3D('',#7913,#6451,#6452);
#5805=AXIS2_PLACEMENT_3D('',#7919,#6456,#6457);
#5806=AXIS2_PLACEMENT_3D('',#7922,#6460,#6461);
#5807=AXIS2_PLACEMENT_3D('',#7931,#6466,#6467);
#5808=AXIS2_PLACEMENT_3D('',#7937,#6471,#6472);
#5809=AXIS2_PLACEMENT_3D('',#7943,#6476,#6477);
#5810=AXIS2_PLACEMENT_3D('',#7946,#6480,#6481);
#5811=AXIS2_PLACEMENT_3D('',#7955,#6486,#6487);
#5812=AXIS2_PLACEMENT_3D('',#7961,#6491,#6492);
#5813=AXIS2_PLACEMENT_3D('',#7967,#6496,#6497);
#5814=AXIS2_PLACEMENT_3D('',#7970,#6500,#6501);
#5815=AXIS2_PLACEMENT_3D('',#7979,#6506,#6507);
#5816=AXIS2_PLACEMENT_3D('',#7988,#6512,#6513);
#5817=AXIS2_PLACEMENT_3D('',#7991,#6516,#6517);
#5818=AXIS2_PLACEMENT_3D('',#8001,#6522,#6523);
#5819=AXIS2_PLACEMENT_3D('',#8002,#6524,#6525);
#5820=AXIS2_PLACEMENT_3D('',#8003,#6526,#6527);
#5821=AXIS2_PLACEMENT_3D('',#8013,#6532,#6533);
#5822=AXIS2_PLACEMENT_3D('',#8014,#6534,#6535);
#5823=AXIS2_PLACEMENT_3D('',#8015,#6536,#6537);
#5824=AXIS2_PLACEMENT_3D('',#8025,#6543,#6544);
#5825=AXIS2_PLACEMENT_3D('',#8028,#6545,#6546);
#5826=AXIS2_PLACEMENT_3D('',#8029,#6547,#6548);
#5827=AXIS2_PLACEMENT_3D('',#8033,#6550,#6551);
#5828=AXIS2_PLACEMENT_3D('',#8034,#6552,#6553);
#5829=AXIS2_PLACEMENT_3D('',#8035,#6554,#6555);
#5830=AXIS2_PLACEMENT_3D('',#8044,#6560,#6561);
#5831=AXIS2_PLACEMENT_3D('',#8050,#6565,#6566);
#5832=AXIS2_PLACEMENT_3D('',#8056,#6570,#6571);
#5833=AXIS2_PLACEMENT_3D('',#8059,#6574,#6575);
#5834=AXIS2_PLACEMENT_3D('',#8060,#6576,#6577);
#5835=AXIS2_PLACEMENT_3D('',#8069,#6582,#6583);
#5836=AXIS2_PLACEMENT_3D('',#8075,#6587,#6588);
#5837=AXIS2_PLACEMENT_3D('',#8081,#6592,#6593);
#5838=AXIS2_PLACEMENT_3D('',#8084,#6596,#6597);
#5839=AXIS2_PLACEMENT_3D('',#8085,#6598,#6599);
#5840=AXIS2_PLACEMENT_3D('',#8088,#6600,#6601);
#5841=AXIS2_PLACEMENT_3D('',#8089,#6602,#6603);
#5842=AXIS2_PLACEMENT_3D('',#8093,#6605,#6606);
#5843=AXIS2_PLACEMENT_3D('',#8094,#6607,#6608);
#5844=AXIS2_PLACEMENT_3D('',#8095,#6609,#6610);
#5845=AXIS2_PLACEMENT_3D('',#8096,#6611,#6612);
#5846=AXIS2_PLACEMENT_3D('',#8099,#6613,#6614);
#5847=AXIS2_PLACEMENT_3D('',#8100,#6615,#6616);
#5848=AXIS2_PLACEMENT_3D('',#8104,#6618,#6619);
#5849=AXIS2_PLACEMENT_3D('',#8105,#6620,#6621);
#5850=AXIS2_PLACEMENT_3D('',#8106,#6622,#6623);
#5851=AXIS2_PLACEMENT_3D('',#8107,#6624,#6625);
#5852=AXIS2_PLACEMENT_3D('',#8110,#6626,#6627);
#5853=AXIS2_PLACEMENT_3D('',#8111,#6628,#6629);
#5854=AXIS2_PLACEMENT_3D('',#8115,#6631,#6632);
#5855=AXIS2_PLACEMENT_3D('',#8116,#6633,#6634);
#5856=AXIS2_PLACEMENT_3D('',#8117,#6635,#6636);
#5857=AXIS2_PLACEMENT_3D('',#8118,#6637,#6638);
#5858=AXIS2_PLACEMENT_3D('',#8121,#6639,#6640);
#5859=AXIS2_PLACEMENT_3D('',#8122,#6641,#6642);
#5860=AXIS2_PLACEMENT_3D('',#8126,#6644,#6645);
#5861=AXIS2_PLACEMENT_3D('',#8127,#6646,#6647);
#5862=AXIS2_PLACEMENT_3D('',#8128,#6648,#6649);
#5863=AXIS2_PLACEMENT_3D('',#8129,#6650,#6651);
#5864=AXIS2_PLACEMENT_3D('',#8138,#6656,#6657);
#5865=AXIS2_PLACEMENT_3D('',#8144,#6661,#6662);
#5866=AXIS2_PLACEMENT_3D('',#8150,#6666,#6667);
#5867=AXIS2_PLACEMENT_3D('',#8152,#6669,#6670);
#5868=AXIS2_PLACEMENT_3D('',#8161,#6675,#6676);
#5869=AXIS2_PLACEMENT_3D('',#8167,#6680,#6681);
#5870=AXIS2_PLACEMENT_3D('',#8173,#6685,#6686);
#5871=AXIS2_PLACEMENT_3D('',#8175,#6688,#6689);
#5872=AXIS2_PLACEMENT_3D('',#8186,#6696,#6697);
#5873=AXIS2_PLACEMENT_3D('',#8195,#6702,#6703);
#5874=AXIS2_PLACEMENT_3D('',#8201,#6707,#6708);
#5875=AXIS2_PLACEMENT_3D('',#8207,#6712,#6713);
#5876=AXIS2_PLACEMENT_3D('',#8209,#6715,#6716);
#5877=AXIS2_PLACEMENT_3D('',#8218,#6721,#6722);
#5878=AXIS2_PLACEMENT_3D('',#8224,#6726,#6727);
#5879=AXIS2_PLACEMENT_3D('',#8230,#6731,#6732);
#5880=AXIS2_PLACEMENT_3D('',#8232,#6734,#6735);
#5881=AXIS2_PLACEMENT_3D('',#8243,#6742,#6743);
#5882=AXIS2_PLACEMENT_3D('',#8252,#6748,#6749);
#5883=AXIS2_PLACEMENT_3D('',#8258,#6753,#6754);
#5884=AXIS2_PLACEMENT_3D('',#8264,#6758,#6759);
#5885=AXIS2_PLACEMENT_3D('',#8267,#6762,#6763);
#5886=AXIS2_PLACEMENT_3D('',#8268,#6764,#6765);
#5887=AXIS2_PLACEMENT_3D('',#8277,#6770,#6771);
#5888=AXIS2_PLACEMENT_3D('',#8283,#6775,#6776);
#5889=AXIS2_PLACEMENT_3D('',#8289,#6780,#6781);
#5890=AXIS2_PLACEMENT_3D('',#8292,#6784,#6785);
#5891=AXIS2_PLACEMENT_3D('',#8293,#6786,#6787);
#5892=AXIS2_PLACEMENT_3D('',#8302,#6792,#6793);
#5893=AXIS2_PLACEMENT_3D('',#8308,#6797,#6798);
#5894=AXIS2_PLACEMENT_3D('',#8314,#6802,#6803);
#5895=AXIS2_PLACEMENT_3D('',#8317,#6806,#6807);
#5896=AXIS2_PLACEMENT_3D('',#8318,#6808,#6809);
#5897=AXIS2_PLACEMENT_3D('',#8327,#6814,#6815);
#5898=AXIS2_PLACEMENT_3D('',#8330,#6818,#6819);
#5899=AXIS2_PLACEMENT_3D('',#8333,#6822,#6823);
#5900=AXIS2_PLACEMENT_3D('',#8334,#6824,#6825);
#5901=AXIS2_PLACEMENT_3D('',#8340,#6829,#6830);
#5902=AXIS2_PLACEMENT_3D('',#8346,#6834,#6835);
#5903=AXIS2_PLACEMENT_3D('',#8349,#6838,#6839);
#5904=AXIS2_PLACEMENT_3D('',#8350,#6840,#6841);
#5905=AXIS2_PLACEMENT_3D('',#8353,#6842,#6843);
#5906=AXIS2_PLACEMENT_3D('',#8355,#6844,#6845);
#5907=AXIS2_PLACEMENT_3D('',#8359,#6847,#6848);
#5908=AXIS2_PLACEMENT_3D('',#8360,#6849,#6850);
#5909=AXIS2_PLACEMENT_3D('',#8361,#6851,#6852);
#5910=AXIS2_PLACEMENT_3D('',#8362,#6853,#6854);
#5911=AXIS2_PLACEMENT_3D('',#8365,#6855,#6856);
#5912=AXIS2_PLACEMENT_3D('',#8366,#6857,#6858);
#5913=AXIS2_PLACEMENT_3D('',#8367,#6859,#6860);
#5914=AXIS2_PLACEMENT_3D('',#8385,#6870,#6871);
#5915=AXIS2_PLACEMENT_3D('',#8390,#6873,#6874);
#5916=AXIS2_PLACEMENT_3D('',#8392,#6875,#6876);
#5917=AXIS2_PLACEMENT_3D('',#8408,#6885,#6886);
#5918=AXIS2_PLACEMENT_3D('',#8410,#6888,#6889);
#5919=AXIS2_PLACEMENT_3D('',#8411,#6890,#6891);
#5920=AXIS2_PLACEMENT_3D('',#8417,#6895,#6896);
#5921=AXIS2_PLACEMENT_3D('',#8420,#6897,#6898);
#5922=AXIS2_PLACEMENT_3D('',#8421,#6899,#6900);
#5923=AXIS2_PLACEMENT_3D('',#8425,#6902,#6903);
#5924=AXIS2_PLACEMENT_3D('',#8426,#6904,#6905);
#5925=AXIS2_PLACEMENT_3D('',#8427,#6906,#6907);
#5926=AXIS2_PLACEMENT_3D('',#8428,#6908,#6909);
#5927=AXIS2_PLACEMENT_3D('',#8431,#6910,#6911);
#5928=AXIS2_PLACEMENT_3D('',#8432,#6912,#6913);
#5929=AXIS2_PLACEMENT_3D('',#8436,#6915,#6916);
#5930=AXIS2_PLACEMENT_3D('',#8437,#6917,#6918);
#5931=AXIS2_PLACEMENT_3D('',#8438,#6919,#6920);
#5932=AXIS2_PLACEMENT_3D('',#8439,#6921,#6922);
#5933=AXIS2_PLACEMENT_3D('',#8442,#6923,#6924);
#5934=AXIS2_PLACEMENT_3D('',#8443,#6925,#6926);
#5935=AXIS2_PLACEMENT_3D('',#8447,#6928,#6929);
#5936=AXIS2_PLACEMENT_3D('',#8448,#6930,#6931);
#5937=AXIS2_PLACEMENT_3D('',#8449,#6932,#6933);
#5938=AXIS2_PLACEMENT_3D('',#8450,#6934,#6935);
#5939=AXIS2_PLACEMENT_3D('',#8453,#6936,#6937);
#5940=AXIS2_PLACEMENT_3D('',#8454,#6938,#6939);
#5941=AXIS2_PLACEMENT_3D('',#8458,#6941,#6942);
#5942=AXIS2_PLACEMENT_3D('',#8459,#6943,#6944);
#5943=AXIS2_PLACEMENT_3D('',#8460,#6945,#6946);
#5944=AXIS2_PLACEMENT_3D('',#8461,#6947,#6948);
#5945=AXIS2_PLACEMENT_3D('',#8464,#6949,#6950);
#5946=AXIS2_PLACEMENT_3D('',#8465,#6951,#6952);
#5947=AXIS2_PLACEMENT_3D('',#8469,#6954,#6955);
#5948=AXIS2_PLACEMENT_3D('',#8470,#6956,#6957);
#5949=AXIS2_PLACEMENT_3D('',#8471,#6958,#6959);
#5950=AXIS2_PLACEMENT_3D('',#8472,#6960,#6961);
#5951=AXIS2_PLACEMENT_3D('',#8475,#6962,#6963);
#5952=AXIS2_PLACEMENT_3D('',#8476,#6964,#6965);
#5953=AXIS2_PLACEMENT_3D('',#8480,#6967,#6968);
#5954=AXIS2_PLACEMENT_3D('',#8481,#6969,#6970);
#5955=AXIS2_PLACEMENT_3D('',#8482,#6971,#6972);
#5956=AXIS2_PLACEMENT_3D('',#8483,#6973,#6974);
#5957=AXIS2_PLACEMENT_3D('',#8486,#6975,#6976);
#5958=AXIS2_PLACEMENT_3D('',#8487,#6977,#6978);
#5959=AXIS2_PLACEMENT_3D('',#8491,#6980,#6981);
#5960=AXIS2_PLACEMENT_3D('',#8492,#6982,#6983);
#5961=AXIS2_PLACEMENT_3D('',#8493,#6984,#6985);
#5962=AXIS2_PLACEMENT_3D('',#8494,#6986,#6987);
#5963=AXIS2_PLACEMENT_3D('',#8497,#6988,#6989);
#5964=AXIS2_PLACEMENT_3D('',#8498,#6990,#6991);
#5965=AXIS2_PLACEMENT_3D('',#8502,#6993,#6994);
#5966=AXIS2_PLACEMENT_3D('',#8503,#6995,#6996);
#5967=AXIS2_PLACEMENT_3D('',#8504,#6997,#6998);
#5968=AXIS2_PLACEMENT_3D('',#8505,#6999,#7000);
#5969=AXIS2_PLACEMENT_3D('',#8508,#7001,#7002);
#5970=AXIS2_PLACEMENT_3D('',#8509,#7003,#7004);
#5971=AXIS2_PLACEMENT_3D('',#8513,#7006,#7007);
#5972=AXIS2_PLACEMENT_3D('',#8514,#7008,#7009);
#5973=AXIS2_PLACEMENT_3D('',#8515,#7010,#7011);
#5974=AXIS2_PLACEMENT_3D('',#8518,#7012,#7013);
#5975=AXIS2_PLACEMENT_3D('',#8519,#7014,#7015);
#5976=AXIS2_PLACEMENT_3D('',#8523,#7017,#7018);
#5977=AXIS2_PLACEMENT_3D('',#8524,#7019,#7020);
#5978=AXIS2_PLACEMENT_3D('',#8525,#7021,#7022);
#5979=AXIS2_PLACEMENT_3D('',#8528,#7023,#7024);
#5980=AXIS2_PLACEMENT_3D('',#8529,#7025,#7026);
#5981=AXIS2_PLACEMENT_3D('',#8533,#7028,#7029);
#5982=AXIS2_PLACEMENT_3D('',#8534,#7030,#7031);
#5983=AXIS2_PLACEMENT_3D('',#8535,#7032,#7033);
#5984=AXIS2_PLACEMENT_3D('',#8538,#7034,#7035);
#5985=AXIS2_PLACEMENT_3D('',#8539,#7036,#7037);
#5986=AXIS2_PLACEMENT_3D('',#8543,#7039,#7040);
#5987=AXIS2_PLACEMENT_3D('',#8544,#7041,#7042);
#5988=AXIS2_PLACEMENT_3D('',#8545,#7043,#7044);
#5989=AXIS2_PLACEMENT_3D('',#8554,#7049,#7050);
#5990=AXIS2_PLACEMENT_3D('',#8563,#7055,#7056);
#5991=AXIS2_PLACEMENT_3D('',#8569,#7060,#7061);
#5992=AXIS2_PLACEMENT_3D('',#8575,#7065,#7066);
#5993=AXIS2_PLACEMENT_3D('',#8584,#7072,#7073);
#5994=AXIS2_PLACEMENT_3D('',#8592,#7078,#7079);
#5995=AXIS2_PLACEMENT_3D('',#8594,#7081,#7082);
#5996=AXIS2_PLACEMENT_3D('',#8602,#7087,#7088);
#5997=AXIS2_PLACEMENT_3D('',#8608,#7092,#7093);
#5998=AXIS2_PLACEMENT_3D('',#8614,#7097,#7098);
#5999=AXIS2_PLACEMENT_3D('',#8616,#7100,#7101);
#6000=AXIS2_PLACEMENT_3D('',#8622,#7105,#7106);
#6001=AXIS2_PLACEMENT_3D('',#8628,#7110,#7111);
#6002=AXIS2_PLACEMENT_3D('',#8637,#7116,#7117);
#6003=AXIS2_PLACEMENT_3D('',#8645,#7122,#7123);
#6004=AXIS2_PLACEMENT_3D('',#8653,#7128,#7129);
#6005=AXIS2_PLACEMENT_3D('',#8659,#7133,#7134);
#6006=AXIS2_PLACEMENT_3D('',#8666,#7139,#7140);
#6007=AXIS2_PLACEMENT_3D('',#8675,#7145,#7146);
#6008=AXIS2_PLACEMENT_3D('',#8683,#7151,#7152);
#6009=AXIS2_PLACEMENT_3D('',#8689,#7156,#7157);
#6010=AXIS2_PLACEMENT_3D('',#8700,#7163,#7164);
#6011=AXIS2_PLACEMENT_3D('',#8733,#7183,#7184);
#6012=AXIS2_PLACEMENT_3D('',#8754,#7197,#7198);
#6013=AXIS2_PLACEMENT_3D('',#8755,#7199,#7200);
#6014=AXIS2_PLACEMENT_3D('',#8757,#7202,#7203);
#6015=AXIS2_PLACEMENT_3D('',#8761,#7206,#7207);
#6016=AXIS2_PLACEMENT_3D('',#8764,#7210,#7211);
#6017=AXIS2_PLACEMENT_3D('',#8765,#7212,#7213);
#6018=AXIS2_PLACEMENT_3D('',#8771,#7217,#7218);
#6019=AXIS2_PLACEMENT_3D('',#8777,#7222,#7223);
#6020=AXIS2_PLACEMENT_3D('',#8781,#7226,#7227);
#6021=AXIS2_PLACEMENT_3D('',#8784,#7230,#7231);
#6022=AXIS2_PLACEMENT_3D('',#8785,#7232,#7233);
#6023=AXIS2_PLACEMENT_3D('',#8791,#7237,#7238);
#6024=AXIS2_PLACEMENT_3D('',#8795,#7241,#7242);
#6025=AXIS2_PLACEMENT_3D('',#8799,#7245,#7246);
#6026=AXIS2_PLACEMENT_3D('',#8805,#7250,#7251);
#6027=AXIS2_PLACEMENT_3D('',#8808,#7254,#7255);
#6028=AXIS2_PLACEMENT_3D('',#8817,#7260,#7261);
#6029=AXIS2_PLACEMENT_3D('',#8819,#7262,#7263);
#6030=AXIS2_PLACEMENT_3D('',#8821,#7264,#7265);
#6031=AXIS2_PLACEMENT_3D('',#8823,#7267,#7268);
#6032=AXIS2_PLACEMENT_3D('',#8829,#7272,#7273);
#6033=AXIS2_PLACEMENT_3D('',#8830,#7274,#7275);
#6034=AXIS2_PLACEMENT_3D('',#8831,#7276,#7277);
#6035=AXIS2_PLACEMENT_3D('',#8832,#7278,#7279);
#6036=AXIS2_PLACEMENT_3D('',#8840,#7284,#7285);
#6037=AXIS2_PLACEMENT_3D('',#8844,#7288,#7289);
#6038=AXIS2_PLACEMENT_3D('',#8850,#7293,#7294);
#6039=AXIS2_PLACEMENT_3D('',#8892,#7317,#7318);
#6040=AXIS2_PLACEMENT_3D('',#8897,#7322,#7323);
#6041=AXIS2_PLACEMENT_3D('',#8900,#7326,#7327);
#6042=AXIS2_PLACEMENT_3D('',#8906,#7331,#7332);
#6043=AXIS2_PLACEMENT_3D('',#8912,#7336,#7337);
#6044=AXIS2_PLACEMENT_3D('',#8915,#7340,#7341);
#6045=AXIS2_PLACEMENT_3D('',#8920,#7345,#7346);
#6046=AXIS2_PLACEMENT_3D('',#8921,#7347,#7348);
#6047=AXIS2_PLACEMENT_3D('',#8925,#7351,#7352);
#6048=AXIS2_PLACEMENT_3D('',#8929,#7355,#7356);
#6049=AXIS2_PLACEMENT_3D('',#8931,#7358,#7359);
#6050=AXIS2_PLACEMENT_3D('',#8933,#7361,#7362);
#6051=AXIS2_PLACEMENT_3D('',#8937,#7364,#7365);
#6052=AXIS2_PLACEMENT_3D('',#8938,#7366,#7367);
#6053=AXIS2_PLACEMENT_3D('',#8939,#7368,#7369);
#6054=AXIS2_PLACEMENT_3D('',#8940,#7370,#7371);
#6055=AXIS2_PLACEMENT_3D('',#8943,#7372,#7373);
#6056=AXIS2_PLACEMENT_3D('',#8944,#7374,#7375);
#6057=AXIS2_PLACEMENT_3D('',#8948,#7377,#7378);
#6058=AXIS2_PLACEMENT_3D('',#8949,#7379,#7380);
#6059=AXIS2_PLACEMENT_3D('',#8950,#7381,#7382);
#6060=AXIS2_PLACEMENT_3D('',#8951,#7383,#7384);
#6061=AXIS2_PLACEMENT_3D('',#8954,#7385,#7386);
#6062=AXIS2_PLACEMENT_3D('',#8955,#7387,#7388);
#6063=AXIS2_PLACEMENT_3D('',#8959,#7390,#7391);
#6064=AXIS2_PLACEMENT_3D('',#8960,#7392,#7393);
#6065=AXIS2_PLACEMENT_3D('',#8961,#7394,#7395);
#6066=AXIS2_PLACEMENT_3D('',#8962,#7396,#7397);
#6067=AXIS2_PLACEMENT_3D('',#8966,#7399,#7400);
#6068=AXIS2_PLACEMENT_3D('',#8967,#7401,#7402);
#6069=AXIS2_PLACEMENT_3D('',#8968,#7403,#7404);
#6070=AXIS2_PLACEMENT_3D('',#8969,#7405,#7406);
#6071=AXIS2_PLACEMENT_3D('',#8973,#7409,#7410);
#6072=AXIS2_PLACEMENT_3D('',#8977,#7413,#7414);
#6073=AXIS2_PLACEMENT_3D('',#8981,#7418,#7419);
#6074=AXIS2_PLACEMENT_3D('',#8987,#7423,#7424);
#6075=AXIS2_PLACEMENT_3D('',#8989,#7426,#7427);
#6076=AXIS2_PLACEMENT_3D('',#8990,#7428,#7429);
#6077=AXIS2_PLACEMENT_3D('',#8991,#7430,#7431);
#6078=AXIS2_PLACEMENT_3D('',#8992,#7432,#7433);
#6079=AXIS2_PLACEMENT_3D('',#8993,#7434,#7435);
#6080=AXIS2_PLACEMENT_3D('',#8994,#7436,#7437);
#6081=AXIS2_PLACEMENT_3D('',#8996,#7439,#7440);
#6082=AXIS2_PLACEMENT_3D('',#8998,#7442,#7443);
#6083=AXIS2_PLACEMENT_3D('',#9000,#7445,#7446);
#6084=AXIS2_PLACEMENT_3D('',#9002,#7448,#7449);
#6085=AXIS2_PLACEMENT_3D('',#9003,#7450,#7451);
#6086=AXIS2_PLACEMENT_3D('',#9005,#7453,#7454);
#6087=AXIS2_PLACEMENT_3D('',#9007,#7456,#7457);
#6088=AXIS2_PLACEMENT_3D('',#9008,#7458,#7459);
#6089=AXIS2_PLACEMENT_3D('',#9014,#7463,#7464);
#6090=AXIS2_PLACEMENT_3D('',#9020,#7468,#7469);
#6091=AXIS2_PLACEMENT_3D('',#9021,#7470,#7471);
#6092=AXIS2_PLACEMENT_3D('',#9023,#7473,#7474);
#6093=AXIS2_PLACEMENT_3D('',#9025,#7476,#7477);
#6094=AXIS2_PLACEMENT_3D('',#9026,#7478,#7479);
#6095=AXIS2_PLACEMENT_3D('',#9028,#7481,#7482);
#6096=AXIS2_PLACEMENT_3D('',#9030,#7484,#7485);
#6097=AXIS2_PLACEMENT_3D('',#9032,#7487,#7488);
#6098=DIRECTION('axis',(0.,0.,1.));
#6099=DIRECTION('refdir',(1.,0.,0.));
#6100=DIRECTION('center_axis',(1.,0.,-6.83214169000096E-16));
#6101=DIRECTION('ref_axis',(-6.83214169000096E-16,2.70378500389021E-30,
-1.));
#6102=DIRECTION('',(-6.83214169000096E-16,2.70378500389021E-30,-1.));
#6103=DIRECTION('',(0.,1.,0.));
#6104=DIRECTION('',(6.83214169000096E-16,-2.70378500389021E-30,1.));
#6105=DIRECTION('',(0.,1.,0.));
#6106=DIRECTION('center_axis',(6.83214169000096E-16,0.,1.));
#6107=DIRECTION('ref_axis',(1.,3.90100482998269E-30,-6.83214169000096E-16));
#6108=DIRECTION('',(1.,3.90100482998269E-30,-6.83214169000096E-16));
#6109=DIRECTION('',(0.,1.,0.));
#6110=DIRECTION('',(-1.,-3.90100482998269E-30,6.83214169000096E-16));
#6111=DIRECTION('center_axis',(-1.,0.,6.83214169000096E-16));
#6112=DIRECTION('ref_axis',(6.83214169000096E-16,-2.70378500389021E-30,
1.));
#6113=DIRECTION('',(6.83214169000096E-16,-2.70378500389021E-30,1.));
#6114=DIRECTION('',(0.,1.,0.));
#6115=DIRECTION('',(-6.83214169000096E-16,2.70378500389021E-30,-1.));
#6116=DIRECTION('center_axis',(-1.8674520619336E-15,0.,-1.));
#6117=DIRECTION('ref_axis',(-1.,-3.90100482998269E-30,1.8674520619336E-15));
#6118=DIRECTION('',(-1.,-3.90100482998269E-30,1.8674520619336E-15));
#6119=DIRECTION('',(1.,3.90100482998269E-30,-1.8674520619336E-15));
#6120=DIRECTION('center_axis',(1.,0.,-6.83214169000096E-16));
#6121=DIRECTION('ref_axis',(-6.83214169000096E-16,2.70378500389021E-30,
-1.));
#6122=DIRECTION('',(-6.83214169000096E-16,2.70378500389021E-30,-1.));
#6123=DIRECTION('',(0.,1.,0.));
#6124=DIRECTION('',(6.83214169000096E-16,-2.70378500389021E-30,1.));
#6125=DIRECTION('',(0.,1.,0.));
#6126=DIRECTION('center_axis',(6.83214169000096E-16,0.,1.));
#6127=DIRECTION('ref_axis',(1.,3.90100482998269E-30,-6.83214169000096E-16));
#6128=DIRECTION('',(1.,3.90100482998269E-30,-6.83214169000096E-16));
#6129=DIRECTION('',(0.,1.,0.));
#6130=DIRECTION('',(-1.,-3.90100482998269E-30,6.83214169000096E-16));
#6131=DIRECTION('center_axis',(-1.,0.,6.83214169000096E-16));
#6132=DIRECTION('ref_axis',(6.83214169000096E-16,-2.70378500389021E-30,
1.));
#6133=DIRECTION('',(6.83214169000096E-16,-2.70378500389021E-30,1.));
#6134=DIRECTION('',(0.,1.,0.));
#6135=DIRECTION('',(-6.83214169000096E-16,2.70378500389021E-30,-1.));
#6136=DIRECTION('center_axis',(-6.83214169000096E-16,0.,-1.));
#6137=DIRECTION('ref_axis',(-1.,-3.90100482998269E-30,6.83214169000096E-16));
#6138=DIRECTION('',(-1.,-3.90100482998269E-30,6.83214169000096E-16));
#6139=DIRECTION('',(1.,3.90100482998269E-30,-6.83214169000096E-16));
#6140=DIRECTION('center_axis',(1.,0.,-6.83214169000096E-16));
#6141=DIRECTION('ref_axis',(-6.83214169000096E-16,2.70378500389021E-30,
-1.));
#6142=DIRECTION('',(-6.83214169000096E-16,2.70378500389021E-30,-1.));
#6143=DIRECTION('',(0.,1.,0.));
#6144=DIRECTION('',(6.83214169000096E-16,-2.70378500389021E-30,1.));
#6145=DIRECTION('',(0.,1.,0.));
#6146=DIRECTION('center_axis',(6.83214169000096E-16,0.,1.));
#6147=DIRECTION('ref_axis',(1.,3.90100482998269E-30,-6.83214169000096E-16));
#6148=DIRECTION('',(1.,3.90100482998269E-30,-6.83214169000096E-16));
#6149=DIRECTION('',(0.,1.,0.));
#6150=DIRECTION('',(-1.,-3.90100482998269E-30,6.83214169000096E-16));
#6151=DIRECTION('center_axis',(-1.,0.,6.83214169000096E-16));
#6152=DIRECTION('ref_axis',(6.83214169000096E-16,-2.70378500389021E-30,
1.));
#6153=DIRECTION('',(6.83214169000096E-16,-2.70378500389021E-30,1.));
#6154=DIRECTION('',(0.,1.,0.));
#6155=DIRECTION('',(-6.83214169000096E-16,2.70378500389021E-30,-1.));
#6156=DIRECTION('center_axis',(-1.8674520619336E-15,0.,-1.));
#6157=DIRECTION('ref_axis',(-1.,-3.90100482998269E-30,1.8674520619336E-15));
#6158=DIRECTION('',(-1.,-3.90100482998269E-30,1.8674520619336E-15));
#6159=DIRECTION('',(1.,3.90100482998269E-30,-1.8674520619336E-15));
#6160=DIRECTION('center_axis',(1.,0.,-6.83214169000096E-16));
#6161=DIRECTION('ref_axis',(-6.83214169000096E-16,2.70378500389021E-30,
-1.));
#6162=DIRECTION('',(-6.83214169000096E-16,2.70378500389021E-30,-1.));
#6163=DIRECTION('',(0.,1.,0.));
#6164=DIRECTION('',(6.83214169000096E-16,-2.70378500389021E-30,1.));
#6165=DIRECTION('',(0.,1.,0.));
#6166=DIRECTION('center_axis',(6.83214169000096E-16,0.,1.));
#6167=DIRECTION('ref_axis',(1.,3.90100482998269E-30,-6.83214169000096E-16));
#6168=DIRECTION('',(1.,3.90100482998269E-30,-6.83214169000096E-16));
#6169=DIRECTION('',(0.,1.,0.));
#6170=DIRECTION('',(-1.,-3.90100482998269E-30,6.83214169000096E-16));
#6171=DIRECTION('center_axis',(-1.,0.,6.83214169000096E-16));
#6172=DIRECTION('ref_axis',(6.83214169000096E-16,-2.70378500389021E-30,
1.));
#6173=DIRECTION('',(6.83214169000096E-16,-2.70378500389021E-30,1.));
#6174=DIRECTION('',(0.,1.,0.));
#6175=DIRECTION('',(-6.83214169000096E-16,2.70378500389021E-30,-1.));
#6176=DIRECTION('center_axis',(-6.83214169000096E-16,0.,-1.));
#6177=DIRECTION('ref_axis',(-1.,-3.90100482998269E-30,6.83214169000096E-16));
#6178=DIRECTION('',(-1.,-3.90100482998269E-30,6.83214169000096E-16));
#6179=DIRECTION('',(1.,3.90100482998269E-30,-6.83214169000096E-16));
#6180=DIRECTION('center_axis',(1.,0.,-6.83214169000096E-16));
#6181=DIRECTION('ref_axis',(-6.83214169000096E-16,2.70378500389021E-30,
-1.));
#6182=DIRECTION('',(-6.83214169000096E-16,2.70378500389021E-30,-1.));
#6183=DIRECTION('',(0.,1.,0.));
#6184=DIRECTION('',(6.83214169000096E-16,-2.70378500389021E-30,1.));
#6185=DIRECTION('',(0.,1.,0.));
#6186=DIRECTION('center_axis',(6.83214169000096E-16,0.,1.));
#6187=DIRECTION('ref_axis',(1.,3.90100482998269E-30,-6.83214169000096E-16));
#6188=DIRECTION('',(1.,3.90100482998269E-30,-6.83214169000096E-16));
#6189=DIRECTION('',(0.,1.,0.));
#6190=DIRECTION('',(-1.,-3.90100482998269E-30,6.83214169000096E-16));
#6191=DIRECTION('center_axis',(-1.,0.,6.83214169000096E-16));
#6192=DIRECTION('ref_axis',(6.83214169000096E-16,-2.70378500389021E-30,
1.));
#6193=DIRECTION('',(6.83214169000096E-16,-2.70378500389021E-30,1.));
#6194=DIRECTION('',(0.,1.,0.));
#6195=DIRECTION('',(-6.83214169000096E-16,2.70378500389021E-30,-1.));
#6196=DIRECTION('center_axis',(-1.8674520619336E-15,0.,-1.));
#6197=DIRECTION('ref_axis',(-1.,-3.90100482998269E-30,1.8674520619336E-15));
#6198=DIRECTION('',(-1.,-3.90100482998269E-30,1.8674520619336E-15));
#6199=DIRECTION('',(1.,3.90100482998269E-30,-1.8674520619336E-15));
#6200=DIRECTION('center_axis',(1.,0.,-6.83214169000096E-16));
#6201=DIRECTION('ref_axis',(-6.83214169000096E-16,2.70378500389021E-30,
-1.));
#6202=DIRECTION('',(-6.83214169000096E-16,2.70378500389021E-30,-1.));
#6203=DIRECTION('',(0.,1.,0.));
#6204=DIRECTION('',(6.83214169000096E-16,-2.70378500389021E-30,1.));
#6205=DIRECTION('',(0.,1.,0.));
#6206=DIRECTION('center_axis',(6.83214169000096E-16,0.,1.));
#6207=DIRECTION('ref_axis',(1.,3.90100482998269E-30,-6.83214169000096E-16));
#6208=DIRECTION('',(1.,3.90100482998269E-30,-6.83214169000096E-16));
#6209=DIRECTION('',(0.,1.,0.));
#6210=DIRECTION('',(-1.,-3.90100482998269E-30,6.83214169000096E-16));
#6211=DIRECTION('center_axis',(-1.,0.,6.83214169000096E-16));
#6212=DIRECTION('ref_axis',(6.83214169000096E-16,-2.70378500389021E-30,
1.));
#6213=DIRECTION('',(6.83214169000096E-16,-2.70378500389021E-30,1.));
#6214=DIRECTION('',(0.,1.,0.));
#6215=DIRECTION('',(-6.83214169000096E-16,2.70378500389021E-30,-1.));
#6216=DIRECTION('center_axis',(-6.83214169000096E-16,0.,-1.));
#6217=DIRECTION('ref_axis',(-1.,-3.90100482998269E-30,6.83214169000096E-16));
#6218=DIRECTION('',(-1.,-3.90100482998269E-30,6.83214169000096E-16));
#6219=DIRECTION('',(1.,3.90100482998269E-30,-6.83214169000096E-16));
#6220=DIRECTION('center_axis',(1.,0.,-6.83214169000096E-16));
#6221=DIRECTION('ref_axis',(-6.83214169000096E-16,2.70378500389021E-30,
-1.));
#6222=DIRECTION('',(-6.83214169000096E-16,2.70378500389021E-30,-1.));
#6223=DIRECTION('',(0.,1.,0.));
#6224=DIRECTION('',(6.83214169000096E-16,-2.70378500389021E-30,1.));
#6225=DIRECTION('',(0.,1.,0.));
#6226=DIRECTION('center_axis',(6.83214169000096E-16,0.,1.));
#6227=DIRECTION('ref_axis',(1.,3.90100482998269E-30,-6.83214169000096E-16));
#6228=DIRECTION('',(1.,3.90100482998269E-30,-6.83214169000096E-16));
#6229=DIRECTION('',(0.,1.,0.));
#6230=DIRECTION('',(-1.,-3.90100482998269E-30,6.83214169000096E-16));
#6231=DIRECTION('center_axis',(-1.,0.,6.83214169000096E-16));
#6232=DIRECTION('ref_axis',(6.83214169000096E-16,-2.70378500389021E-30,
1.));
#6233=DIRECTION('',(6.83214169000096E-16,-2.70378500389021E-30,1.));
#6234=DIRECTION('',(0.,1.,0.));
#6235=DIRECTION('',(-6.83214169000096E-16,2.70378500389021E-30,-1.));
#6236=DIRECTION('center_axis',(-1.8674520619336E-15,0.,-1.));
#6237=DIRECTION('ref_axis',(-1.,-3.90100482998269E-30,1.8674520619336E-15));
#6238=DIRECTION('',(-1.,-3.90100482998269E-30,1.8674520619336E-15));
#6239=DIRECTION('',(1.,3.90100482998269E-30,-1.8674520619336E-15));
#6240=DIRECTION('center_axis',(1.,0.,-6.83214169000096E-16));
#6241=DIRECTION('ref_axis',(-6.83214169000096E-16,2.70378500389021E-30,
-1.));
#6242=DIRECTION('',(-6.83214169000096E-16,2.70378500389021E-30,-1.));
#6243=DIRECTION('',(0.,1.,0.));
#6244=DIRECTION('',(6.83214169000096E-16,-2.70378500389021E-30,1.));
#6245=DIRECTION('',(0.,1.,0.));
#6246=DIRECTION('center_axis',(6.83214169000096E-16,0.,1.));
#6247=DIRECTION('ref_axis',(1.,3.90100482998269E-30,-6.83214169000096E-16));
#6248=DIRECTION('',(1.,3.90100482998269E-30,-6.83214169000096E-16));
#6249=DIRECTION('',(0.,1.,0.));
#6250=DIRECTION('',(-1.,-3.90100482998269E-30,6.83214169000096E-16));
#6251=DIRECTION('center_axis',(-1.,0.,6.83214169000096E-16));
#6252=DIRECTION('ref_axis',(6.83214169000096E-16,-2.70378500389021E-30,
1.));
#6253=DIRECTION('',(6.83214169000096E-16,-2.70378500389021E-30,1.));
#6254=DIRECTION('',(0.,1.,0.));
#6255=DIRECTION('',(-6.83214169000096E-16,2.70378500389021E-30,-1.));
#6256=DIRECTION('center_axis',(-6.83214169000096E-16,0.,-1.));
#6257=DIRECTION('ref_axis',(-1.,-3.90100482998269E-30,6.83214169000096E-16));
#6258=DIRECTION('',(-1.,-3.90100482998269E-30,6.83214169000096E-16));
#6259=DIRECTION('',(1.,3.90100482998269E-30,-6.83214169000096E-16));
#6260=DIRECTION('center_axis',(1.,0.,-6.83214169000096E-16));
#6261=DIRECTION('ref_axis',(-6.83214169000096E-16,2.70378500389021E-30,
-1.));
#6262=DIRECTION('',(-6.83214169000096E-16,2.70378500389021E-30,-1.));
#6263=DIRECTION('',(0.,1.,0.));
#6264=DIRECTION('',(6.83214169000096E-16,-2.70378500389021E-30,1.));
#6265=DIRECTION('',(0.,1.,0.));
#6266=DIRECTION('center_axis',(6.83214169000096E-16,0.,1.));
#6267=DIRECTION('ref_axis',(1.,3.90100482998269E-30,-6.83214169000096E-16));
#6268=DIRECTION('',(1.,3.90100482998269E-30,-6.83214169000096E-16));
#6269=DIRECTION('',(0.,1.,0.));
#6270=DIRECTION('',(-1.,-3.90100482998269E-30,6.83214169000096E-16));
#6271=DIRECTION('center_axis',(-1.,0.,6.83214169000096E-16));
#6272=DIRECTION('ref_axis',(6.83214169000096E-16,-2.70378500389021E-30,
1.));
#6273=DIRECTION('',(6.83214169000096E-16,-2.70378500389021E-30,1.));
#6274=DIRECTION('',(0.,1.,0.));
#6275=DIRECTION('',(-6.83214169000096E-16,2.70378500389021E-30,-1.));
#6276=DIRECTION('center_axis',(-1.8674520619336E-15,0.,-1.));
#6277=DIRECTION('ref_axis',(-1.,-3.90100482998269E-30,1.8674520619336E-15));
#6278=DIRECTION('',(-1.,-3.90100482998269E-30,1.8674520619336E-15));
#6279=DIRECTION('',(1.,3.90100482998269E-30,-1.8674520619336E-15));
#6280=DIRECTION('center_axis',(1.,0.,-6.83214169000096E-16));
#6281=DIRECTION('ref_axis',(-6.83214169000096E-16,2.70378500389021E-30,
-1.));
#6282=DIRECTION('',(-6.83214169000096E-16,2.70378500389021E-30,-1.));
#6283=DIRECTION('',(0.,1.,0.));
#6284=DIRECTION('',(6.83214169000096E-16,-2.70378500389021E-30,1.));
#6285=DIRECTION('',(0.,1.,0.));
#6286=DIRECTION('center_axis',(6.83214169000096E-16,0.,1.));
#6287=DIRECTION('ref_axis',(1.,3.90100482998269E-30,-6.83214169000096E-16));
#6288=DIRECTION('',(1.,3.90100482998269E-30,-6.83214169000096E-16));
#6289=DIRECTION('',(0.,1.,0.));
#6290=DIRECTION('',(-1.,-3.90100482998269E-30,6.83214169000096E-16));
#6291=DIRECTION('center_axis',(-1.,0.,6.83214169000096E-16));
#6292=DIRECTION('ref_axis',(6.83214169000096E-16,-2.70378500389021E-30,
1.));
#6293=DIRECTION('',(6.83214169000096E-16,-2.70378500389021E-30,1.));
#6294=DIRECTION('',(0.,1.,0.));
#6295=DIRECTION('',(-6.83214169000096E-16,2.70378500389021E-30,-1.));
#6296=DIRECTION('center_axis',(-6.83214169000096E-16,0.,-1.));
#6297=DIRECTION('ref_axis',(-1.,-3.90100482998269E-30,6.83214169000096E-16));
#6298=DIRECTION('',(-1.,-3.90100482998269E-30,6.83214169000096E-16));
#6299=DIRECTION('',(1.,3.90100482998269E-30,-6.83214169000096E-16));
#6300=DIRECTION('center_axis',(-1.,0.,6.83214169000096E-16));
#6301=DIRECTION('ref_axis',(6.83214169000096E-16,-2.70378500389021E-30,
1.));
#6302=DIRECTION('',(6.83214169000096E-16,-2.70378500389021E-30,1.));
#6303=DIRECTION('',(0.,1.,0.));
#6304=DIRECTION('',(-6.83214169000096E-16,2.70378500389021E-30,-1.));
#6305=DIRECTION('',(0.,1.,0.));
#6306=DIRECTION('center_axis',(-5.72191866537581E-16,0.,-1.));
#6307=DIRECTION('ref_axis',(-1.,-3.90100482998269E-30,5.72191866537581E-16));
#6308=DIRECTION('',(-1.,-3.90100482998269E-30,5.72191866537581E-16));
#6309=DIRECTION('',(0.,1.,0.));
#6310=DIRECTION('',(1.,3.90100482998269E-30,-5.72191866537581E-16));
#6311=DIRECTION('center_axis',(1.,0.,-1.12730337885016E-15));
#6312=DIRECTION('ref_axis',(-1.12730337885016E-15,2.70378500389021E-30,
-1.));
#6313=DIRECTION('',(-1.12730337885016E-15,2.70378500389021E-30,-1.));
#6314=DIRECTION('',(0.,1.,0.));
#6315=DIRECTION('',(1.12730337885016E-15,-2.70378500389021E-30,1.));
#6316=DIRECTION('center_axis',(6.09199300691753E-16,0.,1.));
#6317=DIRECTION('ref_axis',(1.,3.90100482998269E-30,-6.09199300691753E-16));
#6318=DIRECTION('',(1.,3.90100482998269E-30,-6.09199300691753E-16));
#6319=DIRECTION('',(-1.,-3.90100482998269E-30,6.09199300691753E-16));
#6320=DIRECTION('center_axis',(5.72191866537581E-16,0.,1.));
#6321=DIRECTION('ref_axis',(1.,3.90100482998269E-30,-5.72191866537581E-16));
#6322=DIRECTION('',(1.,3.90100482998269E-30,-5.72191866537581E-16));
#6323=DIRECTION('',(0.,1.,0.));
#6324=DIRECTION('',(-1.,-3.90100482998269E-30,5.72191866537581E-16));
#6325=DIRECTION('',(0.,1.,0.));
#6326=DIRECTION('center_axis',(-1.,0.,6.83214169000096E-16));
#6327=DIRECTION('ref_axis',(6.83214169000096E-16,-2.70378500389021E-30,
1.));
#6328=DIRECTION('',(6.83214169000096E-16,-2.70378500389021E-30,1.));
#6329=DIRECTION('',(0.,1.,0.));
#6330=DIRECTION('',(-6.83214169000096E-16,2.70378500389021E-30,-1.));
#6331=DIRECTION('center_axis',(-6.90153062904004E-16,0.,-1.));
#6332=DIRECTION('ref_axis',(-1.,-3.90100482998269E-30,6.90153062904004E-16));
#6333=DIRECTION('',(-1.,-3.90100482998269E-30,6.90153062904004E-16));
#6334=DIRECTION('',(0.,1.,0.));
#6335=DIRECTION('',(1.,3.90100482998269E-30,-6.90153062904004E-16));
#6336=DIRECTION('center_axis',(1.,0.,-6.83214169000096E-16));
#6337=DIRECTION('ref_axis',(-6.83214169000096E-16,2.70378500389021E-30,
-1.));
#6338=DIRECTION('',(-6.83214169000096E-16,2.70378500389021E-30,-1.));
#6339=DIRECTION('',(6.83214169000096E-16,-2.70378500389021E-30,1.));
#6340=DIRECTION('center_axis',(-1.,0.,6.83214169000096E-16));
#6341=DIRECTION('ref_axis',(6.83214169000096E-16,-2.70378500389021E-30,
1.));
#6342=DIRECTION('',(6.83214169000096E-16,-2.70378500389021E-30,1.));
#6343=DIRECTION('',(0.,1.,0.));
#6344=DIRECTION('',(-6.83214169000096E-16,2.70378500389021E-30,-1.));
#6345=DIRECTION('',(0.,1.,0.));
#6346=DIRECTION('center_axis',(-5.72191866537581E-16,0.,-1.));
#6347=DIRECTION('ref_axis',(-1.,-3.90100482998269E-30,5.72191866537581E-16));
#6348=DIRECTION('',(-1.,-3.90100482998269E-30,5.72191866537581E-16));
#6349=DIRECTION('',(0.,1.,0.));
#6350=DIRECTION('',(1.,3.90100482998269E-30,-5.72191866537581E-16));
#6351=DIRECTION('center_axis',(1.,0.,-1.12730337885016E-15));
#6352=DIRECTION('ref_axis',(-1.12730337885016E-15,2.70378500389021E-30,
-1.));
#6353=DIRECTION('',(-1.12730337885016E-15,2.70378500389021E-30,-1.));
#6354=DIRECTION('',(0.,1.,0.));
#6355=DIRECTION('',(1.12730337885016E-15,-2.70378500389021E-30,1.));
#6356=DIRECTION('center_axis',(6.09199300691753E-16,0.,1.));
#6357=DIRECTION('ref_axis',(1.,3.90100482998269E-30,-6.09199300691753E-16));
#6358=DIRECTION('',(1.,3.90100482998269E-30,-6.09199300691753E-16));
#6359=DIRECTION('',(-1.,-3.90100482998269E-30,6.09199300691753E-16));
#6360=DIRECTION('center_axis',(5.72191866537581E-16,0.,1.));
#6361=DIRECTION('ref_axis',(1.,3.90100482998269E-30,-5.72191866537581E-16));
#6362=DIRECTION('',(1.,3.90100482998269E-30,-5.72191866537581E-16));
#6363=DIRECTION('',(0.,1.,0.));
#6364=DIRECTION('',(-1.,-3.90100482998269E-30,5.72191866537581E-16));
#6365=DIRECTION('',(0.,1.,0.));
#6366=DIRECTION('center_axis',(-1.,0.,6.83214169000096E-16));
#6367=DIRECTION('ref_axis',(6.83214169000096E-16,-2.70378500389021E-30,
1.));
#6368=DIRECTION('',(6.83214169000096E-16,-2.70378500389021E-30,1.));
#6369=DIRECTION('',(0.,1.,0.));
#6370=DIRECTION('',(-6.83214169000096E-16,2.70378500389021E-30,-1.));
#6371=DIRECTION('center_axis',(-6.90153062904004E-16,0.,-1.));
#6372=DIRECTION('ref_axis',(-1.,-3.90100482998269E-30,6.90153062904004E-16));
#6373=DIRECTION('',(-1.,-3.90100482998269E-30,6.90153062904004E-16));
#6374=DIRECTION('',(0.,1.,0.));
#6375=DIRECTION('',(1.,3.90100482998269E-30,-6.90153062904004E-16));
#6376=DIRECTION('center_axis',(1.,0.,-6.83214169000096E-16));
#6377=DIRECTION('ref_axis',(-6.83214169000096E-16,2.70378500389021E-30,
-1.));
#6378=DIRECTION('',(-6.83214169000096E-16,2.70378500389021E-30,-1.));
#6379=DIRECTION('',(6.83214169000096E-16,-2.70378500389021E-30,1.));
#6380=DIRECTION('center_axis',(-1.,0.,6.83214169000096E-16));
#6381=DIRECTION('ref_axis',(6.83214169000096E-16,-2.70378500389021E-30,
1.));
#6382=DIRECTION('',(6.83214169000096E-16,-2.70378500389021E-30,1.));
#6383=DIRECTION('',(0.,1.,0.));
#6384=DIRECTION('',(-6.83214169000096E-16,2.70378500389021E-30,-1.));
#6385=DIRECTION('',(0.,1.,0.));
#6386=DIRECTION('center_axis',(-5.72191866537581E-16,0.,-1.));
#6387=DIRECTION('ref_axis',(-1.,-3.90100482998269E-30,5.72191866537581E-16));
#6388=DIRECTION('',(-1.,-3.90100482998269E-30,5.72191866537581E-16));
#6389=DIRECTION('',(0.,1.,0.));
#6390=DIRECTION('',(1.,3.90100482998269E-30,-5.72191866537581E-16));
#6391=DIRECTION('center_axis',(1.,0.,-1.12730337885016E-15));
#6392=DIRECTION('ref_axis',(-1.12730337885016E-15,2.70378500389021E-30,
-1.));
#6393=DIRECTION('',(-1.12730337885016E-15,2.70378500389021E-30,-1.));
#6394=DIRECTION('',(0.,1.,0.));
#6395=DIRECTION('',(1.12730337885016E-15,-2.70378500389021E-30,1.));
#6396=DIRECTION('center_axis',(6.09199300691753E-16,0.,1.));
#6397=DIRECTION('ref_axis',(1.,3.90100482998269E-30,-6.09199300691753E-16));
#6398=DIRECTION('',(1.,3.90100482998269E-30,-6.09199300691753E-16));
#6399=DIRECTION('',(-1.,-3.90100482998269E-30,6.09199300691753E-16));
#6400=DIRECTION('center_axis',(5.72191866537581E-16,0.,1.));
#6401=DIRECTION('ref_axis',(1.,3.90100482998269E-30,-5.72191866537581E-16));
#6402=DIRECTION('',(1.,3.90100482998269E-30,-5.72191866537581E-16));
#6403=DIRECTION('',(0.,1.,0.));
#6404=DIRECTION('',(-1.,-3.90100482998269E-30,5.72191866537581E-16));
#6405=DIRECTION('',(0.,1.,0.));
#6406=DIRECTION('center_axis',(-1.,0.,6.83214169000096E-16));
#6407=DIRECTION('ref_axis',(6.83214169000096E-16,-2.70378500389021E-30,
1.));
#6408=DIRECTION('',(6.83214169000096E-16,-2.70378500389021E-30,1.));
#6409=DIRECTION('',(0.,1.,0.));
#6410=DIRECTION('',(-6.83214169000096E-16,2.70378500389021E-30,-1.));
#6411=DIRECTION('center_axis',(-6.90153062904004E-16,0.,-1.));
#6412=DIRECTION('ref_axis',(-1.,-3.90100482998269E-30,6.90153062904004E-16));
#6413=DIRECTION('',(-1.,-3.90100482998269E-30,6.90153062904004E-16));
#6414=DIRECTION('',(0.,1.,0.));
#6415=DIRECTION('',(1.,3.90100482998269E-30,-6.90153062904004E-16));
#6416=DIRECTION('center_axis',(1.,0.,-6.83214169000096E-16));
#6417=DIRECTION('ref_axis',(-6.83214169000096E-16,2.70378500389021E-30,
-1.));
#6418=DIRECTION('',(-6.83214169000096E-16,2.70378500389021E-30,-1.));
#6419=DIRECTION('',(6.83214169000096E-16,-2.70378500389021E-30,1.));
#6420=DIRECTION('center_axis',(-1.,0.,6.83214169000096E-16));
#6421=DIRECTION('ref_axis',(6.83214169000096E-16,-2.70378500389021E-30,
1.));
#6422=DIRECTION('',(6.83214169000096E-16,-2.70378500389021E-30,1.));
#6423=DIRECTION('',(0.,1.,0.));
#6424=DIRECTION('',(-6.83214169000096E-16,2.70378500389021E-30,-1.));
#6425=DIRECTION('',(0.,1.,0.));
#6426=DIRECTION('center_axis',(-5.72191866537581E-16,0.,-1.));
#6427=DIRECTION('ref_axis',(-1.,-3.90100482998269E-30,5.72191866537581E-16));
#6428=DIRECTION('',(-1.,-3.90100482998269E-30,5.72191866537581E-16));
#6429=DIRECTION('',(0.,1.,0.));
#6430=DIRECTION('',(1.,3.90100482998269E-30,-5.72191866537581E-16));
#6431=DIRECTION('center_axis',(1.,0.,-1.12730337885016E-15));
#6432=DIRECTION('ref_axis',(-1.12730337885016E-15,2.70378500389021E-30,
-1.));
#6433=DIRECTION('',(-1.12730337885016E-15,2.70378500389021E-30,-1.));
#6434=DIRECTION('',(0.,1.,0.));
#6435=DIRECTION('',(1.12730337885016E-15,-2.70378500389021E-30,1.));
#6436=DIRECTION('center_axis',(6.09199300691753E-16,0.,1.));
#6437=DIRECTION('ref_axis',(1.,3.90100482998269E-30,-6.09199300691753E-16));
#6438=DIRECTION('',(1.,3.90100482998269E-30,-6.09199300691753E-16));
#6439=DIRECTION('',(-1.,-3.90100482998269E-30,6.09199300691753E-16));
#6440=DIRECTION('center_axis',(5.72191866537581E-16,0.,1.));
#6441=DIRECTION('ref_axis',(1.,3.90100482998269E-30,-5.72191866537581E-16));
#6442=DIRECTION('',(1.,3.90100482998269E-30,-5.72191866537581E-16));
#6443=DIRECTION('',(0.,1.,0.));
#6444=DIRECTION('',(-1.,-3.90100482998269E-30,5.72191866537581E-16));
#6445=DIRECTION('',(0.,1.,0.));
#6446=DIRECTION('center_axis',(-1.,0.,6.83214169000096E-16));
#6447=DIRECTION('ref_axis',(6.83214169000096E-16,-2.70378500389021E-30,
1.));
#6448=DIRECTION('',(6.83214169000096E-16,-2.70378500389021E-30,1.));
#6449=DIRECTION('',(0.,1.,0.));
#6450=DIRECTION('',(-6.83214169000096E-16,2.70378500389021E-30,-1.));
#6451=DIRECTION('center_axis',(-6.90153062904004E-16,0.,-1.));
#6452=DIRECTION('ref_axis',(-1.,-3.90100482998269E-30,6.90153062904004E-16));
#6453=DIRECTION('',(-1.,-3.90100482998269E-30,6.90153062904004E-16));
#6454=DIRECTION('',(0.,1.,0.));
#6455=DIRECTION('',(1.,3.90100482998269E-30,-6.90153062904004E-16));
#6456=DIRECTION('center_axis',(1.,0.,-6.83214169000096E-16));
#6457=DIRECTION('ref_axis',(-6.83214169000096E-16,2.70378500389021E-30,
-1.));
#6458=DIRECTION('',(-6.83214169000096E-16,2.70378500389021E-30,-1.));
#6459=DIRECTION('',(6.83214169000096E-16,-2.70378500389021E-30,1.));
#6460=DIRECTION('center_axis',(-1.,0.,6.83214169000096E-16));
#6461=DIRECTION('ref_axis',(6.83214169000096E-16,-2.70378500389021E-30,
1.));
#6462=DIRECTION('',(6.83214169000096E-16,-2.70378500389021E-30,1.));
#6463=DIRECTION('',(0.,1.,0.));
#6464=DIRECTION('',(-6.83214169000096E-16,2.70378500389021E-30,-1.));
#6465=DIRECTION('',(0.,1.,0.));
#6466=DIRECTION('center_axis',(-5.72191866537581E-16,0.,-1.));
#6467=DIRECTION('ref_axis',(-1.,-3.90100482998269E-30,5.72191866537581E-16));
#6468=DIRECTION('',(-1.,-3.90100482998269E-30,5.72191866537581E-16));
#6469=DIRECTION('',(0.,1.,0.));
#6470=DIRECTION('',(1.,3.90100482998269E-30,-5.72191866537581E-16));
#6471=DIRECTION('center_axis',(1.,0.,-1.12730337885016E-15));
#6472=DIRECTION('ref_axis',(-1.12730337885016E-15,2.70378500389021E-30,
-1.));
#6473=DIRECTION('',(-1.12730337885016E-15,2.70378500389021E-30,-1.));
#6474=DIRECTION('',(0.,1.,0.));
#6475=DIRECTION('',(1.12730337885016E-15,-2.70378500389021E-30,1.));
#6476=DIRECTION('center_axis',(6.09199300691753E-16,0.,1.));
#6477=DIRECTION('ref_axis',(1.,3.90100482998269E-30,-6.09199300691753E-16));
#6478=DIRECTION('',(1.,3.90100482998269E-30,-6.09199300691753E-16));
#6479=DIRECTION('',(-1.,-3.90100482998269E-30,6.09199300691753E-16));
#6480=DIRECTION('center_axis',(5.72191866537581E-16,0.,1.));
#6481=DIRECTION('ref_axis',(1.,3.90100482998269E-30,-5.72191866537581E-16));
#6482=DIRECTION('',(1.,3.90100482998269E-30,-5.72191866537581E-16));
#6483=DIRECTION('',(0.,1.,0.));
#6484=DIRECTION('',(-1.,-3.90100482998269E-30,5.72191866537581E-16));
#6485=DIRECTION('',(0.,1.,0.));
#6486=DIRECTION('center_axis',(-1.,0.,6.83214169000096E-16));
#6487=DIRECTION('ref_axis',(6.83214169000096E-16,-2.70378500389021E-30,
1.));
#6488=DIRECTION('',(6.83214169000096E-16,-2.70378500389021E-30,1.));
#6489=DIRECTION('',(0.,1.,0.));
#6490=DIRECTION('',(-6.83214169000096E-16,2.70378500389021E-30,-1.));
#6491=DIRECTION('center_axis',(-6.90153062904004E-16,0.,-1.));
#6492=DIRECTION('ref_axis',(-1.,-3.90100482998269E-30,6.90153062904004E-16));
#6493=DIRECTION('',(-1.,-3.90100482998269E-30,6.90153062904004E-16));
#6494=DIRECTION('',(0.,1.,0.));
#6495=DIRECTION('',(1.,3.90100482998269E-30,-6.90153062904004E-16));
#6496=DIRECTION('center_axis',(1.,0.,-6.83214169000096E-16));
#6497=DIRECTION('ref_axis',(-6.83214169000096E-16,2.70378500389021E-30,
-1.));
#6498=DIRECTION('',(-6.83214169000096E-16,2.70378500389021E-30,-1.));
#6499=DIRECTION('',(6.83214169000096E-16,-2.70378500389021E-30,1.));
#6500=DIRECTION('center_axis',(0.,0.,-1.));
#6501=DIRECTION('ref_axis',(-1.,0.,0.));
#6502=DIRECTION('',(-1.,0.,0.));
#6503=DIRECTION('',(0.,1.,0.));
#6504=DIRECTION('',(-1.,0.,0.));
#6505=DIRECTION('',(0.,1.,0.));
#6506=DIRECTION('center_axis',(0.,0.,1.));
#6507=DIRECTION('ref_axis',(1.,0.,0.));
#6508=DIRECTION('',(1.,0.,0.));
#6509=DIRECTION('',(0.,-1.,0.));
#6510=DIRECTION('',(1.,0.,0.));
#6511=DIRECTION('',(0.,1.,0.));
#6512=DIRECTION('center_axis',(0.,1.,0.));
#6513=DIRECTION('ref_axis',(0.,0.,1.));
#6514=DIRECTION('',(6.83214169000096E-16,0.,1.));
#6515=DIRECTION('',(0.,0.,-1.));
#6516=DIRECTION('center_axis',(0.,-1.,0.));
#6517=DIRECTION('ref_axis',(0.,0.,-1.));
#6518=DIRECTION('',(0.,0.,-1.));
#6519=DIRECTION('',(1.,0.,0.));
#6520=DIRECTION('',(-1.,0.,0.));
#6521=DIRECTION('',(-6.83214169000096E-16,0.,-1.));
#6522=DIRECTION('center_axis',(0.,1.,0.));
#6523=DIRECTION('ref_axis',(1.,0.,0.));
#6524=DIRECTION('center_axis',(0.,1.,0.));
#6525=DIRECTION('ref_axis',(1.,0.,0.));
#6526=DIRECTION('center_axis',(0.,-1.,0.));
#6527=DIRECTION('ref_axis',(0.,0.,-1.));
#6528=DIRECTION('',(-6.83214169000096E-16,0.,-1.));
#6529=DIRECTION('',(1.,0.,0.));
#6530=DIRECTION('',(-1.,0.,0.));
#6531=DIRECTION('',(0.,0.,-1.));
#6532=DIRECTION('center_axis',(0.,1.,0.));
#6533=DIRECTION('ref_axis',(1.,0.,0.));
#6534=DIRECTION('center_axis',(0.,1.,0.));
#6535=DIRECTION('ref_axis',(1.,0.,0.));
#6536=DIRECTION('center_axis',(-1.,0.,6.83214169000096E-16));
#6537=DIRECTION('ref_axis',(6.83214169000096E-16,0.,1.));
#6538=DIRECTION('',(0.,1.,0.));
#6539=DIRECTION('',(0.,-1.,0.));
#6540=DIRECTION('',(6.83214169000096E-16,-2.70378500389021E-30,1.));
#6541=DIRECTION('',(0.,1.,0.));
#6542=DIRECTION('',(0.,1.,0.));
#6543=DIRECTION('center_axis',(0.,-1.,0.));
#6544=DIRECTION('ref_axis',(1.,0.,-6.83214169000096E-16));
#6545=DIRECTION('center_axis',(0.,1.,0.));
#6546=DIRECTION('ref_axis',(1.,0.,-6.83214169000096E-16));
#6547=DIRECTION('center_axis',(0.,1.,0.));
#6548=DIRECTION('ref_axis',(1.,0.,-6.83214169000096E-16));
#6549=DIRECTION('',(0.,1.,0.));
#6550=DIRECTION('center_axis',(0.,-1.,0.));
#6551=DIRECTION('ref_axis',(1.,0.,-6.83214169000096E-16));
#6552=DIRECTION('center_axis',(0.,-1.,0.));
#6553=DIRECTION('ref_axis',(1.,0.,-6.83214169000096E-16));
#6554=DIRECTION('center_axis',(2.368475785867E-15,0.,1.));
#6555=DIRECTION('ref_axis',(-1.,-3.90100482998269E-30,2.368475785867E-15));
#6556=DIRECTION('',(-1.,-3.90100482998269E-30,2.368475785867E-15));
#6557=DIRECTION('',(0.,-1.,0.));
#6558=DIRECTION('',(-1.,-3.90100482998269E-30,2.368475785867E-15));
#6559=DIRECTION('',(0.,-1.,0.));
#6560=DIRECTION('center_axis',(1.,0.,-5.9211894646675E-16));
#6561=DIRECTION('ref_axis',(5.9211894646675E-16,-2.70378500389021E-30,1.));
#6562=DIRECTION('',(5.9211894646675E-16,-2.70378500389021E-30,1.));
#6563=DIRECTION('',(0.,-1.,0.));
#6564=DIRECTION('',(5.9211894646675E-16,-2.70378500389021E-30,1.));
#6565=DIRECTION('center_axis',(-5.9211894646675E-16,0.,-1.));
#6566=DIRECTION('ref_axis',(1.,3.90100482998269E-30,-5.9211894646675E-16));
#6567=DIRECTION('',(1.,3.90100482998269E-30,-5.9211894646675E-16));
#6568=DIRECTION('',(0.,-1.,0.));
#6569=DIRECTION('',(1.,3.90100482998269E-30,-5.9211894646675E-16));
#6570=DIRECTION('center_axis',(-1.,0.,1.03620815631681E-15));
#6571=DIRECTION('ref_axis',(-1.03620815631681E-15,2.70378500389021E-30,
-1.));
#6572=DIRECTION('',(-1.03620815631681E-15,2.70378500389021E-30,-1.));
#6573=DIRECTION('',(-1.03620815631681E-15,2.70378500389021E-30,-1.));
#6574=DIRECTION('center_axis',(0.,-1.,0.));
#6575=DIRECTION('ref_axis',(0.,0.,-1.));
#6576=DIRECTION('center_axis',(1.,0.,-3.66007590535766E-16));
#6577=DIRECTION('ref_axis',(3.66007590535766E-16,-2.70378500389021E-30,
1.));
#6578=DIRECTION('',(-3.66007590535766E-16,2.70378500389021E-30,-1.));
#6579=DIRECTION('',(0.,-1.,0.));
#6580=DIRECTION('',(3.66007590535766E-16,-2.70378500389021E-30,1.));
#6581=DIRECTION('',(0.,-1.,0.));
#6582=DIRECTION('center_axis',(-6.83214169000096E-16,0.,-1.));
#6583=DIRECTION('ref_axis',(1.,3.90100482998269E-30,-6.83214169000096E-16));
#6584=DIRECTION('',(-1.,-3.90100482998269E-30,6.83214169000096E-16));
#6585=DIRECTION('',(1.,3.90100482998269E-30,-6.83214169000096E-16));
#6586=DIRECTION('',(0.,-1.,0.));
#6587=DIRECTION('center_axis',(-1.,0.,4.88010120714357E-17));
#6588=DIRECTION('ref_axis',(-4.88010120714357E-17,2.70378500389021E-30,
-1.));
#6589=DIRECTION('',(4.88010120714357E-17,-2.70378500389021E-30,1.));
#6590=DIRECTION('',(-4.88010120714357E-17,2.70378500389021E-30,-1.));
#6591=DIRECTION('',(0.,-1.,0.));
#6592=DIRECTION('center_axis',(4.88010120714356E-17,0.,1.));
#6593=DIRECTION('ref_axis',(-1.,-3.90100482998269E-30,4.88010120714356E-17));
#6594=DIRECTION('',(1.,3.90100482998269E-30,-4.88010120714356E-17));
#6595=DIRECTION('',(-1.,-3.90100482998269E-30,4.88010120714356E-17));
#6596=DIRECTION('center_axis',(0.,-1.,0.));
#6597=DIRECTION('ref_axis',(0.,0.,-1.));
#6598=DIRECTION('center_axis',(0.,-1.,0.));
#6599=DIRECTION('ref_axis',(1.,0.,-6.83214169000097E-16));
#6600=DIRECTION('center_axis',(3.90100482998269E-30,-1.,-2.70378500389021E-30));
#6601=DIRECTION('ref_axis',(1.,3.90100482998269E-30,-6.83214169000097E-16));
#6602=DIRECTION('center_axis',(3.90100482998269E-30,-1.,-2.70378500389021E-30));
#6603=DIRECTION('ref_axis',(1.,3.90100482998269E-30,-6.83214169000097E-16));
#6604=DIRECTION('',(0.,1.,0.));
#6605=DIRECTION('center_axis',(-3.90100482998269E-30,1.,2.70378500389021E-30));
#6606=DIRECTION('ref_axis',(1.,0.,-6.83214169000097E-16));
#6607=DIRECTION('center_axis',(-3.90100482998269E-30,1.,2.70378500389021E-30));
#6608=DIRECTION('ref_axis',(1.,0.,-6.83214169000097E-16));
#6609=DIRECTION('center_axis',(3.90100482998269E-30,-1.,-2.70378500389021E-30));
#6610=DIRECTION('ref_axis',(0.,2.70378500389021E-30,-1.));
#6611=DIRECTION('center_axis',(0.,-1.,0.));
#6612=DIRECTION('ref_axis',(1.,0.,-6.83214169000096E-16));
#6613=DIRECTION('center_axis',(3.90100482998269E-30,-1.,-2.70378500389021E-30));
#6614=DIRECTION('ref_axis',(1.,3.90100482998269E-30,-6.83214169000096E-16));
#6615=DIRECTION('center_axis',(3.90100482998269E-30,-1.,-2.70378500389021E-30));
#6616=DIRECTION('ref_axis',(1.,3.90100482998269E-30,-6.83214169000096E-16));
#6617=DIRECTION('',(0.,1.,0.));
#6618=DIRECTION('center_axis',(-3.90100482998269E-30,1.,2.70378500389021E-30));
#6619=DIRECTION('ref_axis',(1.,0.,-6.83214169000096E-16));
#6620=DIRECTION('center_axis',(-3.90100482998269E-30,1.,2.70378500389021E-30));
#6621=DIRECTION('ref_axis',(1.,0.,-6.83214169000096E-16));
#6622=DIRECTION('center_axis',(3.90100482998269E-30,-1.,-2.70378500389021E-30));
#6623=DIRECTION('ref_axis',(0.,2.70378500389021E-30,-1.));
#6624=DIRECTION('center_axis',(0.,-1.,0.));
#6625=DIRECTION('ref_axis',(1.,0.,-6.83214169000096E-16));
#6626=DIRECTION('center_axis',(3.90100482998269E-30,-1.,-2.70378500389021E-30));
#6627=DIRECTION('ref_axis',(1.,3.90100482998269E-30,-6.83214169000096E-16));
#6628=DIRECTION('center_axis',(3.90100482998269E-30,-1.,-2.70378500389021E-30));
#6629=DIRECTION('ref_axis',(1.,3.90100482998269E-30,-6.83214169000096E-16));
#6630=DIRECTION('',(0.,1.,0.));
#6631=DIRECTION('center_axis',(-3.90100482998269E-30,1.,2.70378500389021E-30));
#6632=DIRECTION('ref_axis',(1.,0.,-6.83214169000096E-16));
#6633=DIRECTION('center_axis',(-3.90100482998269E-30,1.,2.70378500389021E-30));
#6634=DIRECTION('ref_axis',(1.,0.,-6.83214169000096E-16));
#6635=DIRECTION('center_axis',(3.90100482998269E-30,-1.,-2.70378500389021E-30));
#6636=DIRECTION('ref_axis',(0.,2.70378500389021E-30,-1.));
#6637=DIRECTION('center_axis',(0.,-1.,0.));
#6638=DIRECTION('ref_axis',(1.,0.,-6.83214169000096E-16));
#6639=DIRECTION('center_axis',(3.90100482998269E-30,-1.,-2.70378500389021E-30));
#6640=DIRECTION('ref_axis',(1.,3.90100482998269E-30,-6.83214169000096E-16));
#6641=DIRECTION('center_axis',(3.90100482998269E-30,-1.,-2.70378500389021E-30));
#6642=DIRECTION('ref_axis',(1.,3.90100482998269E-30,-6.83214169000096E-16));
#6643=DIRECTION('',(0.,1.,0.));
#6644=DIRECTION('center_axis',(-3.90100482998269E-30,1.,2.70378500389021E-30));
#6645=DIRECTION('ref_axis',(1.,0.,-6.83214169000096E-16));
#6646=DIRECTION('center_axis',(-3.90100482998269E-30,1.,2.70378500389021E-30));
#6647=DIRECTION('ref_axis',(1.,0.,-6.83214169000096E-16));
#6648=DIRECTION('center_axis',(3.90100482998269E-30,-1.,-2.70378500389021E-30));
#6649=DIRECTION('ref_axis',(0.,2.70378500389021E-30,-1.));
#6650=DIRECTION('center_axis',(0.,1.,0.));
#6651=DIRECTION('ref_axis',(-2.29808402300032E-15,0.,-1.));
#6652=DIRECTION('',(-2.29808402300032E-15,0.,-1.));
#6653=DIRECTION('',(-1.,0.,0.));
#6654=DIRECTION('',(-2.29808402300032E-15,0.,-1.));
#6655=DIRECTION('',(-1.,0.,6.83214169000096E-16));
#6656=DIRECTION('center_axis',(0.,0.,1.));
#6657=DIRECTION('ref_axis',(0.,1.,0.));
#6658=DIRECTION('',(0.,1.,0.));
#6659=DIRECTION('',(-1.,0.,0.));
#6660=DIRECTION('',(0.,1.,0.));
#6661=DIRECTION('center_axis',(0.,-1.,0.));
#6662=DIRECTION('ref_axis',(2.29808402300032E-15,0.,1.));
#6663=DIRECTION('',(2.29808402300032E-15,0.,1.));
#6664=DIRECTION('',(1.,0.,-6.83214169000096E-16));
#6665=DIRECTION('',(2.29808402300032E-15,0.,1.));
#6666=DIRECTION('center_axis',(-1.,0.,0.));
#6667=DIRECTION('ref_axis',(0.,0.,1.));
#6668=DIRECTION('',(0.,-1.,0.));
#6669=DIRECTION('center_axis',(0.,-1.,0.));
#6670=DIRECTION('ref_axis',(2.29808402300032E-15,0.,1.));
#6671=DIRECTION('',(2.29808402300032E-15,0.,1.));
#6672=DIRECTION('',(-1.,0.,0.));
#6673=DIRECTION('',(2.29808402300032E-15,0.,1.));
#6674=DIRECTION('',(-1.,0.,6.83214169000096E-16));
#6675=DIRECTION('center_axis',(0.,1.54197642309049E-16,-1.));
#6676=DIRECTION('ref_axis',(-3.54359138174745E-31,-1.,-1.54197642309049E-16));
#6677=DIRECTION('',(-3.54359138174745E-31,-1.,-1.54197642309049E-16));
#6678=DIRECTION('',(-1.,0.,0.));
#6679=DIRECTION('',(-3.54359138174745E-31,-1.,-1.54197642309049E-16));
#6680=DIRECTION('center_axis',(0.,1.,1.1686558153949E-15));
#6681=DIRECTION('ref_axis',(-2.29808402300032E-15,1.1686558153949E-15,-1.));
#6682=DIRECTION('',(-2.29808402300032E-15,1.1686558153949E-15,-1.));
#6683=DIRECTION('',(1.,7.98442211762158E-31,-6.83214169000096E-16));
#6684=DIRECTION('',(-2.29808402300032E-15,1.1686558153949E-15,-1.));
#6685=DIRECTION('center_axis',(-1.,0.,0.));
#6686=DIRECTION('ref_axis',(0.,0.,1.));
#6687=DIRECTION('',(0.,1.,0.));
#6688=DIRECTION('center_axis',(1.,0.,-2.29808402300032E-15));
#6689=DIRECTION('ref_axis',(2.29808402300032E-15,-2.7037850038902E-30,1.));
#6690=DIRECTION('',(0.,-1.,0.));
#6691=DIRECTION('',(-2.29808402300032E-15,2.7037850038902E-30,-1.));
#6692=DIRECTION('',(0.,-1.,0.));
#6693=DIRECTION('',(0.,-1.,0.));
#6694=DIRECTION('',(2.29808402300032E-15,-2.7037850038902E-30,1.));
#6695=DIRECTION('',(0.,-1.,0.));
#6696=DIRECTION('center_axis',(0.,-1.,0.));
#6697=DIRECTION('ref_axis',(-6.83214169000097E-16,0.,-1.));
#6698=DIRECTION('',(-6.83214169000096E-16,0.,-1.));
#6699=DIRECTION('',(1.,0.,0.));
#6700=DIRECTION('',(-6.83214169000097E-16,0.,-1.));
#6701=DIRECTION('',(1.,0.,-6.83214169000096E-16));
#6702=DIRECTION('center_axis',(0.,0.,1.));
#6703=DIRECTION('ref_axis',(0.,-1.,0.));
#6704=DIRECTION('',(0.,-1.,0.));
#6705=DIRECTION('',(1.,0.,0.));
#6706=DIRECTION('',(0.,-1.,0.));
#6707=DIRECTION('center_axis',(0.,1.,0.));
#6708=DIRECTION('ref_axis',(6.83214169000097E-16,0.,1.));
#6709=DIRECTION('',(6.83214169000096E-16,0.,1.));
#6710=DIRECTION('',(-1.,0.,6.83214169000096E-16));
#6711=DIRECTION('',(6.83214169000097E-16,0.,1.));
#6712=DIRECTION('center_axis',(1.,0.,0.));
#6713=DIRECTION('ref_axis',(0.,0.,-1.));
#6714=DIRECTION('',(0.,1.,0.));
#6715=DIRECTION('center_axis',(0.,1.,0.));
#6716=DIRECTION('ref_axis',(6.83214169000096E-16,0.,1.));
#6717=DIRECTION('',(6.83214169000096E-16,0.,1.));
#6718=DIRECTION('',(1.,0.,0.));
#6719=DIRECTION('',(6.83214169000096E-16,0.,1.));
#6720=DIRECTION('',(1.,0.,-6.83214169000097E-16));
#6721=DIRECTION('center_axis',(0.,6.16790569236198E-16,-1.));
#6722=DIRECTION('ref_axis',(4.21400056207806E-31,1.,6.16790569236198E-16));
#6723=DIRECTION('',(4.21400056207806E-31,1.,6.16790569236198E-16));
#6724=DIRECTION('',(1.,0.,0.));
#6725=DIRECTION('',(4.21400056207806E-31,1.,6.16790569236198E-16));
#6726=DIRECTION('center_axis',(0.,-1.,0.));
#6727=DIRECTION('ref_axis',(-6.83214169000096E-16,0.,-1.));
#6728=DIRECTION('',(-6.83214169000096E-16,0.,-1.));
#6729=DIRECTION('',(-1.,0.,6.83214169000097E-16));
#6730=DIRECTION('',(-6.83214169000096E-16,0.,-1.));
#6731=DIRECTION('center_axis',(1.,0.,0.));
#6732=DIRECTION('ref_axis',(0.,0.,-1.));
#6733=DIRECTION('',(0.,-1.,0.));
#6734=DIRECTION('center_axis',(-1.,0.,6.83214169000096E-16));
#6735=DIRECTION('ref_axis',(-6.83214169000096E-16,2.70378500389021E-30,
-1.));
#6736=DIRECTION('',(0.,-1.,0.));
#6737=DIRECTION('',(-6.83214169000096E-16,2.70378500389021E-30,-1.));
#6738=DIRECTION('',(0.,-1.,0.));
#6739=DIRECTION('',(0.,-1.,0.));
#6740=DIRECTION('',(6.83214169000096E-16,-2.70378500389021E-30,1.));
#6741=DIRECTION('',(0.,-1.,0.));
#6742=DIRECTION('center_axis',(1.,0.,0.));
#6743=DIRECTION('ref_axis',(0.,-1.,0.));
#6744=DIRECTION('',(0.,-1.,0.));
#6745=DIRECTION('',(0.,0.,-1.));
#6746=DIRECTION('',(0.,-1.,0.));
#6747=DIRECTION('',(0.,0.,-1.));
#6748=DIRECTION('center_axis',(0.,1.,0.));
#6749=DIRECTION('ref_axis',(1.,0.,-6.83214169000096E-16));
#6750=DIRECTION('',(1.,0.,-6.83214169000096E-16));
#6751=DIRECTION('',(0.,0.,-1.));
#6752=DIRECTION('',(1.,0.,-6.83214169000096E-16));
#6753=DIRECTION('center_axis',(-1.,0.,0.));
#6754=DIRECTION('ref_axis',(0.,1.,0.));
#6755=DIRECTION('',(0.,1.,0.));
#6756=DIRECTION('',(0.,0.,-1.));
#6757=DIRECTION('',(0.,1.,0.));
#6758=DIRECTION('center_axis',(0.,-1.,0.));
#6759=DIRECTION('ref_axis',(-1.,0.,6.83214169000096E-16));
#6760=DIRECTION('',(-1.,0.,6.83214169000096E-16));
#6761=DIRECTION('',(-1.,0.,6.83214169000096E-16));
#6762=DIRECTION('center_axis',(0.,0.,-1.));
#6763=DIRECTION('ref_axis',(-1.,0.,0.));
#6764=DIRECTION('center_axis',(0.,1.,0.));
#6765=DIRECTION('ref_axis',(1.,0.,-6.83214169000096E-16));
#6766=DIRECTION('',(1.,0.,-6.83214169000096E-16));
#6767=DIRECTION('',(0.,0.,-1.));
#6768=DIRECTION('',(1.,0.,-6.83214169000096E-16));
#6769=DIRECTION('',(0.,0.,-1.));
#6770=DIRECTION('center_axis',(-1.,-3.08395284618099E-16,0.));
#6771=DIRECTION('ref_axis',(-3.08395284618099E-16,1.,2.10700028103903E-31));
#6772=DIRECTION('',(-3.08395284618099E-16,1.,2.10700028103903E-31));
#6773=DIRECTION('',(0.,0.,-1.));
#6774=DIRECTION('',(-3.08395284618099E-16,1.,2.10700028103903E-31));
#6775=DIRECTION('center_axis',(0.,-1.,0.));
#6776=DIRECTION('ref_axis',(-1.,0.,6.83214169000096E-16));
#6777=DIRECTION('',(-1.,0.,6.83214169000096E-16));
#6778=DIRECTION('',(0.,0.,-1.));
#6779=DIRECTION('',(-1.,0.,6.83214169000096E-16));
#6780=DIRECTION('center_axis',(1.,6.16790569236198E-16,0.));
#6781=DIRECTION('ref_axis',(6.16790569236198E-16,-1.,-4.21400056207806E-31));
#6782=DIRECTION('',(6.16790569236198E-16,-1.,-4.21400056207806E-31));
#6783=DIRECTION('',(6.16790569236198E-16,-1.,-4.21400056207806E-31));
#6784=DIRECTION('center_axis',(0.,0.,-1.));
#6785=DIRECTION('ref_axis',(-1.,0.,0.));
#6786=DIRECTION('center_axis',(-1.,0.,6.83214169000096E-16));
#6787=DIRECTION('ref_axis',(-6.83214169000096E-16,2.70378500389021E-30,
-1.));
#6788=DIRECTION('',(6.83214169000096E-16,-2.70378500389021E-30,1.));
#6789=DIRECTION('',(0.,-1.,0.));
#6790=DIRECTION('',(-6.83214169000096E-16,2.70378500389021E-30,-1.));
#6791=DIRECTION('',(0.,-1.,0.));
#6792=DIRECTION('center_axis',(6.83214169000096E-16,0.,1.));
#6793=DIRECTION('ref_axis',(-1.,-3.90100482998269E-30,6.83214169000096E-16));
#6794=DIRECTION('',(1.,3.90100482998269E-30,-6.83214169000096E-16));
#6795=DIRECTION('',(-1.,-3.90100482998269E-30,6.83214169000096E-16));
#6796=DIRECTION('',(0.,-1.,0.));
#6797=DIRECTION('center_axis',(1.,0.,-6.83214169000096E-16));
#6798=DIRECTION('ref_axis',(6.83214169000096E-16,-2.70378500389021E-30,
1.));
#6799=DIRECTION('',(-6.83214169000096E-16,2.70378500389021E-30,-1.));
#6800=DIRECTION('',(6.83214169000096E-16,-2.70378500389021E-30,1.));
#6801=DIRECTION('',(0.,-1.,0.));
#6802=DIRECTION('center_axis',(-6.83214169000096E-16,0.,-1.));
#6803=DIRECTION('ref_axis',(1.,3.90100482998269E-30,-6.83214169000096E-16));
#6804=DIRECTION('',(-1.,-3.90100482998269E-30,6.83214169000096E-16));
#6805=DIRECTION('',(1.,3.90100482998269E-30,-6.83214169000096E-16));
#6806=DIRECTION('center_axis',(0.,-1.,0.));
#6807=DIRECTION('ref_axis',(0.,0.,-1.));
#6808=DIRECTION('center_axis',(-1.,0.,6.83214169000096E-16));
#6809=DIRECTION('ref_axis',(-6.83214169000096E-16,2.70378500389021E-30,
-1.));
#6810=DIRECTION('',(6.83214169000096E-16,-2.70378500389021E-30,1.));
#6811=DIRECTION('',(0.,-1.,0.));
#6812=DIRECTION('',(-6.83214169000096E-16,2.70378500389021E-30,-1.));
#6813=DIRECTION('',(0.,-1.,0.));
#6814=DIRECTION('center_axis',(6.83214169000096E-16,0.,1.));
#6815=DIRECTION('ref_axis',(-1.,-3.90100482998269E-30,6.83214169000096E-16));
#6816=DIRECTION('',(1.,3.90100482998269E-30,-6.83214169000096E-16));
#6817=DIRECTION('',(-1.,-3.90100482998269E-30,6.83214169000096E-16));
#6818=DIRECTION('center_axis',(-6.83214169000096E-16,0.,-1.));
#6819=DIRECTION('ref_axis',(1.,3.90100482998269E-30,-6.83214169000096E-16));
#6820=DIRECTION('',(1.,3.90100482998269E-30,-6.83214169000096E-16));
#6821=DIRECTION('',(-1.,-3.90100482998269E-30,6.83214169000096E-16));
#6822=DIRECTION('center_axis',(0.,-1.,0.));
#6823=DIRECTION('ref_axis',(0.,0.,-1.));
#6824=DIRECTION('center_axis',(6.83214169000097E-16,0.,1.));
#6825=DIRECTION('ref_axis',(-1.,-3.90100482998269E-30,6.83214169000097E-16));
#6826=DIRECTION('',(-1.,-3.90100482998269E-30,6.83214169000097E-16));
#6827=DIRECTION('',(0.,-1.,0.));
#6828=DIRECTION('',(1.,3.90100482998269E-30,-6.83214169000097E-16));
#6829=DIRECTION('center_axis',(1.,0.,-3.29550363870635E-15));
#6830=DIRECTION('ref_axis',(3.29550363870635E-15,-2.7037850038902E-30,1.));
#6831=DIRECTION('',(-3.29550363870635E-15,2.7037850038902E-30,-1.));
#6832=DIRECTION('',(3.29550363870635E-15,-2.7037850038902E-30,1.));
#6833=DIRECTION('',(0.,-1.,0.));
#6834=DIRECTION('center_axis',(-6.83214169000096E-16,0.,-1.));
#6835=DIRECTION('ref_axis',(1.,3.90100482998269E-30,-6.83214169000096E-16));
#6836=DIRECTION('',(-1.,-3.90100482998269E-30,6.83214169000096E-16));
#6837=DIRECTION('',(1.,3.90100482998269E-30,-6.83214169000096E-16));
#6838=DIRECTION('center_axis',(0.,-1.,0.));
#6839=DIRECTION('ref_axis',(0.,0.,-1.));
#6840=DIRECTION('center_axis',(0.,0.,1.));
#6841=DIRECTION('ref_axis',(-1.,0.,0.));
#6842=DIRECTION('center_axis',(0.,0.358979079308869,0.93334560620306));
#6843=DIRECTION('ref_axis',(0.,-0.93334560620306,0.358979079308869));
#6844=DIRECTION('center_axis',(0.,0.,1.));
#6845=DIRECTION('ref_axis',(-1.,0.,0.));
#6846=DIRECTION('',(0.,0.,-1.));
#6847=DIRECTION('center_axis',(0.,0.,-1.));
#6848=DIRECTION('ref_axis',(-1.,0.,0.));
#6849=DIRECTION('center_axis',(0.,0.,-1.));
#6850=DIRECTION('ref_axis',(-1.,0.,0.));
#6851=DIRECTION('center_axis',(0.,0.,1.));
#6852=DIRECTION('ref_axis',(-1.,0.,0.));
#6853=DIRECTION('center_axis',(0.,0.,-1.));
#6854=DIRECTION('ref_axis',(-1.,0.,0.));
#6855=DIRECTION('center_axis',(0.,0.,1.));
#6856=DIRECTION('ref_axis',(1.,0.,0.));
#6857=DIRECTION('center_axis',(0.,0.,1.));
#6858=DIRECTION('ref_axis',(1.,0.,0.));
#6859=DIRECTION('center_axis',(0.,0.,1.));
#6860=DIRECTION('ref_axis',(1.,0.,0.));
#6861=DIRECTION('',(-1.,0.,0.));
#6862=DIRECTION('',(0.,-1.,0.));
#6863=DIRECTION('',(1.,0.,0.));
#6864=DIRECTION('',(0.,1.,0.));
#6865=DIRECTION('',(1.,0.,0.));
#6866=DIRECTION('',(0.,-1.,0.));
#6867=DIRECTION('',(1.,0.,0.));
#6868=DIRECTION('',(0.,1.,0.));
#6869=DIRECTION('',(-1.,0.,0.));
#6870=DIRECTION('center_axis',(0.,0.,1.));
#6871=DIRECTION('ref_axis',(1.,0.,0.));
#6872=DIRECTION('',(1.,0.,0.));
#6873=DIRECTION('center_axis',(0.,0.,-1.));
#6874=DIRECTION('ref_axis',(-1.,0.,0.));
#6875=DIRECTION('center_axis',(0.,0.,-1.));
#6876=DIRECTION('ref_axis',(-1.,0.,0.));
#6877=DIRECTION('',(1.,0.,0.));
#6878=DIRECTION('',(0.,-1.,0.));
#6879=DIRECTION('',(-1.,0.,0.));
#6880=DIRECTION('',(0.,1.,0.));
#6881=DIRECTION('',(1.,0.,0.));
#6882=DIRECTION('',(0.,1.,0.));
#6883=DIRECTION('',(-1.,0.,0.));
#6884=DIRECTION('',(0.,1.,0.));
#6885=DIRECTION('center_axis',(0.,0.,1.));
#6886=DIRECTION('ref_axis',(-1.,0.,0.));
#6887=DIRECTION('',(0.,0.,1.));
#6888=DIRECTION('center_axis',(0.,-0.358979079308869,-0.93334560620306));
#6889=DIRECTION('ref_axis',(0.,-0.93334560620306,0.358979079308869));
#6890=DIRECTION('center_axis',(0.,-0.358979079308869,-0.93334560620306));
#6891=DIRECTION('ref_axis',(-1.,0.,0.));
#6892=DIRECTION('',(-6.64244732012411E-17,0.93334560620306,-0.358979079308869));
#6893=DIRECTION('',(-1.,-3.90100482998269E-30,1.50038647307026E-30));
#6894=DIRECTION('',(0.,-0.93334560620306,0.358979079308869));
#6895=DIRECTION('center_axis',(3.90100482998269E-30,-1.,-2.70378500389021E-30));
#6896=DIRECTION('ref_axis',(1.,3.90100482998269E-30,0.));
#6897=DIRECTION('center_axis',(-3.90100482998269E-30,1.,2.70378500389021E-30));
#6898=DIRECTION('ref_axis',(1.,3.90100482998269E-30,0.));
#6899=DIRECTION('center_axis',(-3.90100482998269E-30,1.,2.70378500389021E-30));
#6900=DIRECTION('ref_axis',(1.,3.90100482998269E-30,0.));
#6901=DIRECTION('',(-3.90100482998269E-30,1.,2.70378500389021E-30));
#6902=DIRECTION('center_axis',(3.90100482998269E-30,-1.,-2.70378500389021E-30));
#6903=DIRECTION('ref_axis',(1.,3.90100482998269E-30,0.));
#6904=DIRECTION('center_axis',(3.90100482998269E-30,-1.,-2.70378500389021E-30));
#6905=DIRECTION('ref_axis',(1.,3.90100482998269E-30,0.));
#6906=DIRECTION('center_axis',(3.90100482998269E-30,-1.,-2.70378500389021E-30));
#6907=DIRECTION('ref_axis',(1.,3.90100482998269E-30,0.));
#6908=DIRECTION('center_axis',(3.90100482998269E-30,-1.,-2.70378500389021E-30));
#6909=DIRECTION('ref_axis',(1.,3.90100482998269E-30,0.));
#6910=DIRECTION('center_axis',(-3.90100482998269E-30,1.,2.70378500389021E-30));
#6911=DIRECTION('ref_axis',(1.,3.90100482998269E-30,0.));
#6912=DIRECTION('center_axis',(-3.90100482998269E-30,1.,2.70378500389021E-30));
#6913=DIRECTION('ref_axis',(1.,3.90100482998269E-30,0.));
#6914=DIRECTION('',(-3.90100482998269E-30,1.,2.70378500389021E-30));
#6915=DIRECTION('center_axis',(3.90100482998269E-30,-1.,-2.70378500389021E-30));
#6916=DIRECTION('ref_axis',(1.,3.90100482998269E-30,0.));
#6917=DIRECTION('center_axis',(3.90100482998269E-30,-1.,-2.70378500389021E-30));
#6918=DIRECTION('ref_axis',(1.,3.90100482998269E-30,0.));
#6919=DIRECTION('center_axis',(3.90100482998269E-30,-1.,-2.70378500389021E-30));
#6920=DIRECTION('ref_axis',(1.,3.90100482998269E-30,0.));
#6921=DIRECTION('center_axis',(3.90100482998269E-30,-1.,-2.70378500389021E-30));
#6922=DIRECTION('ref_axis',(1.,3.90100482998269E-30,0.));
#6923=DIRECTION('center_axis',(-3.90100482998269E-30,1.,2.70378500389021E-30));
#6924=DIRECTION('ref_axis',(1.,3.90100482998269E-30,0.));
#6925=DIRECTION('center_axis',(-3.90100482998269E-30,1.,2.70378500389021E-30));
#6926=DIRECTION('ref_axis',(1.,3.90100482998269E-30,0.));
#6927=DIRECTION('',(-3.90100482998269E-30,1.,2.70378500389021E-30));
#6928=DIRECTION('center_axis',(3.90100482998269E-30,-1.,-2.70378500389021E-30));
#6929=DIRECTION('ref_axis',(1.,3.90100482998269E-30,0.));
#6930=DIRECTION('center_axis',(3.90100482998269E-30,-1.,-2.70378500389021E-30));
#6931=DIRECTION('ref_axis',(1.,3.90100482998269E-30,0.));
#6932=DIRECTION('center_axis',(3.90100482998269E-30,-1.,-2.70378500389021E-30));
#6933=DIRECTION('ref_axis',(1.,3.90100482998269E-30,0.));
#6934=DIRECTION('center_axis',(3.90100482998269E-30,-1.,-2.70378500389021E-30));
#6935=DIRECTION('ref_axis',(1.,3.90100482998269E-30,0.));
#6936=DIRECTION('center_axis',(-3.90100482998269E-30,1.,2.70378500389021E-30));
#6937=DIRECTION('ref_axis',(1.,3.90100482998269E-30,0.));
#6938=DIRECTION('center_axis',(-3.90100482998269E-30,1.,2.70378500389021E-30));
#6939=DIRECTION('ref_axis',(1.,3.90100482998269E-30,0.));
#6940=DIRECTION('',(-3.90100482998269E-30,1.,2.70378500389021E-30));
#6941=DIRECTION('center_axis',(3.90100482998269E-30,-1.,-2.70378500389021E-30));
#6942=DIRECTION('ref_axis',(1.,3.90100482998269E-30,0.));
#6943=DIRECTION('center_axis',(3.90100482998269E-30,-1.,-2.70378500389021E-30));
#6944=DIRECTION('ref_axis',(1.,3.90100482998269E-30,0.));
#6945=DIRECTION('center_axis',(3.90100482998269E-30,-1.,-2.70378500389021E-30));
#6946=DIRECTION('ref_axis',(1.,3.90100482998269E-30,0.));
#6947=DIRECTION('center_axis',(0.,-1.,0.));
#6948=DIRECTION('ref_axis',(1.,0.,-6.83214169000096E-16));
#6949=DIRECTION('center_axis',(3.90100482998269E-30,-1.,-2.70378500389021E-30));
#6950=DIRECTION('ref_axis',(1.,3.90100482998269E-30,-6.83214169000096E-16));
#6951=DIRECTION('center_axis',(3.90100482998269E-30,-1.,-2.70378500389021E-30));
#6952=DIRECTION('ref_axis',(1.,3.90100482998269E-30,-6.83214169000096E-16));
#6953=DIRECTION('',(0.,1.,0.));
#6954=DIRECTION('center_axis',(-3.90100482998269E-30,1.,2.70378500389021E-30));
#6955=DIRECTION('ref_axis',(1.,0.,-6.83214169000096E-16));
#6956=DIRECTION('center_axis',(-3.90100482998269E-30,1.,2.70378500389021E-30));
#6957=DIRECTION('ref_axis',(1.,0.,-6.83214169000096E-16));
#6958=DIRECTION('center_axis',(3.90100482998269E-30,-1.,-2.70378500389021E-30));
#6959=DIRECTION('ref_axis',(0.,2.70378500389021E-30,-1.));
#6960=DIRECTION('center_axis',(0.,-1.,0.));
#6961=DIRECTION('ref_axis',(1.,0.,-6.83214169000096E-16));
#6962=DIRECTION('center_axis',(3.90100482998269E-30,-1.,-2.70378500389021E-30));
#6963=DIRECTION('ref_axis',(1.,3.90100482998269E-30,-6.83214169000096E-16));
#6964=DIRECTION('center_axis',(3.90100482998269E-30,-1.,-2.70378500389021E-30));
#6965=DIRECTION('ref_axis',(1.,3.90100482998269E-30,-6.83214169000096E-16));
#6966=DIRECTION('',(0.,1.,0.));
#6967=DIRECTION('center_axis',(-3.90100482998269E-30,1.,2.70378500389021E-30));
#6968=DIRECTION('ref_axis',(1.,0.,-6.83214169000096E-16));
#6969=DIRECTION('center_axis',(-3.90100482998269E-30,1.,2.70378500389021E-30));
#6970=DIRECTION('ref_axis',(1.,0.,-6.83214169000096E-16));
#6971=DIRECTION('center_axis',(3.90100482998269E-30,-1.,-2.70378500389021E-30));
#6972=DIRECTION('ref_axis',(0.,2.70378500389021E-30,-1.));
#6973=DIRECTION('center_axis',(0.,-1.,0.));
#6974=DIRECTION('ref_axis',(1.,0.,-6.83214169000096E-16));
#6975=DIRECTION('center_axis',(3.90100482998269E-30,-1.,-2.70378500389021E-30));
#6976=DIRECTION('ref_axis',(1.,3.90100482998269E-30,-6.83214169000096E-16));
#6977=DIRECTION('center_axis',(3.90100482998269E-30,-1.,-2.70378500389021E-30));
#6978=DIRECTION('ref_axis',(1.,3.90100482998269E-30,-6.83214169000096E-16));
#6979=DIRECTION('',(0.,1.,0.));
#6980=DIRECTION('center_axis',(-3.90100482998269E-30,1.,2.70378500389021E-30));
#6981=DIRECTION('ref_axis',(1.,0.,-6.83214169000096E-16));
#6982=DIRECTION('center_axis',(-3.90100482998269E-30,1.,2.70378500389021E-30));
#6983=DIRECTION('ref_axis',(1.,0.,-6.83214169000096E-16));
#6984=DIRECTION('center_axis',(3.90100482998269E-30,-1.,-2.70378500389021E-30));
#6985=DIRECTION('ref_axis',(0.,2.70378500389021E-30,-1.));
#6986=DIRECTION('center_axis',(0.,-1.,0.));
#6987=DIRECTION('ref_axis',(1.,0.,-6.83214169000096E-16));
#6988=DIRECTION('center_axis',(3.90100482998269E-30,-1.,-2.70378500389021E-30));
#6989=DIRECTION('ref_axis',(1.,3.90100482998269E-30,-6.83214169000096E-16));
#6990=DIRECTION('center_axis',(3.90100482998269E-30,-1.,-2.70378500389021E-30));
#6991=DIRECTION('ref_axis',(1.,3.90100482998269E-30,-6.83214169000096E-16));
#6992=DIRECTION('',(0.,1.,0.));
#6993=DIRECTION('center_axis',(-3.90100482998269E-30,1.,2.70378500389021E-30));
#6994=DIRECTION('ref_axis',(1.,0.,-6.83214169000096E-16));
#6995=DIRECTION('center_axis',(-3.90100482998269E-30,1.,2.70378500389021E-30));
#6996=DIRECTION('ref_axis',(1.,0.,-6.83214169000096E-16));
#6997=DIRECTION('center_axis',(3.90100482998269E-30,-1.,-2.70378500389021E-30));
#6998=DIRECTION('ref_axis',(0.,2.70378500389021E-30,-1.));
#6999=DIRECTION('center_axis',(0.,1.,0.));
#7000=DIRECTION('ref_axis',(1.,0.,-3.70074341541719E-16));
#7001=DIRECTION('center_axis',(0.,-1.,0.));
#7002=DIRECTION('ref_axis',(1.,0.,-3.70074341541719E-16));
#7003=DIRECTION('center_axis',(0.,-1.,0.));
#7004=DIRECTION('ref_axis',(1.,0.,-3.70074341541719E-16));
#7005=DIRECTION('',(0.,-1.,0.));
#7006=DIRECTION('center_axis',(0.,1.,0.));
#7007=DIRECTION('ref_axis',(1.,0.,-3.70074341541719E-16));
#7008=DIRECTION('center_axis',(0.,1.,0.));
#7009=DIRECTION('ref_axis',(1.,0.,-3.70074341541719E-16));
#7010=DIRECTION('center_axis',(0.,1.,0.));
#7011=DIRECTION('ref_axis',(1.,0.,-3.70074341541719E-16));
#7012=DIRECTION('center_axis',(0.,-1.,0.));
#7013=DIRECTION('ref_axis',(1.,0.,-3.70074341541719E-16));
#7014=DIRECTION('center_axis',(0.,-1.,0.));
#7015=DIRECTION('ref_axis',(1.,0.,-3.70074341541719E-16));
#7016=DIRECTION('',(0.,-1.,0.));
#7017=DIRECTION('center_axis',(0.,1.,0.));
#7018=DIRECTION('ref_axis',(1.,0.,-3.70074341541719E-16));
#7019=DIRECTION('center_axis',(0.,1.,0.));
#7020=DIRECTION('ref_axis',(1.,0.,-3.70074341541719E-16));
#7021=DIRECTION('center_axis',(0.,1.,0.));
#7022=DIRECTION('ref_axis',(1.,0.,-3.70074341541719E-16));
#7023=DIRECTION('center_axis',(0.,-1.,0.));
#7024=DIRECTION('ref_axis',(1.,0.,-3.70074341541719E-16));
#7025=DIRECTION('center_axis',(0.,-1.,0.));
#7026=DIRECTION('ref_axis',(1.,0.,-3.70074341541719E-16));
#7027=DIRECTION('',(0.,-1.,0.));
#7028=DIRECTION('center_axis',(0.,1.,0.));
#7029=DIRECTION('ref_axis',(1.,0.,-3.70074341541719E-16));
#7030=DIRECTION('center_axis',(0.,1.,0.));
#7031=DIRECTION('ref_axis',(1.,0.,-3.70074341541719E-16));
#7032=DIRECTION('center_axis',(0.,1.,0.));
#7033=DIRECTION('ref_axis',(1.,0.,-3.70074341541719E-16));
#7034=DIRECTION('center_axis',(0.,-1.,0.));
#7035=DIRECTION('ref_axis',(1.,0.,-3.70074341541719E-16));
#7036=DIRECTION('center_axis',(0.,-1.,0.));
#7037=DIRECTION('ref_axis',(1.,0.,-3.70074341541719E-16));
#7038=DIRECTION('',(0.,-1.,0.));
#7039=DIRECTION('center_axis',(0.,1.,0.));
#7040=DIRECTION('ref_axis',(1.,0.,-3.70074341541719E-16));
#7041=DIRECTION('center_axis',(0.,1.,0.));
#7042=DIRECTION('ref_axis',(1.,0.,-3.70074341541719E-16));
#7043=DIRECTION('center_axis',(0.,-1.,0.));
#7044=DIRECTION('ref_axis',(0.,0.,-1.));
#7045=DIRECTION('',(-1.,0.,5.9809994592601E-16));
#7046=DIRECTION('',(0.,0.,1.));
#7047=DIRECTION('',(-1.,0.,0.));
#7048=DIRECTION('',(1.22464679914735E-16,0.,1.));
#7049=DIRECTION('center_axis',(0.,-1.,0.));
#7050=DIRECTION('ref_axis',(0.,0.,-1.));
#7051=DIRECTION('',(-1.,0.,0.));
#7052=DIRECTION('',(0.,0.,-1.));
#7053=DIRECTION('',(-1.,0.,5.9809994592601E-16));
#7054=DIRECTION('',(0.,0.,-1.));
#7055=DIRECTION('center_axis',(0.,-1.,0.));
#7056=DIRECTION('ref_axis',(0.,0.,-1.));
#7057=DIRECTION('',(1.22464679914735E-16,0.,1.));
#7058=DIRECTION('',(1.,0.,1.85037170770859E-16));
#7059=DIRECTION('',(-1.85037170770859E-16,0.,1.));
#7060=DIRECTION('center_axis',(0.,-1.,0.));
#7061=DIRECTION('ref_axis',(0.,0.,-1.));
#7062=DIRECTION('',(0.,0.,-1.));
#7063=DIRECTION('',(0.,0.,-1.));
#7064=DIRECTION('',(1.,0.,0.));
#7065=DIRECTION('center_axis',(-1.,0.,1.22464679914735E-16));
#7066=DIRECTION('ref_axis',(1.22464679914735E-16,0.,1.));
#7067=DIRECTION('',(0.,1.,0.));
#7068=DIRECTION('',(-1.22464679914735E-16,6.70482690273209E-18,-1.));
#7069=DIRECTION('',(0.,-1.,0.));
#7070=DIRECTION('',(1.22464679914735E-16,0.,1.));
#7071=DIRECTION('',(0.,-1.,0.));
#7072=DIRECTION('center_axis',(0.,0.,-1.));
#7073=DIRECTION('ref_axis',(-1.,0.,0.));
#7074=DIRECTION('',(-0.358979079308869,0.93334560620306,0.));
#7075=DIRECTION('',(0.,1.,0.));
#7076=DIRECTION('',(0.,1.,0.));
#7077=DIRECTION('',(-1.,-3.90100482998269E-30,0.));
#7078=DIRECTION('center_axis',(-1.,0.,0.));
#7079=DIRECTION('ref_axis',(0.,0.,1.));
#7080=DIRECTION('',(0.,-2.70378500389021E-30,1.));
#7081=DIRECTION('center_axis',(0.,0.,1.));
#7082=DIRECTION('ref_axis',(1.,0.,0.));
#7083=DIRECTION('',(1.,3.90100482998269E-30,0.));
#7084=DIRECTION('',(0.,-1.,0.));
#7085=DIRECTION('',(0.,-1.,0.));
#7086=DIRECTION('',(0.358979079308867,-0.933345606203061,0.));
#7087=DIRECTION('center_axis',(-1.,0.,0.));
#7088=DIRECTION('ref_axis',(0.,0.,1.));
#7089=DIRECTION('',(0.,0.933345606203059,0.358979079308871));
#7090=DIRECTION('',(0.,1.,0.));
#7091=DIRECTION('',(0.,-2.70378500389021E-30,1.));
#7092=DIRECTION('center_axis',(0.,0.,-1.));
#7093=DIRECTION('ref_axis',(-1.,0.,0.));
#7094=DIRECTION('',(-1.,-3.90100482998269E-30,0.));
#7095=DIRECTION('',(0.,1.,0.));
#7096=DIRECTION('',(-0.358979079308869,-0.933345606203059,0.));
#7097=DIRECTION('center_axis',(1.,0.,-1.85037170770859E-16));
#7098=DIRECTION('ref_axis',(-1.85037170770859E-16,0.,-1.));
#7099=DIRECTION('',(-1.85037170770859E-16,2.70378500389021E-30,-1.));
#7100=DIRECTION('center_axis',(0.,0.,1.));
#7101=DIRECTION('ref_axis',(1.,0.,0.));
#7102=DIRECTION('',(1.,3.90100482998269E-30,0.));
#7103=DIRECTION('',(0.358979079308869,0.933345606203059,0.));
#7104=DIRECTION('',(0.,-1.,0.));
#7105=DIRECTION('center_axis',(1.,0.,0.));
#7106=DIRECTION('ref_axis',(0.,0.,-1.));
#7107=DIRECTION('',(0.,2.70378500389021E-30,-1.));
#7108=DIRECTION('',(0.,-1.,0.));
#7109=DIRECTION('',(0.,-0.933345606203059,-0.358979079308871));
#7110=DIRECTION('center_axis',(-0.93334560620306,-0.358979079308869,0.));
#7111=DIRECTION('ref_axis',(0.,0.,1.));
#7112=DIRECTION('',(0.358979079308869,-0.93334560620306,-1.17219658590425E-16));
#7113=DIRECTION('',(0.,0.,-1.));
#7114=DIRECTION('',(0.358979079308868,-0.93334560620306,-6.05791195595319E-15));
#7115=DIRECTION('',(9.34924652315921E-16,0.,-1.));
#7116=DIRECTION('center_axis',(-3.26536183713281E-16,0.,-1.));
#7117=DIRECTION('ref_axis',(1.,3.90100482998269E-30,-3.26536183713281E-16));
#7118=DIRECTION('',(1.,3.90100482998269E-30,-3.26536183713281E-16));
#7119=DIRECTION('',(0.,1.,0.));
#7120=DIRECTION('',(-1.,0.,3.26536183713281E-16));
#7121=DIRECTION('',(0.,-1.,0.));
#7122=DIRECTION('center_axis',(1.,0.,0.));
#7123=DIRECTION('ref_axis',(0.,0.,-1.));
#7124=DIRECTION('',(0.,0.,1.));
#7125=DIRECTION('',(0.,1.,0.));
#7126=DIRECTION('',(0.,1.,0.));
#7127=DIRECTION('',(0.,0.,-1.));
#7128=DIRECTION('center_axis',(-0.93334560620306,-0.358979079308869,0.));
#7129=DIRECTION('ref_axis',(0.,0.,1.));
#7130=DIRECTION('',(1.03991730918854E-30,-2.70378500389021E-30,1.));
#7131=DIRECTION('',(-0.358979079308869,0.93334560620306,0.));
#7132=DIRECTION('',(-0.358979079308869,0.93334560620306,0.));
#7133=DIRECTION('center_axis',(-0.933345606203061,-0.358979079308867,-2.30400540935239E-17));
#7134=DIRECTION('ref_axis',(-2.46854476416866E-17,0.,1.));
#7135=DIRECTION('',(0.,-6.41821638683858E-17,1.));
#7136=DIRECTION('',(0.358979079308867,-0.933345606203061,0.));
#7137=DIRECTION('',(0.358979079308867,-0.933345606203061,0.));
#7138=DIRECTION('',(-2.46854476416856E-17,-2.70378500389021E-30,1.));
#7139=DIRECTION('center_axis',(-0.933345606203061,-0.358979079308867,-2.30400540935239E-17));
#7140=DIRECTION('ref_axis',(-2.46854476416866E-17,0.,1.));
#7141=DIRECTION('',(-0.358979079308867,0.933345606203061,1.17219658590425E-16));
#7142=DIRECTION('',(-1.86984930463184E-15,0.,-1.));
#7143=DIRECTION('',(0.358979079308867,-0.933345606203061,-2.55069977092766E-15));
#7144=DIRECTION('',(0.,0.,-1.));
#7145=DIRECTION('center_axis',(3.26536183713281E-16,0.,1.));
#7146=DIRECTION('ref_axis',(-1.,-3.90100482998269E-30,3.26536183713281E-16));
#7147=DIRECTION('',(0.,1.,0.));
#7148=DIRECTION('',(1.,0.,-3.26536183713281E-16));
#7149=DIRECTION('',(0.,1.,0.));
#7150=DIRECTION('',(-1.,-3.90100482998269E-30,3.26536183713281E-16));
#7151=DIRECTION('center_axis',(0.,-0.358979079308869,-0.93334560620306));
#7152=DIRECTION('ref_axis',(-1.,0.,0.));
#7153=DIRECTION('',(-1.17219658590425E-16,0.93334560620306,-0.358979079308869));
#7154=DIRECTION('',(1.,0.,-6.12255344462403E-17));
#7155=DIRECTION('',(1.50431895191046E-16,-0.93334560620306,0.358979079308869));
#7156=DIRECTION('center_axis',(-3.26536183713281E-16,0.,-1.));
#7157=DIRECTION('ref_axis',(1.,3.90100482998269E-30,-3.26536183713281E-16));
#7158=DIRECTION('',(0.358979079308869,0.933345606203059,-1.17219658590426E-16));
#7159=DIRECTION('',(0.,1.,0.));
#7160=DIRECTION('',(-1.,0.,0.));
#7161=DIRECTION('',(0.,1.,0.));
#7162=DIRECTION('',(1.,3.90100482998269E-30,-3.26536183713281E-16));
#7163=DIRECTION('center_axis',(-3.90100482998269E-30,1.,2.70378500389021E-30));
#7164=DIRECTION('ref_axis',(0.,-2.70378500389021E-30,1.));
#7165=DIRECTION('',(-3.26536183713281E-16,2.70378500389021E-30,-1.));
#7166=DIRECTION('',(-1.,0.,3.26536183713281E-16));
#7167=DIRECTION('',(3.26536183713281E-16,-2.70378500389021E-30,1.));
#7168=DIRECTION('',(-1.,-3.90100482998269E-30,3.26536183713281E-16));
#7169=DIRECTION('',(8.77646659782732E-17,0.,1.));
#7170=DIRECTION('',(4.19054769098711E-16,-2.70378500389021E-30,1.));
#7171=DIRECTION('',(-3.26536183713281E-16,2.70378500389021E-30,-1.));
#7172=DIRECTION('',(1.,0.,0.));
#7173=DIRECTION('',(-5.9211894646675E-16,0.,-1.));
#7174=DIRECTION('',(-1.,0.,0.));
#7175=DIRECTION('',(-2.24571029001296E-16,0.,-1.));
#7176=DIRECTION('',(-1.,-3.90100482998269E-30,3.26536183713281E-16));
#7177=DIRECTION('',(-3.26536183713281E-16,2.70378500389021E-30,-1.));
#7178=DIRECTION('',(1.,3.90100482998269E-30,-3.26536183713281E-16));
#7179=DIRECTION('',(-2.24571029001296E-16,0.,-1.));
#7180=DIRECTION('',(1.,0.,0.));
#7181=DIRECTION('',(-1.1842378929335E-15,0.,-1.));
#7182=DIRECTION('',(-1.,0.,0.));
#7183=DIRECTION('center_axis',(-3.90100482998269E-30,1.,2.70378500389021E-30));
#7184=DIRECTION('ref_axis',(0.,-2.70378500389021E-30,1.));
#7185=DIRECTION('',(-1.25043459492708E-16,2.70378500389021E-30,-1.));
#7186=DIRECTION('',(1.,3.90100482998269E-30,-5.92378569608476E-16));
#7187=DIRECTION('',(-1.,-3.90100482998269E-30,0.));
#7188=DIRECTION('',(1.,3.90100482998269E-30,0.));
#7189=DIRECTION('',(2.24571029001297E-16,-2.70378500389021E-30,1.));
#7190=DIRECTION('',(-1.,-3.90100482998269E-30,0.));
#7191=DIRECTION('',(-9.34924652315921E-16,-2.70378500389022E-30,1.));
#7192=DIRECTION('',(1.,3.90100482998269E-30,0.));
#7193=DIRECTION('',(2.24571029001297E-16,-2.70378500389021E-30,1.));
#7194=DIRECTION('',(-1.,-3.90100482998269E-30,0.));
#7195=DIRECTION('',(0.,-2.70378500389021E-30,1.));
#7196=DIRECTION('',(1.,3.90100482998269E-30,0.));
#7197=DIRECTION('center_axis',(0.933345606203059,-0.358979079308869,-1.1670876350195E-16));
#7198=DIRECTION('ref_axis',(-1.25043459492709E-16,0.,-1.));
#7199=DIRECTION('center_axis',(5.52893935152925E-16,-0.358979079308871,
0.933345606203059));
#7200=DIRECTION('ref_axis',(1.,0.,-5.92378569608477E-16));
#7201=DIRECTION('',(1.,-1.48755784255854E-17,-5.9809994592601E-16));
#7202=DIRECTION('center_axis',(0.933345606203059,-0.358979079308869,-1.1670876350195E-16));
#7203=DIRECTION('ref_axis',(-1.25043459492709E-16,0.,-1.));
#7204=DIRECTION('',(-0.358979079308869,-0.933345606203059,1.17219658590426E-16));
#7205=DIRECTION('',(1.22464679914735E-16,0.,1.));
#7206=DIRECTION('center_axis',(0.,-1.,0.));
#7207=DIRECTION('ref_axis',(0.,0.,-1.));
#7208=DIRECTION('',(0.,0.,1.));
#7209=DIRECTION('',(0.,0.,1.));
#7210=DIRECTION('center_axis',(-1.,0.,3.26536183713281E-16));
#7211=DIRECTION('ref_axis',(-3.26536183713281E-16,2.70378500389021E-30,
-1.));
#7212=DIRECTION('center_axis',(3.26536183713281E-16,1.26536239038619E-45,
1.));
#7213=DIRECTION('ref_axis',(-1.,-3.90100482998269E-30,3.26536183713281E-16));
#7214=DIRECTION('',(3.87510620108567E-30,-1.,0.));
#7215=DIRECTION('',(1.,0.,0.));
#7216=DIRECTION('',(1.54962200114789E-61,-1.,1.26536239038619E-45));
#7217=DIRECTION('center_axis',(0.,-1.,0.));
#7218=DIRECTION('ref_axis',(0.,0.,-1.));
#7219=DIRECTION('',(-3.26536183713281E-16,0.,-1.));
#7220=DIRECTION('',(1.,0.,-5.9809994592601E-16));
#7221=DIRECTION('',(-1.22464679914735E-16,0.,-1.));
#7222=DIRECTION('center_axis',(1.,3.87510620108567E-30,-3.26536183713281E-16));
#7223=DIRECTION('ref_axis',(3.26536183713281E-16,-2.70378500389021E-30,
1.));
#7224=DIRECTION('',(1.17219658590423E-16,0.933345606203059,0.358979079308871));
#7225=DIRECTION('',(-3.87510620108567E-30,1.,2.31770080932689E-45));
#7226=DIRECTION('center_axis',(0.,-1.,0.));
#7227=DIRECTION('ref_axis',(0.,0.,-1.));
#7228=DIRECTION('',(-1.22464679914735E-16,0.,-1.));
#7229=DIRECTION('',(-4.19054769098711E-16,0.,-1.));
#7230=DIRECTION('center_axis',(1.,0.,-4.19054769098711E-16));
#7231=DIRECTION('ref_axis',(4.19054769098711E-16,-2.70378500389021E-30,
1.));
#7232=DIRECTION('center_axis',(0.,-1.,0.));
#7233=DIRECTION('ref_axis',(0.,0.,-1.));
#7234=DIRECTION('',(0.,0.,1.));
#7235=DIRECTION('',(1.,0.,-5.9809994592601E-16));
#7236=DIRECTION('',(0.,0.,1.));
#7237=DIRECTION('center_axis',(-1.,0.,3.26536183713281E-16));
#7238=DIRECTION('ref_axis',(-3.26536183713281E-16,2.70378500389021E-30,
-1.));
#7239=DIRECTION('',(-1.17219658590426E-16,-0.933345606203059,-0.358979079308871));
#7240=DIRECTION('',(0.,-1.,0.));
#7241=DIRECTION('center_axis',(-1.,0.,1.22464679914735E-16));
#7242=DIRECTION('ref_axis',(1.22464679914735E-16,0.,1.));
#7243=DIRECTION('',(0.,1.,0.));
#7244=DIRECTION('',(1.22464679914735E-16,0.,1.));
#7245=DIRECTION('center_axis',(1.,0.,0.));
#7246=DIRECTION('ref_axis',(0.,0.,-1.));
#7247=DIRECTION('',(0.,1.,0.));
#7248=DIRECTION('',(0.,0.,-1.));
#7249=DIRECTION('',(0.,1.,0.));
#7250=DIRECTION('center_axis',(-5.9809994592601E-16,0.,-1.));
#7251=DIRECTION('ref_axis',(-1.,0.,5.9809994592601E-16));
#7252=DIRECTION('',(-1.,0.,5.9809994592601E-16));
#7253=DIRECTION('',(-1.,0.,5.9809994592601E-16));
#7254=DIRECTION('center_axis',(0.,1.,3.70074341541719E-16));
#7255=DIRECTION('ref_axis',(-3.26536183713281E-16,3.70074341541719E-16,
-1.));
#7256=DIRECTION('',(-9.34924652315921E-16,-3.70074341541719E-16,1.));
#7257=DIRECTION('',(-1.,0.,0.));
#7258=DIRECTION('',(-3.26536183713281E-16,3.70074341541719E-16,-1.));
#7259=DIRECTION('',(-1.,0.,0.));
#7260=DIRECTION('center_axis',(-1.,0.,0.));
#7261=DIRECTION('ref_axis',(0.,1.,2.77555756156289E-16));
#7262=DIRECTION('center_axis',(1.,0.,9.34924652315921E-16));
#7263=DIRECTION('ref_axis',(0.,1.,2.77555756156289E-16));
#7264=DIRECTION('center_axis',(-1.,0.,3.26536183713281E-16));
#7265=DIRECTION('ref_axis',(0.,1.,2.77555756156289E-16));
#7266=DIRECTION('',(-1.,0.,0.));
#7267=DIRECTION('center_axis',(0.,-1.,-2.77555756156289E-16));
#7268=DIRECTION('ref_axis',(3.26536183713281E-16,-2.77555756156289E-16,
1.));
#7269=DIRECTION('',(9.34924652315921E-16,2.77555756156289E-16,-1.));
#7270=DIRECTION('',(3.26536183713281E-16,-2.77555756156289E-16,1.));
#7271=DIRECTION('',(-1.,0.,0.));
#7272=DIRECTION('center_axis',(-1.,0.,0.));
#7273=DIRECTION('ref_axis',(0.,-1.,0.));
#7274=DIRECTION('center_axis',(1.,0.,9.34924652315921E-16));
#7275=DIRECTION('ref_axis',(0.,-1.,0.));
#7276=DIRECTION('center_axis',(-1.,0.,3.26536183713281E-16));
#7277=DIRECTION('ref_axis',(0.,-1.,0.));
#7278=DIRECTION('center_axis',(0.,0.,1.));
#7279=DIRECTION('ref_axis',(1.,0.,0.));
#7280=DIRECTION('',(0.,1.,0.));
#7281=DIRECTION('',(-1.,0.,0.));
#7282=DIRECTION('',(0.,-1.,0.));
#7283=DIRECTION('',(0.35897907930887,-0.933345606203059,0.));
#7284=DIRECTION('center_axis',(-1.,0.,-9.34924652315921E-16));
#7285=DIRECTION('ref_axis',(-9.34924652315921E-16,0.,1.));
#7286=DIRECTION('',(0.,1.,0.));
#7287=DIRECTION('',(9.34924652315921E-16,0.,-1.));
#7288=DIRECTION('center_axis',(0.,0.,-1.));
#7289=DIRECTION('ref_axis',(-1.,0.,0.));
#7290=DIRECTION('',(-0.35897907930887,0.933345606203059,0.));
#7291=DIRECTION('',(0.,1.,0.));
#7292=DIRECTION('',(1.,0.,0.));
#7293=DIRECTION('center_axis',(0.,-1.,0.));
#7294=DIRECTION('ref_axis',(0.,0.,-1.));
#7295=DIRECTION('',(-1.,0.,0.));
#7296=DIRECTION('',(0.,0.,1.));
#7297=DIRECTION('',(1.,0.,-3.26536183713281E-16));
#7298=DIRECTION('',(0.,0.,-1.));
#7299=DIRECTION('',(-1.,0.,0.));
#7300=DIRECTION('',(0.,0.,-1.));
#7301=DIRECTION('',(1.,0.,0.));
#7302=DIRECTION('',(0.,0.,-1.));
#7303=DIRECTION('',(-1.,0.,0.));
#7304=DIRECTION('',(0.,0.,-1.));
#7305=DIRECTION('',(1.,0.,0.));
#7306=DIRECTION('',(0.,0.,-1.));
#7307=DIRECTION('',(0.,0.,-1.));
#7308=DIRECTION('',(1.,0.,0.));
#7309=DIRECTION('',(0.,0.,-1.));
#7310=DIRECTION('',(-1.,0.,0.));
#7311=DIRECTION('',(0.,0.,-1.));
#7312=DIRECTION('',(-1.,0.,5.9809994592601E-16));
#7313=DIRECTION('',(1.,0.,0.));
#7314=DIRECTION('',(0.,0.,-1.));
#7315=DIRECTION('',(-1.,0.,0.));
#7316=DIRECTION('',(0.,0.,-1.));
#7317=DIRECTION('center_axis',(1.,0.,0.));
#7318=DIRECTION('ref_axis',(0.,0.,-1.));
#7319=DIRECTION('',(0.,5.83884675403367E-16,1.));
#7320=DIRECTION('',(0.,1.,0.));
#7321=DIRECTION('',(0.,1.,0.));
#7322=DIRECTION('center_axis',(-0.933345606203059,-0.35897907930887,2.09602383198859E-16));
#7323=DIRECTION('ref_axis',(2.24571029001296E-16,0.,1.));
#7324=DIRECTION('',(-0.35897907930887,0.933345606203059,0.));
#7325=DIRECTION('',(-0.35897907930887,0.933345606203059,0.));
#7326=DIRECTION('center_axis',(-0.933345606203059,-0.35897907930887,2.09602383198859E-16));
#7327=DIRECTION('ref_axis',(2.24571029001296E-16,0.,1.));
#7328=DIRECTION('',(0.,5.83884675403367E-16,1.));
#7329=DIRECTION('',(0.35897907930887,-0.933345606203059,0.));
#7330=DIRECTION('',(0.35897907930887,-0.933345606203059,0.));
#7331=DIRECTION('center_axis',(-0.933345606203059,-0.35897907930887,2.09602383198859E-16));
#7332=DIRECTION('ref_axis',(2.24571029001296E-16,0.,1.));
#7333=DIRECTION('',(-0.35897907930887,0.933345606203059,1.17219658590426E-16));
#7334=DIRECTION('',(0.358979079308869,-0.93334560620306,-6.37674942731914E-15));
#7335=DIRECTION('',(0.,0.,-1.));
#7336=DIRECTION('center_axis',(3.26536183713281E-16,0.,1.));
#7337=DIRECTION('ref_axis',(-1.,-3.90100482998269E-30,3.26536183713281E-16));
#7338=DIRECTION('',(0.,1.,0.));
#7339=DIRECTION('',(0.,1.,0.));
#7340=DIRECTION('center_axis',(-3.26536183713281E-16,0.,-1.));
#7341=DIRECTION('ref_axis',(1.,3.90100482998269E-30,-3.26536183713281E-16));
#7342=DIRECTION('',(0.35897907930887,-0.933345606203059,-1.17219658590426E-16));
#7343=DIRECTION('',(0.,1.,0.));
#7344=DIRECTION('',(0.,-1.,0.));
#7345=DIRECTION('center_axis',(-1.,0.,3.26536183713281E-16));
#7346=DIRECTION('ref_axis',(-3.26536183713281E-16,2.70378500389021E-30,
-1.));
#7347=DIRECTION('center_axis',(1.,0.,0.));
#7348=DIRECTION('ref_axis',(0.,0.,-1.));
#7349=DIRECTION('',(0.,1.,0.));
#7350=DIRECTION('',(0.,1.,0.));
#7351=DIRECTION('center_axis',(1.,0.,0.));
#7352=DIRECTION('ref_axis',(0.,0.,-1.));
#7353=DIRECTION('',(0.,1.,0.));
#7354=DIRECTION('',(0.,0.,-1.));
#7355=DIRECTION('center_axis',(1.,0.,0.));
#7356=DIRECTION('ref_axis',(0.,0.,-1.));
#7357=DIRECTION('',(0.,1.,0.));
#7358=DIRECTION('center_axis',(-0.933345606203059,-0.35897907930887,2.09602383198859E-16));
#7359=DIRECTION('ref_axis',(2.24571029001296E-16,0.,1.));
#7360=DIRECTION('',(0.35897907930887,-0.933345606203059,-2.55069977092766E-15));
#7361=DIRECTION('center_axis',(0.,-1.,0.));
#7362=DIRECTION('ref_axis',(1.,0.,0.));
#7363=DIRECTION('',(0.,1.,0.));
#7364=DIRECTION('center_axis',(0.,-1.,0.));
#7365=DIRECTION('ref_axis',(1.,0.,0.));
#7366=DIRECTION('center_axis',(0.,-1.,0.));
#7367=DIRECTION('ref_axis',(1.,0.,0.));
#7368=DIRECTION('center_axis',(0.,-1.,0.));
#7369=DIRECTION('ref_axis',(1.,0.,0.));
#7370=DIRECTION('center_axis',(0.,-1.,0.));
#7371=DIRECTION('ref_axis',(1.,0.,0.));
#7372=DIRECTION('center_axis',(0.,1.,0.));
#7373=DIRECTION('ref_axis',(1.,0.,0.));
#7374=DIRECTION('center_axis',(0.,1.,0.));
#7375=DIRECTION('ref_axis',(1.,0.,0.));
#7376=DIRECTION('',(0.,1.,0.));
#7377=DIRECTION('center_axis',(0.,-1.,0.));
#7378=DIRECTION('ref_axis',(1.,0.,0.));
#7379=DIRECTION('center_axis',(0.,-1.,0.));
#7380=DIRECTION('ref_axis',(1.,0.,0.));
#7381=DIRECTION('center_axis',(0.,-1.,0.));
#7382=DIRECTION('ref_axis',(1.,0.,0.));
#7383=DIRECTION('center_axis',(0.,-1.,0.));
#7384=DIRECTION('ref_axis',(1.,0.,0.));
#7385=DIRECTION('center_axis',(0.,1.,0.));
#7386=DIRECTION('ref_axis',(1.,0.,0.));
#7387=DIRECTION('center_axis',(0.,1.,0.));
#7388=DIRECTION('ref_axis',(1.,0.,0.));
#7389=DIRECTION('',(0.,1.,0.));
#7390=DIRECTION('center_axis',(0.,-1.,0.));
#7391=DIRECTION('ref_axis',(1.,0.,0.));
#7392=DIRECTION('center_axis',(0.,-1.,0.));
#7393=DIRECTION('ref_axis',(1.,0.,0.));
#7394=DIRECTION('center_axis',(0.,-1.,0.));
#7395=DIRECTION('ref_axis',(1.,0.,0.));
#7396=DIRECTION('center_axis',(0.,-1.,0.));
#7397=DIRECTION('ref_axis',(1.,0.,0.));
#7398=DIRECTION('',(0.,1.,0.));
#7399=DIRECTION('center_axis',(0.,-1.,0.));
#7400=DIRECTION('ref_axis',(1.,0.,0.));
#7401=DIRECTION('center_axis',(0.,-1.,0.));
#7402=DIRECTION('ref_axis',(1.,0.,0.));
#7403=DIRECTION('center_axis',(0.,-1.,0.));
#7404=DIRECTION('ref_axis',(1.,0.,0.));
#7405=DIRECTION('center_axis',(0.,0.,-1.));
#7406=DIRECTION('ref_axis',(-1.,0.,0.));
#7407=DIRECTION('',(1.,0.,0.));
#7408=DIRECTION('',(0.,1.,0.));
#7409=DIRECTION('center_axis',(0.,0.,1.));
#7410=DIRECTION('ref_axis',(1.,0.,0.));
#7411=DIRECTION('',(0.,1.,0.));
#7412=DIRECTION('',(-1.,0.,0.));
#7413=DIRECTION('center_axis',(-1.,0.,0.));
#7414=DIRECTION('ref_axis',(0.,0.,1.));
#7415=DIRECTION('',(0.,1.,0.));
#7416=DIRECTION('',(0.,0.,-1.));
#7417=DIRECTION('',(0.,-1.,0.));
#7418=DIRECTION('center_axis',(0.,-1.,0.));
#7419=DIRECTION('ref_axis',(0.,0.,-1.));
#7420=DIRECTION('',(-1.,0.,0.));
#7421=DIRECTION('',(0.,0.,-1.));
#7422=DIRECTION('',(1.,0.,0.));
#7423=DIRECTION('center_axis',(0.,0.,-1.));
#7424=DIRECTION('ref_axis',(-1.,0.,0.));
#7425=DIRECTION('',(0.,1.,0.));
#7426=DIRECTION('center_axis',(0.,0.,1.));
#7427=DIRECTION('ref_axis',(1.,0.,0.));
#7428=DIRECTION('center_axis',(0.,0.,-1.));
#7429=DIRECTION('ref_axis',(-1.,0.,0.));
#7430=DIRECTION('center_axis',(0.,0.,1.));
#7431=DIRECTION('ref_axis',(1.,0.,0.));
#7432=DIRECTION('center_axis',(0.,0.,-1.));
#7433=DIRECTION('ref_axis',(-1.,0.,0.));
#7434=DIRECTION('center_axis',(0.,0.,1.));
#7435=DIRECTION('ref_axis',(1.,0.,0.));
#7436=DIRECTION('center_axis',(-5.9809994592601E-16,0.,-1.));
#7437=DIRECTION('ref_axis',(-1.,0.,5.9809994592601E-16));
#7438=DIRECTION('',(0.,-1.,0.));
#7439=DIRECTION('center_axis',(1.,0.,0.));
#7440=DIRECTION('ref_axis',(0.,0.,-1.));
#7441=DIRECTION('',(0.,1.,0.));
#7442=DIRECTION('center_axis',(0.,0.,-1.));
#7443=DIRECTION('ref_axis',(-1.,0.,0.));
#7444=DIRECTION('',(0.,-1.,0.));
#7445=DIRECTION('center_axis',(1.,0.,0.));
#7446=DIRECTION('ref_axis',(0.,0.,-1.));
#7447=DIRECTION('',(0.,-1.,0.));
#7448=DIRECTION('center_axis',(0.,0.,1.));
#7449=DIRECTION('ref_axis',(1.,0.,0.));
#7450=DIRECTION('center_axis',(0.,0.,-1.));
#7451=DIRECTION('ref_axis',(-1.,0.,0.));
#7452=DIRECTION('',(0.,-1.,0.));
#7453=DIRECTION('center_axis',(1.,0.,0.));
#7454=DIRECTION('ref_axis',(0.,0.,-1.));
#7455=DIRECTION('',(0.,-1.,0.));
#7456=DIRECTION('center_axis',(0.,0.,1.));
#7457=DIRECTION('ref_axis',(1.,0.,0.));
#7458=DIRECTION('center_axis',(-0.93334560620306,-0.358979079308869,5.52651617034326E-16));
#7459=DIRECTION('ref_axis',(5.9211894646675E-16,0.,1.));
#7460=DIRECTION('',(0.358979079308868,-0.93334560620306,-6.05791195595319E-15));
#7461=DIRECTION('',(0.,0.,-1.));
#7462=DIRECTION('',(0.358979079308869,-0.93334560620306,-6.37674942731914E-15));
#7463=DIRECTION('center_axis',(-0.933345606203059,-0.35897907930887,1.10530323406865E-15));
#7464=DIRECTION('ref_axis',(1.1842378929335E-15,0.,1.));
#7465=DIRECTION('',(0.358979079308868,-0.93334560620306,-2.55069977092766E-15));
#7466=DIRECTION('',(0.,0.,-1.));
#7467=DIRECTION('',(0.35897907930887,-0.933345606203059,-2.55069977092766E-15));
#7468=DIRECTION('center_axis',(5.52893935152925E-16,-0.358979079308871,
0.933345606203059));
#7469=DIRECTION('ref_axis',(1.,0.,-5.92378569608477E-16));
#7470=DIRECTION('center_axis',(0.,0.,-1.));
#7471=DIRECTION('ref_axis',(-1.,0.,0.));
#7472=DIRECTION('',(0.,1.,0.));
#7473=DIRECTION('center_axis',(1.,0.,0.));
#7474=DIRECTION('ref_axis',(0.,0.,-1.));
#7475=DIRECTION('',(0.,1.,0.));
#7476=DIRECTION('center_axis',(0.,0.,1.));
#7477=DIRECTION('ref_axis',(1.,0.,0.));
#7478=DIRECTION('center_axis',(0.,0.,-1.));
#7479=DIRECTION('ref_axis',(-1.,0.,0.));
#7480=DIRECTION('',(0.,1.,0.));
#7481=DIRECTION('center_axis',(1.,0.,0.));
#7482=DIRECTION('ref_axis',(0.,0.,-1.));
#7483=DIRECTION('',(0.,1.,0.));
#7484=DIRECTION('center_axis',(0.,0.,1.));
#7485=DIRECTION('ref_axis',(1.,0.,0.));
#7486=DIRECTION('',(0.,1.,0.));
#7487=DIRECTION('center_axis',(1.,0.,0.));
#7488=DIRECTION('ref_axis',(0.,0.,-1.));
#7489=CARTESIAN_POINT('',(0.,0.,0.));
#7490=CARTESIAN_POINT('Origin',(102.42640180351,31.,-66.3735981964899));
#7491=CARTESIAN_POINT('',(102.42640180351,31.,-66.3735981964899));
#7492=CARTESIAN_POINT('',(102.42640180351,31.,-71.3735981964899));
#7493=CARTESIAN_POINT('',(102.42640180351,31.,-79.961799098245));
#7494=CARTESIAN_POINT('',(102.42640180351,33.,-66.3735981964899));
#7495=CARTESIAN_POINT('',(102.42640180351,31.,-66.3735981964899));
#7496=CARTESIAN_POINT('',(102.42640180351,33.,-71.3735981964899));
#7497=CARTESIAN_POINT('',(102.42640180351,33.,-79.961799098245));
#7498=CARTESIAN_POINT('',(102.42640180351,31.,-71.3735981964899));
#7499=CARTESIAN_POINT('Origin',(87.4264018035101,31.,-66.3735981964899));
#7500=CARTESIAN_POINT('',(87.4264018035101,31.,-66.3735981964899));
#7501=CARTESIAN_POINT('',(74.6281383806331,31.,-66.3735981964898));
#7502=CARTESIAN_POINT('',(87.4264018035101,33.,-66.3735981964899));
#7503=CARTESIAN_POINT('',(87.4264018035101,31.,-66.3735981964899));
#7504=CARTESIAN_POINT('',(74.6281383806331,33.,-66.3735981964898));
#7505=CARTESIAN_POINT('Origin',(87.4264018035101,31.,-71.3735981964898));
#7506=CARTESIAN_POINT('',(87.4264018035101,31.,-71.3735981964898));
#7507=CARTESIAN_POINT('',(87.4264018035101,31.,-82.4617990982449));
#7508=CARTESIAN_POINT('',(87.4264018035101,33.,-71.3735981964898));
#7509=CARTESIAN_POINT('',(87.4264018035101,31.,-71.3735981964898));
#7510=CARTESIAN_POINT('',(87.4264018035101,33.,-82.4617990982449));
#7511=CARTESIAN_POINT('Origin',(102.42640180351,31.,-71.3735981964899));
#7512=CARTESIAN_POINT('',(82.1281383806331,31.,-71.3735981964898));
#7513=CARTESIAN_POINT('',(82.1281383806331,33.,-71.3735981964898));
#7514=CARTESIAN_POINT('Origin',(21.3735981964899,31.,-66.3735981964899));
#7515=CARTESIAN_POINT('',(21.3735981964899,31.,-66.3735981964899));
#7516=CARTESIAN_POINT('',(21.3735981964899,31.,-71.3735981964899));
#7517=CARTESIAN_POINT('',(21.3735981964899,31.,-79.9617990982449));
#7518=CARTESIAN_POINT('',(21.3735981964899,33.,-66.3735981964899));
#7519=CARTESIAN_POINT('',(21.3735981964899,31.,-66.3735981964899));
#7520=CARTESIAN_POINT('',(21.3735981964899,33.,-71.3735981964899));
#7521=CARTESIAN_POINT('',(21.3735981964899,33.,-79.9617990982449));
#7522=CARTESIAN_POINT('',(21.3735981964899,31.,-71.3735981964899));
#7523=CARTESIAN_POINT('Origin',(11.3735981964899,31.,-66.3735981964899));
#7524=CARTESIAN_POINT('',(11.3735981964899,31.,-66.3735981964899));
#7525=CARTESIAN_POINT('',(36.6017365771229,31.,-66.3735981964899));
#7526=CARTESIAN_POINT('',(11.3735981964899,33.,-66.3735981964899));
#7527=CARTESIAN_POINT('',(11.3735981964899,31.,-66.3735981964899));
#7528=CARTESIAN_POINT('',(36.6017365771229,33.,-66.3735981964899));
#7529=CARTESIAN_POINT('Origin',(11.3735981964899,31.,-71.3735981964899));
#7530=CARTESIAN_POINT('',(11.3735981964899,31.,-71.3735981964899));
#7531=CARTESIAN_POINT('',(11.3735981964899,31.,-82.4617990982449));
#7532=CARTESIAN_POINT('',(11.3735981964899,33.,-71.3735981964899));
#7533=CARTESIAN_POINT('',(11.3735981964899,31.,-71.3735981964899));
#7534=CARTESIAN_POINT('',(11.3735981964899,33.,-82.4617990982449));
#7535=CARTESIAN_POINT('Origin',(21.3735981964899,31.,-71.3735981964899));
#7536=CARTESIAN_POINT('',(41.6017365771229,31.,-71.3735981964899));
#7537=CARTESIAN_POINT('',(41.6017365771229,33.,-71.3735981964899));
#7538=CARTESIAN_POINT('Origin',(102.42640180351,31.,-56.3735981964899));
#7539=CARTESIAN_POINT('',(102.42640180351,31.,-56.3735981964899));
#7540=CARTESIAN_POINT('',(102.42640180351,31.,-61.3735981964899));
#7541=CARTESIAN_POINT('',(102.42640180351,31.,-74.961799098245));
#7542=CARTESIAN_POINT('',(102.42640180351,33.,-56.3735981964899));
#7543=CARTESIAN_POINT('',(102.42640180351,31.,-56.3735981964899));
#7544=CARTESIAN_POINT('',(102.42640180351,33.,-61.3735981964899));
#7545=CARTESIAN_POINT('',(102.42640180351,33.,-74.961799098245));
#7546=CARTESIAN_POINT('',(102.42640180351,31.,-61.3735981964899));
#7547=CARTESIAN_POINT('Origin',(87.4264018035101,31.,-56.3735981964899));
#7548=CARTESIAN_POINT('',(87.4264018035101,31.,-56.3735981964899));
#7549=CARTESIAN_POINT('',(74.6281383806331,31.,-56.3735981964898));
#7550=CARTESIAN_POINT('',(87.4264018035101,33.,-56.3735981964899));
#7551=CARTESIAN_POINT('',(87.4264018035101,31.,-56.3735981964899));
#7552=CARTESIAN_POINT('',(74.6281383806331,33.,-56.3735981964898));
#7553=CARTESIAN_POINT('Origin',(87.4264018035101,31.,-61.3735981964898));
#7554=CARTESIAN_POINT('',(87.4264018035101,31.,-61.3735981964898));
#7555=CARTESIAN_POINT('',(87.4264018035101,31.,-77.4617990982449));
#7556=CARTESIAN_POINT('',(87.4264018035101,33.,-61.3735981964898));
#7557=CARTESIAN_POINT('',(87.4264018035101,31.,-61.3735981964898));
#7558=CARTESIAN_POINT('',(87.4264018035101,33.,-77.4617990982449));
#7559=CARTESIAN_POINT('Origin',(102.42640180351,31.,-61.3735981964899));
#7560=CARTESIAN_POINT('',(82.1281383806331,31.,-61.3735981964898));
#7561=CARTESIAN_POINT('',(82.1281383806331,33.,-61.3735981964898));
#7562=CARTESIAN_POINT('Origin',(21.3735981964899,31.,-56.3735981964899));
#7563=CARTESIAN_POINT('',(21.3735981964899,31.,-56.3735981964899));
#7564=CARTESIAN_POINT('',(21.3735981964899,31.,-61.3735981964899));
#7565=CARTESIAN_POINT('',(21.3735981964899,31.,-74.9617990982449));
#7566=CARTESIAN_POINT('',(21.3735981964899,33.,-56.3735981964899));
#7567=CARTESIAN_POINT('',(21.3735981964899,31.,-56.3735981964899));
#7568=CARTESIAN_POINT('',(21.3735981964899,33.,-61.3735981964899));
#7569=CARTESIAN_POINT('',(21.3735981964899,33.,-74.9617990982449));
#7570=CARTESIAN_POINT('',(21.3735981964899,31.,-61.3735981964899));
#7571=CARTESIAN_POINT('Origin',(11.3735981964899,31.,-56.3735981964899));
#7572=CARTESIAN_POINT('',(11.3735981964899,31.,-56.3735981964899));
#7573=CARTESIAN_POINT('',(36.6017365771229,31.,-56.3735981964899));
#7574=CARTESIAN_POINT('',(11.3735981964899,33.,-56.3735981964899));
#7575=CARTESIAN_POINT('',(11.3735981964899,31.,-56.3735981964899));
#7576=CARTESIAN_POINT('',(36.6017365771229,33.,-56.3735981964899));
#7577=CARTESIAN_POINT('Origin',(11.3735981964899,31.,-61.3735981964899));
#7578=CARTESIAN_POINT('',(11.3735981964899,31.,-61.3735981964899));
#7579=CARTESIAN_POINT('',(11.3735981964899,31.,-77.4617990982449));
#7580=CARTESIAN_POINT('',(11.3735981964899,33.,-61.3735981964899));
#7581=CARTESIAN_POINT('',(11.3735981964899,31.,-61.3735981964899));
#7582=CARTESIAN_POINT('',(11.3735981964899,33.,-77.4617990982449));
#7583=CARTESIAN_POINT('Origin',(21.3735981964899,31.,-61.3735981964899));
#7584=CARTESIAN_POINT('',(41.6017365771229,31.,-61.3735981964899));
#7585=CARTESIAN_POINT('',(41.6017365771229,33.,-61.3735981964899));
#7586=CARTESIAN_POINT('Origin',(102.42640180351,31.,-46.3735981964899));
#7587=CARTESIAN_POINT('',(102.42640180351,31.,-46.3735981964899));
#7588=CARTESIAN_POINT('',(102.42640180351,31.,-51.3735981964899));
#7589=CARTESIAN_POINT('',(102.42640180351,31.,-69.961799098245));
#7590=CARTESIAN_POINT('',(102.42640180351,33.,-46.3735981964899));
#7591=CARTESIAN_POINT('',(102.42640180351,31.,-46.3735981964899));
#7592=CARTESIAN_POINT('',(102.42640180351,33.,-51.3735981964899));
#7593=CARTESIAN_POINT('',(102.42640180351,33.,-69.961799098245));
#7594=CARTESIAN_POINT('',(102.42640180351,31.,-51.3735981964899));
#7595=CARTESIAN_POINT('Origin',(87.4264018035101,31.,-46.3735981964899));
#7596=CARTESIAN_POINT('',(87.4264018035101,31.,-46.3735981964899));
#7597=CARTESIAN_POINT('',(74.6281383806331,31.,-46.3735981964898));
#7598=CARTESIAN_POINT('',(87.4264018035101,33.,-46.3735981964899));
#7599=CARTESIAN_POINT('',(87.4264018035101,31.,-46.3735981964899));
#7600=CARTESIAN_POINT('',(74.6281383806331,33.,-46.3735981964898));
#7601=CARTESIAN_POINT('Origin',(87.4264018035101,31.,-51.3735981964898));
#7602=CARTESIAN_POINT('',(87.4264018035101,31.,-51.3735981964898));
#7603=CARTESIAN_POINT('',(87.4264018035101,31.,-72.4617990982449));
#7604=CARTESIAN_POINT('',(87.4264018035101,33.,-51.3735981964898));
#7605=CARTESIAN_POINT('',(87.4264018035101,31.,-51.3735981964898));
#7606=CARTESIAN_POINT('',(87.4264018035101,33.,-72.4617990982449));
#7607=CARTESIAN_POINT('Origin',(102.42640180351,31.,-51.3735981964899));
#7608=CARTESIAN_POINT('',(82.1281383806331,31.,-51.3735981964898));
#7609=CARTESIAN_POINT('',(82.1281383806331,33.,-51.3735981964898));
#7610=CARTESIAN_POINT('Origin',(21.3735981964899,31.,-46.3735981964899));
#7611=CARTESIAN_POINT('',(21.3735981964899,31.,-46.3735981964899));
#7612=CARTESIAN_POINT('',(21.3735981964899,31.,-51.3735981964899));
#7613=CARTESIAN_POINT('',(21.3735981964899,31.,-69.9617990982449));
#7614=CARTESIAN_POINT('',(21.3735981964899,33.,-46.3735981964899));
#7615=CARTESIAN_POINT('',(21.3735981964899,31.,-46.3735981964899));
#7616=CARTESIAN_POINT('',(21.3735981964899,33.,-51.3735981964899));
#7617=CARTESIAN_POINT('',(21.3735981964899,33.,-69.9617990982449));
#7618=CARTESIAN_POINT('',(21.3735981964899,31.,-51.3735981964899));
#7619=CARTESIAN_POINT('Origin',(11.3735981964899,31.,-46.3735981964899));
#7620=CARTESIAN_POINT('',(11.3735981964899,31.,-46.3735981964899));
#7621=CARTESIAN_POINT('',(36.6017365771229,31.,-46.3735981964899));
#7622=CARTESIAN_POINT('',(11.3735981964899,33.,-46.3735981964899));
#7623=CARTESIAN_POINT('',(11.3735981964899,31.,-46.3735981964899));
#7624=CARTESIAN_POINT('',(36.6017365771229,33.,-46.3735981964899));
#7625=CARTESIAN_POINT('Origin',(11.3735981964899,31.,-51.3735981964899));
#7626=CARTESIAN_POINT('',(11.3735981964899,31.,-51.3735981964899));
#7627=CARTESIAN_POINT('',(11.3735981964899,31.,-72.4617990982449));
#7628=CARTESIAN_POINT('',(11.3735981964899,33.,-51.3735981964899));
#7629=CARTESIAN_POINT('',(11.3735981964899,31.,-51.3735981964899));
#7630=CARTESIAN_POINT('',(11.3735981964899,33.,-72.4617990982449));
#7631=CARTESIAN_POINT('Origin',(21.3735981964899,31.,-51.3735981964899));
#7632=CARTESIAN_POINT('',(41.6017365771229,31.,-51.3735981964899));
#7633=CARTESIAN_POINT('',(41.6017365771229,33.,-51.3735981964899));
#7634=CARTESIAN_POINT('Origin',(102.42640180351,31.,-36.3735981964899));
#7635=CARTESIAN_POINT('',(102.42640180351,31.,-36.3735981964899));
#7636=CARTESIAN_POINT('',(102.42640180351,31.,-41.3735981964899));
#7637=CARTESIAN_POINT('',(102.42640180351,31.,-64.961799098245));
#7638=CARTESIAN_POINT('',(102.42640180351,33.,-36.3735981964899));
#7639=CARTESIAN_POINT('',(102.42640180351,31.,-36.3735981964899));
#7640=CARTESIAN_POINT('',(102.42640180351,33.,-41.3735981964899));
#7641=CARTESIAN_POINT('',(102.42640180351,33.,-64.961799098245));
#7642=CARTESIAN_POINT('',(102.42640180351,31.,-41.3735981964899));
#7643=CARTESIAN_POINT('Origin',(87.4264018035101,31.,-36.3735981964899));
#7644=CARTESIAN_POINT('',(87.4264018035101,31.,-36.3735981964899));
#7645=CARTESIAN_POINT('',(74.6281383806331,31.,-36.3735981964898));
#7646=CARTESIAN_POINT('',(87.4264018035101,33.,-36.3735981964899));
#7647=CARTESIAN_POINT('',(87.4264018035101,31.,-36.3735981964899));
#7648=CARTESIAN_POINT('',(74.6281383806331,33.,-36.3735981964898));
#7649=CARTESIAN_POINT('Origin',(87.4264018035101,31.,-41.3735981964898));
#7650=CARTESIAN_POINT('',(87.4264018035101,31.,-41.3735981964898));
#7651=CARTESIAN_POINT('',(87.4264018035101,31.,-67.4617990982449));
#7652=CARTESIAN_POINT('',(87.4264018035101,33.,-41.3735981964898));
#7653=CARTESIAN_POINT('',(87.4264018035101,31.,-41.3735981964898));
#7654=CARTESIAN_POINT('',(87.4264018035101,33.,-67.4617990982449));
#7655=CARTESIAN_POINT('Origin',(102.42640180351,31.,-41.3735981964899));
#7656=CARTESIAN_POINT('',(82.1281383806331,31.,-41.3735981964898));
#7657=CARTESIAN_POINT('',(82.1281383806331,33.,-41.3735981964898));
#7658=CARTESIAN_POINT('Origin',(21.3735981964899,31.,-36.3735981964899));
#7659=CARTESIAN_POINT('',(21.3735981964899,31.,-36.3735981964899));
#7660=CARTESIAN_POINT('',(21.3735981964899,31.,-41.3735981964899));
#7661=CARTESIAN_POINT('',(21.3735981964899,31.,-64.9617990982449));
#7662=CARTESIAN_POINT('',(21.3735981964899,33.,-36.3735981964899));
#7663=CARTESIAN_POINT('',(21.3735981964899,31.,-36.3735981964899));
#7664=CARTESIAN_POINT('',(21.3735981964899,33.,-41.3735981964899));
#7665=CARTESIAN_POINT('',(21.3735981964899,33.,-64.9617990982449));
#7666=CARTESIAN_POINT('',(21.3735981964899,31.,-41.3735981964899));
#7667=CARTESIAN_POINT('Origin',(11.3735981964899,31.,-36.3735981964899));
#7668=CARTESIAN_POINT('',(11.3735981964899,31.,-36.3735981964899));
#7669=CARTESIAN_POINT('',(36.6017365771229,31.,-36.3735981964899));
#7670=CARTESIAN_POINT('',(11.3735981964899,33.,-36.3735981964899));
#7671=CARTESIAN_POINT('',(11.3735981964899,31.,-36.3735981964899));
#7672=CARTESIAN_POINT('',(36.6017365771229,33.,-36.3735981964899));
#7673=CARTESIAN_POINT('Origin',(11.3735981964899,31.,-41.3735981964899));
#7674=CARTESIAN_POINT('',(11.3735981964899,31.,-41.3735981964899));
#7675=CARTESIAN_POINT('',(11.3735981964899,31.,-67.4617990982449));
#7676=CARTESIAN_POINT('',(11.3735981964899,33.,-41.3735981964899));
#7677=CARTESIAN_POINT('',(11.3735981964899,31.,-41.3735981964899));
#7678=CARTESIAN_POINT('',(11.3735981964899,33.,-67.4617990982449));
#7679=CARTESIAN_POINT('Origin',(21.3735981964899,31.,-41.3735981964899));
#7680=CARTESIAN_POINT('',(41.6017365771229,31.,-41.3735981964899));
#7681=CARTESIAN_POINT('',(41.6017365771229,33.,-41.3735981964899));
#7682=CARTESIAN_POINT('Origin',(102.42640180351,31.,-26.3735981964899));
#7683=CARTESIAN_POINT('',(102.42640180351,31.,-26.3735981964899));
#7684=CARTESIAN_POINT('',(102.42640180351,31.,-31.3735981964899));
#7685=CARTESIAN_POINT('',(102.42640180351,31.,-59.961799098245));
#7686=CARTESIAN_POINT('',(102.42640180351,33.,-26.3735981964899));
#7687=CARTESIAN_POINT('',(102.42640180351,31.,-26.3735981964899));
#7688=CARTESIAN_POINT('',(102.42640180351,33.,-31.3735981964899));
#7689=CARTESIAN_POINT('',(102.42640180351,33.,-59.961799098245));
#7690=CARTESIAN_POINT('',(102.42640180351,31.,-31.3735981964899));
#7691=CARTESIAN_POINT('Origin',(87.4264018035101,31.,-26.3735981964899));
#7692=CARTESIAN_POINT('',(87.4264018035101,31.,-26.3735981964899));
#7693=CARTESIAN_POINT('',(74.6281383806331,31.,-26.3735981964898));
#7694=CARTESIAN_POINT('',(87.4264018035101,33.,-26.3735981964899));
#7695=CARTESIAN_POINT('',(87.4264018035101,31.,-26.3735981964899));
#7696=CARTESIAN_POINT('',(74.6281383806331,33.,-26.3735981964898));
#7697=CARTESIAN_POINT('Origin',(87.4264018035101,31.,-31.3735981964898));
#7698=CARTESIAN_POINT('',(87.4264018035101,31.,-31.3735981964898));
#7699=CARTESIAN_POINT('',(87.4264018035101,31.,-62.4617990982449));
#7700=CARTESIAN_POINT('',(87.4264018035101,33.,-31.3735981964898));
#7701=CARTESIAN_POINT('',(87.4264018035101,31.,-31.3735981964898));
#7702=CARTESIAN_POINT('',(87.4264018035101,33.,-62.4617990982449));
#7703=CARTESIAN_POINT('Origin',(102.42640180351,31.,-31.3735981964899));
#7704=CARTESIAN_POINT('',(82.1281383806331,31.,-31.3735981964898));
#7705=CARTESIAN_POINT('',(82.1281383806331,33.,-31.3735981964898));
#7706=CARTESIAN_POINT('Origin',(21.3735981964899,31.,-26.3735981964899));
#7707=CARTESIAN_POINT('',(21.3735981964899,31.,-26.3735981964899));
#7708=CARTESIAN_POINT('',(21.3735981964899,31.,-31.3735981964899));
#7709=CARTESIAN_POINT('',(21.3735981964898,31.,-59.9617990982449));
#7710=CARTESIAN_POINT('',(21.3735981964899,33.,-26.3735981964899));
#7711=CARTESIAN_POINT('',(21.3735981964899,31.,-26.3735981964899));
#7712=CARTESIAN_POINT('',(21.3735981964899,33.,-31.3735981964899));
#7713=CARTESIAN_POINT('',(21.3735981964898,33.,-59.9617990982449));
#7714=CARTESIAN_POINT('',(21.3735981964899,31.,-31.3735981964899));
#7715=CARTESIAN_POINT('Origin',(11.3735981964899,31.,-26.3735981964899));
#7716=CARTESIAN_POINT('',(11.3735981964899,31.,-26.3735981964899));
#7717=CARTESIAN_POINT('',(36.6017365771229,31.,-26.3735981964899));
#7718=CARTESIAN_POINT('',(11.3735981964899,33.,-26.3735981964899));
#7719=CARTESIAN_POINT('',(11.3735981964899,31.,-26.3735981964899));
#7720=CARTESIAN_POINT('',(36.6017365771229,33.,-26.3735981964899));
#7721=CARTESIAN_POINT('Origin',(11.3735981964899,31.,-31.3735981964899));
#7722=CARTESIAN_POINT('',(11.3735981964899,31.,-31.3735981964899));
#7723=CARTESIAN_POINT('',(11.3735981964898,31.,-62.4617990982449));
#7724=CARTESIAN_POINT('',(11.3735981964899,33.,-31.3735981964899));
#7725=CARTESIAN_POINT('',(11.3735981964899,31.,-31.3735981964899));
#7726=CARTESIAN_POINT('',(11.3735981964898,33.,-62.4617990982449));
#7727=CARTESIAN_POINT('Origin',(21.3735981964899,31.,-31.3735981964899));
#7728=CARTESIAN_POINT('',(41.6017365771229,31.,-31.3735981964899));
#7729=CARTESIAN_POINT('',(41.6017365771229,33.,-31.3735981964899));
#7730=CARTESIAN_POINT('Origin',(87.4264018035101,31.,-120.72640180351));
#7731=CARTESIAN_POINT('',(87.4264018035101,31.,-120.72640180351));
#7732=CARTESIAN_POINT('',(87.4264018035101,31.,-115.72640180351));
#7733=CARTESIAN_POINT('',(87.4264018035101,31.,-107.138200901755));
#7734=CARTESIAN_POINT('',(87.4264018035101,33.,-120.72640180351));
#7735=CARTESIAN_POINT('',(87.4264018035101,31.,-120.72640180351));
#7736=CARTESIAN_POINT('',(87.4264018035101,33.,-115.72640180351));
#7737=CARTESIAN_POINT('',(87.4264018035101,33.,-107.138200901755));
#7738=CARTESIAN_POINT('',(87.4264018035101,31.,-115.72640180351));
#7739=CARTESIAN_POINT('Origin',(102.42640180351,31.,-120.72640180351));
#7740=CARTESIAN_POINT('',(102.42640180351,31.,-120.72640180351));
#7741=CARTESIAN_POINT('',(82.1281383806331,31.,-120.72640180351));
#7742=CARTESIAN_POINT('',(102.42640180351,33.,-120.72640180351));
#7743=CARTESIAN_POINT('',(102.42640180351,31.,-120.72640180351));
#7744=CARTESIAN_POINT('',(82.1281383806331,33.,-120.72640180351));
#7745=CARTESIAN_POINT('Origin',(102.42640180351,31.,-115.72640180351));
#7746=CARTESIAN_POINT('',(102.42640180351,31.,-115.72640180351));
#7747=CARTESIAN_POINT('',(102.42640180351,31.,-104.638200901755));
#7748=CARTESIAN_POINT('',(102.42640180351,33.,-115.72640180351));
#7749=CARTESIAN_POINT('',(102.42640180351,31.,-115.72640180351));
#7750=CARTESIAN_POINT('',(102.42640180351,33.,-104.638200901755));
#7751=CARTESIAN_POINT('Origin',(87.4264018035101,31.,-115.72640180351));
#7752=CARTESIAN_POINT('',(74.6281383806331,31.,-115.72640180351));
#7753=CARTESIAN_POINT('',(74.6281383806331,33.,-115.72640180351));
#7754=CARTESIAN_POINT('Origin',(10.3735981964899,31.,-115.72640180351));
#7755=CARTESIAN_POINT('',(10.3735981964899,31.,-115.72640180351));
#7756=CARTESIAN_POINT('',(20.3735981964899,31.,-115.72640180351));
#7757=CARTESIAN_POINT('',(36.1017365771229,31.,-115.72640180351));
#7758=CARTESIAN_POINT('',(10.3735981964899,33.,-115.72640180351));
#7759=CARTESIAN_POINT('',(10.3735981964899,31.,-115.72640180351));
#7760=CARTESIAN_POINT('',(20.3735981964899,33.,-115.72640180351));
#7761=CARTESIAN_POINT('',(36.1017365771229,33.,-115.72640180351));
#7762=CARTESIAN_POINT('',(20.3735981964899,31.,-115.72640180351));
#7763=CARTESIAN_POINT('Origin',(10.3735981964899,31.,-120.72640180351));
#7764=CARTESIAN_POINT('',(10.3735981964899,31.,-120.72640180351));
#7765=CARTESIAN_POINT('',(10.3735981964899,31.,-107.138200901755));
#7766=CARTESIAN_POINT('',(10.3735981964899,33.,-120.72640180351));
#7767=CARTESIAN_POINT('',(10.3735981964899,31.,-120.72640180351));
#7768=CARTESIAN_POINT('',(10.3735981964899,33.,-107.138200901755));
#7769=CARTESIAN_POINT('Origin',(20.3735981964899,31.,-120.72640180351));
#7770=CARTESIAN_POINT('',(20.3735981964899,31.,-120.72640180351));
#7771=CARTESIAN_POINT('',(41.1017365771229,31.,-120.72640180351));
#7772=CARTESIAN_POINT('',(20.3735981964899,33.,-120.72640180351));
#7773=CARTESIAN_POINT('',(20.3735981964899,31.,-120.72640180351));
#7774=CARTESIAN_POINT('',(41.1017365771229,33.,-120.72640180351));
#7775=CARTESIAN_POINT('Origin',(20.3735981964899,31.,-115.72640180351));
#7776=CARTESIAN_POINT('',(20.3735981964899,31.,-104.638200901755));
#7777=CARTESIAN_POINT('',(20.3735981964899,33.,-104.638200901755));
#7778=CARTESIAN_POINT('Origin',(87.4264018035101,31.,-130.72640180351));
#7779=CARTESIAN_POINT('',(87.4264018035101,31.,-130.72640180351));
#7780=CARTESIAN_POINT('',(87.4264018035101,31.,-125.72640180351));
#7781=CARTESIAN_POINT('',(87.4264018035102,31.,-112.138200901755));
#7782=CARTESIAN_POINT('',(87.4264018035101,33.,-130.72640180351));
#7783=CARTESIAN_POINT('',(87.4264018035101,31.,-130.72640180351));
#7784=CARTESIAN_POINT('',(87.4264018035101,33.,-125.72640180351));
#7785=CARTESIAN_POINT('',(87.4264018035102,33.,-112.138200901755));
#7786=CARTESIAN_POINT('',(87.4264018035101,31.,-125.72640180351));
#7787=CARTESIAN_POINT('Origin',(102.42640180351,31.,-130.72640180351));
#7788=CARTESIAN_POINT('',(102.42640180351,31.,-130.72640180351));
#7789=CARTESIAN_POINT('',(82.128138380633,31.,-130.72640180351));
#7790=CARTESIAN_POINT('',(102.42640180351,33.,-130.72640180351));
#7791=CARTESIAN_POINT('',(102.42640180351,31.,-130.72640180351));
#7792=CARTESIAN_POINT('',(82.128138380633,33.,-130.72640180351));
#7793=CARTESIAN_POINT('Origin',(102.42640180351,31.,-125.72640180351));
#7794=CARTESIAN_POINT('',(102.42640180351,31.,-125.72640180351));
#7795=CARTESIAN_POINT('',(102.42640180351,31.,-109.638200901755));
#7796=CARTESIAN_POINT('',(102.42640180351,33.,-125.72640180351));
#7797=CARTESIAN_POINT('',(102.42640180351,31.,-125.72640180351));
#7798=CARTESIAN_POINT('',(102.42640180351,33.,-109.638200901755));
#7799=CARTESIAN_POINT('Origin',(87.4264018035101,31.,-125.72640180351));
#7800=CARTESIAN_POINT('',(74.6281383806331,31.,-125.72640180351));
#7801=CARTESIAN_POINT('',(74.6281383806331,33.,-125.72640180351));
#7802=CARTESIAN_POINT('Origin',(10.3735981964899,31.,-125.72640180351));
#7803=CARTESIAN_POINT('',(10.3735981964899,31.,-125.72640180351));
#7804=CARTESIAN_POINT('',(20.3735981964899,31.,-125.72640180351));
#7805=CARTESIAN_POINT('',(36.1017365771229,31.,-125.72640180351));
#7806=CARTESIAN_POINT('',(10.3735981964899,33.,-125.72640180351));
#7807=CARTESIAN_POINT('',(10.3735981964899,31.,-125.72640180351));
#7808=CARTESIAN_POINT('',(20.3735981964899,33.,-125.72640180351));
#7809=CARTESIAN_POINT('',(36.1017365771229,33.,-125.72640180351));
#7810=CARTESIAN_POINT('',(20.3735981964899,31.,-125.72640180351));
#7811=CARTESIAN_POINT('Origin',(10.3735981964899,31.,-130.72640180351));
#7812=CARTESIAN_POINT('',(10.3735981964899,31.,-130.72640180351));
#7813=CARTESIAN_POINT('',(10.3735981964899,31.,-112.138200901755));
#7814=CARTESIAN_POINT('',(10.3735981964899,33.,-130.72640180351));
#7815=CARTESIAN_POINT('',(10.3735981964899,31.,-130.72640180351));
#7816=CARTESIAN_POINT('',(10.3735981964899,33.,-112.138200901755));
#7817=CARTESIAN_POINT('Origin',(20.3735981964899,31.,-130.72640180351));
#7818=CARTESIAN_POINT('',(20.3735981964899,31.,-130.72640180351));
#7819=CARTESIAN_POINT('',(41.1017365771229,31.,-130.72640180351));
#7820=CARTESIAN_POINT('',(20.3735981964899,33.,-130.72640180351));
#7821=CARTESIAN_POINT('',(20.3735981964899,31.,-130.72640180351));
#7822=CARTESIAN_POINT('',(41.1017365771229,33.,-130.72640180351));
#7823=CARTESIAN_POINT('Origin',(20.3735981964899,31.,-125.72640180351));
#7824=CARTESIAN_POINT('',(20.3735981964899,31.,-109.638200901755));
#7825=CARTESIAN_POINT('',(20.3735981964899,33.,-109.638200901755));
#7826=CARTESIAN_POINT('Origin',(87.4264018035101,31.,-140.72640180351));
#7827=CARTESIAN_POINT('',(87.4264018035101,31.,-140.72640180351));
#7828=CARTESIAN_POINT('',(87.4264018035101,31.,-135.72640180351));
#7829=CARTESIAN_POINT('',(87.4264018035102,31.,-117.138200901755));
#7830=CARTESIAN_POINT('',(87.4264018035101,33.,-140.72640180351));
#7831=CARTESIAN_POINT('',(87.4264018035101,31.,-140.72640180351));
#7832=CARTESIAN_POINT('',(87.4264018035101,33.,-135.72640180351));
#7833=CARTESIAN_POINT('',(87.4264018035102,33.,-117.138200901755));
#7834=CARTESIAN_POINT('',(87.4264018035101,31.,-135.72640180351));
#7835=CARTESIAN_POINT('Origin',(102.42640180351,31.,-140.72640180351));
#7836=CARTESIAN_POINT('',(102.42640180351,31.,-140.72640180351));
#7837=CARTESIAN_POINT('',(82.128138380633,31.,-140.72640180351));
#7838=CARTESIAN_POINT('',(102.42640180351,33.,-140.72640180351));
#7839=CARTESIAN_POINT('',(102.42640180351,31.,-140.72640180351));
#7840=CARTESIAN_POINT('',(82.128138380633,33.,-140.72640180351));
#7841=CARTESIAN_POINT('Origin',(102.42640180351,31.,-135.72640180351));
#7842=CARTESIAN_POINT('',(102.42640180351,31.,-135.72640180351));
#7843=CARTESIAN_POINT('',(102.42640180351,31.,-114.638200901755));
#7844=CARTESIAN_POINT('',(102.42640180351,33.,-135.72640180351));
#7845=CARTESIAN_POINT('',(102.42640180351,31.,-135.72640180351));
#7846=CARTESIAN_POINT('',(102.42640180351,33.,-114.638200901755));
#7847=CARTESIAN_POINT('Origin',(87.4264018035101,31.,-135.72640180351));
#7848=CARTESIAN_POINT('',(74.6281383806331,31.,-135.72640180351));
#7849=CARTESIAN_POINT('',(74.6281383806331,33.,-135.72640180351));
#7850=CARTESIAN_POINT('Origin',(10.3735981964899,31.,-135.72640180351));
#7851=CARTESIAN_POINT('',(10.3735981964899,31.,-135.72640180351));
#7852=CARTESIAN_POINT('',(20.3735981964899,31.,-135.72640180351));
#7853=CARTESIAN_POINT('',(36.1017365771229,31.,-135.72640180351));
#7854=CARTESIAN_POINT('',(10.3735981964899,33.,-135.72640180351));
#7855=CARTESIAN_POINT('',(10.3735981964899,31.,-135.72640180351));
#7856=CARTESIAN_POINT('',(20.3735981964899,33.,-135.72640180351));
#7857=CARTESIAN_POINT('',(36.1017365771229,33.,-135.72640180351));
#7858=CARTESIAN_POINT('',(20.3735981964899,31.,-135.72640180351));
#7859=CARTESIAN_POINT('Origin',(10.3735981964899,31.,-140.72640180351));
#7860=CARTESIAN_POINT('',(10.3735981964899,31.,-140.72640180351));
#7861=CARTESIAN_POINT('',(10.3735981964899,31.,-117.138200901755));
#7862=CARTESIAN_POINT('',(10.3735981964899,33.,-140.72640180351));
#7863=CARTESIAN_POINT('',(10.3735981964899,31.,-140.72640180351));
#7864=CARTESIAN_POINT('',(10.3735981964899,33.,-117.138200901755));
#7865=CARTESIAN_POINT('Origin',(20.3735981964899,31.,-140.72640180351));
#7866=CARTESIAN_POINT('',(20.3735981964899,31.,-140.72640180351));
#7867=CARTESIAN_POINT('',(41.1017365771229,31.,-140.72640180351));
#7868=CARTESIAN_POINT('',(20.3735981964899,33.,-140.72640180351));
#7869=CARTESIAN_POINT('',(20.3735981964899,31.,-140.72640180351));
#7870=CARTESIAN_POINT('',(41.1017365771229,33.,-140.72640180351));
#7871=CARTESIAN_POINT('Origin',(20.3735981964899,31.,-135.72640180351));
#7872=CARTESIAN_POINT('',(20.3735981964899,31.,-114.638200901755));
#7873=CARTESIAN_POINT('',(20.3735981964899,33.,-114.638200901755));
#7874=CARTESIAN_POINT('Origin',(87.4264018035101,31.,-150.72640180351));
#7875=CARTESIAN_POINT('',(87.4264018035101,31.,-150.72640180351));
#7876=CARTESIAN_POINT('',(87.4264018035101,31.,-145.72640180351));
#7877=CARTESIAN_POINT('',(87.4264018035102,31.,-122.138200901755));
#7878=CARTESIAN_POINT('',(87.4264018035101,33.,-150.72640180351));
#7879=CARTESIAN_POINT('',(87.4264018035101,31.,-150.72640180351));
#7880=CARTESIAN_POINT('',(87.4264018035101,33.,-145.72640180351));
#7881=CARTESIAN_POINT('',(87.4264018035102,33.,-122.138200901755));
#7882=CARTESIAN_POINT('',(87.4264018035101,31.,-145.72640180351));
#7883=CARTESIAN_POINT('Origin',(102.42640180351,31.,-150.72640180351));
#7884=CARTESIAN_POINT('',(102.42640180351,31.,-150.72640180351));
#7885=CARTESIAN_POINT('',(82.128138380633,31.,-150.72640180351));
#7886=CARTESIAN_POINT('',(102.42640180351,33.,-150.72640180351));
#7887=CARTESIAN_POINT('',(102.42640180351,31.,-150.72640180351));
#7888=CARTESIAN_POINT('',(82.128138380633,33.,-150.72640180351));
#7889=CARTESIAN_POINT('Origin',(102.42640180351,31.,-145.72640180351));
#7890=CARTESIAN_POINT('',(102.42640180351,31.,-145.72640180351));
#7891=CARTESIAN_POINT('',(102.42640180351,31.,-119.638200901755));
#7892=CARTESIAN_POINT('',(102.42640180351,33.,-145.72640180351));
#7893=CARTESIAN_POINT('',(102.42640180351,31.,-145.72640180351));
#7894=CARTESIAN_POINT('',(102.42640180351,33.,-119.638200901755));
#7895=CARTESIAN_POINT('Origin',(87.4264018035101,31.,-145.72640180351));
#7896=CARTESIAN_POINT('',(74.628138380633,31.,-145.72640180351));
#7897=CARTESIAN_POINT('',(74.628138380633,33.,-145.72640180351));
#7898=CARTESIAN_POINT('Origin',(10.3735981964899,31.,-145.72640180351));
#7899=CARTESIAN_POINT('',(10.3735981964899,31.,-145.72640180351));
#7900=CARTESIAN_POINT('',(20.3735981964899,31.,-145.72640180351));
#7901=CARTESIAN_POINT('',(36.1017365771229,31.,-145.72640180351));
#7902=CARTESIAN_POINT('',(10.3735981964899,33.,-145.72640180351));
#7903=CARTESIAN_POINT('',(10.3735981964899,31.,-145.72640180351));
#7904=CARTESIAN_POINT('',(20.3735981964899,33.,-145.72640180351));
#7905=CARTESIAN_POINT('',(36.1017365771229,33.,-145.72640180351));
#7906=CARTESIAN_POINT('',(20.3735981964899,31.,-145.72640180351));
#7907=CARTESIAN_POINT('Origin',(10.3735981964899,31.,-150.72640180351));
#7908=CARTESIAN_POINT('',(10.3735981964899,31.,-150.72640180351));
#7909=CARTESIAN_POINT('',(10.3735981964899,31.,-122.138200901755));
#7910=CARTESIAN_POINT('',(10.3735981964899,33.,-150.72640180351));
#7911=CARTESIAN_POINT('',(10.3735981964899,31.,-150.72640180351));
#7912=CARTESIAN_POINT('',(10.3735981964899,33.,-122.138200901755));
#7913=CARTESIAN_POINT('Origin',(20.3735981964899,31.,-150.72640180351));
#7914=CARTESIAN_POINT('',(20.3735981964899,31.,-150.72640180351));
#7915=CARTESIAN_POINT('',(41.1017365771229,31.,-150.72640180351));
#7916=CARTESIAN_POINT('',(20.3735981964899,33.,-150.72640180351));
#7917=CARTESIAN_POINT('',(20.3735981964899,31.,-150.72640180351));
#7918=CARTESIAN_POINT('',(41.1017365771229,33.,-150.72640180351));
#7919=CARTESIAN_POINT('Origin',(20.3735981964899,31.,-145.72640180351));
#7920=CARTESIAN_POINT('',(20.3735981964899,31.,-119.638200901755));
#7921=CARTESIAN_POINT('',(20.3735981964899,33.,-119.638200901755));
#7922=CARTESIAN_POINT('Origin',(87.4264018035101,31.,-160.72640180351));
#7923=CARTESIAN_POINT('',(87.4264018035101,31.,-160.72640180351));
#7924=CARTESIAN_POINT('',(87.4264018035101,31.,-155.72640180351));
#7925=CARTESIAN_POINT('',(87.4264018035102,31.,-127.138200901755));
#7926=CARTESIAN_POINT('',(87.4264018035101,33.,-160.72640180351));
#7927=CARTESIAN_POINT('',(87.4264018035101,31.,-160.72640180351));
#7928=CARTESIAN_POINT('',(87.4264018035101,33.,-155.72640180351));
#7929=CARTESIAN_POINT('',(87.4264018035102,33.,-127.138200901755));
#7930=CARTESIAN_POINT('',(87.4264018035101,31.,-155.72640180351));
#7931=CARTESIAN_POINT('Origin',(102.42640180351,31.,-160.72640180351));
#7932=CARTESIAN_POINT('',(102.42640180351,31.,-160.72640180351));
#7933=CARTESIAN_POINT('',(82.128138380633,31.,-160.72640180351));
#7934=CARTESIAN_POINT('',(102.42640180351,33.,-160.72640180351));
#7935=CARTESIAN_POINT('',(102.42640180351,31.,-160.72640180351));
#7936=CARTESIAN_POINT('',(82.128138380633,33.,-160.72640180351));
#7937=CARTESIAN_POINT('Origin',(102.42640180351,31.,-155.72640180351));
#7938=CARTESIAN_POINT('',(102.42640180351,31.,-155.72640180351));
#7939=CARTESIAN_POINT('',(102.42640180351,31.,-124.638200901755));
#7940=CARTESIAN_POINT('',(102.42640180351,33.,-155.72640180351));
#7941=CARTESIAN_POINT('',(102.42640180351,31.,-155.72640180351));
#7942=CARTESIAN_POINT('',(102.42640180351,33.,-124.638200901755));
#7943=CARTESIAN_POINT('Origin',(87.4264018035101,31.,-155.72640180351));
#7944=CARTESIAN_POINT('',(74.628138380633,31.,-155.72640180351));
#7945=CARTESIAN_POINT('',(74.628138380633,33.,-155.72640180351));
#7946=CARTESIAN_POINT('Origin',(10.3735981964899,31.,-155.72640180351));
#7947=CARTESIAN_POINT('',(10.3735981964899,31.,-155.72640180351));
#7948=CARTESIAN_POINT('',(20.3735981964899,31.,-155.72640180351));
#7949=CARTESIAN_POINT('',(36.1017365771229,31.,-155.72640180351));
#7950=CARTESIAN_POINT('',(10.3735981964899,33.,-155.72640180351));
#7951=CARTESIAN_POINT('',(10.3735981964899,31.,-155.72640180351));
#7952=CARTESIAN_POINT('',(20.3735981964899,33.,-155.72640180351));
#7953=CARTESIAN_POINT('',(36.1017365771229,33.,-155.72640180351));
#7954=CARTESIAN_POINT('',(20.3735981964899,31.,-155.72640180351));
#7955=CARTESIAN_POINT('Origin',(10.3735981964899,31.,-160.72640180351));
#7956=CARTESIAN_POINT('',(10.3735981964899,31.,-160.72640180351));
#7957=CARTESIAN_POINT('',(10.3735981964899,31.,-127.138200901755));
#7958=CARTESIAN_POINT('',(10.3735981964899,33.,-160.72640180351));
#7959=CARTESIAN_POINT('',(10.3735981964899,31.,-160.72640180351));
#7960=CARTESIAN_POINT('',(10.3735981964899,33.,-127.138200901755));
#7961=CARTESIAN_POINT('Origin',(20.3735981964899,31.,-160.72640180351));
#7962=CARTESIAN_POINT('',(20.3735981964899,31.,-160.72640180351));
#7963=CARTESIAN_POINT('',(41.1017365771229,31.,-160.72640180351));
#7964=CARTESIAN_POINT('',(20.3735981964899,33.,-160.72640180351));
#7965=CARTESIAN_POINT('',(20.3735981964899,31.,-160.72640180351));
#7966=CARTESIAN_POINT('',(41.1017365771229,33.,-160.72640180351));
#7967=CARTESIAN_POINT('Origin',(20.3735981964899,31.,-155.72640180351));
#7968=CARTESIAN_POINT('',(20.3735981964899,31.,-124.638200901755));
#7969=CARTESIAN_POINT('',(20.3735981964899,33.,-124.638200901755));
#7970=CARTESIAN_POINT('Origin',(121.8,14.,-152.1));
#7971=CARTESIAN_POINT('',(121.8,14.,-152.1));
#7972=CARTESIAN_POINT('',(114.8,14.,-152.1));
#7973=CARTESIAN_POINT('',(120.05,14.,-152.1));
#7974=CARTESIAN_POINT('',(121.8,16.,-152.1));
#7975=CARTESIAN_POINT('',(121.8,14.,-152.1));
#7976=CARTESIAN_POINT('',(114.8,16.,-152.1));
#7977=CARTESIAN_POINT('',(114.8,16.,-152.1));
#7978=CARTESIAN_POINT('',(114.8,14.,-152.1));
#7979=CARTESIAN_POINT('Origin',(114.8,14.,-144.1));
#7980=CARTESIAN_POINT('',(114.8,14.,-144.1));
#7981=CARTESIAN_POINT('',(121.8,14.,-144.1));
#7982=CARTESIAN_POINT('',(116.55,14.,-144.1));
#7983=CARTESIAN_POINT('',(114.8,16.,-144.1));
#7984=CARTESIAN_POINT('',(114.8,14.,-144.1));
#7985=CARTESIAN_POINT('',(121.8,16.,-144.1));
#7986=CARTESIAN_POINT('',(121.8,16.,-144.1));
#7987=CARTESIAN_POINT('',(121.8,14.,-144.1));
#7988=CARTESIAN_POINT('Origin',(118.3,16.,-148.1));
#7989=CARTESIAN_POINT('',(114.8,16.,-154.6));
#7990=CARTESIAN_POINT('',(121.8,16.,-161.1));
#7991=CARTESIAN_POINT('Origin',(118.3,14.,-148.1));
#7992=CARTESIAN_POINT('',(121.8,14.,-135.1));
#7993=CARTESIAN_POINT('',(121.8,14.,-140.6));
#7994=CARTESIAN_POINT('',(116.8,14.,-135.1));
#7995=CARTESIAN_POINT('',(118.55,14.,-135.1));
#7996=CARTESIAN_POINT('',(114.8,14.,-135.1));
#7997=CARTESIAN_POINT('',(121.8,14.,-135.1));
#7998=CARTESIAN_POINT('',(114.8,14.,-135.1));
#7999=CARTESIAN_POINT('',(120.,14.,-140.6));
#8000=CARTESIAN_POINT('',(116.6,14.,-140.6));
#8001=CARTESIAN_POINT('Origin',(118.3,14.,-140.6));
#8002=CARTESIAN_POINT('Origin',(118.3,14.,-140.6));
#8003=CARTESIAN_POINT('Origin',(118.3,14.,-148.1));
#8004=CARTESIAN_POINT('',(114.8,14.,-161.1));
#8005=CARTESIAN_POINT('',(114.8,14.,-135.1));
#8006=CARTESIAN_POINT('',(116.8,14.,-161.1));
#8007=CARTESIAN_POINT('',(114.8,14.,-161.1));
#8008=CARTESIAN_POINT('',(121.8,14.,-161.1));
#8009=CARTESIAN_POINT('',(121.05,14.,-161.1));
#8010=CARTESIAN_POINT('',(121.8,14.,-140.6));
#8011=CARTESIAN_POINT('',(120.,14.,-155.6));
#8012=CARTESIAN_POINT('',(116.6,14.,-155.6));
#8013=CARTESIAN_POINT('Origin',(118.3,14.,-155.6));
#8014=CARTESIAN_POINT('Origin',(118.3,14.,-155.6));
#8015=CARTESIAN_POINT('Origin',(114.8,14.,-161.1));
#8016=CARTESIAN_POINT('',(114.8,24.8286446891262,-135.1));
#8017=CARTESIAN_POINT('',(114.8,14.,-135.1));
#8018=CARTESIAN_POINT('',(114.8,31.,-135.1));
#8019=CARTESIAN_POINT('',(114.8,7.,-135.1));
#8020=CARTESIAN_POINT('',(114.8,31.,-161.1));
#8021=CARTESIAN_POINT('',(114.8,31.,-127.325));
#8022=CARTESIAN_POINT('',(114.8,24.8286446891263,-161.1));
#8023=CARTESIAN_POINT('',(114.8,7.,-161.1));
#8024=CARTESIAN_POINT('',(114.8,14.,-161.1));
#8025=CARTESIAN_POINT('Origin',(90.8,20.,-92.5));
#8026=CARTESIAN_POINT('',(92.3,19.,-92.5));
#8027=CARTESIAN_POINT('',(89.3,19.,-92.5));
#8028=CARTESIAN_POINT('Origin',(90.8,19.,-92.5));
#8029=CARTESIAN_POINT('Origin',(90.8,19.,-92.5));
#8030=CARTESIAN_POINT('',(89.3,21.,-92.5));
#8031=CARTESIAN_POINT('',(89.3,20.,-92.5));
#8032=CARTESIAN_POINT('',(92.3,21.,-92.5));
#8033=CARTESIAN_POINT('Origin',(90.8,21.,-92.5));
#8034=CARTESIAN_POINT('Origin',(90.8,21.,-92.5));
#8035=CARTESIAN_POINT('Origin',(95.8,33.,-87.5));
#8036=CARTESIAN_POINT('',(95.8,33.,-87.5));
#8037=CARTESIAN_POINT('',(85.8,33.,-87.5));
#8038=CARTESIAN_POINT('',(78.814937478878,33.,-87.5));
#8039=CARTESIAN_POINT('',(95.8,21.,-87.5));
#8040=CARTESIAN_POINT('',(95.8,33.,-87.5));
#8041=CARTESIAN_POINT('',(85.8,21.,-87.5));
#8042=CARTESIAN_POINT('',(85.8,21.,-87.5));
#8043=CARTESIAN_POINT('',(85.8,33.,-87.5));
#8044=CARTESIAN_POINT('Origin',(95.8,33.,-97.5));
#8045=CARTESIAN_POINT('',(95.8,33.,-97.5));
#8046=CARTESIAN_POINT('',(95.8,33.,-95.525));
#8047=CARTESIAN_POINT('',(95.8,21.,-97.5));
#8048=CARTESIAN_POINT('',(95.8,33.,-97.5));
#8049=CARTESIAN_POINT('',(95.8,21.,-87.5));
#8050=CARTESIAN_POINT('Origin',(85.8,33.,-97.5));
#8051=CARTESIAN_POINT('',(85.8,33.,-97.5));
#8052=CARTESIAN_POINT('',(73.814937478878,33.,-97.5));
#8053=CARTESIAN_POINT('',(85.8,21.,-97.5));
#8054=CARTESIAN_POINT('',(85.8,33.,-97.5));
#8055=CARTESIAN_POINT('',(95.8,21.,-97.5));
#8056=CARTESIAN_POINT('Origin',(85.8,33.,-87.5));
#8057=CARTESIAN_POINT('',(85.8,33.,-90.525));
#8058=CARTESIAN_POINT('',(85.8,21.,-97.5));
#8059=CARTESIAN_POINT('Origin',(90.8,21.,-92.5));
#8060=CARTESIAN_POINT('Origin',(97.8,31.,-99.5));
#8061=CARTESIAN_POINT('',(97.8,31.,-85.5));
#8062=CARTESIAN_POINT('',(97.8,31.,-99.5));
#8063=CARTESIAN_POINT('',(97.8,31.,-96.525));
#8064=CARTESIAN_POINT('',(97.8,19.,-85.5));
#8065=CARTESIAN_POINT('',(97.8,31.,-85.5));
#8066=CARTESIAN_POINT('',(97.8,19.,-99.5));
#8067=CARTESIAN_POINT('',(97.8,19.,-99.5));
#8068=CARTESIAN_POINT('',(97.8,31.,-99.5));
#8069=CARTESIAN_POINT('Origin',(83.8,31.,-99.5));
#8070=CARTESIAN_POINT('',(83.8,31.,-99.5));
#8071=CARTESIAN_POINT('',(72.814937478878,31.,-99.5));
#8072=CARTESIAN_POINT('',(83.8,19.,-99.5));
#8073=CARTESIAN_POINT('',(83.8,19.,-99.5));
#8074=CARTESIAN_POINT('',(83.8,31.,-99.5));
#8075=CARTESIAN_POINT('Origin',(83.8,31.,-85.5));
#8076=CARTESIAN_POINT('',(83.8,31.,-85.5));
#8077=CARTESIAN_POINT('',(83.8,31.,-89.525));
#8078=CARTESIAN_POINT('',(83.8,19.,-85.5));
#8079=CARTESIAN_POINT('',(83.8,19.,-85.5));
#8080=CARTESIAN_POINT('',(83.8,31.,-85.5));
#8081=CARTESIAN_POINT('Origin',(97.8,31.,-85.5));
#8082=CARTESIAN_POINT('',(79.814937478878,31.,-85.5));
#8083=CARTESIAN_POINT('',(97.8,19.,-85.5));
#8084=CARTESIAN_POINT('Origin',(90.8,19.,-92.5));
#8085=CARTESIAN_POINT('Origin',(101.62640180351,31.,-17.8735981964899));
#8086=CARTESIAN_POINT('',(104.62640180351,13.1,-17.8735981964899));
#8087=CARTESIAN_POINT('',(98.6264018035101,13.1,-17.8735981964899));
#8088=CARTESIAN_POINT('Origin',(101.62640180351,13.1,-17.8735981964899));
#8089=CARTESIAN_POINT('Origin',(101.62640180351,13.1,-17.8735981964899));
#8090=CARTESIAN_POINT('',(98.6264018035101,31.,-17.8735981964899));
#8091=CARTESIAN_POINT('',(98.6264018035101,31.,-17.8735981964899));
#8092=CARTESIAN_POINT('',(104.62640180351,31.,-17.8735981964899));
#8093=CARTESIAN_POINT('Origin',(101.62640180351,31.,-17.8735981964899));
#8094=CARTESIAN_POINT('Origin',(101.62640180351,31.,-17.8735981964899));
#8095=CARTESIAN_POINT('Origin',(101.62640180351,13.1,-17.8735981964899));
#8096=CARTESIAN_POINT('Origin',(101.62640180351,31.,-171.87359819649));
#8097=CARTESIAN_POINT('',(104.62640180351,13.1,-171.87359819649));
#8098=CARTESIAN_POINT('',(98.6264018035101,13.1,-171.87359819649));
#8099=CARTESIAN_POINT('Origin',(101.62640180351,13.1,-171.87359819649));
#8100=CARTESIAN_POINT('Origin',(101.62640180351,13.1,-171.87359819649));
#8101=CARTESIAN_POINT('',(98.6264018035101,31.,-171.87359819649));
#8102=CARTESIAN_POINT('',(98.6264018035101,31.,-171.87359819649));
#8103=CARTESIAN_POINT('',(104.62640180351,31.,-171.87359819649));
#8104=CARTESIAN_POINT('Origin',(101.62640180351,31.,-171.87359819649));
#8105=CARTESIAN_POINT('Origin',(101.62640180351,31.,-171.87359819649));
#8106=CARTESIAN_POINT('Origin',(101.62640180351,13.1,-171.87359819649));
#8107=CARTESIAN_POINT('Origin',(12.6264018035101,31.,-17.8735981964899));
#8108=CARTESIAN_POINT('',(15.6264018035101,13.1,-17.8735981964899));
#8109=CARTESIAN_POINT('',(9.62640180351013,13.1,-17.8735981964899));
#8110=CARTESIAN_POINT('Origin',(12.6264018035101,13.1,-17.8735981964899));
#8111=CARTESIAN_POINT('Origin',(12.6264018035101,13.1,-17.8735981964899));
#8112=CARTESIAN_POINT('',(9.62640180351013,31.,-17.8735981964899));
#8113=CARTESIAN_POINT('',(9.62640180351013,31.,-17.8735981964899));
#8114=CARTESIAN_POINT('',(15.6264018035101,31.,-17.8735981964899));
#8115=CARTESIAN_POINT('Origin',(12.6264018035101,31.,-17.8735981964899));
#8116=CARTESIAN_POINT('Origin',(12.6264018035101,31.,-17.8735981964899));
#8117=CARTESIAN_POINT('Origin',(12.6264018035101,13.1,-17.8735981964899));
#8118=CARTESIAN_POINT('Origin',(54.1264018035101,31.,-171.87359819649));
#8119=CARTESIAN_POINT('',(57.1264018035102,13.1,-171.87359819649));
#8120=CARTESIAN_POINT('',(51.1264018035101,13.1,-171.87359819649));
#8121=CARTESIAN_POINT('Origin',(54.1264018035101,13.1,-171.87359819649));
#8122=CARTESIAN_POINT('Origin',(54.1264018035101,13.1,-171.87359819649));
#8123=CARTESIAN_POINT('',(51.1264018035101,31.,-171.87359819649));
#8124=CARTESIAN_POINT('',(51.1264018035101,31.,-171.87359819649));
#8125=CARTESIAN_POINT('',(57.1264018035102,31.,-171.87359819649));
#8126=CARTESIAN_POINT('Origin',(54.1264018035101,31.,-171.87359819649));
#8127=CARTESIAN_POINT('Origin',(54.1264018035101,31.,-171.87359819649));
#8128=CARTESIAN_POINT('Origin',(54.1264018035101,13.1,-171.87359819649));
#8129=CARTESIAN_POINT('Origin',(28.2485981964899,20.8,-39.45));
#8130=CARTESIAN_POINT('',(28.2485981964899,20.8,-39.45));
#8131=CARTESIAN_POINT('',(28.2485981964899,20.8,-41.35));
#8132=CARTESIAN_POINT('',(28.2485981964899,20.8,-40.4));
#8133=CARTESIAN_POINT('',(27.8485981964899,20.8,-39.45));
#8134=CARTESIAN_POINT('',(28.2485981964899,20.8,-39.45));
#8135=CARTESIAN_POINT('',(27.8485981964899,20.8,-41.35));
#8136=CARTESIAN_POINT('',(27.8485981964899,20.8,-41.35));
#8137=CARTESIAN_POINT('',(27.2485981964899,20.8,-41.35));
#8138=CARTESIAN_POINT('Origin',(28.2485981964899,19.,-39.45));
#8139=CARTESIAN_POINT('',(28.2485981964899,19.,-39.45));
#8140=CARTESIAN_POINT('',(28.2485981964899,25.,-39.45));
#8141=CARTESIAN_POINT('',(27.8485981964899,19.,-39.45));
#8142=CARTESIAN_POINT('',(28.2485981964899,19.,-39.45));
#8143=CARTESIAN_POINT('',(27.8485981964899,20.8,-39.45));
#8144=CARTESIAN_POINT('Origin',(28.2485981964899,19.,-41.35));
#8145=CARTESIAN_POINT('',(28.2485981964899,19.,-41.35));
#8146=CARTESIAN_POINT('',(28.2485981964899,19.,-41.35));
#8147=CARTESIAN_POINT('',(27.8485981964899,19.,-41.35));
#8148=CARTESIAN_POINT('',(27.2485981964899,19.,-41.35));
#8149=CARTESIAN_POINT('',(27.8485981964899,19.,-39.45));
#8150=CARTESIAN_POINT('Origin',(27.8485981964899,19.9,-40.4));
#8151=CARTESIAN_POINT('',(27.8485981964899,25.45,-41.35));
#8152=CARTESIAN_POINT('Origin',(28.2485981964899,19.,-32.25));
#8153=CARTESIAN_POINT('',(28.2485981964899,19.,-32.25));
#8154=CARTESIAN_POINT('',(28.2485981964899,19.,-30.35));
#8155=CARTESIAN_POINT('',(28.2485981964899,19.,-36.8));
#8156=CARTESIAN_POINT('',(27.8485981964899,19.,-32.25));
#8157=CARTESIAN_POINT('',(28.2485981964899,19.,-32.25));
#8158=CARTESIAN_POINT('',(27.8485981964899,19.,-30.35));
#8159=CARTESIAN_POINT('',(27.8485981964899,19.,-30.35));
#8160=CARTESIAN_POINT('',(28.2485981964899,19.,-30.35));
#8161=CARTESIAN_POINT('Origin',(28.2485981964899,20.8,-32.25));
#8162=CARTESIAN_POINT('',(28.2485981964899,20.8,-32.25));
#8163=CARTESIAN_POINT('',(28.2485981964899,25.9,-32.25));
#8164=CARTESIAN_POINT('',(27.8485981964899,20.8,-32.25));
#8165=CARTESIAN_POINT('',(28.2485981964899,20.8,-32.25));
#8166=CARTESIAN_POINT('',(27.8485981964899,19.,-32.25));
#8167=CARTESIAN_POINT('Origin',(28.2485981964899,20.8,-30.35));
#8168=CARTESIAN_POINT('',(28.2485981964899,20.8,-30.35));
#8169=CARTESIAN_POINT('',(28.2485981964899,20.8,-35.85));
#8170=CARTESIAN_POINT('',(27.8485981964899,20.8,-30.35));
#8171=CARTESIAN_POINT('',(28.2485981964899,20.8,-30.35));
#8172=CARTESIAN_POINT('',(27.8485981964899,20.8,-32.25));
#8173=CARTESIAN_POINT('Origin',(27.8485981964899,19.9,-31.3));
#8174=CARTESIAN_POINT('',(27.8485981964899,25.45,-30.35));
#8175=CARTESIAN_POINT('Origin',(28.2485981964899,31.,-41.35));
#8176=CARTESIAN_POINT('',(28.2485981964899,31.,-41.35));
#8177=CARTESIAN_POINT('',(28.2485981964899,31.,-41.35));
#8178=CARTESIAN_POINT('',(28.2485981964899,31.,-30.35));
#8179=CARTESIAN_POINT('',(28.2485981964898,31.,-67.45));
#8180=CARTESIAN_POINT('',(28.2485981964899,31.,-30.35));
#8181=CARTESIAN_POINT('',(28.2485981964899,18.,-30.35));
#8182=CARTESIAN_POINT('',(28.2485981964899,31.,-30.35));
#8183=CARTESIAN_POINT('',(28.2485981964899,18.,-41.35));
#8184=CARTESIAN_POINT('',(28.2485981964899,18.,-41.35));
#8185=CARTESIAN_POINT('',(28.2485981964899,31.,-41.35));
#8186=CARTESIAN_POINT('Origin',(80.6985981964899,19.,-37.5));
#8187=CARTESIAN_POINT('',(80.6985981964899,19.,-37.5));
#8188=CARTESIAN_POINT('',(80.6985981964899,19.,-39.4));
#8189=CARTESIAN_POINT('',(80.6985981964899,19.,-32.5));
#8190=CARTESIAN_POINT('',(81.0985981964899,19.,-37.5));
#8191=CARTESIAN_POINT('',(80.6985981964899,19.,-37.5));
#8192=CARTESIAN_POINT('',(81.0985981964899,19.,-39.4));
#8193=CARTESIAN_POINT('',(81.0985981964899,19.,-39.4));
#8194=CARTESIAN_POINT('',(80.6985981964899,19.,-39.4));
#8195=CARTESIAN_POINT('Origin',(80.6985981964899,20.8,-37.5));
#8196=CARTESIAN_POINT('',(80.6985981964899,20.8,-37.5));
#8197=CARTESIAN_POINT('',(80.6985981964899,25.9,-37.5));
#8198=CARTESIAN_POINT('',(81.0985981964899,20.8,-37.5));
#8199=CARTESIAN_POINT('',(80.6985981964899,20.8,-37.5));
#8200=CARTESIAN_POINT('',(81.0985981964899,19.,-37.5));
#8201=CARTESIAN_POINT('Origin',(80.6985981964899,20.8,-39.4));
#8202=CARTESIAN_POINT('',(80.6985981964899,20.8,-39.4));
#8203=CARTESIAN_POINT('',(80.6985981964899,20.8,-33.45));
#8204=CARTESIAN_POINT('',(81.0985981964899,20.8,-39.4));
#8205=CARTESIAN_POINT('',(80.6985981964899,20.8,-39.4));
#8206=CARTESIAN_POINT('',(81.0985981964899,20.8,-37.5));
#8207=CARTESIAN_POINT('Origin',(81.0985981964899,19.9,-38.45));
#8208=CARTESIAN_POINT('',(81.0985981964899,25.45,-39.4));
#8209=CARTESIAN_POINT('Origin',(80.6985981964899,20.8,-29.4));
#8210=CARTESIAN_POINT('',(80.6985981964899,20.8,-29.4));
#8211=CARTESIAN_POINT('',(80.6985981964899,20.8,-27.5));
#8212=CARTESIAN_POINT('',(80.6985981964899,20.8,-28.45));
#8213=CARTESIAN_POINT('',(81.0985981964899,20.8,-29.4));
#8214=CARTESIAN_POINT('',(80.6985981964899,20.8,-29.4));
#8215=CARTESIAN_POINT('',(81.0985981964899,20.8,-27.5));
#8216=CARTESIAN_POINT('',(81.0985981964899,20.8,-27.5));
#8217=CARTESIAN_POINT('',(81.6985981964899,20.8,-27.5));
#8218=CARTESIAN_POINT('Origin',(80.6985981964899,19.,-29.4));
#8219=CARTESIAN_POINT('',(80.6985981964899,19.,-29.4));
#8220=CARTESIAN_POINT('',(80.6985981964899,25.,-29.4));
#8221=CARTESIAN_POINT('',(81.0985981964899,19.,-29.4));
#8222=CARTESIAN_POINT('',(80.6985981964899,19.,-29.4));
#8223=CARTESIAN_POINT('',(81.0985981964899,20.8,-29.4));
#8224=CARTESIAN_POINT('Origin',(80.6985981964899,19.,-27.5));
#8225=CARTESIAN_POINT('',(80.6985981964899,19.,-27.5));
#8226=CARTESIAN_POINT('',(80.6985981964899,19.,-27.5));
#8227=CARTESIAN_POINT('',(81.0985981964899,19.,-27.5));
#8228=CARTESIAN_POINT('',(81.6985981964899,19.,-27.5));
#8229=CARTESIAN_POINT('',(81.0985981964899,19.,-29.4));
#8230=CARTESIAN_POINT('Origin',(81.0985981964899,19.9,-28.45));
#8231=CARTESIAN_POINT('',(81.0985981964899,25.45,-27.5));
#8232=CARTESIAN_POINT('Origin',(80.6985981964899,31.,-27.5));
#8233=CARTESIAN_POINT('',(80.6985981964899,18.,-39.4));
#8234=CARTESIAN_POINT('',(80.6985981964899,31.,-39.4));
#8235=CARTESIAN_POINT('',(80.6985981964899,18.,-27.5));
#8236=CARTESIAN_POINT('',(80.6985981964899,18.,-27.5));
#8237=CARTESIAN_POINT('',(80.6985981964899,31.,-27.5));
#8238=CARTESIAN_POINT('',(80.6985981964899,31.,-27.5));
#8239=CARTESIAN_POINT('',(80.6985981964899,31.,-27.5));
#8240=CARTESIAN_POINT('',(80.6985981964899,31.,-39.4));
#8241=CARTESIAN_POINT('',(80.6985981964899,31.,-60.525));
#8242=CARTESIAN_POINT('',(80.6985981964899,31.,-39.4));
#8243=CARTESIAN_POINT('Origin',(49.4225981964898,20.8,-54.7));
#8244=CARTESIAN_POINT('',(49.4225981964898,20.8,-54.7));
#8245=CARTESIAN_POINT('',(49.4225981964898,19.,-54.7));
#8246=CARTESIAN_POINT('',(49.4225981964898,25.9,-54.7));
#8247=CARTESIAN_POINT('',(49.4225981964898,20.8,-55.1));
#8248=CARTESIAN_POINT('',(49.4225981964898,20.8,-54.7));
#8249=CARTESIAN_POINT('',(49.4225981964898,19.,-55.1));
#8250=CARTESIAN_POINT('',(49.4225981964898,19.,-55.1));
#8251=CARTESIAN_POINT('',(49.4225981964898,19.,-54.7));
#8252=CARTESIAN_POINT('Origin',(47.5225981964898,20.8,-54.7));
#8253=CARTESIAN_POINT('',(47.5225981964898,20.8,-54.7));
#8254=CARTESIAN_POINT('',(50.5480981964898,20.8,-54.7));
#8255=CARTESIAN_POINT('',(47.5225981964898,20.8,-55.1));
#8256=CARTESIAN_POINT('',(47.5225981964898,20.8,-54.7));
#8257=CARTESIAN_POINT('',(49.4225981964898,20.8,-55.1));
#8258=CARTESIAN_POINT('Origin',(47.5225981964898,19.,-54.7));
#8259=CARTESIAN_POINT('',(47.5225981964898,19.,-54.7));
#8260=CARTESIAN_POINT('',(47.5225981964898,25.,-54.7));
#8261=CARTESIAN_POINT('',(47.5225981964898,19.,-55.1));
#8262=CARTESIAN_POINT('',(47.5225981964898,19.,-54.7));
#8263=CARTESIAN_POINT('',(47.5225981964898,20.8,-55.1));
#8264=CARTESIAN_POINT('Origin',(49.4225981964898,19.,-54.7));
#8265=CARTESIAN_POINT('',(51.4980981964898,19.,-54.7));
#8266=CARTESIAN_POINT('',(47.5225981964898,19.,-55.1));
#8267=CARTESIAN_POINT('Origin',(48.4725981964898,19.9,-55.1));
#8268=CARTESIAN_POINT('Origin',(35.5245981964899,20.8,-54.7));
#8269=CARTESIAN_POINT('',(35.5245981964899,20.8,-54.7));
#8270=CARTESIAN_POINT('',(37.4245981964899,20.8,-54.7));
#8271=CARTESIAN_POINT('',(44.5490981964899,20.8,-54.7));
#8272=CARTESIAN_POINT('',(35.5245981964899,20.8,-55.1));
#8273=CARTESIAN_POINT('',(35.5245981964899,20.8,-54.7));
#8274=CARTESIAN_POINT('',(37.4245981964899,20.8,-55.1));
#8275=CARTESIAN_POINT('',(37.4245981964899,20.8,-55.1));
#8276=CARTESIAN_POINT('',(37.4245981964899,20.8,-54.7));
#8277=CARTESIAN_POINT('Origin',(35.5245981964899,19.,-54.7));
#8278=CARTESIAN_POINT('',(35.5245981964899,19.,-54.7));
#8279=CARTESIAN_POINT('',(35.5245981964899,25.,-54.7));
#8280=CARTESIAN_POINT('',(35.5245981964899,19.,-55.1));
#8281=CARTESIAN_POINT('',(35.5245981964899,19.,-54.7));
#8282=CARTESIAN_POINT('',(35.5245981964899,20.8,-55.1));
#8283=CARTESIAN_POINT('Origin',(37.4245981964899,19.,-54.7));
#8284=CARTESIAN_POINT('',(37.4245981964899,19.,-54.7));
#8285=CARTESIAN_POINT('',(45.4990981964899,19.,-54.7));
#8286=CARTESIAN_POINT('',(37.4245981964899,19.,-55.1));
#8287=CARTESIAN_POINT('',(37.4245981964899,19.,-54.7));
#8288=CARTESIAN_POINT('',(35.5245981964899,19.,-55.1));
#8289=CARTESIAN_POINT('Origin',(37.4245981964899,20.8,-54.7));
#8290=CARTESIAN_POINT('',(37.4245981964899,25.9,-54.7));
#8291=CARTESIAN_POINT('',(37.4245981964899,19.,-55.1));
#8292=CARTESIAN_POINT('Origin',(36.4745981964899,19.9,-55.1));
#8293=CARTESIAN_POINT('Origin',(31.3735981964899,31.,-54.7));
#8294=CARTESIAN_POINT('',(31.3735981964899,31.,-56.7));
#8295=CARTESIAN_POINT('',(31.3735981964899,31.,-54.7));
#8296=CARTESIAN_POINT('',(31.3735981964898,31.,-74.125));
#8297=CARTESIAN_POINT('',(31.3735981964899,18.,-56.7));
#8298=CARTESIAN_POINT('',(31.3735981964899,31.,-56.7));
#8299=CARTESIAN_POINT('',(31.3735981964899,18.,-54.7));
#8300=CARTESIAN_POINT('',(31.3735981964899,18.,-54.7));
#8301=CARTESIAN_POINT('',(31.3735981964899,31.,-54.7));
#8302=CARTESIAN_POINT('Origin',(53.5735981964899,31.,-54.7));
#8303=CARTESIAN_POINT('',(53.5735981964899,31.,-54.7));
#8304=CARTESIAN_POINT('',(57.7017365771229,31.,-54.7));
#8305=CARTESIAN_POINT('',(53.5735981964899,18.,-54.7));
#8306=CARTESIAN_POINT('',(53.5735981964899,18.,-54.7));
#8307=CARTESIAN_POINT('',(53.5735981964899,31.,-54.7));
#8308=CARTESIAN_POINT('Origin',(53.5735981964899,31.,-56.7));
#8309=CARTESIAN_POINT('',(53.5735981964899,31.,-56.7));
#8310=CARTESIAN_POINT('',(53.5735981964899,31.,-75.125));
#8311=CARTESIAN_POINT('',(53.5735981964899,18.,-56.7));
#8312=CARTESIAN_POINT('',(53.5735981964899,18.,-56.7));
#8313=CARTESIAN_POINT('',(53.5735981964899,31.,-56.7));
#8314=CARTESIAN_POINT('Origin',(31.3735981964899,31.,-56.7));
#8315=CARTESIAN_POINT('',(46.6017365771229,31.,-56.7));
#8316=CARTESIAN_POINT('',(31.3735981964899,18.,-56.7));
#8317=CARTESIAN_POINT('Origin',(42.4735981964899,18.,-55.7));
#8318=CARTESIAN_POINT('Origin',(26.2485981964899,31.,-30.35));
#8319=CARTESIAN_POINT('',(26.2485981964899,31.,-41.35));
#8320=CARTESIAN_POINT('',(26.2485981964899,31.,-30.35));
#8321=CARTESIAN_POINT('',(26.2485981964899,31.,-61.95));
#8322=CARTESIAN_POINT('',(26.2485981964899,18.,-41.35));
#8323=CARTESIAN_POINT('',(26.2485981964899,31.,-41.35));
#8324=CARTESIAN_POINT('',(26.2485981964899,18.,-30.35));
#8325=CARTESIAN_POINT('',(26.2485981964899,18.,-30.35));
#8326=CARTESIAN_POINT('',(26.2485981964899,31.,-30.35));
#8327=CARTESIAN_POINT('Origin',(28.2485981964899,31.,-30.35));
#8328=CARTESIAN_POINT('',(45.039236577123,31.,-30.35));
#8329=CARTESIAN_POINT('',(28.2485981964899,18.,-30.35));
#8330=CARTESIAN_POINT('Origin',(26.2485981964899,31.,-41.35));
#8331=CARTESIAN_POINT('',(26.2485981964899,18.,-41.35));
#8332=CARTESIAN_POINT('',(44.0392365771229,31.,-41.35));
#8333=CARTESIAN_POINT('Origin',(27.2485981964899,18.,-35.85));
#8334=CARTESIAN_POINT('Origin',(82.6985981964899,31.,-27.5));
#8335=CARTESIAN_POINT('',(82.6985981964899,18.,-27.5));
#8336=CARTESIAN_POINT('',(82.6985981964899,18.,-27.5));
#8337=CARTESIAN_POINT('',(82.6985981964899,31.,-27.5));
#8338=CARTESIAN_POINT('',(82.6985981964899,31.,-27.5));
#8339=CARTESIAN_POINT('',(72.264236577123,31.,-27.5));
#8340=CARTESIAN_POINT('Origin',(82.6985981964899,31.,-39.4));
#8341=CARTESIAN_POINT('',(82.6985981964899,31.,-39.4));
#8342=CARTESIAN_POINT('',(82.6985981964898,31.,-66.4750000000001));
#8343=CARTESIAN_POINT('',(82.6985981964899,18.,-39.4));
#8344=CARTESIAN_POINT('',(82.6985981964899,18.,-39.4));
#8345=CARTESIAN_POINT('',(82.6985981964899,31.,-39.4));
#8346=CARTESIAN_POINT('Origin',(80.6985981964899,31.,-39.4));
#8347=CARTESIAN_POINT('',(71.264236577123,31.,-39.4));
#8348=CARTESIAN_POINT('',(80.6985981964899,18.,-39.4));
#8349=CARTESIAN_POINT('Origin',(81.6985981964899,18.,-33.45));
#8350=CARTESIAN_POINT('Origin',(44.,19.6,-12.));
#8351=CARTESIAN_POINT('',(54.9999627036543,19.6286446891264,-2.));
#8352=CARTESIAN_POINT('',(33.0000372963457,19.6286446891264,-2.));
#8353=CARTESIAN_POINT('Origin',(44.,19.6,-1.98898281187448));
#8354=CARTESIAN_POINT('',(55.,19.6,-2.));
#8355=CARTESIAN_POINT('Origin',(44.,19.6,-2.));
#8356=CARTESIAN_POINT('',(55.,19.6,-12.));
#8357=CARTESIAN_POINT('',(55.,19.6,-12.));
#8358=CARTESIAN_POINT('',(33.,19.6,-12.));
#8359=CARTESIAN_POINT('Origin',(44.,19.6,-12.));
#8360=CARTESIAN_POINT('Origin',(44.,19.6,-12.));
#8361=CARTESIAN_POINT('Origin',(44.,19.6,-2.));
#8362=CARTESIAN_POINT('Origin',(44.,19.6,-12.));
#8363=CARTESIAN_POINT('',(34.,19.6,-12.));
#8364=CARTESIAN_POINT('',(54.,19.6,-12.));
#8365=CARTESIAN_POINT('Origin',(44.,19.6,-12.));
#8366=CARTESIAN_POINT('Origin',(44.,19.6,-12.));
#8367=CARTESIAN_POINT('Origin',(0.,0.,-2.));
#8368=CARTESIAN_POINT('',(104.8,19.6286446891263,-2.));
#8369=CARTESIAN_POINT('',(2.5,19.6286446891264,-2.));
#8370=CARTESIAN_POINT('',(104.8,12.,-2.));
#8371=CARTESIAN_POINT('',(104.8,7.,-2.));
#8372=CARTESIAN_POINT('',(116.8,12.,-2.));
#8373=CARTESIAN_POINT('',(55.4,12.,-2.));
#8374=CARTESIAN_POINT('',(116.8,0.,-2.));
#8375=CARTESIAN_POINT('',(116.8,0.,-2.));
#8376=CARTESIAN_POINT('',(2.,0.,-2.));
#8377=CARTESIAN_POINT('',(30.95,0.,-1.99999999999999));
#8378=CARTESIAN_POINT('',(2.,12.,-2.));
#8379=CARTESIAN_POINT('',(2.,0.,-1.99999999999999));
#8380=CARTESIAN_POINT('',(14.,12.,-2.));
#8381=CARTESIAN_POINT('',(4.,12.,-2.));
#8382=CARTESIAN_POINT('',(14.,19.6286446891263,-2.));
#8383=CARTESIAN_POINT('',(14.,7.,-2.));
#8384=CARTESIAN_POINT('',(2.5,19.6286446891264,-2.));
#8385=CARTESIAN_POINT('Origin',(0.,0.,0.));
#8386=CARTESIAN_POINT('',(53.9919967974374,20.,0.));
#8387=CARTESIAN_POINT('',(106.8,20.,0.));
#8388=CARTESIAN_POINT('',(0.,20.,0.));
#8389=CARTESIAN_POINT('',(54.,19.6,2.22044604925031E-15));
#8390=CARTESIAN_POINT('Origin',(44.,19.6,0.));
#8391=CARTESIAN_POINT('',(34.0080032025626,20.,0.));
#8392=CARTESIAN_POINT('Origin',(44.,19.6,0.));
#8393=CARTESIAN_POINT('',(12.,20.,0.));
#8394=CARTESIAN_POINT('',(0.,20.,0.));
#8395=CARTESIAN_POINT('',(12.,14.,0.));
#8396=CARTESIAN_POINT('',(12.,16.5,0.));
#8397=CARTESIAN_POINT('',(-5.55111512312578E-16,14.,0.));
#8398=CARTESIAN_POINT('',(29.7,14.,0.));
#8399=CARTESIAN_POINT('',(0.,0.,0.));
#8400=CARTESIAN_POINT('',(0.,0.,0.));
#8401=CARTESIAN_POINT('',(118.8,0.,0.));
#8402=CARTESIAN_POINT('',(0.,0.,0.));
#8403=CARTESIAN_POINT('',(118.8,14.,0.));
#8404=CARTESIAN_POINT('',(118.8,0.,0.));
#8405=CARTESIAN_POINT('',(106.8,14.,0.));
#8406=CARTESIAN_POINT('',(29.7,14.,0.));
#8407=CARTESIAN_POINT('',(106.8,16.5,0.));
#8408=CARTESIAN_POINT('Origin',(44.,19.6,-12.));
#8409=CARTESIAN_POINT('',(54.,19.6,-12.));
#8410=CARTESIAN_POINT('Origin',(44.,19.6,0.153846153846158));
#8411=CARTESIAN_POINT('Origin',(5.,32.2820418413823,-6.86669121240612));
#8412=CARTESIAN_POINT('',(14.,31.,-6.37359819648987));
#8413=CARTESIAN_POINT('',(14.,23.5036913259183,-3.49040255261231));
#8414=CARTESIAN_POINT('',(104.8,31.,-6.37359819648987));
#8415=CARTESIAN_POINT('',(33.414937478878,31.,-6.37359819648987));
#8416=CARTESIAN_POINT('',(104.8,25.5140006042689,-4.26359842890097));
#8417=CARTESIAN_POINT('Origin',(26.3735981964899,28.,-97.2264018035101));
#8418=CARTESIAN_POINT('',(28.0735981964899,25.,-97.2264018035101));
#8419=CARTESIAN_POINT('',(24.6735981964899,25.,-97.2264018035101));
#8420=CARTESIAN_POINT('Origin',(26.3735981964899,25.,-97.2264018035101));
#8421=CARTESIAN_POINT('Origin',(26.3735981964899,25.,-97.2264018035101));
#8422=CARTESIAN_POINT('',(24.6735981964899,31.,-97.2264018035101));
#8423=CARTESIAN_POINT('',(24.6735981964899,28.,-97.2264018035101));
#8424=CARTESIAN_POINT('',(28.0735981964899,31.,-97.2264018035101));
#8425=CARTESIAN_POINT('Origin',(26.3735981964899,31.,-97.2264018035101));
#8426=CARTESIAN_POINT('Origin',(26.3735981964899,31.,-97.2264018035101));
#8427=CARTESIAN_POINT('Origin',(26.3735981964899,31.,-97.2264018035101));
#8428=CARTESIAN_POINT('Origin',(46.8735981964899,28.,-140.72640180351));
#8429=CARTESIAN_POINT('',(48.5735981964899,25.,-140.72640180351));
#8430=CARTESIAN_POINT('',(45.1735981964899,25.,-140.72640180351));
#8431=CARTESIAN_POINT('Origin',(46.8735981964899,25.,-140.72640180351));
#8432=CARTESIAN_POINT('Origin',(46.8735981964899,25.,-140.72640180351));
#8433=CARTESIAN_POINT('',(45.1735981964899,31.,-140.72640180351));
#8434=CARTESIAN_POINT('',(45.1735981964899,28.,-140.72640180351));
#8435=CARTESIAN_POINT('',(48.5735981964899,31.,-140.72640180351));
#8436=CARTESIAN_POINT('Origin',(46.8735981964899,31.,-140.72640180351));
#8437=CARTESIAN_POINT('Origin',(46.8735981964899,31.,-140.72640180351));
#8438=CARTESIAN_POINT('Origin',(46.8735981964899,31.,-140.72640180351));
#8439=CARTESIAN_POINT('Origin',(26.3735981964899,28.,-140.72640180351));
#8440=CARTESIAN_POINT('',(28.0735981964899,25.,-140.72640180351));
#8441=CARTESIAN_POINT('',(24.6735981964899,25.,-140.72640180351));
#8442=CARTESIAN_POINT('Origin',(26.3735981964899,25.,-140.72640180351));
#8443=CARTESIAN_POINT('Origin',(26.3735981964899,25.,-140.72640180351));
#8444=CARTESIAN_POINT('',(24.6735981964899,31.,-140.72640180351));
#8445=CARTESIAN_POINT('',(24.6735981964899,28.,-140.72640180351));
#8446=CARTESIAN_POINT('',(28.0735981964899,31.,-140.72640180351));
#8447=CARTESIAN_POINT('Origin',(26.3735981964899,31.,-140.72640180351));
#8448=CARTESIAN_POINT('Origin',(26.3735981964899,31.,-140.72640180351));
#8449=CARTESIAN_POINT('Origin',(26.3735981964899,31.,-140.72640180351));
#8450=CARTESIAN_POINT('Origin',(46.8735981964899,28.,-97.2264018035101));
#8451=CARTESIAN_POINT('',(48.5735981964899,25.,-97.2264018035101));
#8452=CARTESIAN_POINT('',(45.1735981964899,25.,-97.2264018035101));
#8453=CARTESIAN_POINT('Origin',(46.8735981964899,25.,-97.2264018035101));
#8454=CARTESIAN_POINT('Origin',(46.8735981964899,25.,-97.2264018035101));
#8455=CARTESIAN_POINT('',(45.1735981964899,31.,-97.2264018035101));
#8456=CARTESIAN_POINT('',(45.1735981964899,28.,-97.2264018035101));
#8457=CARTESIAN_POINT('',(48.5735981964899,31.,-97.2264018035101));
#8458=CARTESIAN_POINT('Origin',(46.8735981964899,31.,-97.2264018035101));
#8459=CARTESIAN_POINT('Origin',(46.8735981964899,31.,-97.2264018035101));
#8460=CARTESIAN_POINT('Origin',(46.8735981964899,31.,-97.2264018035101));
#8461=CARTESIAN_POINT('Origin',(46.8735981964899,31.,-97.2264018035101));
#8462=CARTESIAN_POINT('',(50.8735981964899,25.,-97.2264018035101));
#8463=CARTESIAN_POINT('',(42.8735981964899,25.,-97.2264018035101));
#8464=CARTESIAN_POINT('Origin',(46.8735981964899,25.,-97.2264018035101));
#8465=CARTESIAN_POINT('Origin',(46.8735981964899,25.,-97.2264018035101));
#8466=CARTESIAN_POINT('',(42.8735981964899,31.,-97.2264018035101));
#8467=CARTESIAN_POINT('',(42.8735981964899,31.,-97.2264018035101));
#8468=CARTESIAN_POINT('',(50.8735981964899,31.,-97.2264018035101));
#8469=CARTESIAN_POINT('Origin',(46.8735981964899,31.,-97.2264018035101));
#8470=CARTESIAN_POINT('Origin',(46.8735981964899,31.,-97.2264018035101));
#8471=CARTESIAN_POINT('Origin',(46.8735981964899,25.,-97.2264018035101));
#8472=CARTESIAN_POINT('Origin',(26.3735981964899,31.,-97.2264018035101));
#8473=CARTESIAN_POINT('',(30.3735981964899,25.,-97.2264018035101));
#8474=CARTESIAN_POINT('',(22.3735981964898,25.,-97.2264018035101));
#8475=CARTESIAN_POINT('Origin',(26.3735981964899,25.,-97.2264018035101));
#8476=CARTESIAN_POINT('Origin',(26.3735981964899,25.,-97.2264018035101));
#8477=CARTESIAN_POINT('',(22.3735981964898,31.,-97.2264018035101));
#8478=CARTESIAN_POINT('',(22.3735981964898,31.,-97.2264018035101));
#8479=CARTESIAN_POINT('',(30.3735981964899,31.,-97.2264018035101));
#8480=CARTESIAN_POINT('Origin',(26.3735981964899,31.,-97.2264018035101));
#8481=CARTESIAN_POINT('Origin',(26.3735981964899,31.,-97.2264018035101));
#8482=CARTESIAN_POINT('Origin',(26.3735981964899,25.,-97.2264018035101));
#8483=CARTESIAN_POINT('Origin',(46.8735981964899,31.,-140.72640180351));
#8484=CARTESIAN_POINT('',(50.8735981964899,25.,-140.72640180351));
#8485=CARTESIAN_POINT('',(42.8735981964899,25.,-140.72640180351));
#8486=CARTESIAN_POINT('Origin',(46.8735981964899,25.,-140.72640180351));
#8487=CARTESIAN_POINT('Origin',(46.8735981964899,25.,-140.72640180351));
#8488=CARTESIAN_POINT('',(42.8735981964899,31.,-140.72640180351));
#8489=CARTESIAN_POINT('',(42.8735981964899,31.,-140.72640180351));
#8490=CARTESIAN_POINT('',(50.8735981964899,31.,-140.72640180351));
#8491=CARTESIAN_POINT('Origin',(46.8735981964899,31.,-140.72640180351));
#8492=CARTESIAN_POINT('Origin',(46.8735981964899,31.,-140.72640180351));
#8493=CARTESIAN_POINT('Origin',(46.8735981964899,25.,-140.72640180351));
#8494=CARTESIAN_POINT('Origin',(26.3735981964899,31.,-140.72640180351));
#8495=CARTESIAN_POINT('',(30.3735981964899,25.,-140.72640180351));
#8496=CARTESIAN_POINT('',(22.3735981964899,25.,-140.72640180351));
#8497=CARTESIAN_POINT('Origin',(26.3735981964899,25.,-140.72640180351));
#8498=CARTESIAN_POINT('Origin',(26.3735981964899,25.,-140.72640180351));
#8499=CARTESIAN_POINT('',(22.3735981964899,31.,-140.72640180351));
#8500=CARTESIAN_POINT('',(22.3735981964899,31.,-140.72640180351));
#8501=CARTESIAN_POINT('',(30.3735981964899,31.,-140.72640180351));
#8502=CARTESIAN_POINT('Origin',(26.3735981964899,31.,-140.72640180351));
#8503=CARTESIAN_POINT('Origin',(26.3735981964899,31.,-140.72640180351));
#8504=CARTESIAN_POINT('Origin',(26.3735981964899,25.,-140.72640180351));
#8505=CARTESIAN_POINT('Origin',(5.74999999999997,13.,-181.35));
#8506=CARTESIAN_POINT('',(7.24999999999997,14.,-181.35));
#8507=CARTESIAN_POINT('',(4.24999999999997,14.,-181.35));
#8508=CARTESIAN_POINT('Origin',(5.74999999999997,14.,-181.35));
#8509=CARTESIAN_POINT('Origin',(5.74999999999997,14.,-181.35));
#8510=CARTESIAN_POINT('',(4.24999999999997,12.,-181.35));
#8511=CARTESIAN_POINT('',(4.24999999999997,13.,-181.35));
#8512=CARTESIAN_POINT('',(7.24999999999997,12.,-181.35));
#8513=CARTESIAN_POINT('Origin',(5.74999999999997,12.,-181.35));
#8514=CARTESIAN_POINT('Origin',(5.74999999999997,12.,-181.35));
#8515=CARTESIAN_POINT('Origin',(5.75,13.,-5.75));
#8516=CARTESIAN_POINT('',(7.25,14.,-5.75));
#8517=CARTESIAN_POINT('',(4.25,14.,-5.75));
#8518=CARTESIAN_POINT('Origin',(5.75,14.,-5.75));
#8519=CARTESIAN_POINT('Origin',(5.75,14.,-5.75));
#8520=CARTESIAN_POINT('',(4.25,12.,-5.75));
#8521=CARTESIAN_POINT('',(4.25,13.,-5.75));
#8522=CARTESIAN_POINT('',(7.25,12.,-5.75));
#8523=CARTESIAN_POINT('Origin',(5.75,12.,-5.75));
#8524=CARTESIAN_POINT('Origin',(5.75,12.,-5.75));
#8525=CARTESIAN_POINT('Origin',(113.05,13.,-5.75));
#8526=CARTESIAN_POINT('',(114.55,14.,-5.75));
#8527=CARTESIAN_POINT('',(111.55,14.,-5.75));
#8528=CARTESIAN_POINT('Origin',(113.05,14.,-5.75));
#8529=CARTESIAN_POINT('Origin',(113.05,14.,-5.75));
#8530=CARTESIAN_POINT('',(111.55,12.,-5.75));
#8531=CARTESIAN_POINT('',(111.55,13.,-5.75));
#8532=CARTESIAN_POINT('',(114.55,12.,-5.75));
#8533=CARTESIAN_POINT('Origin',(113.05,12.,-5.75));
#8534=CARTESIAN_POINT('Origin',(113.05,12.,-5.75));
#8535=CARTESIAN_POINT('Origin',(113.05,13.,-181.35));
#8536=CARTESIAN_POINT('',(114.55,14.,-181.35));
#8537=CARTESIAN_POINT('',(111.55,14.,-181.35));
#8538=CARTESIAN_POINT('Origin',(113.05,14.,-181.35));
#8539=CARTESIAN_POINT('Origin',(113.05,14.,-181.35));
#8540=CARTESIAN_POINT('',(111.55,12.,-181.35));
#8541=CARTESIAN_POINT('',(111.55,13.,-181.35));
#8542=CARTESIAN_POINT('',(114.55,12.,-181.35));
#8543=CARTESIAN_POINT('Origin',(113.05,12.,-181.35));
#8544=CARTESIAN_POINT('Origin',(113.05,12.,-181.35));
#8545=CARTESIAN_POINT('Origin',(7.99999999999999,12.,-179.1));
#8546=CARTESIAN_POINT('',(14.,12.,-185.1));
#8547=CARTESIAN_POINT('',(1.99999999999998,12.,-185.1));
#8548=CARTESIAN_POINT('',(63.4,12.,-185.1));
#8549=CARTESIAN_POINT('',(14.,12.,-173.1));
#8550=CARTESIAN_POINT('',(14.,12.,-185.1));
#8551=CARTESIAN_POINT('',(1.99999999999998,12.,-173.1));
#8552=CARTESIAN_POINT('',(14.,12.,-173.1));
#8553=CARTESIAN_POINT('',(1.99999999999998,12.,-183.1));
#8554=CARTESIAN_POINT('Origin',(110.8,12.,-179.1));
#8555=CARTESIAN_POINT('',(116.8,12.,-173.1));
#8556=CARTESIAN_POINT('',(104.8,12.,-173.1));
#8557=CARTESIAN_POINT('',(116.8,12.,-173.1));
#8558=CARTESIAN_POINT('',(104.8,12.,-185.1));
#8559=CARTESIAN_POINT('',(104.8,12.,-173.1));
#8560=CARTESIAN_POINT('',(116.8,12.,-185.1));
#8561=CARTESIAN_POINT('',(114.8,12.,-185.1));
#8562=CARTESIAN_POINT('',(116.8,12.,-171.1));
#8563=CARTESIAN_POINT('Origin',(8.,12.,-8.));
#8564=CARTESIAN_POINT('',(2.,12.,-14.));
#8565=CARTESIAN_POINT('',(1.99999999999999,12.,-97.55));
#8566=CARTESIAN_POINT('',(14.,12.,-14.));
#8567=CARTESIAN_POINT('',(2.,12.,-14.));
#8568=CARTESIAN_POINT('',(14.,12.,-14.));
#8569=CARTESIAN_POINT('Origin',(110.8,12.,-8.));
#8570=CARTESIAN_POINT('',(116.8,12.,-14.));
#8571=CARTESIAN_POINT('',(116.8,12.,-4.));
#8572=CARTESIAN_POINT('',(104.8,12.,-14.));
#8573=CARTESIAN_POINT('',(104.8,12.,-2.));
#8574=CARTESIAN_POINT('',(104.8,12.,-14.));
#8575=CARTESIAN_POINT('Origin',(1.99999999999998,0.,-187.1));
#8576=CARTESIAN_POINT('',(1.99999999999998,19.6286446891264,-173.1));
#8577=CARTESIAN_POINT('',(1.99999999999998,7.,-173.1));
#8578=CARTESIAN_POINT('',(2.,19.6286446891264,-14.));
#8579=CARTESIAN_POINT('',(1.99999999999998,19.6286446891264,-184.6));
#8580=CARTESIAN_POINT('',(2.,7.,-14.));
#8581=CARTESIAN_POINT('',(1.99999999999998,0.,-185.1));
#8582=CARTESIAN_POINT('',(1.99999999999998,0.,-140.325));
#8583=CARTESIAN_POINT('',(1.99999999999998,0.,-185.1));
#8584=CARTESIAN_POINT('Origin',(116.8,14.,-14.));
#8585=CARTESIAN_POINT('',(116.8,19.6286446891263,-14.));
#8586=CARTESIAN_POINT('',(112.42640180351,31.,-14.));
#8587=CARTESIAN_POINT('',(115.309597447388,23.5036913259183,-14.));
#8588=CARTESIAN_POINT('',(116.8,7.,-14.));
#8589=CARTESIAN_POINT('',(104.8,31.,-14.));
#8590=CARTESIAN_POINT('',(104.8,14.,-14.));
#8591=CARTESIAN_POINT('',(89.314937478878,31.,-14.));
#8592=CARTESIAN_POINT('Origin',(104.8,14.,-14.));
#8593=CARTESIAN_POINT('',(104.8,31.,-53.775));
#8594=CARTESIAN_POINT('Origin',(104.8,14.,-173.1));
#8595=CARTESIAN_POINT('',(104.8,31.,-173.1));
#8596=CARTESIAN_POINT('',(112.42640180351,31.,-173.1));
#8597=CARTESIAN_POINT('',(83.314937478878,31.,-173.1));
#8598=CARTESIAN_POINT('',(104.8,14.,-173.1));
#8599=CARTESIAN_POINT('',(116.8,19.6286446891263,-173.1));
#8600=CARTESIAN_POINT('',(116.8,7.,-173.1));
#8601=CARTESIAN_POINT('',(114.536401571099,25.5140006042689,-173.1));
#8602=CARTESIAN_POINT('Origin',(104.8,14.,-185.1));
#8603=CARTESIAN_POINT('',(104.8,19.6286446891263,-185.1));
#8604=CARTESIAN_POINT('',(104.8,31.,-180.72640180351));
#8605=CARTESIAN_POINT('',(104.8,23.5036913259183,-183.609597447388));
#8606=CARTESIAN_POINT('',(104.8,7.,-185.1));
#8607=CARTESIAN_POINT('',(104.8,31.,-139.325));
#8608=CARTESIAN_POINT('Origin',(14.,14.,-14.));
#8609=CARTESIAN_POINT('',(14.,31.,-14.));
#8610=CARTESIAN_POINT('',(6.37359819648987,31.,-14.));
#8611=CARTESIAN_POINT('',(37.914937478878,31.,-14.));
#8612=CARTESIAN_POINT('',(14.,14.,-14.));
#8613=CARTESIAN_POINT('',(4.26359842890097,25.5140006042689,-14.));
#8614=CARTESIAN_POINT('Origin',(14.,14.,-2.));
#8615=CARTESIAN_POINT('',(14.,31.,-47.775));
#8616=CARTESIAN_POINT('Origin',(1.99999999999998,14.,-173.1));
#8617=CARTESIAN_POINT('',(6.37359819648985,31.,-173.1));
#8618=CARTESIAN_POINT('',(14.,31.,-173.1));
#8619=CARTESIAN_POINT('',(31.914937478878,31.,-173.1));
#8620=CARTESIAN_POINT('',(3.49040255261229,23.5036913259183,-173.1));
#8621=CARTESIAN_POINT('',(14.,14.,-173.1));
#8622=CARTESIAN_POINT('Origin',(14.,14.,-173.1));
#8623=CARTESIAN_POINT('',(14.,31.,-180.72640180351));
#8624=CARTESIAN_POINT('',(14.,31.,-133.325));
#8625=CARTESIAN_POINT('',(14.,19.6286446891264,-185.1));
#8626=CARTESIAN_POINT('',(14.,7.,-185.1));
#8627=CARTESIAN_POINT('',(14.,25.5140006042689,-182.836401571099));
#8628=CARTESIAN_POINT('Origin',(113.8,33.,-5.00000000000001));
#8629=CARTESIAN_POINT('',(113.8,33.,-12.));
#8630=CARTESIAN_POINT('',(118.8,20.,-12.));
#8631=CARTESIAN_POINT('',(113.348969072165,34.1726804123711,-12.));
#8632=CARTESIAN_POINT('',(118.8,20.,-24.0000000000001));
#8633=CARTESIAN_POINT('',(118.8,20.,0.));
#8634=CARTESIAN_POINT('',(113.8,33.,-24.));
#8635=CARTESIAN_POINT('',(113.8,33.,-24.));
#8636=CARTESIAN_POINT('',(113.8,33.,-5.00000000000001));
#8637=CARTESIAN_POINT('Origin',(106.8,33.,-12.));
#8638=CARTESIAN_POINT('',(106.8,33.,-12.));
#8639=CARTESIAN_POINT('',(84.314937478878,33.,-12.));
#8640=CARTESIAN_POINT('',(106.8,14.,-12.));
#8641=CARTESIAN_POINT('',(106.8,14.,-12.));
#8642=CARTESIAN_POINT('',(118.8,14.,-12.));
#8643=CARTESIAN_POINT('',(83.1,14.,-12.));
#8644=CARTESIAN_POINT('',(118.8,16.5,-12.));
#8645=CARTESIAN_POINT('Origin',(116.8,0.,0.));
#8646=CARTESIAN_POINT('',(116.8,19.6286446891263,-26.0000000000001));
#8647=CARTESIAN_POINT('',(116.8,19.6286446891263,-2.5));
#8648=CARTESIAN_POINT('',(116.8,14.,-26.0000000000001));
#8649=CARTESIAN_POINT('',(116.8,0.,-26.0000000000001));
#8650=CARTESIAN_POINT('',(116.8,0.,-26.0000000000001));
#8651=CARTESIAN_POINT('',(116.8,0.,-26.0000000000001));
#8652=CARTESIAN_POINT('',(116.8,0.,-46.775));
#8653=CARTESIAN_POINT('Origin',(111.933308787594,32.2820418413823,-5.00000000000001));
#8654=CARTESIAN_POINT('',(112.42640180351,31.,-26.0000000000001));
#8655=CARTESIAN_POINT('',(112.42640180351,31.,-49.275));
#8656=CARTESIAN_POINT('',(114.8,24.8286446891263,-26.0000000000001));
#8657=CARTESIAN_POINT('',(117.783824251511,17.0707016351967,-26.0000000000001));
#8658=CARTESIAN_POINT('',(117.783824251511,17.0707016351967,-26.0000000000001));
#8659=CARTESIAN_POINT('Origin',(111.933308787594,32.2820418413823,-163.1));
#8660=CARTESIAN_POINT('',(116.8,19.6286446891263,-161.1));
#8661=CARTESIAN_POINT('',(116.8,19.6286446891263,-163.1));
#8662=CARTESIAN_POINT('',(118.105989199965,16.2330727692173,-161.1));
#8663=CARTESIAN_POINT('',(112.42640180351,31.,-161.1));
#8664=CARTESIAN_POINT('',(118.105989199965,16.2330727692173,-161.1));
#8665=CARTESIAN_POINT('',(112.42640180351,31.,-128.325));
#8666=CARTESIAN_POINT('Origin',(113.8,33.,-163.1));
#8667=CARTESIAN_POINT('',(118.8,20.,-175.1));
#8668=CARTESIAN_POINT('',(113.8,33.,-175.1));
#8669=CARTESIAN_POINT('',(114.122164948454,32.1623711340206,-175.1));
#8670=CARTESIAN_POINT('',(113.8,33.,-163.1));
#8671=CARTESIAN_POINT('',(113.8,33.,-163.1));
#8672=CARTESIAN_POINT('',(118.8,20.,-163.1));
#8673=CARTESIAN_POINT('',(113.8,33.,-163.1));
#8674=CARTESIAN_POINT('',(118.8,20.,-163.1));
#8675=CARTESIAN_POINT('Origin',(118.8,33.,-175.1));
#8676=CARTESIAN_POINT('',(118.8,14.,-175.1));
#8677=CARTESIAN_POINT('',(118.8,16.5,-175.1));
#8678=CARTESIAN_POINT('',(106.8,14.,-175.1));
#8679=CARTESIAN_POINT('',(89.1,14.,-175.1));
#8680=CARTESIAN_POINT('',(106.8,33.,-175.1));
#8681=CARTESIAN_POINT('',(106.8,14.,-175.1));
#8682=CARTESIAN_POINT('',(90.314937478878,33.,-175.1));
#8683=CARTESIAN_POINT('Origin',(5.,33.,-5.));
#8684=CARTESIAN_POINT('',(106.8,33.,-5.00000000000001));
#8685=CARTESIAN_POINT('',(106.8,32.1623711340206,-4.67783505154639));
#8686=CARTESIAN_POINT('',(12.,33.,-5.));
#8687=CARTESIAN_POINT('',(5.,33.,-5.));
#8688=CARTESIAN_POINT('',(12.,34.1726804123711,-5.45103092783505));
#8689=CARTESIAN_POINT('Origin',(-6.66133814775094E-15,33.,-12.));
#8690=CARTESIAN_POINT('',(-6.66133814775094E-15,20.,-12.));
#8691=CARTESIAN_POINT('',(5.,33.,-12.));
#8692=CARTESIAN_POINT('',(4.6778350515464,32.1623711340206,-12.));
#8693=CARTESIAN_POINT('',(-6.66133814775094E-15,14.,-12.));
#8694=CARTESIAN_POINT('',(-1.46957615897682E-15,16.5,-12.));
#8695=CARTESIAN_POINT('',(12.,14.,-12.));
#8696=CARTESIAN_POINT('',(12.,14.,-12.));
#8697=CARTESIAN_POINT('',(12.,33.,-12.));
#8698=CARTESIAN_POINT('',(12.,14.,-12.));
#8699=CARTESIAN_POINT('',(30.914937478878,33.,-12.));
#8700=CARTESIAN_POINT('Origin',(61.829874957756,33.,-93.55));
#8701=CARTESIAN_POINT('',(106.8,33.,-182.1));
#8702=CARTESIAN_POINT('',(106.8,33.,-134.325));
#8703=CARTESIAN_POINT('',(12.,33.,-182.1));
#8704=CARTESIAN_POINT('',(113.8,33.,-182.1));
#8705=CARTESIAN_POINT('',(12.,33.,-175.1));
#8706=CARTESIAN_POINT('',(12.,33.,-140.325));
#8707=CARTESIAN_POINT('',(4.99999999999998,33.,-175.1));
#8708=CARTESIAN_POINT('',(36.914937478878,33.,-175.1));
#8709=CARTESIAN_POINT('',(4.99999999999998,33.,-182.1));
#8710=CARTESIAN_POINT('',(12.,33.,-52.775));
#8711=CARTESIAN_POINT('',(106.8,33.,-46.775));
#8712=CARTESIAN_POINT('',(118.8,33.,-24.));
#8713=CARTESIAN_POINT('',(113.8,33.,-24.));
#8714=CARTESIAN_POINT('',(118.8,33.,-54.));
#8715=CARTESIAN_POINT('',(118.8,33.,-24.));
#8716=CARTESIAN_POINT('',(113.8,33.,-54.));
#8717=CARTESIAN_POINT('',(118.8,33.,-54.));
#8718=CARTESIAN_POINT('',(113.8,33.,-85.));
#8719=CARTESIAN_POINT('',(113.8,33.,-54.));
#8720=CARTESIAN_POINT('',(109.8,33.,-85.));
#8721=CARTESIAN_POINT('',(90.314937478878,33.,-85.));
#8722=CARTESIAN_POINT('',(109.8,33.,-100.));
#8723=CARTESIAN_POINT('',(109.8,33.,-89.275));
#8724=CARTESIAN_POINT('',(113.8,33.,-100.));
#8725=CARTESIAN_POINT('',(85.814937478878,33.,-100.));
#8726=CARTESIAN_POINT('',(113.8,33.,-133.1));
#8727=CARTESIAN_POINT('',(113.8,33.,-54.));
#8728=CARTESIAN_POINT('',(118.8,33.,-133.1));
#8729=CARTESIAN_POINT('',(113.8,33.,-133.1));
#8730=CARTESIAN_POINT('',(118.8,33.,-163.1));
#8731=CARTESIAN_POINT('',(118.8,33.,-133.1));
#8732=CARTESIAN_POINT('',(118.8,33.,-163.1));
#8733=CARTESIAN_POINT('Origin',(61.829874957756,31.,-93.55));
#8734=CARTESIAN_POINT('',(6.37359819648985,31.,-137.825));
#8735=CARTESIAN_POINT('',(87.814937478878,31.,-180.72640180351));
#8736=CARTESIAN_POINT('',(92.814937478878,31.,-161.1));
#8737=CARTESIAN_POINT('',(112.42640180351,31.,-135.1));
#8738=CARTESIAN_POINT('',(90.314937478878,31.,-135.1));
#8739=CARTESIAN_POINT('',(112.42640180351,31.,-102.));
#8740=CARTESIAN_POINT('',(112.42640180351,31.,-73.775));
#8741=CARTESIAN_POINT('',(107.8,31.,-102.));
#8742=CARTESIAN_POINT('',(89.314937478878,31.,-102.));
#8743=CARTESIAN_POINT('',(107.8,31.,-83.));
#8744=CARTESIAN_POINT('',(107.8,31.,-97.775));
#8745=CARTESIAN_POINT('',(112.42640180351,31.,-83.));
#8746=CARTESIAN_POINT('',(84.814937478878,31.,-83.));
#8747=CARTESIAN_POINT('',(112.42640180351,31.,-52.0000000000001));
#8748=CARTESIAN_POINT('',(112.42640180351,31.,-73.775));
#8749=CARTESIAN_POINT('',(114.8,31.,-52.0000000000001));
#8750=CARTESIAN_POINT('',(92.814937478878,31.,-52.0000000000001));
#8751=CARTESIAN_POINT('',(114.8,31.,-26.0000000000001));
#8752=CARTESIAN_POINT('',(114.8,31.,-72.7750000000001));
#8753=CARTESIAN_POINT('',(90.314937478878,31.,-26.0000000000001));
#8754=CARTESIAN_POINT('Origin',(6.8666912124061,32.2820418413823,-182.1));
#8755=CARTESIAN_POINT('Origin',(113.8,32.2820418413823,-180.233308787594));
#8756=CARTESIAN_POINT('',(116.3,19.6286446891263,-185.1));
#8757=CARTESIAN_POINT('Origin',(4.99999999999998,33.,-182.1));
#8758=CARTESIAN_POINT('',(-3.10862446895043E-14,20.,-175.1));
#8759=CARTESIAN_POINT('',(5.45103092783504,34.1726804123711,-175.1));
#8760=CARTESIAN_POINT('',(-2.2913141612047E-14,20.,-187.1));
#8761=CARTESIAN_POINT('Origin',(59.4,14.,-93.55));
#8762=CARTESIAN_POINT('',(106.8,14.,-14.));
#8763=CARTESIAN_POINT('',(118.8,14.,-46.775));
#8764=CARTESIAN_POINT('Origin',(106.8,33.,0.));
#8765=CARTESIAN_POINT('Origin',(12.,33.,-175.1));
#8766=CARTESIAN_POINT('',(12.,14.,-175.1));
#8767=CARTESIAN_POINT('',(12.,33.,-175.1));
#8768=CARTESIAN_POINT('',(-3.10862446895043E-14,14.,-175.1));
#8769=CARTESIAN_POINT('',(1.99999999999998,14.,-175.1));
#8770=CARTESIAN_POINT('',(-2.22044604925031E-14,16.5,-175.1));
#8771=CARTESIAN_POINT('Origin',(59.4,14.,-93.55));
#8772=CARTESIAN_POINT('',(12.,14.,-187.1));
#8773=CARTESIAN_POINT('',(12.,14.,-140.325));
#8774=CARTESIAN_POINT('',(-2.33146835171282E-14,14.,-187.1));
#8775=CARTESIAN_POINT('',(89.1,14.,-187.1));
#8776=CARTESIAN_POINT('',(-1.77635683940025E-14,14.,-140.325));
#8777=CARTESIAN_POINT('Origin',(12.,33.,-187.1));
#8778=CARTESIAN_POINT('',(12.,20.,-187.1));
#8779=CARTESIAN_POINT('',(12.,32.1623711340206,-182.422164948454));
#8780=CARTESIAN_POINT('',(12.,16.5,-187.1));
#8781=CARTESIAN_POINT('Origin',(59.4,14.,-93.55));
#8782=CARTESIAN_POINT('',(-1.77635683940025E-14,14.,-140.325));
#8783=CARTESIAN_POINT('',(12.,14.,-52.775));
#8784=CARTESIAN_POINT('Origin',(12.,33.,-12.));
#8785=CARTESIAN_POINT('Origin',(59.4,14.,-93.55));
#8786=CARTESIAN_POINT('',(118.8,14.,-187.1));
#8787=CARTESIAN_POINT('',(118.8,14.,-128.325));
#8788=CARTESIAN_POINT('',(106.8,14.,-187.1));
#8789=CARTESIAN_POINT('',(89.1,14.,-187.1));
#8790=CARTESIAN_POINT('',(106.8,14.,-185.1));
#8791=CARTESIAN_POINT('Origin',(106.8,33.,-175.1));
#8792=CARTESIAN_POINT('',(106.8,20.,-187.1));
#8793=CARTESIAN_POINT('',(106.8,34.1726804123711,-181.648969072165));
#8794=CARTESIAN_POINT('',(106.8,16.5,-187.1));
#8795=CARTESIAN_POINT('Origin',(-2.2913141612047E-14,0.,-187.1));
#8796=CARTESIAN_POINT('',(-2.2913141612047E-14,0.,-187.1));
#8797=CARTESIAN_POINT('',(-2.2913141612047E-14,0.,-187.1));
#8798=CARTESIAN_POINT('',(-2.2913141612047E-14,0.,-187.1));
#8799=CARTESIAN_POINT('Origin',(118.8,0.,-163.1));
#8800=CARTESIAN_POINT('',(118.8,0.,-163.1));
#8801=CARTESIAN_POINT('',(118.8,0.,-163.1));
#8802=CARTESIAN_POINT('',(118.8,0.,-187.1));
#8803=CARTESIAN_POINT('',(118.8,0.,-163.1));
#8804=CARTESIAN_POINT('',(118.8,0.,-187.1));
#8805=CARTESIAN_POINT('Origin',(118.8,0.,-187.1));
#8806=CARTESIAN_POINT('',(118.8,20.,-187.1));
#8807=CARTESIAN_POINT('',(118.8,0.,-187.1));
#8808=CARTESIAN_POINT('Origin',(109.8,12.5,-89.5));
#8809=CARTESIAN_POINT('',(107.8,12.5,-95.5));
#8810=CARTESIAN_POINT('',(107.8,12.5,-89.5));
#8811=CARTESIAN_POINT('',(107.8,12.5,-95.75));
#8812=CARTESIAN_POINT('',(109.8,12.5,-95.5));
#8813=CARTESIAN_POINT('',(109.8,12.5,-95.5));
#8814=CARTESIAN_POINT('',(109.8,12.5,-89.5));
#8815=CARTESIAN_POINT('',(109.8,12.5,-87.25));
#8816=CARTESIAN_POINT('',(109.8,12.5,-89.5));
#8817=CARTESIAN_POINT('Origin',(109.8,8.5,-89.5));
#8818=CARTESIAN_POINT('',(107.8,4.5,-89.5));
#8819=CARTESIAN_POINT('Origin',(107.8,8.5,-89.5));
#8820=CARTESIAN_POINT('',(109.8,4.5,-89.5));
#8821=CARTESIAN_POINT('Origin',(109.8,8.5,-89.5));
#8822=CARTESIAN_POINT('',(109.8,4.5,-89.5));
#8823=CARTESIAN_POINT('Origin',(109.8,4.5,-95.5));
#8824=CARTESIAN_POINT('',(107.8,4.5,-95.5));
#8825=CARTESIAN_POINT('',(107.8,4.5,-98.75));
#8826=CARTESIAN_POINT('',(109.8,4.5,-95.5));
#8827=CARTESIAN_POINT('',(109.8,4.5,-90.25));
#8828=CARTESIAN_POINT('',(109.8,4.5,-95.5));
#8829=CARTESIAN_POINT('Origin',(109.8,8.5,-95.5));
#8830=CARTESIAN_POINT('Origin',(107.8,8.5,-95.5));
#8831=CARTESIAN_POINT('Origin',(109.8,8.5,-95.5));
#8832=CARTESIAN_POINT('Origin',(107.8,0.,-83.));
#8833=CARTESIAN_POINT('',(107.8,0.,-83.));
#8834=CARTESIAN_POINT('',(107.8,0.,-83.));
#8835=CARTESIAN_POINT('',(116.8,0.,-83.));
#8836=CARTESIAN_POINT('',(116.8,0.,-83.));
#8837=CARTESIAN_POINT('',(116.8,19.6286446891264,-83.));
#8838=CARTESIAN_POINT('',(116.8,0.,-83.));
#8839=CARTESIAN_POINT('',(117.075061364913,18.9134851403513,-83.));
#8840=CARTESIAN_POINT('Origin',(107.8,0.,-102.));
#8841=CARTESIAN_POINT('',(107.8,0.,-102.));
#8842=CARTESIAN_POINT('',(107.8,0.,-102.));
#8843=CARTESIAN_POINT('',(107.8,0.,-83.));
#8844=CARTESIAN_POINT('Origin',(116.8,0.,-102.));
#8845=CARTESIAN_POINT('',(116.8,19.6286446891263,-102.));
#8846=CARTESIAN_POINT('',(117.65495827213,17.4057531815885,-102.));
#8847=CARTESIAN_POINT('',(116.8,0.,-102.));
#8848=CARTESIAN_POINT('',(116.8,0.,-102.));
#8849=CARTESIAN_POINT('',(107.8,0.,-102.));
#8850=CARTESIAN_POINT('Origin',(112.3,0.,-92.5));
#8851=CARTESIAN_POINT('',(118.8,0.,-100.));
#8852=CARTESIAN_POINT('',(109.8,0.,-100.));
#8853=CARTESIAN_POINT('',(116.8,0.,-100.));
#8854=CARTESIAN_POINT('',(109.8,0.,-85.));
#8855=CARTESIAN_POINT('',(109.8,0.,-100.));
#8856=CARTESIAN_POINT('',(118.8,0.,-85.));
#8857=CARTESIAN_POINT('',(90.35,0.,-85.));
#8858=CARTESIAN_POINT('',(118.8,0.,-54.0000000000001));
#8859=CARTESIAN_POINT('',(118.8,0.,-54.0000000000001));
#8860=CARTESIAN_POINT('',(123.8,0.,-54.0000000000001));
#8861=CARTESIAN_POINT('',(123.8,0.,-54.0000000000001));
#8862=CARTESIAN_POINT('',(123.8,0.,-24.0000000000001));
#8863=CARTESIAN_POINT('',(123.8,0.,-24.0000000000001));
#8864=CARTESIAN_POINT('',(118.8,0.,-24.0000000000001));
#8865=CARTESIAN_POINT('',(118.8,0.,-24.0000000000001));
#8866=CARTESIAN_POINT('',(118.8,0.,0.));
#8867=CARTESIAN_POINT('',(123.8,0.,-163.1));
#8868=CARTESIAN_POINT('',(123.8,0.,-163.1));
#8869=CARTESIAN_POINT('',(123.8,0.,-133.1));
#8870=CARTESIAN_POINT('',(123.8,0.,-133.1));
#8871=CARTESIAN_POINT('',(118.8,0.,-133.1));
#8872=CARTESIAN_POINT('',(118.8,0.,-133.1));
#8873=CARTESIAN_POINT('',(118.8,0.,-54.0000000000001));
#8874=CARTESIAN_POINT('',(116.8,0.,-135.1));
#8875=CARTESIAN_POINT('',(116.8,0.,-73.7750000000001));
#8876=CARTESIAN_POINT('',(121.8,0.,-135.1));
#8877=CARTESIAN_POINT('',(90.35,0.,-135.1));
#8878=CARTESIAN_POINT('',(121.8,0.,-161.1));
#8879=CARTESIAN_POINT('',(121.8,0.,-113.325));
#8880=CARTESIAN_POINT('',(116.8,0.,-161.1));
#8881=CARTESIAN_POINT('',(92.85,0.,-161.1));
#8882=CARTESIAN_POINT('',(116.8,0.,-185.1));
#8883=CARTESIAN_POINT('',(116.8,0.,-128.325));
#8884=CARTESIAN_POINT('',(90.35,0.,-185.1));
#8885=CARTESIAN_POINT('',(121.8,0.,-26.0000000000001));
#8886=CARTESIAN_POINT('',(90.35,0.,-26.0000000000001));
#8887=CARTESIAN_POINT('',(121.8,0.,-52.0000000000001));
#8888=CARTESIAN_POINT('',(121.8,0.,-58.7750000000001));
#8889=CARTESIAN_POINT('',(116.8,0.,-52.0000000000001));
#8890=CARTESIAN_POINT('',(92.85,0.,-52.0000000000001));
#8891=CARTESIAN_POINT('',(116.8,0.,-73.7750000000001));
#8892=CARTESIAN_POINT('Origin',(116.8,0.,-54.0000000000001));
#8893=CARTESIAN_POINT('',(116.8,19.6286446891263,-135.1));
#8894=CARTESIAN_POINT('',(116.8,19.6286446891264,-54.));
#8895=CARTESIAN_POINT('',(116.8,0.,-135.1));
#8896=CARTESIAN_POINT('',(116.8,0.,-135.1));
#8897=CARTESIAN_POINT('Origin',(111.933308787594,32.2820418413823,-54.));
#8898=CARTESIAN_POINT('',(117.783824251511,17.0707016351967,-135.1));
#8899=CARTESIAN_POINT('',(117.783824251511,17.0707016351967,-135.1));
#8900=CARTESIAN_POINT('Origin',(111.933308787594,32.2820418413823,-54.));
#8901=CARTESIAN_POINT('',(116.8,19.6286446891264,-52.0000000000001));
#8902=CARTESIAN_POINT('',(116.8,19.6286446891264,-54.));
#8903=CARTESIAN_POINT('',(114.8,24.8286446891264,-52.0000000000001));
#8904=CARTESIAN_POINT('',(118.105989199965,16.2330727692173,-52.0000000000001));
#8905=CARTESIAN_POINT('',(118.105989199965,16.2330727692173,-52.0000000000001));
#8906=CARTESIAN_POINT('Origin',(113.8,33.,-54.));
#8907=CARTESIAN_POINT('',(118.8,20.,-85.));
#8908=CARTESIAN_POINT('',(114.122164948454,32.1623711340206,-85.));
#8909=CARTESIAN_POINT('',(118.8,20.,-54.0000000000001));
#8910=CARTESIAN_POINT('',(113.8,33.,-54.));
#8911=CARTESIAN_POINT('',(118.8,20.,-54.0000000000001));
#8912=CARTESIAN_POINT('Origin',(118.8,33.,-85.));
#8913=CARTESIAN_POINT('',(118.8,16.5,-85.));
#8914=CARTESIAN_POINT('',(109.8,0.,-85.));
#8915=CARTESIAN_POINT('Origin',(109.8,33.,-100.));
#8916=CARTESIAN_POINT('',(118.8,20.,-100.));
#8917=CARTESIAN_POINT('',(113.542268041237,33.6701030927835,-100.));
#8918=CARTESIAN_POINT('',(109.8,0.,-100.));
#8919=CARTESIAN_POINT('',(118.8,16.5,-100.));
#8920=CARTESIAN_POINT('Origin',(109.8,33.,-85.));
#8921=CARTESIAN_POINT('Origin',(116.8,0.,-54.0000000000001));
#8922=CARTESIAN_POINT('',(116.8,14.,-52.0000000000001));
#8923=CARTESIAN_POINT('',(116.8,0.,-52.0000000000001));
#8924=CARTESIAN_POINT('',(116.8,0.,-52.0000000000001));
#8925=CARTESIAN_POINT('Origin',(118.8,0.,-54.0000000000001));
#8926=CARTESIAN_POINT('',(118.8,20.,-133.1));
#8927=CARTESIAN_POINT('',(118.8,0.,-133.1));
#8928=CARTESIAN_POINT('',(118.8,20.,-54.0000000000001));
#8929=CARTESIAN_POINT('Origin',(118.8,0.,-54.0000000000001));
#8930=CARTESIAN_POINT('',(118.8,0.,-54.0000000000001));
#8931=CARTESIAN_POINT('Origin',(113.8,33.,-54.));
#8932=CARTESIAN_POINT('',(113.8,33.,-133.1));
#8933=CARTESIAN_POINT('Origin',(118.3,17.,-155.6));
#8934=CARTESIAN_POINT('',(116.6,20.,-155.6));
#8935=CARTESIAN_POINT('',(116.6,17.,-155.6));
#8936=CARTESIAN_POINT('',(120.,20.,-155.6));
#8937=CARTESIAN_POINT('Origin',(118.3,20.,-155.6));
#8938=CARTESIAN_POINT('Origin',(118.3,20.,-155.6));
#8939=CARTESIAN_POINT('Origin',(118.3,20.,-155.6));
#8940=CARTESIAN_POINT('Origin',(119.3,17.,-34.4500000000001));
#8941=CARTESIAN_POINT('',(121.,14.,-34.4500000000001));
#8942=CARTESIAN_POINT('',(117.6,14.,-34.4500000000001));
#8943=CARTESIAN_POINT('Origin',(119.3,14.,-34.4500000000001));
#8944=CARTESIAN_POINT('Origin',(119.3,14.,-34.4500000000001));
#8945=CARTESIAN_POINT('',(117.6,20.,-34.4500000000001));
#8946=CARTESIAN_POINT('',(117.6,17.,-34.4500000000001));
#8947=CARTESIAN_POINT('',(121.,20.,-34.4500000000001));
#8948=CARTESIAN_POINT('Origin',(119.3,20.,-34.4500000000001));
#8949=CARTESIAN_POINT('Origin',(119.3,20.,-34.4500000000001));
#8950=CARTESIAN_POINT('Origin',(119.3,20.,-34.4500000000001));
#8951=CARTESIAN_POINT('Origin',(119.3,17.,-43.5500000000001));
#8952=CARTESIAN_POINT('',(121.,14.,-43.5500000000001));
#8953=CARTESIAN_POINT('',(117.6,14.,-43.5500000000001));
#8954=CARTESIAN_POINT('Origin',(119.3,14.,-43.5500000000001));
#8955=CARTESIAN_POINT('Origin',(119.3,14.,-43.5500000000001));
#8956=CARTESIAN_POINT('',(117.6,20.,-43.5500000000001));
#8957=CARTESIAN_POINT('',(117.6,17.,-43.5500000000001));
#8958=CARTESIAN_POINT('',(121.,20.,-43.5500000000001));
#8959=CARTESIAN_POINT('Origin',(119.3,20.,-43.5500000000001));
#8960=CARTESIAN_POINT('Origin',(119.3,20.,-43.5500000000001));
#8961=CARTESIAN_POINT('Origin',(119.3,20.,-43.5500000000001));
#8962=CARTESIAN_POINT('Origin',(118.3,17.,-140.6));
#8963=CARTESIAN_POINT('',(116.6,20.,-140.6));
#8964=CARTESIAN_POINT('',(116.6,17.,-140.6));
#8965=CARTESIAN_POINT('',(120.,20.,-140.6));
#8966=CARTESIAN_POINT('Origin',(118.3,20.,-140.6));
#8967=CARTESIAN_POINT('Origin',(118.3,20.,-140.6));
#8968=CARTESIAN_POINT('Origin',(118.3,20.,-140.6));
#8969=CARTESIAN_POINT('Origin',(121.8,14.,-52.0000000000001));
#8970=CARTESIAN_POINT('',(114.8,14.,-52.0000000000001));
#8971=CARTESIAN_POINT('',(114.8,14.,-52.0000000000001));
#8972=CARTESIAN_POINT('',(114.8,14.,-52.0000000000001));
#8973=CARTESIAN_POINT('Origin',(114.8,14.,-26.0000000000001));
#8974=CARTESIAN_POINT('',(114.8,14.,-26.0000000000001));
#8975=CARTESIAN_POINT('',(114.8,14.,-26.0000000000001));
#8976=CARTESIAN_POINT('',(121.8,14.,-26.0000000000001));
#8977=CARTESIAN_POINT('Origin',(114.8,14.,-52.0000000000001));
#8978=CARTESIAN_POINT('',(114.8,7.,-52.0000000000001));
#8979=CARTESIAN_POINT('',(114.8,14.,-26.0000000000001));
#8980=CARTESIAN_POINT('',(114.8,7.,-26.0000000000001));
#8981=CARTESIAN_POINT('Origin',(118.3,14.,-39.0000000000001));
#8982=CARTESIAN_POINT('',(121.8,14.,-52.0000000000001));
#8983=CARTESIAN_POINT('',(121.05,14.,-52.0000000000001));
#8984=CARTESIAN_POINT('',(121.8,14.,-26.0000000000001));
#8985=CARTESIAN_POINT('',(121.8,14.,-31.5000000000001));
#8986=CARTESIAN_POINT('',(118.55,14.,-26.0000000000001));
#8987=CARTESIAN_POINT('Origin',(121.8,14.,-161.1));
#8988=CARTESIAN_POINT('',(116.8,0.,-161.1));
#8989=CARTESIAN_POINT('Origin',(114.8,14.,-135.1));
#8990=CARTESIAN_POINT('Origin',(123.8,0.,-52.0000000000001));
#8991=CARTESIAN_POINT('Origin',(118.8,0.,-26.0000000000001));
#8992=CARTESIAN_POINT('Origin',(123.8,0.,-161.1));
#8993=CARTESIAN_POINT('Origin',(118.8,0.,-135.1));
#8994=CARTESIAN_POINT('Origin',(118.8,0.,-185.1));
#8995=CARTESIAN_POINT('',(116.8,0.,-185.1));
#8996=CARTESIAN_POINT('Origin',(116.8,0.,-163.1));
#8997=CARTESIAN_POINT('',(116.8,0.,-161.1));
#8998=CARTESIAN_POINT('Origin',(123.8,0.,-161.1));
#8999=CARTESIAN_POINT('',(121.8,0.,-161.1));
#9000=CARTESIAN_POINT('Origin',(121.8,0.,-133.1));
#9001=CARTESIAN_POINT('',(121.8,0.,-135.1));
#9002=CARTESIAN_POINT('Origin',(118.8,0.,-135.1));
#9003=CARTESIAN_POINT('Origin',(123.8,0.,-52.0000000000001));
#9004=CARTESIAN_POINT('',(121.8,0.,-52.0000000000001));
#9005=CARTESIAN_POINT('Origin',(121.8,0.,-24.0000000000001));
#9006=CARTESIAN_POINT('',(121.8,0.,-26.0000000000001));
#9007=CARTESIAN_POINT('Origin',(118.8,0.,-26.0000000000001));
#9008=CARTESIAN_POINT('Origin',(118.8,33.,-24.));
#9009=CARTESIAN_POINT('',(123.8,20.,-24.0000000000001));
#9010=CARTESIAN_POINT('',(118.8,33.,-24.));
#9011=CARTESIAN_POINT('',(123.8,20.,-54.0000000000001));
#9012=CARTESIAN_POINT('',(123.8,20.,-24.0000000000001));
#9013=CARTESIAN_POINT('',(118.8,33.,-54.));
#9014=CARTESIAN_POINT('Origin',(118.8,33.,-133.1));
#9015=CARTESIAN_POINT('',(123.8,20.,-133.1));
#9016=CARTESIAN_POINT('',(118.8,33.,-133.1));
#9017=CARTESIAN_POINT('',(123.8,20.,-163.1));
#9018=CARTESIAN_POINT('',(123.8,20.,-133.1));
#9019=CARTESIAN_POINT('',(118.8,33.,-163.1));
#9020=CARTESIAN_POINT('Origin',(113.8,33.,-182.1));
#9021=CARTESIAN_POINT('Origin',(123.8,0.,-163.1));
#9022=CARTESIAN_POINT('',(123.8,0.,-163.1));
#9023=CARTESIAN_POINT('Origin',(123.8,0.,-133.1));
#9024=CARTESIAN_POINT('',(123.8,0.,-133.1));
#9025=CARTESIAN_POINT('Origin',(118.8,0.,-133.1));
#9026=CARTESIAN_POINT('Origin',(123.8,0.,-54.0000000000001));
#9027=CARTESIAN_POINT('',(123.8,0.,-54.0000000000001));
#9028=CARTESIAN_POINT('Origin',(123.8,0.,-24.0000000000001));
#9029=CARTESIAN_POINT('',(123.8,0.,-24.0000000000001));
#9030=CARTESIAN_POINT('Origin',(118.8,0.,-24.0000000000001));
#9031=CARTESIAN_POINT('',(118.8,0.,-24.0000000000001));
#9032=CARTESIAN_POINT('Origin',(118.8,0.,0.));
#9033=UNCERTAINTY_MEASURE_WITH_UNIT(LENGTH_MEASURE(0.01),#9037,
'DISTANCE_ACCURACY_VALUE',
'Maximum model space distance between geometric entities at asserted c
onnectivities');
#9034=UNCERTAINTY_MEASURE_WITH_UNIT(LENGTH_MEASURE(0.01),#9037,
'DISTANCE_ACCURACY_VALUE',
'Maximum model space distance between geometric entities at asserted c
onnectivities');
#9035=(
GEOMETRIC_REPRESENTATION_CONTEXT(3)
GLOBAL_UNCERTAINTY_ASSIGNED_CONTEXT((#9033))
GLOBAL_UNIT_ASSIGNED_CONTEXT((#9037,#9039,#9040))
REPRESENTATION_CONTEXT('','3D')
);
#9036=(
GEOMETRIC_REPRESENTATION_CONTEXT(3)
GLOBAL_UNCERTAINTY_ASSIGNED_CONTEXT((#9034))
GLOBAL_UNIT_ASSIGNED_CONTEXT((#9037,#9039,#9040))
REPRESENTATION_CONTEXT('','3D')
);
#9037=(
LENGTH_UNIT()
NAMED_UNIT(*)
SI_UNIT(.MILLI.,.METRE.)
);
#9038=(
LENGTH_UNIT()
NAMED_UNIT(*)
SI_UNIT(.CENTI.,.METRE.)
);
#9039=(
NAMED_UNIT(*)
PLANE_ANGLE_UNIT()
SI_UNIT($,.RADIAN.)
);
#9040=(
NAMED_UNIT(*)
SI_UNIT($,.STERADIAN.)
SOLID_ANGLE_UNIT()
);
#9041=SHAPE_DEFINITION_REPRESENTATION(#9042,#9043);
#9042=PRODUCT_DEFINITION_SHAPE('',$,#9045);
#9043=SHAPE_REPRESENTATION('',(#5733),#9035);
#9044=PRODUCT_DEFINITION_CONTEXT('part definition',#9049,'design');
#9045=PRODUCT_DEFINITION('Back','Back',#9046,#9044);
#9046=PRODUCT_DEFINITION_FORMATION('',$,#9051);
#9047=PRODUCT_RELATED_PRODUCT_CATEGORY('Back','Back',(#9051));
#9048=APPLICATION_PROTOCOL_DEFINITION('international standard',
'automotive_design',2009,#9049);
#9049=APPLICATION_CONTEXT(
'Core Data for Automotive Mechanical Design Process');
#9050=PRODUCT_CONTEXT('part definition',#9049,'mechanical');
#9051=PRODUCT('Back','Back',$,(#9050));
#9052=PRESENTATION_STYLE_ASSIGNMENT((#9054));
#9053=PRESENTATION_STYLE_ASSIGNMENT((#9055));
#9054=SURFACE_STYLE_USAGE(.BOTH.,#9060);
#9055=SURFACE_STYLE_USAGE(.BOTH.,#9061);
#9056=SURFACE_STYLE_RENDERING_WITH_PROPERTIES($,#9068,(#9058));
#9057=SURFACE_STYLE_RENDERING_WITH_PROPERTIES($,#9069,(#9059));
#9058=SURFACE_STYLE_TRANSPARENT(0.);
#9059=SURFACE_STYLE_TRANSPARENT(0.);
#9060=SURFACE_SIDE_STYLE('',(#9062,#9056));
#9061=SURFACE_SIDE_STYLE('',(#9063,#9057));
#9062=SURFACE_STYLE_FILL_AREA(#9064);
#9063=SURFACE_STYLE_FILL_AREA(#9065);
#9064=FILL_AREA_STYLE('',(#9066));
#9065=FILL_AREA_STYLE('',(#9067));
#9066=FILL_AREA_STYLE_COLOUR('',#9068);
#9067=FILL_AREA_STYLE_COLOUR('',#9069);
#9068=COLOUR_RGB('',0.749019607843137,0.749019607843137,0.749019607843137);
#9069=COLOUR_RGB('',0.772549019607843,0.423529411764706,0.423529411764706);
ENDSEC;
END-ISO-10303-21;
