ISO-10303-21;
HEADER;
/* Generated by software containing ST-Developer
 * from STEP Tools, Inc. (www.steptools.com) 
 */

FILE_DESCRIPTION(
/* description */ (''),
/* implementation_level */ '2;1');

FILE_NAME(
/* name */ 
'C:\\Users\\Harald\\Documents\\Projekte\\Wetterstation-2.0\\Inventor\\
Back2.stp',
/* time_stamp */ '2024-02-09T17:54:33+01:00',
/* author */ ('Harald'),
/* organization */ (''),
/* preprocessor_version */ 'ST-DEVELOPER v18.1',
/* originating_system */ 'Autodesk Inventor 2021',
/* authorisation */ '');

FILE_SCHEMA (('AUTOMOTIVE_DESIGN { 1 0 10303 214 3 1 1 }'));
ENDSEC;

DATA;
#10=MECHANICAL_DESIGN_GEOMETRIC_PRESENTATION_REPRESENTATION('',(#4884,#4885,
#4886,#4887,#4888,#4889,#4890,#4891,#4892,#4893,#4894,#4895,#4896,#4897,
#4898,#4899,#4900,#4901,#4902,#4903,#4904,#4905,#4906,#4907,#4908,#4909,
#4910,#4911,#4912,#4913,#4914,#4915,#4916,#4917,#4918,#4919,#4920,#4921,
#4922,#4923,#4924,#4925,#4926,#4927,#4928,#4929,#4930,#4931,#4932,#4933,
#4934,#4935,#4936,#4937,#4938,#4939,#4940,#4941,#4942,#4943,#4944,#4945,
#4946,#4947,#4948,#4949,#4950,#4951,#4952,#4953,#4954,#4955,#4956,#4957,
#4958,#4959,#4960,#4961,#4962,#4963,#4964,#4965,#4966,#4967,#4968,#4969,
#4970,#4971,#4972,#4973,#4974,#4975,#4976,#4977,#4978,#4979,#4980,#4981,
#4982,#4983,#4984,#4985,#4986,#4987,#4988,#4989,#4990,#4991,#4992,#4993,
#4994,#4995,#4996,#4997,#4998,#4999,#5000,#5001,#5002,#5003,#5004,#5005,
#5006,#5007,#5008,#5009,#5010,#5011,#5012,#5013,#5014,#5015,#5016,#5017,
#5018,#5019,#5020,#5021,#5022,#5023,#5024,#5025,#5026,#5027,#5028,#5029,
#5030,#5031,#5032,#5033,#5034,#5035,#5036,#5037,#5038,#5039,#5040,#5041,
#5042,#5043,#5044,#5045,#5046,#5047,#5048,#5049,#5050,#5051,#5052,#5053,
#5054,#5055,#5056,#5057,#5058,#5059,#5060,#5061,#5062,#5063,#5064,#5065,
#5066,#5067,#5068,#5069,#5070,#5071,#5072,#5073,#5074,#5075,#5076,#5077,
#5078,#5079,#5080,#5081,#5082,#5083,#5084,#5085,#5086,#5087,#5088,#5089,
#5090,#5091,#5092,#5093,#5094,#5095,#5096,#5097,#5098,#5099,#5100,#5101,
#5102,#5103,#5104,#5105,#5106,#5107,#5108,#5109,#5110,#5111,#5112,#5113,
#5114,#5115,#5116,#5117,#5118,#5119,#5120,#5121,#5122,#5123,#5124,#5125,
#5126,#5127,#5128,#5129,#5130,#5131,#5132,#5133,#5134,#5135,#5136,#5137),
#8511);
#11=SHAPE_REPRESENTATION_RELATIONSHIP('SRR','None',#8518,#12);
#12=ADVANCED_BREP_SHAPE_REPRESENTATION('',(#13),#8510);
#13=MANIFOLD_SOLID_BREP('Volumenk\X\F6rper1',#5391);
#14=SPHERICAL_SURFACE('',#5680,5.5);
#15=SPHERICAL_SURFACE('',#5687,5.5);
#16=FACE_BOUND('',#544,.T.);
#17=FACE_BOUND('',#545,.T.);
#18=FACE_BOUND('',#546,.T.);
#19=FACE_BOUND('',#547,.T.);
#20=FACE_BOUND('',#628,.T.);
#21=FACE_BOUND('',#629,.T.);
#22=FACE_BOUND('',#630,.T.);
#23=FACE_BOUND('',#631,.T.);
#24=FACE_BOUND('',#632,.T.);
#25=FACE_BOUND('',#646,.T.);
#26=FACE_BOUND('',#647,.T.);
#27=FACE_BOUND('',#663,.T.);
#28=FACE_BOUND('',#664,.T.);
#29=FACE_BOUND('',#665,.T.);
#30=FACE_BOUND('',#666,.T.);
#31=FACE_BOUND('',#667,.T.);
#32=FACE_BOUND('',#668,.T.);
#33=FACE_BOUND('',#669,.T.);
#34=FACE_BOUND('',#670,.T.);
#35=FACE_BOUND('',#671,.T.);
#36=FACE_BOUND('',#672,.T.);
#37=FACE_BOUND('',#673,.T.);
#38=FACE_BOUND('',#674,.T.);
#39=FACE_BOUND('',#675,.T.);
#40=FACE_BOUND('',#676,.T.);
#41=FACE_BOUND('',#677,.T.);
#42=FACE_BOUND('',#678,.T.);
#43=FACE_BOUND('',#679,.T.);
#44=FACE_BOUND('',#680,.T.);
#45=FACE_BOUND('',#681,.T.);
#46=FACE_BOUND('',#682,.T.);
#47=FACE_BOUND('',#695,.T.);
#48=FACE_BOUND('',#696,.T.);
#49=FACE_BOUND('',#697,.T.);
#50=FACE_BOUND('',#698,.T.);
#51=FACE_BOUND('',#699,.T.);
#52=FACE_BOUND('',#700,.T.);
#53=FACE_BOUND('',#701,.T.);
#54=FACE_BOUND('',#702,.T.);
#55=FACE_BOUND('',#703,.T.);
#56=FACE_BOUND('',#704,.T.);
#57=FACE_BOUND('',#705,.T.);
#58=FACE_BOUND('',#706,.T.);
#59=FACE_BOUND('',#707,.T.);
#60=FACE_BOUND('',#708,.T.);
#61=FACE_BOUND('',#709,.T.);
#62=FACE_BOUND('',#710,.T.);
#63=FACE_BOUND('',#713,.T.);
#64=FACE_BOUND('',#714,.T.);
#65=FACE_BOUND('',#715,.T.);
#66=FACE_BOUND('',#716,.T.);
#67=FACE_BOUND('',#736,.T.);
#68=FACE_BOUND('',#739,.T.);
#69=FACE_BOUND('',#743,.T.);
#70=FACE_BOUND('',#747,.T.);
#71=FACE_BOUND('',#752,.T.);
#72=FACE_BOUND('',#753,.T.);
#73=FACE_BOUND('',#754,.T.);
#74=FACE_BOUND('',#755,.T.);
#75=FACE_BOUND('',#756,.T.);
#76=FACE_BOUND('',#757,.T.);
#77=FACE_BOUND('',#758,.T.);
#78=FACE_BOUND('',#759,.T.);
#79=FACE_BOUND('',#762,.T.);
#80=FACE_BOUND('',#763,.T.);
#81=FACE_BOUND('',#764,.T.);
#82=FACE_BOUND('',#765,.T.);
#83=CYLINDRICAL_SURFACE('',#5490,2.);
#84=CYLINDRICAL_SURFACE('',#5494,2.);
#85=CYLINDRICAL_SURFACE('',#5498,5.);
#86=CYLINDRICAL_SURFACE('',#5502,5.);
#87=CYLINDRICAL_SURFACE('',#5565,5.);
#88=CYLINDRICAL_SURFACE('',#5569,5.);
#89=CYLINDRICAL_SURFACE('',#5589,10.);
#90=CYLINDRICAL_SURFACE('',#5595,10.);
#91=CYLINDRICAL_SURFACE('',#5630,2.);
#92=CYLINDRICAL_SURFACE('',#5633,2.);
#93=CYLINDRICAL_SURFACE('',#5636,2.);
#94=CYLINDRICAL_SURFACE('',#5639,2.);
#95=CYLINDRICAL_SURFACE('',#5642,9.75);
#96=CYLINDRICAL_SURFACE('',#5651,2.0000000000001);
#97=CYLINDRICAL_SURFACE('',#5653,1.99999999999999);
#98=CYLINDRICAL_SURFACE('',#5655,2.);
#99=CYLINDRICAL_SURFACE('',#5658,1.99999999999999);
#100=CYLINDRICAL_SURFACE('',#5670,7.5);
#101=CYLINDRICAL_SURFACE('',#5674,7.5);
#102=CYLINDRICAL_SURFACE('',#5675,5.5);
#103=CYLINDRICAL_SURFACE('',#5682,5.5);
#104=CYLINDRICAL_SURFACE('',#5701,1.6);
#105=CYLINDRICAL_SURFACE('',#5704,1.6);
#106=CYLINDRICAL_SURFACE('',#5708,1.6);
#107=CYLINDRICAL_SURFACE('',#5712,1.6);
#108=(
BOUNDED_SURFACE()
B_SPLINE_SURFACE(1,2,((#7428,#7429,#7430),(#7431,#7432,#7433)),
 .UNSPECIFIED.,.F.,.F.,.F.)
B_SPLINE_SURFACE_WITH_KNOTS((2,2),(3,3),(-0.757750487012165,3.12085239084356),
(-2.35619449019235,-0.785398163397447),.UNSPECIFIED.)
GEOMETRIC_REPRESENTATION_ITEM()
RATIONAL_B_SPLINE_SURFACE(((1.,0.707106781186546,1.),(1.,0.707106781186546,
1.)))
REPRESENTATION_ITEM('')
SURFACE()
);
#109=(
BOUNDED_SURFACE()
B_SPLINE_SURFACE(1,2,((#8374,#8375,#8376),(#8377,#8378,#8379)),
 .UNSPECIFIED.,.F.,.F.,.F.)
B_SPLINE_SURFACE_WITH_KNOTS((2,2),(3,3),(9.151386939188,13.5737789413072),
(-2.35619449019234,-0.785398163397442),.UNSPECIFIED.)
GEOMETRIC_REPRESENTATION_ITEM()
RATIONAL_B_SPLINE_SURFACE(((1.,0.707106781186545,1.),(1.,0.707106781186545,
1.)))
REPRESENTATION_ITEM('')
SURFACE()
);
#110=(
BOUNDED_SURFACE()
B_SPLINE_SURFACE(1,2,((#8421,#8422,#8423),(#8424,#8425,#8426)),
 .UNSPECIFIED.,.F.,.F.,.F.)
B_SPLINE_SURFACE_WITH_KNOTS((2,2),(3,3),(7.74426221124101,13.5737789413073),
(-2.35619449019236,-0.785398163397441),.UNSPECIFIED.)
GEOMETRIC_REPRESENTATION_ITEM()
RATIONAL_B_SPLINE_SURFACE(((1.,0.707106781186538,1.),(1.,0.707106781186538,
1.)))
REPRESENTATION_ITEM('')
SURFACE()
);
#111=(
BOUNDED_SURFACE()
B_SPLINE_SURFACE(1,2,((#8427,#8428,#8429),(#8430,#8431,#8432)),
 .UNSPECIFIED.,.F.,.F.,.F.)
B_SPLINE_SURFACE_WITH_KNOTS((2,2),(3,3),(-0.757750487012168,3.12085239084357),
(-2.35619449019235,-0.785398163397446),.UNSPECIFIED.)
GEOMETRIC_REPRESENTATION_ITEM()
RATIONAL_B_SPLINE_SURFACE(((1.,0.707106781186545,1.),(1.,0.707106781186545,
1.)))
REPRESENTATION_ITEM('')
SURFACE()
);
#112=(
BOUNDED_SURFACE()
B_SPLINE_SURFACE(1,2,((#8433,#8434,#8435),(#8436,#8437,#8438)),
 .UNSPECIFIED.,.F.,.F.,.F.)
B_SPLINE_SURFACE_WITH_KNOTS((2,2),(3,3),(7.74426221124052,13.5737789413065),
(-2.35619449019235,-0.785398163397452),.UNSPECIFIED.)
GEOMETRIC_REPRESENTATION_ITEM()
RATIONAL_B_SPLINE_SURFACE(((1.,0.707106781186548,1.),(1.,0.707106781186548,
1.)))
REPRESENTATION_ITEM('')
SURFACE()
);
#113=(
BOUNDED_SURFACE()
B_SPLINE_SURFACE(1,2,((#8440,#8441,#8442),(#8443,#8444,#8445)),
 .UNSPECIFIED.,.F.,.F.,.F.)
B_SPLINE_SURFACE_WITH_KNOTS((2,2),(3,3),(-0.757750487012193,3.12085239084347),
(-2.35619449019235,-0.785398163397438),.UNSPECIFIED.)
GEOMETRIC_REPRESENTATION_ITEM()
RATIONAL_B_SPLINE_SURFACE(((1.,0.707106781186543,1.),(1.,0.707106781186543,
1.)))
REPRESENTATION_ITEM('')
SURFACE()
);
#114=(
BOUNDED_SURFACE()
B_SPLINE_SURFACE(1,2,((#8451,#8452,#8453),(#8454,#8455,#8456)),
 .UNSPECIFIED.,.F.,.F.,.F.)
B_SPLINE_SURFACE_WITH_KNOTS((2,2),(3,3),(-0.757750487012149,3.12085239084354),
(-2.35619449019234,-0.78539816339745),.UNSPECIFIED.)
GEOMETRIC_REPRESENTATION_ITEM()
RATIONAL_B_SPLINE_SURFACE(((1.,0.707106781186548,1.),(1.,0.707106781186548,
1.)))
REPRESENTATION_ITEM('')
SURFACE()
);
#115=(
BOUNDED_SURFACE()
B_SPLINE_SURFACE(1,2,((#8457,#8458,#8459),(#8460,#8461,#8462)),
 .UNSPECIFIED.,.F.,.F.,.F.)
B_SPLINE_SURFACE_WITH_KNOTS((2,2),(3,3),(10.3574938488568,13.5737789413072),
(-2.35619449019234,-0.785398163397445),.UNSPECIFIED.)
GEOMETRIC_REPRESENTATION_ITEM()
RATIONAL_B_SPLINE_SURFACE(((1.,0.707106781186546,1.),(1.,0.707106781186546,
1.)))
REPRESENTATION_ITEM('')
SURFACE()
);
#116=ELLIPSE('',#5477,3.71436420238771,1.53842902928375);
#117=ELLIPSE('',#5479,3.71436420238772,1.53842902928376);
#118=ELLIPSE('',#5480,3.71436420238772,1.53842902928376);
#119=ELLIPSE('',#5485,3.71436420238772,1.53842902928376);
#120=ELLIPSE('',#5487,3.71436420238793,1.53842902928384);
#121=ELLIPSE('',#5489,3.71436420238792,1.53842902928384);
#122=ELLIPSE('',#5590,12.2065556157337,10.);
#123=ELLIPSE('',#5593,12.2065556157337,10.);
#124=ELLIPSE('',#5598,12.2065556157337,10.);
#125=ELLIPSE('',#5697,3.71436420238772,1.53842902928376);
#126=ELLIPSE('',#5715,3.71436420238793,1.53842902928384);
#127=ELLIPSE('',#5716,3.71436420238792,1.53842902928384);
#128=ELLIPSE('',#5717,3.71436420238773,1.53842902928376);
#129=CIRCLE('',#5468,2.);
#130=CIRCLE('',#5470,1.99999999999999);
#131=CIRCLE('',#5472,1.99999999999999);
#132=CIRCLE('',#5481,1.99999999999999);
#133=CIRCLE('',#5491,2.);
#134=CIRCLE('',#5492,2.);
#135=CIRCLE('',#5495,2.);
#136=CIRCLE('',#5496,2.);
#137=CIRCLE('',#5499,5.);
#138=CIRCLE('',#5500,5.);
#139=CIRCLE('',#5503,5.);
#140=CIRCLE('',#5504,5.);
#141=CIRCLE('',#5524,1.99999999999999);
#142=CIRCLE('',#5525,2.0000000000001);
#143=CIRCLE('',#5526,1.99999999999999);
#144=CIRCLE('',#5527,2.);
#145=CIRCLE('',#5528,1.6);
#146=CIRCLE('',#5529,1.6);
#147=CIRCLE('',#5530,1.6);
#148=CIRCLE('',#5531,1.6);
#149=CIRCLE('',#5566,5.);
#150=CIRCLE('',#5567,5.);
#151=CIRCLE('',#5570,5.);
#152=CIRCLE('',#5571,5.);
#153=CIRCLE('',#5591,10.);
#154=CIRCLE('',#5592,10.);
#155=CIRCLE('',#5596,10.);
#156=CIRCLE('',#5597,10.);
#157=CIRCLE('',#5623,2.);
#158=CIRCLE('',#5624,2.);
#159=CIRCLE('',#5625,2.);
#160=CIRCLE('',#5626,2.);
#161=CIRCLE('',#5627,9.75);
#162=CIRCLE('',#5628,9.75);
#163=CIRCLE('',#5631,2.);
#164=CIRCLE('',#5634,2.);
#165=CIRCLE('',#5637,2.);
#166=CIRCLE('',#5640,2.);
#167=CIRCLE('',#5643,9.75);
#168=CIRCLE('',#5652,2.0000000000001);
#169=CIRCLE('',#5656,2.);
#170=CIRCLE('',#5659,1.99999999999999);
#171=CIRCLE('',#5665,7.5);
#172=CIRCLE('',#5666,7.5);
#173=CIRCLE('',#5668,7.5);
#174=CIRCLE('',#5669,7.5);
#175=CIRCLE('',#5672,7.5);
#176=CIRCLE('',#5673,7.5);
#177=CIRCLE('',#5676,5.5);
#178=CIRCLE('',#5677,5.5);
#179=CIRCLE('',#5678,5.50000000000001);
#180=CIRCLE('',#5679,5.50000000000001);
#181=CIRCLE('',#5681,5.50000000000001);
#182=CIRCLE('',#5683,5.5);
#183=CIRCLE('',#5684,5.5);
#184=CIRCLE('',#5685,5.50000000000001);
#185=CIRCLE('',#5686,5.50000000000001);
#186=CIRCLE('',#5688,5.5);
#187=CIRCLE('',#5693,1.99999999999999);
#188=CIRCLE('',#5694,1.99999999999999);
#189=CIRCLE('',#5695,2.00000000000001);
#190=CIRCLE('',#5696,1.99999999999999);
#191=CIRCLE('',#5702,1.6);
#192=CIRCLE('',#5705,1.6);
#193=CIRCLE('',#5709,1.6);
#194=CIRCLE('',#5713,1.6);
#195=FACE_OUTER_BOUND('',#448,.T.);
#196=FACE_OUTER_BOUND('',#449,.T.);
#197=FACE_OUTER_BOUND('',#450,.T.);
#198=FACE_OUTER_BOUND('',#451,.T.);
#199=FACE_OUTER_BOUND('',#452,.T.);
#200=FACE_OUTER_BOUND('',#453,.T.);
#201=FACE_OUTER_BOUND('',#454,.T.);
#202=FACE_OUTER_BOUND('',#455,.T.);
#203=FACE_OUTER_BOUND('',#456,.T.);
#204=FACE_OUTER_BOUND('',#457,.T.);
#205=FACE_OUTER_BOUND('',#458,.T.);
#206=FACE_OUTER_BOUND('',#459,.T.);
#207=FACE_OUTER_BOUND('',#460,.T.);
#208=FACE_OUTER_BOUND('',#461,.T.);
#209=FACE_OUTER_BOUND('',#462,.T.);
#210=FACE_OUTER_BOUND('',#463,.T.);
#211=FACE_OUTER_BOUND('',#464,.T.);
#212=FACE_OUTER_BOUND('',#465,.T.);
#213=FACE_OUTER_BOUND('',#466,.T.);
#214=FACE_OUTER_BOUND('',#467,.T.);
#215=FACE_OUTER_BOUND('',#468,.T.);
#216=FACE_OUTER_BOUND('',#469,.T.);
#217=FACE_OUTER_BOUND('',#470,.T.);
#218=FACE_OUTER_BOUND('',#471,.T.);
#219=FACE_OUTER_BOUND('',#472,.T.);
#220=FACE_OUTER_BOUND('',#473,.T.);
#221=FACE_OUTER_BOUND('',#474,.T.);
#222=FACE_OUTER_BOUND('',#475,.T.);
#223=FACE_OUTER_BOUND('',#476,.T.);
#224=FACE_OUTER_BOUND('',#477,.T.);
#225=FACE_OUTER_BOUND('',#478,.T.);
#226=FACE_OUTER_BOUND('',#479,.T.);
#227=FACE_OUTER_BOUND('',#480,.T.);
#228=FACE_OUTER_BOUND('',#481,.T.);
#229=FACE_OUTER_BOUND('',#482,.T.);
#230=FACE_OUTER_BOUND('',#483,.T.);
#231=FACE_OUTER_BOUND('',#484,.T.);
#232=FACE_OUTER_BOUND('',#485,.T.);
#233=FACE_OUTER_BOUND('',#486,.T.);
#234=FACE_OUTER_BOUND('',#487,.T.);
#235=FACE_OUTER_BOUND('',#488,.T.);
#236=FACE_OUTER_BOUND('',#489,.T.);
#237=FACE_OUTER_BOUND('',#490,.T.);
#238=FACE_OUTER_BOUND('',#491,.T.);
#239=FACE_OUTER_BOUND('',#492,.T.);
#240=FACE_OUTER_BOUND('',#493,.T.);
#241=FACE_OUTER_BOUND('',#494,.T.);
#242=FACE_OUTER_BOUND('',#495,.T.);
#243=FACE_OUTER_BOUND('',#496,.T.);
#244=FACE_OUTER_BOUND('',#497,.T.);
#245=FACE_OUTER_BOUND('',#498,.T.);
#246=FACE_OUTER_BOUND('',#499,.T.);
#247=FACE_OUTER_BOUND('',#500,.T.);
#248=FACE_OUTER_BOUND('',#501,.T.);
#249=FACE_OUTER_BOUND('',#502,.T.);
#250=FACE_OUTER_BOUND('',#503,.T.);
#251=FACE_OUTER_BOUND('',#504,.T.);
#252=FACE_OUTER_BOUND('',#505,.T.);
#253=FACE_OUTER_BOUND('',#506,.T.);
#254=FACE_OUTER_BOUND('',#507,.T.);
#255=FACE_OUTER_BOUND('',#508,.T.);
#256=FACE_OUTER_BOUND('',#509,.T.);
#257=FACE_OUTER_BOUND('',#510,.T.);
#258=FACE_OUTER_BOUND('',#511,.T.);
#259=FACE_OUTER_BOUND('',#512,.T.);
#260=FACE_OUTER_BOUND('',#513,.T.);
#261=FACE_OUTER_BOUND('',#514,.T.);
#262=FACE_OUTER_BOUND('',#515,.T.);
#263=FACE_OUTER_BOUND('',#516,.T.);
#264=FACE_OUTER_BOUND('',#517,.T.);
#265=FACE_OUTER_BOUND('',#518,.T.);
#266=FACE_OUTER_BOUND('',#519,.T.);
#267=FACE_OUTER_BOUND('',#520,.T.);
#268=FACE_OUTER_BOUND('',#521,.T.);
#269=FACE_OUTER_BOUND('',#522,.T.);
#270=FACE_OUTER_BOUND('',#523,.T.);
#271=FACE_OUTER_BOUND('',#524,.T.);
#272=FACE_OUTER_BOUND('',#525,.T.);
#273=FACE_OUTER_BOUND('',#526,.T.);
#274=FACE_OUTER_BOUND('',#527,.T.);
#275=FACE_OUTER_BOUND('',#528,.T.);
#276=FACE_OUTER_BOUND('',#529,.T.);
#277=FACE_OUTER_BOUND('',#530,.T.);
#278=FACE_OUTER_BOUND('',#531,.T.);
#279=FACE_OUTER_BOUND('',#532,.T.);
#280=FACE_OUTER_BOUND('',#533,.T.);
#281=FACE_OUTER_BOUND('',#534,.T.);
#282=FACE_OUTER_BOUND('',#535,.T.);
#283=FACE_OUTER_BOUND('',#536,.T.);
#284=FACE_OUTER_BOUND('',#537,.T.);
#285=FACE_OUTER_BOUND('',#538,.T.);
#286=FACE_OUTER_BOUND('',#539,.T.);
#287=FACE_OUTER_BOUND('',#540,.T.);
#288=FACE_OUTER_BOUND('',#541,.T.);
#289=FACE_OUTER_BOUND('',#542,.T.);
#290=FACE_OUTER_BOUND('',#543,.T.);
#291=FACE_OUTER_BOUND('',#548,.T.);
#292=FACE_OUTER_BOUND('',#549,.T.);
#293=FACE_OUTER_BOUND('',#550,.T.);
#294=FACE_OUTER_BOUND('',#551,.T.);
#295=FACE_OUTER_BOUND('',#552,.T.);
#296=FACE_OUTER_BOUND('',#553,.T.);
#297=FACE_OUTER_BOUND('',#554,.T.);
#298=FACE_OUTER_BOUND('',#555,.T.);
#299=FACE_OUTER_BOUND('',#556,.T.);
#300=FACE_OUTER_BOUND('',#557,.T.);
#301=FACE_OUTER_BOUND('',#558,.T.);
#302=FACE_OUTER_BOUND('',#559,.T.);
#303=FACE_OUTER_BOUND('',#560,.T.);
#304=FACE_OUTER_BOUND('',#561,.T.);
#305=FACE_OUTER_BOUND('',#562,.T.);
#306=FACE_OUTER_BOUND('',#563,.T.);
#307=FACE_OUTER_BOUND('',#564,.T.);
#308=FACE_OUTER_BOUND('',#565,.T.);
#309=FACE_OUTER_BOUND('',#566,.T.);
#310=FACE_OUTER_BOUND('',#567,.T.);
#311=FACE_OUTER_BOUND('',#568,.T.);
#312=FACE_OUTER_BOUND('',#569,.T.);
#313=FACE_OUTER_BOUND('',#570,.T.);
#314=FACE_OUTER_BOUND('',#571,.T.);
#315=FACE_OUTER_BOUND('',#572,.T.);
#316=FACE_OUTER_BOUND('',#573,.T.);
#317=FACE_OUTER_BOUND('',#574,.T.);
#318=FACE_OUTER_BOUND('',#575,.T.);
#319=FACE_OUTER_BOUND('',#576,.T.);
#320=FACE_OUTER_BOUND('',#577,.T.);
#321=FACE_OUTER_BOUND('',#578,.T.);
#322=FACE_OUTER_BOUND('',#579,.T.);
#323=FACE_OUTER_BOUND('',#580,.T.);
#324=FACE_OUTER_BOUND('',#581,.T.);
#325=FACE_OUTER_BOUND('',#582,.T.);
#326=FACE_OUTER_BOUND('',#583,.T.);
#327=FACE_OUTER_BOUND('',#584,.T.);
#328=FACE_OUTER_BOUND('',#585,.T.);
#329=FACE_OUTER_BOUND('',#586,.T.);
#330=FACE_OUTER_BOUND('',#587,.T.);
#331=FACE_OUTER_BOUND('',#588,.T.);
#332=FACE_OUTER_BOUND('',#589,.T.);
#333=FACE_OUTER_BOUND('',#590,.T.);
#334=FACE_OUTER_BOUND('',#591,.T.);
#335=FACE_OUTER_BOUND('',#592,.T.);
#336=FACE_OUTER_BOUND('',#593,.T.);
#337=FACE_OUTER_BOUND('',#594,.T.);
#338=FACE_OUTER_BOUND('',#595,.T.);
#339=FACE_OUTER_BOUND('',#596,.T.);
#340=FACE_OUTER_BOUND('',#597,.T.);
#341=FACE_OUTER_BOUND('',#598,.T.);
#342=FACE_OUTER_BOUND('',#599,.T.);
#343=FACE_OUTER_BOUND('',#600,.T.);
#344=FACE_OUTER_BOUND('',#601,.T.);
#345=FACE_OUTER_BOUND('',#602,.T.);
#346=FACE_OUTER_BOUND('',#603,.T.);
#347=FACE_OUTER_BOUND('',#604,.T.);
#348=FACE_OUTER_BOUND('',#605,.T.);
#349=FACE_OUTER_BOUND('',#606,.T.);
#350=FACE_OUTER_BOUND('',#607,.T.);
#351=FACE_OUTER_BOUND('',#608,.T.);
#352=FACE_OUTER_BOUND('',#609,.T.);
#353=FACE_OUTER_BOUND('',#610,.T.);
#354=FACE_OUTER_BOUND('',#611,.T.);
#355=FACE_OUTER_BOUND('',#612,.T.);
#356=FACE_OUTER_BOUND('',#613,.T.);
#357=FACE_OUTER_BOUND('',#614,.T.);
#358=FACE_OUTER_BOUND('',#615,.T.);
#359=FACE_OUTER_BOUND('',#616,.T.);
#360=FACE_OUTER_BOUND('',#617,.T.);
#361=FACE_OUTER_BOUND('',#618,.T.);
#362=FACE_OUTER_BOUND('',#619,.T.);
#363=FACE_OUTER_BOUND('',#620,.T.);
#364=FACE_OUTER_BOUND('',#621,.T.);
#365=FACE_OUTER_BOUND('',#622,.T.);
#366=FACE_OUTER_BOUND('',#623,.T.);
#367=FACE_OUTER_BOUND('',#624,.T.);
#368=FACE_OUTER_BOUND('',#625,.T.);
#369=FACE_OUTER_BOUND('',#626,.T.);
#370=FACE_OUTER_BOUND('',#627,.T.);
#371=FACE_OUTER_BOUND('',#633,.T.);
#372=FACE_OUTER_BOUND('',#634,.T.);
#373=FACE_OUTER_BOUND('',#635,.T.);
#374=FACE_OUTER_BOUND('',#636,.T.);
#375=FACE_OUTER_BOUND('',#637,.T.);
#376=FACE_OUTER_BOUND('',#638,.T.);
#377=FACE_OUTER_BOUND('',#639,.T.);
#378=FACE_OUTER_BOUND('',#640,.T.);
#379=FACE_OUTER_BOUND('',#641,.T.);
#380=FACE_OUTER_BOUND('',#642,.T.);
#381=FACE_OUTER_BOUND('',#643,.T.);
#382=FACE_OUTER_BOUND('',#644,.T.);
#383=FACE_OUTER_BOUND('',#645,.T.);
#384=FACE_OUTER_BOUND('',#648,.T.);
#385=FACE_OUTER_BOUND('',#649,.T.);
#386=FACE_OUTER_BOUND('',#650,.T.);
#387=FACE_OUTER_BOUND('',#651,.T.);
#388=FACE_OUTER_BOUND('',#652,.T.);
#389=FACE_OUTER_BOUND('',#653,.T.);
#390=FACE_OUTER_BOUND('',#654,.T.);
#391=FACE_OUTER_BOUND('',#655,.T.);
#392=FACE_OUTER_BOUND('',#656,.T.);
#393=FACE_OUTER_BOUND('',#657,.T.);
#394=FACE_OUTER_BOUND('',#658,.T.);
#395=FACE_OUTER_BOUND('',#659,.T.);
#396=FACE_OUTER_BOUND('',#660,.T.);
#397=FACE_OUTER_BOUND('',#661,.T.);
#398=FACE_OUTER_BOUND('',#662,.T.);
#399=FACE_OUTER_BOUND('',#683,.T.);
#400=FACE_OUTER_BOUND('',#684,.T.);
#401=FACE_OUTER_BOUND('',#685,.T.);
#402=FACE_OUTER_BOUND('',#686,.T.);
#403=FACE_OUTER_BOUND('',#687,.T.);
#404=FACE_OUTER_BOUND('',#688,.T.);
#405=FACE_OUTER_BOUND('',#689,.T.);
#406=FACE_OUTER_BOUND('',#690,.T.);
#407=FACE_OUTER_BOUND('',#691,.T.);
#408=FACE_OUTER_BOUND('',#692,.T.);
#409=FACE_OUTER_BOUND('',#693,.T.);
#410=FACE_OUTER_BOUND('',#694,.T.);
#411=FACE_OUTER_BOUND('',#711,.T.);
#412=FACE_OUTER_BOUND('',#712,.T.);
#413=FACE_OUTER_BOUND('',#717,.T.);
#414=FACE_OUTER_BOUND('',#718,.T.);
#415=FACE_OUTER_BOUND('',#719,.T.);
#416=FACE_OUTER_BOUND('',#720,.T.);
#417=FACE_OUTER_BOUND('',#721,.T.);
#418=FACE_OUTER_BOUND('',#722,.T.);
#419=FACE_OUTER_BOUND('',#723,.T.);
#420=FACE_OUTER_BOUND('',#724,.T.);
#421=FACE_OUTER_BOUND('',#725,.T.);
#422=FACE_OUTER_BOUND('',#726,.T.);
#423=FACE_OUTER_BOUND('',#727,.T.);
#424=FACE_OUTER_BOUND('',#728,.T.);
#425=FACE_OUTER_BOUND('',#729,.T.);
#426=FACE_OUTER_BOUND('',#730,.T.);
#427=FACE_OUTER_BOUND('',#731,.T.);
#428=FACE_OUTER_BOUND('',#732,.T.);
#429=FACE_OUTER_BOUND('',#733,.T.);
#430=FACE_OUTER_BOUND('',#734,.T.);
#431=FACE_OUTER_BOUND('',#735,.T.);
#432=FACE_OUTER_BOUND('',#737,.T.);
#433=FACE_OUTER_BOUND('',#738,.T.);
#434=FACE_OUTER_BOUND('',#740,.T.);
#435=FACE_OUTER_BOUND('',#741,.T.);
#436=FACE_OUTER_BOUND('',#742,.T.);
#437=FACE_OUTER_BOUND('',#744,.T.);
#438=FACE_OUTER_BOUND('',#745,.T.);
#439=FACE_OUTER_BOUND('',#746,.T.);
#440=FACE_OUTER_BOUND('',#748,.T.);
#441=FACE_OUTER_BOUND('',#749,.T.);
#442=FACE_OUTER_BOUND('',#750,.T.);
#443=FACE_OUTER_BOUND('',#751,.T.);
#444=FACE_OUTER_BOUND('',#760,.T.);
#445=FACE_OUTER_BOUND('',#761,.T.);
#446=FACE_OUTER_BOUND('',#766,.T.);
#447=FACE_OUTER_BOUND('',#767,.T.);
#448=EDGE_LOOP('',(#3234,#3235,#3236,#3237));
#449=EDGE_LOOP('',(#3238,#3239,#3240,#3241));
#450=EDGE_LOOP('',(#3242,#3243,#3244,#3245));
#451=EDGE_LOOP('',(#3246,#3247,#3248,#3249));
#452=EDGE_LOOP('',(#3250,#3251,#3252,#3253));
#453=EDGE_LOOP('',(#3254,#3255,#3256,#3257));
#454=EDGE_LOOP('',(#3258,#3259,#3260,#3261));
#455=EDGE_LOOP('',(#3262,#3263,#3264,#3265));
#456=EDGE_LOOP('',(#3266,#3267,#3268,#3269));
#457=EDGE_LOOP('',(#3270,#3271,#3272,#3273));
#458=EDGE_LOOP('',(#3274,#3275,#3276,#3277));
#459=EDGE_LOOP('',(#3278,#3279,#3280,#3281));
#460=EDGE_LOOP('',(#3282,#3283,#3284,#3285));
#461=EDGE_LOOP('',(#3286,#3287,#3288,#3289));
#462=EDGE_LOOP('',(#3290,#3291,#3292,#3293));
#463=EDGE_LOOP('',(#3294,#3295,#3296,#3297));
#464=EDGE_LOOP('',(#3298,#3299,#3300,#3301));
#465=EDGE_LOOP('',(#3302,#3303,#3304,#3305));
#466=EDGE_LOOP('',(#3306,#3307,#3308,#3309));
#467=EDGE_LOOP('',(#3310,#3311,#3312,#3313));
#468=EDGE_LOOP('',(#3314,#3315,#3316,#3317));
#469=EDGE_LOOP('',(#3318,#3319,#3320,#3321));
#470=EDGE_LOOP('',(#3322,#3323,#3324,#3325));
#471=EDGE_LOOP('',(#3326,#3327,#3328,#3329));
#472=EDGE_LOOP('',(#3330,#3331,#3332,#3333));
#473=EDGE_LOOP('',(#3334,#3335,#3336,#3337));
#474=EDGE_LOOP('',(#3338,#3339,#3340,#3341));
#475=EDGE_LOOP('',(#3342,#3343,#3344,#3345));
#476=EDGE_LOOP('',(#3346,#3347,#3348,#3349));
#477=EDGE_LOOP('',(#3350,#3351,#3352,#3353));
#478=EDGE_LOOP('',(#3354,#3355,#3356,#3357));
#479=EDGE_LOOP('',(#3358,#3359,#3360,#3361));
#480=EDGE_LOOP('',(#3362,#3363,#3364,#3365));
#481=EDGE_LOOP('',(#3366,#3367,#3368,#3369));
#482=EDGE_LOOP('',(#3370,#3371,#3372,#3373));
#483=EDGE_LOOP('',(#3374,#3375,#3376,#3377));
#484=EDGE_LOOP('',(#3378,#3379,#3380,#3381));
#485=EDGE_LOOP('',(#3382,#3383,#3384,#3385));
#486=EDGE_LOOP('',(#3386,#3387,#3388,#3389));
#487=EDGE_LOOP('',(#3390,#3391,#3392,#3393));
#488=EDGE_LOOP('',(#3394,#3395,#3396,#3397));
#489=EDGE_LOOP('',(#3398,#3399,#3400,#3401));
#490=EDGE_LOOP('',(#3402,#3403,#3404,#3405));
#491=EDGE_LOOP('',(#3406,#3407,#3408,#3409));
#492=EDGE_LOOP('',(#3410,#3411,#3412,#3413));
#493=EDGE_LOOP('',(#3414,#3415,#3416,#3417));
#494=EDGE_LOOP('',(#3418,#3419,#3420,#3421));
#495=EDGE_LOOP('',(#3422,#3423,#3424,#3425));
#496=EDGE_LOOP('',(#3426,#3427,#3428,#3429));
#497=EDGE_LOOP('',(#3430,#3431,#3432,#3433));
#498=EDGE_LOOP('',(#3434,#3435,#3436,#3437));
#499=EDGE_LOOP('',(#3438,#3439,#3440,#3441));
#500=EDGE_LOOP('',(#3442,#3443,#3444,#3445));
#501=EDGE_LOOP('',(#3446,#3447,#3448,#3449));
#502=EDGE_LOOP('',(#3450,#3451,#3452,#3453));
#503=EDGE_LOOP('',(#3454,#3455,#3456,#3457));
#504=EDGE_LOOP('',(#3458,#3459,#3460,#3461,#3462,#3463,#3464));
#505=EDGE_LOOP('',(#3465,#3466,#3467,#3468,#3469));
#506=EDGE_LOOP('',(#3470,#3471,#3472,#3473));
#507=EDGE_LOOP('',(#3474,#3475,#3476,#3477));
#508=EDGE_LOOP('',(#3478,#3479,#3480,#3481));
#509=EDGE_LOOP('',(#3482,#3483,#3484,#3485));
#510=EDGE_LOOP('',(#3486,#3487,#3488,#3489,#3490,#3491,#3492));
#511=EDGE_LOOP('',(#3493,#3494,#3495,#3496,#3497));
#512=EDGE_LOOP('',(#3498,#3499,#3500,#3501,#3502,#3503));
#513=EDGE_LOOP('',(#3504,#3505,#3506,#3507,#3508,#3509,#3510,#3511,#3512,
#3513,#3514));
#514=EDGE_LOOP('',(#3515,#3516,#3517,#3518,#3519));
#515=EDGE_LOOP('',(#3520,#3521,#3522,#3523,#3524,#3525));
#516=EDGE_LOOP('',(#3526,#3527,#3528,#3529,#3530));
#517=EDGE_LOOP('',(#3531,#3532,#3533,#3534,#3535));
#518=EDGE_LOOP('',(#3536,#3537,#3538,#3539));
#519=EDGE_LOOP('',(#3540,#3541,#3542,#3543));
#520=EDGE_LOOP('',(#3544,#3545,#3546,#3547));
#521=EDGE_LOOP('',(#3548,#3549,#3550,#3551));
#522=EDGE_LOOP('',(#3552,#3553,#3554,#3555));
#523=EDGE_LOOP('',(#3556,#3557,#3558,#3559));
#524=EDGE_LOOP('',(#3560,#3561,#3562,#3563));
#525=EDGE_LOOP('',(#3564,#3565,#3566,#3567));
#526=EDGE_LOOP('',(#3568,#3569,#3570,#3571));
#527=EDGE_LOOP('',(#3572,#3573,#3574,#3575));
#528=EDGE_LOOP('',(#3576,#3577,#3578,#3579,#3580));
#529=EDGE_LOOP('',(#3581,#3582,#3583,#3584,#3585));
#530=EDGE_LOOP('',(#3586,#3587,#3588,#3589));
#531=EDGE_LOOP('',(#3590,#3591,#3592,#3593));
#532=EDGE_LOOP('',(#3594,#3595,#3596,#3597));
#533=EDGE_LOOP('',(#3598,#3599,#3600,#3601,#3602,#3603,#3604,#3605));
#534=EDGE_LOOP('',(#3606,#3607,#3608,#3609));
#535=EDGE_LOOP('',(#3610,#3611,#3612,#3613,#3614));
#536=EDGE_LOOP('',(#3615,#3616,#3617,#3618,#3619));
#537=EDGE_LOOP('',(#3620,#3621,#3622,#3623));
#538=EDGE_LOOP('',(#3624,#3625,#3626,#3627));
#539=EDGE_LOOP('',(#3628,#3629,#3630,#3631));
#540=EDGE_LOOP('',(#3632,#3633,#3634,#3635));
#541=EDGE_LOOP('',(#3636,#3637,#3638,#3639,#3640,#3641,#3642,#3643));
#542=EDGE_LOOP('',(#3644,#3645,#3646,#3647));
#543=EDGE_LOOP('',(#3648,#3649,#3650,#3651,#3652,#3653,#3654,#3655,#3656,
#3657,#3658,#3659,#3660,#3661,#3662,#3663,#3664,#3665,#3666,#3667,#3668,
#3669,#3670,#3671));
#544=EDGE_LOOP('',(#3672));
#545=EDGE_LOOP('',(#3673));
#546=EDGE_LOOP('',(#3674));
#547=EDGE_LOOP('',(#3675));
#548=EDGE_LOOP('',(#3676,#3677,#3678,#3679,#3680,#3681,#3682,#3683,#3684,
#3685));
#549=EDGE_LOOP('',(#3686,#3687,#3688,#3689));
#550=EDGE_LOOP('',(#3690,#3691,#3692,#3693));
#551=EDGE_LOOP('',(#3694,#3695,#3696,#3697));
#552=EDGE_LOOP('',(#3698,#3699,#3700,#3701));
#553=EDGE_LOOP('',(#3702,#3703,#3704,#3705));
#554=EDGE_LOOP('',(#3706,#3707,#3708,#3709));
#555=EDGE_LOOP('',(#3710,#3711,#3712,#3713));
#556=EDGE_LOOP('',(#3714,#3715,#3716,#3717));
#557=EDGE_LOOP('',(#3718,#3719,#3720,#3721));
#558=EDGE_LOOP('',(#3722,#3723,#3724,#3725));
#559=EDGE_LOOP('',(#3726,#3727,#3728,#3729));
#560=EDGE_LOOP('',(#3730,#3731,#3732,#3733));
#561=EDGE_LOOP('',(#3734,#3735,#3736,#3737));
#562=EDGE_LOOP('',(#3738,#3739,#3740,#3741));
#563=EDGE_LOOP('',(#3742,#3743,#3744,#3745));
#564=EDGE_LOOP('',(#3746,#3747,#3748,#3749));
#565=EDGE_LOOP('',(#3750,#3751,#3752,#3753));
#566=EDGE_LOOP('',(#3754,#3755,#3756,#3757));
#567=EDGE_LOOP('',(#3758,#3759,#3760,#3761));
#568=EDGE_LOOP('',(#3762,#3763,#3764,#3765));
#569=EDGE_LOOP('',(#3766,#3767,#3768,#3769));
#570=EDGE_LOOP('',(#3770,#3771,#3772,#3773));
#571=EDGE_LOOP('',(#3774,#3775,#3776,#3777));
#572=EDGE_LOOP('',(#3778,#3779,#3780,#3781));
#573=EDGE_LOOP('',(#3782,#3783,#3784,#3785));
#574=EDGE_LOOP('',(#3786,#3787,#3788,#3789));
#575=EDGE_LOOP('',(#3790,#3791,#3792,#3793));
#576=EDGE_LOOP('',(#3794,#3795,#3796,#3797));
#577=EDGE_LOOP('',(#3798,#3799,#3800,#3801));
#578=EDGE_LOOP('',(#3802,#3803,#3804,#3805));
#579=EDGE_LOOP('',(#3806,#3807,#3808,#3809));
#580=EDGE_LOOP('',(#3810,#3811,#3812,#3813));
#581=EDGE_LOOP('',(#3814,#3815,#3816,#3817));
#582=EDGE_LOOP('',(#3818,#3819,#3820,#3821));
#583=EDGE_LOOP('',(#3822,#3823,#3824,#3825));
#584=EDGE_LOOP('',(#3826,#3827,#3828,#3829));
#585=EDGE_LOOP('',(#3830,#3831,#3832,#3833));
#586=EDGE_LOOP('',(#3834,#3835,#3836,#3837,#3838));
#587=EDGE_LOOP('',(#3839,#3840,#3841));
#588=EDGE_LOOP('',(#3842,#3843,#3844,#3845));
#589=EDGE_LOOP('',(#3846,#3847,#3848,#3849,#3850));
#590=EDGE_LOOP('',(#3851,#3852,#3853));
#591=EDGE_LOOP('',(#3854,#3855,#3856,#3857,#3858,#3859));
#592=EDGE_LOOP('',(#3860,#3861,#3862,#3863));
#593=EDGE_LOOP('',(#3864,#3865,#3866,#3867));
#594=EDGE_LOOP('',(#3868,#3869,#3870,#3871,#3872));
#595=EDGE_LOOP('',(#3873,#3874,#3875,#3876,#3877));
#596=EDGE_LOOP('',(#3878,#3879,#3880,#3881,#3882,#3883));
#597=EDGE_LOOP('',(#3884,#3885,#3886,#3887,#3888));
#598=EDGE_LOOP('',(#3889,#3890,#3891,#3892,#3893));
#599=EDGE_LOOP('',(#3894,#3895,#3896,#3897));
#600=EDGE_LOOP('',(#3898,#3899,#3900,#3901));
#601=EDGE_LOOP('',(#3902,#3903,#3904,#3905,#3906,#3907,#3908));
#602=EDGE_LOOP('',(#3909,#3910,#3911,#3912));
#603=EDGE_LOOP('',(#3913,#3914,#3915,#3916,#3917));
#604=EDGE_LOOP('',(#3918,#3919,#3920,#3921));
#605=EDGE_LOOP('',(#3922,#3923,#3924,#3925));
#606=EDGE_LOOP('',(#3926,#3927,#3928,#3929));
#607=EDGE_LOOP('',(#3930,#3931,#3932,#3933));
#608=EDGE_LOOP('',(#3934,#3935,#3936,#3937));
#609=EDGE_LOOP('',(#3938,#3939,#3940,#3941));
#610=EDGE_LOOP('',(#3942,#3943,#3944,#3945));
#611=EDGE_LOOP('',(#3946,#3947,#3948,#3949));
#612=EDGE_LOOP('',(#3950,#3951,#3952,#3953));
#613=EDGE_LOOP('',(#3954,#3955,#3956,#3957));
#614=EDGE_LOOP('',(#3958,#3959,#3960,#3961));
#615=EDGE_LOOP('',(#3962,#3963,#3964,#3965));
#616=EDGE_LOOP('',(#3966,#3967,#3968,#3969));
#617=EDGE_LOOP('',(#3970,#3971,#3972,#3973));
#618=EDGE_LOOP('',(#3974,#3975,#3976,#3977));
#619=EDGE_LOOP('',(#3978,#3979,#3980,#3981));
#620=EDGE_LOOP('',(#3982,#3983,#3984,#3985));
#621=EDGE_LOOP('',(#3986,#3987,#3988,#3989));
#622=EDGE_LOOP('',(#3990,#3991,#3992,#3993));
#623=EDGE_LOOP('',(#3994,#3995,#3996,#3997));
#624=EDGE_LOOP('',(#3998,#3999,#4000,#4001));
#625=EDGE_LOOP('',(#4002,#4003,#4004,#4005));
#626=EDGE_LOOP('',(#4006,#4007,#4008,#4009));
#627=EDGE_LOOP('',(#4010,#4011,#4012,#4013));
#628=EDGE_LOOP('',(#4014,#4015,#4016,#4017));
#629=EDGE_LOOP('',(#4018,#4019,#4020,#4021));
#630=EDGE_LOOP('',(#4022,#4023,#4024,#4025));
#631=EDGE_LOOP('',(#4026,#4027,#4028,#4029,#4030,#4031,#4032,#4033));
#632=EDGE_LOOP('',(#4034,#4035));
#633=EDGE_LOOP('',(#4036,#4037,#4038,#4039));
#634=EDGE_LOOP('',(#4040,#4041,#4042,#4043));
#635=EDGE_LOOP('',(#4044,#4045,#4046,#4047));
#636=EDGE_LOOP('',(#4048,#4049,#4050,#4051));
#637=EDGE_LOOP('',(#4052,#4053,#4054,#4055));
#638=EDGE_LOOP('',(#4056,#4057,#4058,#4059));
#639=EDGE_LOOP('',(#4060,#4061,#4062,#4063));
#640=EDGE_LOOP('',(#4064,#4065,#4066,#4067));
#641=EDGE_LOOP('',(#4068,#4069,#4070,#4071));
#642=EDGE_LOOP('',(#4072,#4073,#4074,#4075,#4076));
#643=EDGE_LOOP('',(#4077,#4078,#4079,#4080));
#644=EDGE_LOOP('',(#4081,#4082,#4083,#4084));
#645=EDGE_LOOP('',(#4085,#4086,#4087,#4088,#4089,#4090,#4091));
#646=EDGE_LOOP('',(#4092,#4093,#4094,#4095,#4096,#4097,#4098,#4099));
#647=EDGE_LOOP('',(#4100));
#648=EDGE_LOOP('',(#4101,#4102,#4103));
#649=EDGE_LOOP('',(#4104,#4105,#4106,#4107));
#650=EDGE_LOOP('',(#4108,#4109,#4110,#4111,#4112,#4113,#4114,#4115));
#651=EDGE_LOOP('',(#4116,#4117,#4118,#4119));
#652=EDGE_LOOP('',(#4120,#4121,#4122,#4123));
#653=EDGE_LOOP('',(#4124,#4125,#4126,#4127));
#654=EDGE_LOOP('',(#4128,#4129,#4130,#4131,#4132,#4133,#4134,#4135,#4136,
#4137));
#655=EDGE_LOOP('',(#4138,#4139,#4140,#4141));
#656=EDGE_LOOP('',(#4142,#4143,#4144,#4145));
#657=EDGE_LOOP('',(#4146,#4147,#4148,#4149));
#658=EDGE_LOOP('',(#4150,#4151,#4152,#4153,#4154,#4155,#4156,#4157,#4158,
#4159));
#659=EDGE_LOOP('',(#4160,#4161,#4162,#4163));
#660=EDGE_LOOP('',(#4164,#4165,#4166,#4167,#4168,#4169));
#661=EDGE_LOOP('',(#4170,#4171,#4172,#4173));
#662=EDGE_LOOP('',(#4174,#4175,#4176,#4177,#4178,#4179,#4180,#4181,#4182,
#4183,#4184,#4185,#4186,#4187,#4188,#4189));
#663=EDGE_LOOP('',(#4190,#4191,#4192,#4193));
#664=EDGE_LOOP('',(#4194,#4195,#4196,#4197));
#665=EDGE_LOOP('',(#4198,#4199,#4200,#4201));
#666=EDGE_LOOP('',(#4202,#4203,#4204,#4205));
#667=EDGE_LOOP('',(#4206,#4207,#4208,#4209));
#668=EDGE_LOOP('',(#4210,#4211,#4212,#4213));
#669=EDGE_LOOP('',(#4214,#4215,#4216,#4217));
#670=EDGE_LOOP('',(#4218,#4219,#4220,#4221));
#671=EDGE_LOOP('',(#4222,#4223,#4224,#4225));
#672=EDGE_LOOP('',(#4226,#4227,#4228,#4229));
#673=EDGE_LOOP('',(#4230,#4231,#4232,#4233));
#674=EDGE_LOOP('',(#4234,#4235,#4236,#4237));
#675=EDGE_LOOP('',(#4238,#4239,#4240,#4241));
#676=EDGE_LOOP('',(#4242,#4243,#4244,#4245));
#677=EDGE_LOOP('',(#4246,#4247,#4248,#4249,#4250,#4251,#4252,#4253));
#678=EDGE_LOOP('',(#4254,#4255,#4256,#4257,#4258,#4259,#4260,#4261));
#679=EDGE_LOOP('',(#4262,#4263,#4264,#4265,#4266,#4267));
#680=EDGE_LOOP('',(#4268,#4269,#4270,#4271,#4272,#4273));
#681=EDGE_LOOP('',(#4274));
#682=EDGE_LOOP('',(#4275));
#683=EDGE_LOOP('',(#4276,#4277));
#684=EDGE_LOOP('',(#4278,#4279,#4280,#4281,#4282));
#685=EDGE_LOOP('',(#4283,#4284));
#686=EDGE_LOOP('',(#4285,#4286,#4287,#4288,#4289));
#687=EDGE_LOOP('',(#4290,#4291,#4292,#4293,#4294,#4295));
#688=EDGE_LOOP('',(#4296,#4297,#4298,#4299));
#689=EDGE_LOOP('',(#4300,#4301,#4302,#4303,#4304,#4305));
#690=EDGE_LOOP('',(#4306,#4307,#4308,#4309));
#691=EDGE_LOOP('',(#4310,#4311,#4312,#4313,#4314,#4315,#4316,#4317));
#692=EDGE_LOOP('',(#4318,#4319,#4320,#4321,#4322,#4323,#4324,#4325,#4326,
#4327,#4328,#4329,#4330));
#693=EDGE_LOOP('',(#4331,#4332,#4333,#4334,#4335,#4336,#4337,#4338));
#694=EDGE_LOOP('',(#4339,#4340,#4341,#4342,#4343,#4344,#4345,#4346));
#695=EDGE_LOOP('',(#4347,#4348,#4349,#4350));
#696=EDGE_LOOP('',(#4351,#4352,#4353,#4354));
#697=EDGE_LOOP('',(#4355,#4356,#4357,#4358));
#698=EDGE_LOOP('',(#4359,#4360,#4361,#4362));
#699=EDGE_LOOP('',(#4363,#4364,#4365,#4366));
#700=EDGE_LOOP('',(#4367,#4368,#4369,#4370));
#701=EDGE_LOOP('',(#4371,#4372,#4373,#4374));
#702=EDGE_LOOP('',(#4375,#4376,#4377,#4378));
#703=EDGE_LOOP('',(#4379,#4380,#4381,#4382));
#704=EDGE_LOOP('',(#4383,#4384,#4385,#4386));
#705=EDGE_LOOP('',(#4387,#4388,#4389,#4390));
#706=EDGE_LOOP('',(#4391,#4392,#4393,#4394));
#707=EDGE_LOOP('',(#4395,#4396,#4397,#4398));
#708=EDGE_LOOP('',(#4399,#4400,#4401,#4402));
#709=EDGE_LOOP('',(#4403,#4404));
#710=EDGE_LOOP('',(#4405,#4406));
#711=EDGE_LOOP('',(#4407,#4408,#4409,#4410,#4411));
#712=EDGE_LOOP('',(#4412,#4413,#4414,#4415,#4416));
#713=EDGE_LOOP('',(#4417,#4418,#4419,#4420));
#714=EDGE_LOOP('',(#4421,#4422,#4423,#4424));
#715=EDGE_LOOP('',(#4425,#4426,#4427,#4428));
#716=EDGE_LOOP('',(#4429,#4430,#4431,#4432));
#717=EDGE_LOOP('',(#4433,#4434,#4435,#4436,#4437));
#718=EDGE_LOOP('',(#4438,#4439,#4440,#4441));
#719=EDGE_LOOP('',(#4442,#4443,#4444,#4445));
#720=EDGE_LOOP('',(#4446,#4447,#4448,#4449,#4450));
#721=EDGE_LOOP('',(#4451,#4452,#4453,#4454));
#722=EDGE_LOOP('',(#4455,#4456,#4457,#4458));
#723=EDGE_LOOP('',(#4459,#4460,#4461,#4462));
#724=EDGE_LOOP('',(#4463,#4464,#4465,#4466));
#725=EDGE_LOOP('',(#4467,#4468,#4469,#4470,#4471));
#726=EDGE_LOOP('',(#4472,#4473,#4474,#4475,#4476));
#727=EDGE_LOOP('',(#4477,#4478,#4479,#4480));
#728=EDGE_LOOP('',(#4481,#4482,#4483,#4484));
#729=EDGE_LOOP('',(#4485,#4486,#4487,#4488));
#730=EDGE_LOOP('',(#4489,#4490,#4491,#4492));
#731=EDGE_LOOP('',(#4493,#4494,#4495,#4496,#4497));
#732=EDGE_LOOP('',(#4498,#4499,#4500,#4501,#4502));
#733=EDGE_LOOP('',(#4503,#4504,#4505,#4506));
#734=EDGE_LOOP('',(#4507,#4508,#4509,#4510));
#735=EDGE_LOOP('',(#4511,#4512,#4513,#4514));
#736=EDGE_LOOP('',(#4515));
#737=EDGE_LOOP('',(#4516,#4517,#4518,#4519));
#738=EDGE_LOOP('',(#4520,#4521,#4522,#4523));
#739=EDGE_LOOP('',(#4524));
#740=EDGE_LOOP('',(#4525,#4526,#4527,#4528,#4529));
#741=EDGE_LOOP('',(#4530,#4531,#4532,#4533,#4534));
#742=EDGE_LOOP('',(#4535,#4536,#4537,#4538));
#743=EDGE_LOOP('',(#4539));
#744=EDGE_LOOP('',(#4540,#4541,#4542,#4543,#4544,#4545,#4546));
#745=EDGE_LOOP('',(#4547,#4548,#4549,#4550,#4551));
#746=EDGE_LOOP('',(#4552,#4553,#4554,#4555));
#747=EDGE_LOOP('',(#4556));
#748=EDGE_LOOP('',(#4557,#4558,#4559,#4560,#4561));
#749=EDGE_LOOP('',(#4562,#4563,#4564,#4565,#4566));
#750=EDGE_LOOP('',(#4567,#4568,#4569,#4570,#4571));
#751=EDGE_LOOP('',(#4572,#4573,#4574,#4575,#4576,#4577,#4578,#4579,#4580,
#4581,#4582,#4583,#4584,#4585,#4586,#4587));
#752=EDGE_LOOP('',(#4588,#4589,#4590,#4591));
#753=EDGE_LOOP('',(#4592,#4593,#4594,#4595));
#754=EDGE_LOOP('',(#4596,#4597,#4598,#4599));
#755=EDGE_LOOP('',(#4600,#4601,#4602,#4603));
#756=EDGE_LOOP('',(#4604,#4605,#4606,#4607));
#757=EDGE_LOOP('',(#4608,#4609,#4610,#4611));
#758=EDGE_LOOP('',(#4612,#4613,#4614,#4615));
#759=EDGE_LOOP('',(#4616,#4617,#4618,#4619));
#760=EDGE_LOOP('',(#4620,#4621,#4622,#4623,#4624,#4625,#4626,#4627));
#761=EDGE_LOOP('',(#4628,#4629,#4630,#4631,#4632));
#762=EDGE_LOOP('',(#4633,#4634,#4635,#4636));
#763=EDGE_LOOP('',(#4637,#4638,#4639,#4640));
#764=EDGE_LOOP('',(#4641,#4642,#4643,#4644));
#765=EDGE_LOOP('',(#4645,#4646,#4647,#4648));
#766=EDGE_LOOP('',(#4649,#4650,#4651,#4652,#4653,#4654,#4655,#4656,#4657,
#4658,#4659,#4660));
#767=EDGE_LOOP('',(#4661,#4662,#4663,#4664,#4665));
#768=LINE('',#7026,#1405);
#769=LINE('',#7028,#1406);
#770=LINE('',#7030,#1407);
#771=LINE('',#7031,#1408);
#772=LINE('',#7034,#1409);
#773=LINE('',#7036,#1410);
#774=LINE('',#7037,#1411);
#775=LINE('',#7040,#1412);
#776=LINE('',#7042,#1413);
#777=LINE('',#7043,#1414);
#778=LINE('',#7045,#1415);
#779=LINE('',#7046,#1416);
#780=LINE('',#7050,#1417);
#781=LINE('',#7052,#1418);
#782=LINE('',#7054,#1419);
#783=LINE('',#7055,#1420);
#784=LINE('',#7058,#1421);
#785=LINE('',#7060,#1422);
#786=LINE('',#7061,#1423);
#787=LINE('',#7064,#1424);
#788=LINE('',#7066,#1425);
#789=LINE('',#7067,#1426);
#790=LINE('',#7069,#1427);
#791=LINE('',#7070,#1428);
#792=LINE('',#7074,#1429);
#793=LINE('',#7076,#1430);
#794=LINE('',#7078,#1431);
#795=LINE('',#7079,#1432);
#796=LINE('',#7082,#1433);
#797=LINE('',#7084,#1434);
#798=LINE('',#7085,#1435);
#799=LINE('',#7088,#1436);
#800=LINE('',#7090,#1437);
#801=LINE('',#7091,#1438);
#802=LINE('',#7093,#1439);
#803=LINE('',#7094,#1440);
#804=LINE('',#7098,#1441);
#805=LINE('',#7100,#1442);
#806=LINE('',#7102,#1443);
#807=LINE('',#7103,#1444);
#808=LINE('',#7106,#1445);
#809=LINE('',#7108,#1446);
#810=LINE('',#7109,#1447);
#811=LINE('',#7112,#1448);
#812=LINE('',#7114,#1449);
#813=LINE('',#7115,#1450);
#814=LINE('',#7117,#1451);
#815=LINE('',#7118,#1452);
#816=LINE('',#7122,#1453);
#817=LINE('',#7124,#1454);
#818=LINE('',#7126,#1455);
#819=LINE('',#7127,#1456);
#820=LINE('',#7130,#1457);
#821=LINE('',#7132,#1458);
#822=LINE('',#7133,#1459);
#823=LINE('',#7136,#1460);
#824=LINE('',#7138,#1461);
#825=LINE('',#7139,#1462);
#826=LINE('',#7141,#1463);
#827=LINE('',#7142,#1464);
#828=LINE('',#7146,#1465);
#829=LINE('',#7148,#1466);
#830=LINE('',#7150,#1467);
#831=LINE('',#7151,#1468);
#832=LINE('',#7154,#1469);
#833=LINE('',#7156,#1470);
#834=LINE('',#7157,#1471);
#835=LINE('',#7160,#1472);
#836=LINE('',#7162,#1473);
#837=LINE('',#7163,#1474);
#838=LINE('',#7165,#1475);
#839=LINE('',#7166,#1476);
#840=LINE('',#7170,#1477);
#841=LINE('',#7172,#1478);
#842=LINE('',#7174,#1479);
#843=LINE('',#7175,#1480);
#844=LINE('',#7178,#1481);
#845=LINE('',#7180,#1482);
#846=LINE('',#7181,#1483);
#847=LINE('',#7184,#1484);
#848=LINE('',#7186,#1485);
#849=LINE('',#7187,#1486);
#850=LINE('',#7189,#1487);
#851=LINE('',#7190,#1488);
#852=LINE('',#7194,#1489);
#853=LINE('',#7196,#1490);
#854=LINE('',#7198,#1491);
#855=LINE('',#7199,#1492);
#856=LINE('',#7202,#1493);
#857=LINE('',#7204,#1494);
#858=LINE('',#7205,#1495);
#859=LINE('',#7208,#1496);
#860=LINE('',#7210,#1497);
#861=LINE('',#7211,#1498);
#862=LINE('',#7213,#1499);
#863=LINE('',#7214,#1500);
#864=LINE('',#7218,#1501);
#865=LINE('',#7220,#1502);
#866=LINE('',#7222,#1503);
#867=LINE('',#7223,#1504);
#868=LINE('',#7226,#1505);
#869=LINE('',#7228,#1506);
#870=LINE('',#7229,#1507);
#871=LINE('',#7232,#1508);
#872=LINE('',#7234,#1509);
#873=LINE('',#7235,#1510);
#874=LINE('',#7237,#1511);
#875=LINE('',#7238,#1512);
#876=LINE('',#7242,#1513);
#877=LINE('',#7244,#1514);
#878=LINE('',#7246,#1515);
#879=LINE('',#7247,#1516);
#880=LINE('',#7250,#1517);
#881=LINE('',#7252,#1518);
#882=LINE('',#7253,#1519);
#883=LINE('',#7256,#1520);
#884=LINE('',#7258,#1521);
#885=LINE('',#7259,#1522);
#886=LINE('',#7261,#1523);
#887=LINE('',#7262,#1524);
#888=LINE('',#7266,#1525);
#889=LINE('',#7268,#1526);
#890=LINE('',#7270,#1527);
#891=LINE('',#7271,#1528);
#892=LINE('',#7274,#1529);
#893=LINE('',#7276,#1530);
#894=LINE('',#7277,#1531);
#895=LINE('',#7280,#1532);
#896=LINE('',#7282,#1533);
#897=LINE('',#7283,#1534);
#898=LINE('',#7285,#1535);
#899=LINE('',#7286,#1536);
#900=LINE('',#7290,#1537);
#901=LINE('',#7292,#1538);
#902=LINE('',#7294,#1539);
#903=LINE('',#7295,#1540);
#904=LINE('',#7298,#1541);
#905=LINE('',#7300,#1542);
#906=LINE('',#7301,#1543);
#907=LINE('',#7304,#1544);
#908=LINE('',#7306,#1545);
#909=LINE('',#7307,#1546);
#910=LINE('',#7309,#1547);
#911=LINE('',#7310,#1548);
#912=LINE('',#7314,#1549);
#913=LINE('',#7316,#1550);
#914=LINE('',#7318,#1551);
#915=LINE('',#7319,#1552);
#916=LINE('',#7322,#1553);
#917=LINE('',#7324,#1554);
#918=LINE('',#7325,#1555);
#919=LINE('',#7328,#1556);
#920=LINE('',#7330,#1557);
#921=LINE('',#7331,#1558);
#922=LINE('',#7333,#1559);
#923=LINE('',#7334,#1560);
#924=LINE('',#7338,#1561);
#925=LINE('',#7340,#1562);
#926=LINE('',#7342,#1563);
#927=LINE('',#7343,#1564);
#928=LINE('',#7346,#1565);
#929=LINE('',#7348,#1566);
#930=LINE('',#7349,#1567);
#931=LINE('',#7352,#1568);
#932=LINE('',#7354,#1569);
#933=LINE('',#7355,#1570);
#934=LINE('',#7357,#1571);
#935=LINE('',#7358,#1572);
#936=LINE('',#7362,#1573);
#937=LINE('',#7366,#1574);
#938=LINE('',#7368,#1575);
#939=LINE('',#7370,#1576);
#940=LINE('',#7372,#1577);
#941=LINE('',#7373,#1578);
#942=LINE('',#7377,#1579);
#943=LINE('',#7381,#1580);
#944=LINE('',#7383,#1581);
#945=LINE('',#7384,#1582);
#946=LINE('',#7388,#1583);
#947=LINE('',#7390,#1584);
#948=LINE('',#7392,#1585);
#949=LINE('',#7396,#1586);
#950=LINE('',#7398,#1587);
#951=LINE('',#7399,#1588);
#952=LINE('',#7402,#1589);
#953=LINE('',#7403,#1590);
#954=LINE('',#7407,#1591);
#955=LINE('',#7409,#1592);
#956=LINE('',#7411,#1593);
#957=LINE('',#7412,#1594);
#958=LINE('',#7415,#1595);
#959=LINE('',#7416,#1596);
#960=LINE('',#7418,#1597);
#961=LINE('',#7421,#1598);
#962=LINE('',#7424,#1599);
#963=LINE('',#7426,#1600);
#964=LINE('',#7427,#1601);
#965=LINE('',#7439,#1602);
#966=LINE('',#7442,#1603);
#967=LINE('',#7445,#1604);
#968=LINE('',#7447,#1605);
#969=LINE('',#7449,#1606);
#970=LINE('',#7451,#1607);
#971=LINE('',#7453,#1608);
#972=LINE('',#7454,#1609);
#973=LINE('',#7456,#1610);
#974=LINE('',#7457,#1611);
#975=LINE('',#7460,#1612);
#976=LINE('',#7462,#1613);
#977=LINE('',#7463,#1614);
#978=LINE('',#7467,#1615);
#979=LINE('',#7468,#1616);
#980=LINE('',#7473,#1617);
#981=LINE('',#7475,#1618);
#982=LINE('',#7477,#1619);
#983=LINE('',#7479,#1620);
#984=LINE('',#7484,#1621);
#985=LINE('',#7486,#1622);
#986=LINE('',#7487,#1623);
#987=LINE('',#7494,#1624);
#988=LINE('',#7497,#1625);
#989=LINE('',#7500,#1626);
#990=LINE('',#7502,#1627);
#991=LINE('',#7503,#1628);
#992=LINE('',#7508,#1629);
#993=LINE('',#7512,#1630);
#994=LINE('',#7514,#1631);
#995=LINE('',#7515,#1632);
#996=LINE('',#7521,#1633);
#997=LINE('',#7524,#1634);
#998=LINE('',#7527,#1635);
#999=LINE('',#7529,#1636);
#1000=LINE('',#7530,#1637);
#1001=LINE('',#7536,#1638);
#1002=LINE('',#7539,#1639);
#1003=LINE('',#7542,#1640);
#1004=LINE('',#7544,#1641);
#1005=LINE('',#7545,#1642);
#1006=LINE('',#7549,#1643);
#1007=LINE('',#7551,#1644);
#1008=LINE('',#7553,#1645);
#1009=LINE('',#7554,#1646);
#1010=LINE('',#7557,#1647);
#1011=LINE('',#7559,#1648);
#1012=LINE('',#7560,#1649);
#1013=LINE('',#7562,#1650);
#1014=LINE('',#7563,#1651);
#1015=LINE('',#7566,#1652);
#1016=LINE('',#7568,#1653);
#1017=LINE('',#7569,#1654);
#1018=LINE('',#7572,#1655);
#1019=LINE('',#7574,#1656);
#1020=LINE('',#7575,#1657);
#1021=LINE('',#7578,#1658);
#1022=LINE('',#7580,#1659);
#1023=LINE('',#7581,#1660);
#1024=LINE('',#7583,#1661);
#1025=LINE('',#7584,#1662);
#1026=LINE('',#7589,#1663);
#1027=LINE('',#7591,#1664);
#1028=LINE('',#7593,#1665);
#1029=LINE('',#7594,#1666);
#1030=LINE('',#7596,#1667);
#1031=LINE('',#7597,#1668);
#1032=LINE('',#7600,#1669);
#1033=LINE('',#7602,#1670);
#1034=LINE('',#7603,#1671);
#1035=LINE('',#7606,#1672);
#1036=LINE('',#7608,#1673);
#1037=LINE('',#7609,#1674);
#1038=LINE('',#7612,#1675);
#1039=LINE('',#7614,#1676);
#1040=LINE('',#7615,#1677);
#1041=LINE('',#7618,#1678);
#1042=LINE('',#7620,#1679);
#1043=LINE('',#7621,#1680);
#1044=LINE('',#7623,#1681);
#1045=LINE('',#7624,#1682);
#1046=LINE('',#7628,#1683);
#1047=LINE('',#7630,#1684);
#1048=LINE('',#7631,#1685);
#1049=LINE('',#7634,#1686);
#1050=LINE('',#7636,#1687);
#1051=LINE('',#7638,#1688);
#1052=LINE('',#7640,#1689);
#1053=LINE('',#7642,#1690);
#1054=LINE('',#7644,#1691);
#1055=LINE('',#7646,#1692);
#1056=LINE('',#7648,#1693);
#1057=LINE('',#7650,#1694);
#1058=LINE('',#7652,#1695);
#1059=LINE('',#7654,#1696);
#1060=LINE('',#7656,#1697);
#1061=LINE('',#7657,#1698);
#1062=LINE('',#7659,#1699);
#1063=LINE('',#7663,#1700);
#1064=LINE('',#7667,#1701);
#1065=LINE('',#7671,#1702);
#1066=LINE('',#7674,#1703);
#1067=LINE('',#7685,#1704);
#1068=LINE('',#7687,#1705);
#1069=LINE('',#7688,#1706);
#1070=LINE('',#7692,#1707);
#1071=LINE('',#7694,#1708);
#1072=LINE('',#7696,#1709);
#1073=LINE('',#7697,#1710);
#1074=LINE('',#7700,#1711);
#1075=LINE('',#7702,#1712);
#1076=LINE('',#7703,#1713);
#1077=LINE('',#7706,#1714);
#1078=LINE('',#7708,#1715);
#1079=LINE('',#7709,#1716);
#1080=LINE('',#7711,#1717);
#1081=LINE('',#7712,#1718);
#1082=LINE('',#7716,#1719);
#1083=LINE('',#7718,#1720);
#1084=LINE('',#7720,#1721);
#1085=LINE('',#7721,#1722);
#1086=LINE('',#7724,#1723);
#1087=LINE('',#7726,#1724);
#1088=LINE('',#7727,#1725);
#1089=LINE('',#7730,#1726);
#1090=LINE('',#7732,#1727);
#1091=LINE('',#7733,#1728);
#1092=LINE('',#7735,#1729);
#1093=LINE('',#7736,#1730);
#1094=LINE('',#7740,#1731);
#1095=LINE('',#7742,#1732);
#1096=LINE('',#7744,#1733);
#1097=LINE('',#7745,#1734);
#1098=LINE('',#7748,#1735);
#1099=LINE('',#7750,#1736);
#1100=LINE('',#7751,#1737);
#1101=LINE('',#7754,#1738);
#1102=LINE('',#7756,#1739);
#1103=LINE('',#7757,#1740);
#1104=LINE('',#7759,#1741);
#1105=LINE('',#7760,#1742);
#1106=LINE('',#7764,#1743);
#1107=LINE('',#7766,#1744);
#1108=LINE('',#7768,#1745);
#1109=LINE('',#7769,#1746);
#1110=LINE('',#7772,#1747);
#1111=LINE('',#7774,#1748);
#1112=LINE('',#7775,#1749);
#1113=LINE('',#7778,#1750);
#1114=LINE('',#7780,#1751);
#1115=LINE('',#7781,#1752);
#1116=LINE('',#7783,#1753);
#1117=LINE('',#7784,#1754);
#1118=LINE('',#7788,#1755);
#1119=LINE('',#7790,#1756);
#1120=LINE('',#7792,#1757);
#1121=LINE('',#7793,#1758);
#1122=LINE('',#7796,#1759);
#1123=LINE('',#7798,#1760);
#1124=LINE('',#7799,#1761);
#1125=LINE('',#7802,#1762);
#1126=LINE('',#7804,#1763);
#1127=LINE('',#7805,#1764);
#1128=LINE('',#7807,#1765);
#1129=LINE('',#7808,#1766);
#1130=LINE('',#7812,#1767);
#1131=LINE('',#7814,#1768);
#1132=LINE('',#7816,#1769);
#1133=LINE('',#7817,#1770);
#1134=LINE('',#7820,#1771);
#1135=LINE('',#7822,#1772);
#1136=LINE('',#7823,#1773);
#1137=LINE('',#7826,#1774);
#1138=LINE('',#7828,#1775);
#1139=LINE('',#7829,#1776);
#1140=LINE('',#7831,#1777);
#1141=LINE('',#7832,#1778);
#1142=LINE('',#7836,#1779);
#1143=LINE('',#7838,#1780);
#1144=LINE('',#7840,#1781);
#1145=LINE('',#7841,#1782);
#1146=LINE('',#7844,#1783);
#1147=LINE('',#7846,#1784);
#1148=LINE('',#7847,#1785);
#1149=LINE('',#7850,#1786);
#1150=LINE('',#7852,#1787);
#1151=LINE('',#7853,#1788);
#1152=LINE('',#7855,#1789);
#1153=LINE('',#7856,#1790);
#1154=LINE('',#7860,#1791);
#1155=LINE('',#7862,#1792);
#1156=LINE('',#7864,#1793);
#1157=LINE('',#7865,#1794);
#1158=LINE('',#7868,#1795);
#1159=LINE('',#7870,#1796);
#1160=LINE('',#7871,#1797);
#1161=LINE('',#7874,#1798);
#1162=LINE('',#7876,#1799);
#1163=LINE('',#7877,#1800);
#1164=LINE('',#7879,#1801);
#1165=LINE('',#7880,#1802);
#1166=LINE('',#7886,#1803);
#1167=LINE('',#7889,#1804);
#1168=LINE('',#7892,#1805);
#1169=LINE('',#7894,#1806);
#1170=LINE('',#7895,#1807);
#1171=LINE('',#7901,#1808);
#1172=LINE('',#7904,#1809);
#1173=LINE('',#7907,#1810);
#1174=LINE('',#7909,#1811);
#1175=LINE('',#7910,#1812);
#1176=LINE('',#7914,#1813);
#1177=LINE('',#7916,#1814);
#1178=LINE('',#7918,#1815);
#1179=LINE('',#7919,#1816);
#1180=LINE('',#7921,#1817);
#1181=LINE('',#7923,#1818);
#1182=LINE('',#7924,#1819);
#1183=LINE('',#7927,#1820);
#1184=LINE('',#7928,#1821);
#1185=LINE('',#7932,#1822);
#1186=LINE('',#7934,#1823);
#1187=LINE('',#7936,#1824);
#1188=LINE('',#7937,#1825);
#1189=LINE('',#7940,#1826);
#1190=LINE('',#7941,#1827);
#1191=LINE('',#7942,#1828);
#1192=LINE('',#7945,#1829);
#1193=LINE('',#7946,#1830);
#1194=LINE('',#7949,#1831);
#1195=LINE('',#7950,#1832);
#1196=LINE('',#7953,#1833);
#1197=LINE('',#7954,#1834);
#1198=LINE('',#7957,#1835);
#1199=LINE('',#7958,#1836);
#1200=LINE('',#7961,#1837);
#1201=LINE('',#7962,#1838);
#1202=LINE('',#7964,#1839);
#1203=LINE('',#7967,#1840);
#1204=LINE('',#7968,#1841);
#1205=LINE('',#7971,#1842);
#1206=LINE('',#7972,#1843);
#1207=LINE('',#7975,#1844);
#1208=LINE('',#7976,#1845);
#1209=LINE('',#7979,#1846);
#1210=LINE('',#7980,#1847);
#1211=LINE('',#7982,#1848);
#1212=LINE('',#7988,#1849);
#1213=LINE('',#7992,#1850);
#1214=LINE('',#7997,#1851);
#1215=LINE('',#8000,#1852);
#1216=LINE('',#8002,#1853);
#1217=LINE('',#8003,#1854);
#1218=LINE('',#8010,#1855);
#1219=LINE('',#8014,#1856);
#1220=LINE('',#8016,#1857);
#1221=LINE('',#8017,#1858);
#1222=LINE('',#8021,#1859);
#1223=LINE('',#8023,#1860);
#1224=LINE('',#8025,#1861);
#1225=LINE('',#8026,#1862);
#1226=LINE('',#8029,#1863);
#1227=LINE('',#8031,#1864);
#1228=LINE('',#8032,#1865);
#1229=LINE('',#8035,#1866);
#1230=LINE('',#8037,#1867);
#1231=LINE('',#8038,#1868);
#1232=LINE('',#8040,#1869);
#1233=LINE('',#8041,#1870);
#1234=LINE('',#8046,#1871);
#1235=LINE('',#8048,#1872);
#1236=LINE('',#8050,#1873);
#1237=LINE('',#8051,#1874);
#1238=LINE('',#8055,#1875);
#1239=LINE('',#8057,#1876);
#1240=LINE('',#8059,#1877);
#1241=LINE('',#8060,#1878);
#1242=LINE('',#8062,#1879);
#1243=LINE('',#8063,#1880);
#1244=LINE('',#8067,#1881);
#1245=LINE('',#8069,#1882);
#1246=LINE('',#8071,#1883);
#1247=LINE('',#8072,#1884);
#1248=LINE('',#8075,#1885);
#1249=LINE('',#8077,#1886);
#1250=LINE('',#8078,#1887);
#1251=LINE('',#8081,#1888);
#1252=LINE('',#8083,#1889);
#1253=LINE('',#8084,#1890);
#1254=LINE('',#8086,#1891);
#1255=LINE('',#8087,#1892);
#1256=LINE('',#8092,#1893);
#1257=LINE('',#8094,#1894);
#1258=LINE('',#8096,#1895);
#1259=LINE('',#8097,#1896);
#1260=LINE('',#8101,#1897);
#1261=LINE('',#8103,#1898);
#1262=LINE('',#8105,#1899);
#1263=LINE('',#8106,#1900);
#1264=LINE('',#8108,#1901);
#1265=LINE('',#8109,#1902);
#1266=LINE('',#8113,#1903);
#1267=LINE('',#8115,#1904);
#1268=LINE('',#8117,#1905);
#1269=LINE('',#8118,#1906);
#1270=LINE('',#8121,#1907);
#1271=LINE('',#8123,#1908);
#1272=LINE('',#8124,#1909);
#1273=LINE('',#8127,#1910);
#1274=LINE('',#8129,#1911);
#1275=LINE('',#8130,#1912);
#1276=LINE('',#8132,#1913);
#1277=LINE('',#8133,#1914);
#1278=LINE('',#8137,#1915);
#1279=LINE('',#8139,#1916);
#1280=LINE('',#8140,#1917);
#1281=LINE('',#8142,#1918);
#1282=LINE('',#8143,#1919);
#1283=LINE('',#8148,#1920);
#1284=LINE('',#8152,#1921);
#1285=LINE('',#8156,#1922);
#1286=LINE('',#8159,#1923);
#1287=LINE('',#8166,#1924);
#1288=LINE('',#8168,#1925);
#1289=LINE('',#8169,#1926);
#1290=LINE('',#8174,#1927);
#1291=LINE('',#8175,#1928);
#1292=LINE('',#8178,#1929);
#1293=LINE('',#8179,#1930);
#1294=LINE('',#8183,#1931);
#1295=LINE('',#8186,#1932);
#1296=LINE('',#8187,#1933);
#1297=LINE('',#8191,#1934);
#1298=LINE('',#8194,#1935);
#1299=LINE('',#8195,#1936);
#1300=LINE('',#8199,#1937);
#1301=LINE('',#8201,#1938);
#1302=LINE('',#8204,#1939);
#1303=LINE('',#8208,#1940);
#1304=LINE('',#8210,#1941);
#1305=LINE('',#8211,#1942);
#1306=LINE('',#8213,#1943);
#1307=LINE('',#8214,#1944);
#1308=LINE('',#8217,#1945);
#1309=LINE('',#8218,#1946);
#1310=LINE('',#8220,#1947);
#1311=LINE('',#8223,#1948);
#1312=LINE('',#8225,#1949);
#1313=LINE('',#8226,#1950);
#1314=LINE('',#8227,#1951);
#1315=LINE('',#8230,#1952);
#1316=LINE('',#8232,#1953);
#1317=LINE('',#8233,#1954);
#1318=LINE('',#8237,#1955);
#1319=LINE('',#8239,#1956);
#1320=LINE('',#8242,#1957);
#1321=LINE('',#8246,#1958);
#1322=LINE('',#8247,#1959);
#1323=LINE('',#8251,#1960);
#1324=LINE('',#8252,#1961);
#1325=LINE('',#8254,#1962);
#1326=LINE('',#8256,#1963);
#1327=LINE('',#8258,#1964);
#1328=LINE('',#8259,#1965);
#1329=LINE('',#8262,#1966);
#1330=LINE('',#8264,#1967);
#1331=LINE('',#8265,#1968);
#1332=LINE('',#8268,#1969);
#1333=LINE('',#8270,#1970);
#1334=LINE('',#8272,#1971);
#1335=LINE('',#8274,#1972);
#1336=LINE('',#8275,#1973);
#1337=LINE('',#8278,#1974);
#1338=LINE('',#8280,#1975);
#1339=LINE('',#8281,#1976);
#1340=LINE('',#8284,#1977);
#1341=LINE('',#8286,#1978);
#1342=LINE('',#8287,#1979);
#1343=LINE('',#8289,#1980);
#1344=LINE('',#8291,#1981);
#1345=LINE('',#8292,#1982);
#1346=LINE('',#8303,#1983);
#1347=LINE('',#8310,#1984);
#1348=LINE('',#8317,#1985);
#1349=LINE('',#8330,#1986);
#1350=LINE('',#8340,#1987);
#1351=LINE('',#8341,#1988);
#1352=LINE('',#8343,#1989);
#1353=LINE('',#8344,#1990);
#1354=LINE('',#8345,#1991);
#1355=LINE('',#8347,#1992);
#1356=LINE('',#8349,#1993);
#1357=LINE('',#8350,#1994);
#1358=LINE('',#8352,#1995);
#1359=LINE('',#8354,#1996);
#1360=LINE('',#8355,#1997);
#1361=LINE('',#8356,#1998);
#1362=LINE('',#8359,#1999);
#1363=LINE('',#8361,#2000);
#1364=LINE('',#8362,#2001);
#1365=LINE('',#8364,#2002);
#1366=LINE('',#8365,#2003);
#1367=LINE('',#8370,#2004);
#1368=LINE('',#8381,#2005);
#1369=LINE('',#8385,#2006);
#1370=LINE('',#8387,#2007);
#1371=LINE('',#8388,#2008);
#1372=LINE('',#8390,#2009);
#1373=LINE('',#8395,#2010);
#1374=LINE('',#8397,#2011);
#1375=LINE('',#8399,#2012);
#1376=LINE('',#8400,#2013);
#1377=LINE('',#8404,#2014);
#1378=LINE('',#8407,#2015);
#1379=LINE('',#8411,#2016);
#1380=LINE('',#8414,#2017);
#1381=LINE('',#8415,#2018);
#1382=LINE('',#8419,#2019);
#1383=LINE('',#8439,#2020);
#1384=LINE('',#8449,#2021);
#1385=LINE('',#8465,#2022);
#1386=LINE('',#8469,#2023);
#1387=LINE('',#8470,#2024);
#1388=LINE('',#8472,#2025);
#1389=LINE('',#8473,#2026);
#1390=LINE('',#8477,#2027);
#1391=LINE('',#8478,#2028);
#1392=LINE('',#8480,#2029);
#1393=LINE('',#8484,#2030);
#1394=LINE('',#8485,#2031);
#1395=LINE('',#8488,#2032);
#1396=LINE('',#8489,#2033);
#1397=LINE('',#8491,#2034);
#1398=LINE('',#8494,#2035);
#1399=LINE('',#8495,#2036);
#1400=LINE('',#8499,#2037);
#1401=LINE('',#8501,#2038);
#1402=LINE('',#8502,#2039);
#1403=LINE('',#8504,#2040);
#1404=LINE('',#8506,#2041);
#1405=VECTOR('',#5739,10.);
#1406=VECTOR('',#5740,10.);
#1407=VECTOR('',#5741,10.);
#1408=VECTOR('',#5742,10.);
#1409=VECTOR('',#5745,10.);
#1410=VECTOR('',#5746,10.);
#1411=VECTOR('',#5747,10.);
#1412=VECTOR('',#5750,10.);
#1413=VECTOR('',#5751,10.);
#1414=VECTOR('',#5752,10.);
#1415=VECTOR('',#5755,10.);
#1416=VECTOR('',#5756,10.);
#1417=VECTOR('',#5759,10.);
#1418=VECTOR('',#5760,10.);
#1419=VECTOR('',#5761,10.);
#1420=VECTOR('',#5762,10.);
#1421=VECTOR('',#5765,10.);
#1422=VECTOR('',#5766,10.);
#1423=VECTOR('',#5767,10.);
#1424=VECTOR('',#5770,10.);
#1425=VECTOR('',#5771,10.);
#1426=VECTOR('',#5772,10.);
#1427=VECTOR('',#5775,10.);
#1428=VECTOR('',#5776,10.);
#1429=VECTOR('',#5779,10.);
#1430=VECTOR('',#5780,10.);
#1431=VECTOR('',#5781,10.);
#1432=VECTOR('',#5782,10.);
#1433=VECTOR('',#5785,10.);
#1434=VECTOR('',#5786,10.);
#1435=VECTOR('',#5787,10.);
#1436=VECTOR('',#5790,10.);
#1437=VECTOR('',#5791,10.);
#1438=VECTOR('',#5792,10.);
#1439=VECTOR('',#5795,10.);
#1440=VECTOR('',#5796,10.);
#1441=VECTOR('',#5799,10.);
#1442=VECTOR('',#5800,10.);
#1443=VECTOR('',#5801,10.);
#1444=VECTOR('',#5802,10.);
#1445=VECTOR('',#5805,10.);
#1446=VECTOR('',#5806,10.);
#1447=VECTOR('',#5807,10.);
#1448=VECTOR('',#5810,10.);
#1449=VECTOR('',#5811,10.);
#1450=VECTOR('',#5812,10.);
#1451=VECTOR('',#5815,10.);
#1452=VECTOR('',#5816,10.);
#1453=VECTOR('',#5819,10.);
#1454=VECTOR('',#5820,10.);
#1455=VECTOR('',#5821,10.);
#1456=VECTOR('',#5822,10.);
#1457=VECTOR('',#5825,10.);
#1458=VECTOR('',#5826,10.);
#1459=VECTOR('',#5827,10.);
#1460=VECTOR('',#5830,10.);
#1461=VECTOR('',#5831,10.);
#1462=VECTOR('',#5832,10.);
#1463=VECTOR('',#5835,10.);
#1464=VECTOR('',#5836,10.);
#1465=VECTOR('',#5839,10.);
#1466=VECTOR('',#5840,10.);
#1467=VECTOR('',#5841,10.);
#1468=VECTOR('',#5842,10.);
#1469=VECTOR('',#5845,10.);
#1470=VECTOR('',#5846,10.);
#1471=VECTOR('',#5847,10.);
#1472=VECTOR('',#5850,10.);
#1473=VECTOR('',#5851,10.);
#1474=VECTOR('',#5852,10.);
#1475=VECTOR('',#5855,10.);
#1476=VECTOR('',#5856,10.);
#1477=VECTOR('',#5859,10.);
#1478=VECTOR('',#5860,10.);
#1479=VECTOR('',#5861,10.);
#1480=VECTOR('',#5862,10.);
#1481=VECTOR('',#5865,10.);
#1482=VECTOR('',#5866,10.);
#1483=VECTOR('',#5867,10.);
#1484=VECTOR('',#5870,10.);
#1485=VECTOR('',#5871,10.);
#1486=VECTOR('',#5872,10.);
#1487=VECTOR('',#5875,10.);
#1488=VECTOR('',#5876,10.);
#1489=VECTOR('',#5879,10.);
#1490=VECTOR('',#5880,10.);
#1491=VECTOR('',#5881,10.);
#1492=VECTOR('',#5882,10.);
#1493=VECTOR('',#5885,10.);
#1494=VECTOR('',#5886,10.);
#1495=VECTOR('',#5887,10.);
#1496=VECTOR('',#5890,10.);
#1497=VECTOR('',#5891,10.);
#1498=VECTOR('',#5892,10.);
#1499=VECTOR('',#5895,10.);
#1500=VECTOR('',#5896,10.);
#1501=VECTOR('',#5899,10.);
#1502=VECTOR('',#5900,10.);
#1503=VECTOR('',#5901,10.);
#1504=VECTOR('',#5902,10.);
#1505=VECTOR('',#5905,10.);
#1506=VECTOR('',#5906,10.);
#1507=VECTOR('',#5907,10.);
#1508=VECTOR('',#5910,10.);
#1509=VECTOR('',#5911,10.);
#1510=VECTOR('',#5912,10.);
#1511=VECTOR('',#5915,10.);
#1512=VECTOR('',#5916,10.);
#1513=VECTOR('',#5919,10.);
#1514=VECTOR('',#5920,10.);
#1515=VECTOR('',#5921,10.);
#1516=VECTOR('',#5922,10.);
#1517=VECTOR('',#5925,10.);
#1518=VECTOR('',#5926,10.);
#1519=VECTOR('',#5927,10.);
#1520=VECTOR('',#5930,10.);
#1521=VECTOR('',#5931,10.);
#1522=VECTOR('',#5932,10.);
#1523=VECTOR('',#5935,10.);
#1524=VECTOR('',#5936,10.);
#1525=VECTOR('',#5939,10.);
#1526=VECTOR('',#5940,10.);
#1527=VECTOR('',#5941,10.);
#1528=VECTOR('',#5942,10.);
#1529=VECTOR('',#5945,10.);
#1530=VECTOR('',#5946,10.);
#1531=VECTOR('',#5947,10.);
#1532=VECTOR('',#5950,10.);
#1533=VECTOR('',#5951,10.);
#1534=VECTOR('',#5952,10.);
#1535=VECTOR('',#5955,10.);
#1536=VECTOR('',#5956,10.);
#1537=VECTOR('',#5959,10.);
#1538=VECTOR('',#5960,10.);
#1539=VECTOR('',#5961,10.);
#1540=VECTOR('',#5962,10.);
#1541=VECTOR('',#5965,10.);
#1542=VECTOR('',#5966,10.);
#1543=VECTOR('',#5967,10.);
#1544=VECTOR('',#5970,10.);
#1545=VECTOR('',#5971,10.);
#1546=VECTOR('',#5972,10.);
#1547=VECTOR('',#5975,10.);
#1548=VECTOR('',#5976,10.);
#1549=VECTOR('',#5979,10.);
#1550=VECTOR('',#5980,10.);
#1551=VECTOR('',#5981,10.);
#1552=VECTOR('',#5982,10.);
#1553=VECTOR('',#5985,10.);
#1554=VECTOR('',#5986,10.);
#1555=VECTOR('',#5987,10.);
#1556=VECTOR('',#5990,10.);
#1557=VECTOR('',#5991,10.);
#1558=VECTOR('',#5992,10.);
#1559=VECTOR('',#5995,10.);
#1560=VECTOR('',#5996,10.);
#1561=VECTOR('',#5999,10.);
#1562=VECTOR('',#6000,10.);
#1563=VECTOR('',#6001,10.);
#1564=VECTOR('',#6002,10.);
#1565=VECTOR('',#6005,10.);
#1566=VECTOR('',#6006,10.);
#1567=VECTOR('',#6007,10.);
#1568=VECTOR('',#6010,10.);
#1569=VECTOR('',#6011,10.);
#1570=VECTOR('',#6012,10.);
#1571=VECTOR('',#6015,10.);
#1572=VECTOR('',#6016,10.);
#1573=VECTOR('',#6019,10.);
#1574=VECTOR('',#6022,10.);
#1575=VECTOR('',#6023,10.);
#1576=VECTOR('',#6024,10.);
#1577=VECTOR('',#6025,10.);
#1578=VECTOR('',#6026,10.);
#1579=VECTOR('',#6029,10.);
#1580=VECTOR('',#6032,10.);
#1581=VECTOR('',#6033,10.);
#1582=VECTOR('',#6034,10.);
#1583=VECTOR('',#6037,10.);
#1584=VECTOR('',#6038,10.);
#1585=VECTOR('',#6039,10.);
#1586=VECTOR('',#6044,10.);
#1587=VECTOR('',#6045,10.);
#1588=VECTOR('',#6046,10.);
#1589=VECTOR('',#6049,10.);
#1590=VECTOR('',#6050,10.);
#1591=VECTOR('',#6053,10.);
#1592=VECTOR('',#6054,10.);
#1593=VECTOR('',#6055,10.);
#1594=VECTOR('',#6056,10.);
#1595=VECTOR('',#6059,10.);
#1596=VECTOR('',#6060,10.);
#1597=VECTOR('',#6061,10.);
#1598=VECTOR('',#6064,10.);
#1599=VECTOR('',#6067,10.);
#1600=VECTOR('',#6068,10.);
#1601=VECTOR('',#6069,10.);
#1602=VECTOR('',#6074,10.);
#1603=VECTOR('',#6077,10.);
#1604=VECTOR('',#6080,10.);
#1605=VECTOR('',#6081,10.);
#1606=VECTOR('',#6082,10.);
#1607=VECTOR('',#6083,10.);
#1608=VECTOR('',#6084,10.);
#1609=VECTOR('',#6085,10.);
#1610=VECTOR('',#6086,10.);
#1611=VECTOR('',#6087,10.);
#1612=VECTOR('',#6090,10.);
#1613=VECTOR('',#6091,10.);
#1614=VECTOR('',#6092,10.);
#1615=VECTOR('',#6095,10.);
#1616=VECTOR('',#6096,10.);
#1617=VECTOR('',#6101,10.);
#1618=VECTOR('',#6102,10.);
#1619=VECTOR('',#6103,10.);
#1620=VECTOR('',#6104,10.);
#1621=VECTOR('',#6109,10.);
#1622=VECTOR('',#6110,10.);
#1623=VECTOR('',#6111,10.);
#1624=VECTOR('',#6118,10.);
#1625=VECTOR('',#6121,10.);
#1626=VECTOR('',#6124,10.);
#1627=VECTOR('',#6125,10.);
#1628=VECTOR('',#6126,10.);
#1629=VECTOR('',#6131,10.);
#1630=VECTOR('',#6136,10.);
#1631=VECTOR('',#6137,10.);
#1632=VECTOR('',#6138,10.);
#1633=VECTOR('',#6143,10.);
#1634=VECTOR('',#6146,10.);
#1635=VECTOR('',#6149,10.);
#1636=VECTOR('',#6150,10.);
#1637=VECTOR('',#6151,10.);
#1638=VECTOR('',#6156,10.);
#1639=VECTOR('',#6159,10.);
#1640=VECTOR('',#6162,10.);
#1641=VECTOR('',#6163,10.);
#1642=VECTOR('',#6164,10.);
#1643=VECTOR('',#6167,10.);
#1644=VECTOR('',#6168,10.);
#1645=VECTOR('',#6169,10.);
#1646=VECTOR('',#6170,10.);
#1647=VECTOR('',#6173,10.);
#1648=VECTOR('',#6174,10.);
#1649=VECTOR('',#6175,10.);
#1650=VECTOR('',#6178,10.);
#1651=VECTOR('',#6179,10.);
#1652=VECTOR('',#6182,10.);
#1653=VECTOR('',#6183,10.);
#1654=VECTOR('',#6184,10.);
#1655=VECTOR('',#6187,10.);
#1656=VECTOR('',#6188,10.);
#1657=VECTOR('',#6189,10.);
#1658=VECTOR('',#6192,10.);
#1659=VECTOR('',#6193,10.);
#1660=VECTOR('',#6194,10.);
#1661=VECTOR('',#6197,10.);
#1662=VECTOR('',#6198,10.);
#1663=VECTOR('',#6203,10.);
#1664=VECTOR('',#6204,10.);
#1665=VECTOR('',#6205,10.);
#1666=VECTOR('',#6206,10.);
#1667=VECTOR('',#6209,10.);
#1668=VECTOR('',#6210,10.);
#1669=VECTOR('',#6213,10.);
#1670=VECTOR('',#6214,10.);
#1671=VECTOR('',#6215,10.);
#1672=VECTOR('',#6218,10.);
#1673=VECTOR('',#6219,10.);
#1674=VECTOR('',#6220,10.);
#1675=VECTOR('',#6223,10.);
#1676=VECTOR('',#6224,10.);
#1677=VECTOR('',#6225,10.);
#1678=VECTOR('',#6228,10.);
#1679=VECTOR('',#6229,10.);
#1680=VECTOR('',#6230,10.);
#1681=VECTOR('',#6233,10.);
#1682=VECTOR('',#6234,10.);
#1683=VECTOR('',#6239,10.);
#1684=VECTOR('',#6240,10.);
#1685=VECTOR('',#6241,10.);
#1686=VECTOR('',#6244,10.);
#1687=VECTOR('',#6245,10.);
#1688=VECTOR('',#6246,10.);
#1689=VECTOR('',#6247,10.);
#1690=VECTOR('',#6248,10.);
#1691=VECTOR('',#6249,10.);
#1692=VECTOR('',#6250,10.);
#1693=VECTOR('',#6251,10.);
#1694=VECTOR('',#6252,10.);
#1695=VECTOR('',#6253,10.);
#1696=VECTOR('',#6254,10.);
#1697=VECTOR('',#6255,10.);
#1698=VECTOR('',#6256,10.);
#1699=VECTOR('',#6257,10.);
#1700=VECTOR('',#6260,10.);
#1701=VECTOR('',#6263,10.);
#1702=VECTOR('',#6266,10.);
#1703=VECTOR('',#6269,10.);
#1704=VECTOR('',#6280,10.);
#1705=VECTOR('',#6281,10.);
#1706=VECTOR('',#6282,10.);
#1707=VECTOR('',#6285,10.);
#1708=VECTOR('',#6286,10.);
#1709=VECTOR('',#6287,10.);
#1710=VECTOR('',#6288,10.);
#1711=VECTOR('',#6291,10.);
#1712=VECTOR('',#6292,10.);
#1713=VECTOR('',#6293,10.);
#1714=VECTOR('',#6296,10.);
#1715=VECTOR('',#6297,10.);
#1716=VECTOR('',#6298,10.);
#1717=VECTOR('',#6301,10.);
#1718=VECTOR('',#6302,10.);
#1719=VECTOR('',#6305,10.);
#1720=VECTOR('',#6306,10.);
#1721=VECTOR('',#6307,10.);
#1722=VECTOR('',#6308,10.);
#1723=VECTOR('',#6311,10.);
#1724=VECTOR('',#6312,10.);
#1725=VECTOR('',#6313,10.);
#1726=VECTOR('',#6316,10.);
#1727=VECTOR('',#6317,10.);
#1728=VECTOR('',#6318,10.);
#1729=VECTOR('',#6321,10.);
#1730=VECTOR('',#6322,10.);
#1731=VECTOR('',#6325,10.);
#1732=VECTOR('',#6326,10.);
#1733=VECTOR('',#6327,10.);
#1734=VECTOR('',#6328,10.);
#1735=VECTOR('',#6331,10.);
#1736=VECTOR('',#6332,10.);
#1737=VECTOR('',#6333,10.);
#1738=VECTOR('',#6336,10.);
#1739=VECTOR('',#6337,10.);
#1740=VECTOR('',#6338,10.);
#1741=VECTOR('',#6341,10.);
#1742=VECTOR('',#6342,10.);
#1743=VECTOR('',#6345,10.);
#1744=VECTOR('',#6346,10.);
#1745=VECTOR('',#6347,10.);
#1746=VECTOR('',#6348,10.);
#1747=VECTOR('',#6351,10.);
#1748=VECTOR('',#6352,10.);
#1749=VECTOR('',#6353,10.);
#1750=VECTOR('',#6356,10.);
#1751=VECTOR('',#6357,10.);
#1752=VECTOR('',#6358,10.);
#1753=VECTOR('',#6361,10.);
#1754=VECTOR('',#6362,10.);
#1755=VECTOR('',#6365,10.);
#1756=VECTOR('',#6366,10.);
#1757=VECTOR('',#6367,10.);
#1758=VECTOR('',#6368,10.);
#1759=VECTOR('',#6371,10.);
#1760=VECTOR('',#6372,10.);
#1761=VECTOR('',#6373,10.);
#1762=VECTOR('',#6376,10.);
#1763=VECTOR('',#6377,10.);
#1764=VECTOR('',#6378,10.);
#1765=VECTOR('',#6381,10.);
#1766=VECTOR('',#6382,10.);
#1767=VECTOR('',#6385,10.);
#1768=VECTOR('',#6386,10.);
#1769=VECTOR('',#6387,10.);
#1770=VECTOR('',#6388,10.);
#1771=VECTOR('',#6391,10.);
#1772=VECTOR('',#6392,10.);
#1773=VECTOR('',#6393,10.);
#1774=VECTOR('',#6396,10.);
#1775=VECTOR('',#6397,10.);
#1776=VECTOR('',#6398,10.);
#1777=VECTOR('',#6401,10.);
#1778=VECTOR('',#6402,10.);
#1779=VECTOR('',#6405,10.);
#1780=VECTOR('',#6406,10.);
#1781=VECTOR('',#6407,10.);
#1782=VECTOR('',#6408,10.);
#1783=VECTOR('',#6411,10.);
#1784=VECTOR('',#6412,10.);
#1785=VECTOR('',#6413,10.);
#1786=VECTOR('',#6416,10.);
#1787=VECTOR('',#6417,10.);
#1788=VECTOR('',#6418,10.);
#1789=VECTOR('',#6421,10.);
#1790=VECTOR('',#6422,10.);
#1791=VECTOR('',#6425,10.);
#1792=VECTOR('',#6426,10.);
#1793=VECTOR('',#6427,10.);
#1794=VECTOR('',#6428,10.);
#1795=VECTOR('',#6431,10.);
#1796=VECTOR('',#6432,10.);
#1797=VECTOR('',#6433,10.);
#1798=VECTOR('',#6436,10.);
#1799=VECTOR('',#6437,10.);
#1800=VECTOR('',#6438,10.);
#1801=VECTOR('',#6441,10.);
#1802=VECTOR('',#6442,10.);
#1803=VECTOR('',#6447,10.);
#1804=VECTOR('',#6450,10.);
#1805=VECTOR('',#6453,10.);
#1806=VECTOR('',#6454,10.);
#1807=VECTOR('',#6455,10.);
#1808=VECTOR('',#6460,10.);
#1809=VECTOR('',#6463,10.);
#1810=VECTOR('',#6466,10.);
#1811=VECTOR('',#6467,10.);
#1812=VECTOR('',#6468,10.);
#1813=VECTOR('',#6471,10.);
#1814=VECTOR('',#6472,10.);
#1815=VECTOR('',#6473,10.);
#1816=VECTOR('',#6474,10.);
#1817=VECTOR('',#6477,10.);
#1818=VECTOR('',#6478,10.);
#1819=VECTOR('',#6479,10.);
#1820=VECTOR('',#6482,10.);
#1821=VECTOR('',#6483,10.);
#1822=VECTOR('',#6486,10.);
#1823=VECTOR('',#6487,10.);
#1824=VECTOR('',#6488,10.);
#1825=VECTOR('',#6489,10.);
#1826=VECTOR('',#6492,10.);
#1827=VECTOR('',#6493,10.);
#1828=VECTOR('',#6494,10.);
#1829=VECTOR('',#6497,10.);
#1830=VECTOR('',#6498,10.);
#1831=VECTOR('',#6501,10.);
#1832=VECTOR('',#6502,10.);
#1833=VECTOR('',#6505,10.);
#1834=VECTOR('',#6506,10.);
#1835=VECTOR('',#6509,10.);
#1836=VECTOR('',#6510,10.);
#1837=VECTOR('',#6513,10.);
#1838=VECTOR('',#6514,10.);
#1839=VECTOR('',#6517,10.);
#1840=VECTOR('',#6520,10.);
#1841=VECTOR('',#6521,10.);
#1842=VECTOR('',#6524,10.);
#1843=VECTOR('',#6525,10.);
#1844=VECTOR('',#6528,10.);
#1845=VECTOR('',#6529,10.);
#1846=VECTOR('',#6532,10.);
#1847=VECTOR('',#6533,10.);
#1848=VECTOR('',#6536,10.);
#1849=VECTOR('',#6541,10.);
#1850=VECTOR('',#6544,10.);
#1851=VECTOR('',#6549,10.);
#1852=VECTOR('',#6552,10.);
#1853=VECTOR('',#6553,10.);
#1854=VECTOR('',#6554,10.);
#1855=VECTOR('',#6561,10.);
#1856=VECTOR('',#6566,10.);
#1857=VECTOR('',#6567,10.);
#1858=VECTOR('',#6568,10.);
#1859=VECTOR('',#6571,10.);
#1860=VECTOR('',#6572,10.);
#1861=VECTOR('',#6573,10.);
#1862=VECTOR('',#6574,10.);
#1863=VECTOR('',#6577,10.);
#1864=VECTOR('',#6578,10.);
#1865=VECTOR('',#6579,10.);
#1866=VECTOR('',#6582,10.);
#1867=VECTOR('',#6583,10.);
#1868=VECTOR('',#6584,10.);
#1869=VECTOR('',#6587,10.);
#1870=VECTOR('',#6588,10.);
#1871=VECTOR('',#6593,10.);
#1872=VECTOR('',#6594,10.);
#1873=VECTOR('',#6595,10.);
#1874=VECTOR('',#6596,10.);
#1875=VECTOR('',#6599,10.);
#1876=VECTOR('',#6600,10.);
#1877=VECTOR('',#6601,10.);
#1878=VECTOR('',#6602,10.);
#1879=VECTOR('',#6605,10.);
#1880=VECTOR('',#6606,10.);
#1881=VECTOR('',#6609,10.);
#1882=VECTOR('',#6610,10.);
#1883=VECTOR('',#6611,10.);
#1884=VECTOR('',#6612,10.);
#1885=VECTOR('',#6615,10.);
#1886=VECTOR('',#6616,10.);
#1887=VECTOR('',#6617,10.);
#1888=VECTOR('',#6620,10.);
#1889=VECTOR('',#6621,10.);
#1890=VECTOR('',#6622,10.);
#1891=VECTOR('',#6625,10.);
#1892=VECTOR('',#6626,10.);
#1893=VECTOR('',#6631,10.);
#1894=VECTOR('',#6632,10.);
#1895=VECTOR('',#6633,10.);
#1896=VECTOR('',#6634,10.);
#1897=VECTOR('',#6637,10.);
#1898=VECTOR('',#6638,10.);
#1899=VECTOR('',#6639,10.);
#1900=VECTOR('',#6640,10.);
#1901=VECTOR('',#6643,10.);
#1902=VECTOR('',#6644,10.);
#1903=VECTOR('',#6647,10.);
#1904=VECTOR('',#6648,10.);
#1905=VECTOR('',#6649,10.);
#1906=VECTOR('',#6650,10.);
#1907=VECTOR('',#6653,10.);
#1908=VECTOR('',#6654,10.);
#1909=VECTOR('',#6655,10.);
#1910=VECTOR('',#6658,10.);
#1911=VECTOR('',#6659,10.);
#1912=VECTOR('',#6660,10.);
#1913=VECTOR('',#6663,10.);
#1914=VECTOR('',#6664,10.);
#1915=VECTOR('',#6669,10.);
#1916=VECTOR('',#6670,10.);
#1917=VECTOR('',#6671,10.);
#1918=VECTOR('',#6674,10.);
#1919=VECTOR('',#6675,10.);
#1920=VECTOR('',#6678,10.);
#1921=VECTOR('',#6681,10.);
#1922=VECTOR('',#6684,10.);
#1923=VECTOR('',#6687,10.);
#1924=VECTOR('',#6694,10.);
#1925=VECTOR('',#6695,10.);
#1926=VECTOR('',#6696,10.);
#1927=VECTOR('',#6701,10.);
#1928=VECTOR('',#6702,10.);
#1929=VECTOR('',#6705,10.);
#1930=VECTOR('',#6706,10.);
#1931=VECTOR('',#6711,10.);
#1932=VECTOR('',#6714,10.);
#1933=VECTOR('',#6715,10.);
#1934=VECTOR('',#6720,10.);
#1935=VECTOR('',#6723,10.);
#1936=VECTOR('',#6724,10.);
#1937=VECTOR('',#6729,10.);
#1938=VECTOR('',#6732,10.);
#1939=VECTOR('',#6735,9.75);
#1940=VECTOR('',#6740,10.);
#1941=VECTOR('',#6741,10.);
#1942=VECTOR('',#6742,10.);
#1943=VECTOR('',#6745,10.);
#1944=VECTOR('',#6746,10.);
#1945=VECTOR('',#6749,10.);
#1946=VECTOR('',#6750,10.);
#1947=VECTOR('',#6753,10.);
#1948=VECTOR('',#6758,10.);
#1949=VECTOR('',#6759,10.);
#1950=VECTOR('',#6760,10.);
#1951=VECTOR('',#6761,10.);
#1952=VECTOR('',#6764,10.);
#1953=VECTOR('',#6765,10.);
#1954=VECTOR('',#6766,10.);
#1955=VECTOR('',#6773,10.);
#1956=VECTOR('',#6776,10.);
#1957=VECTOR('',#6779,10.);
#1958=VECTOR('',#6784,10.);
#1959=VECTOR('',#6785,10.);
#1960=VECTOR('',#6792,10.);
#1961=VECTOR('',#6793,10.);
#1962=VECTOR('',#6794,10.);
#1963=VECTOR('',#6795,10.);
#1964=VECTOR('',#6796,10.);
#1965=VECTOR('',#6797,10.);
#1966=VECTOR('',#6800,10.);
#1967=VECTOR('',#6801,10.);
#1968=VECTOR('',#6802,10.);
#1969=VECTOR('',#6805,10.);
#1970=VECTOR('',#6806,10.);
#1971=VECTOR('',#6807,10.);
#1972=VECTOR('',#6808,10.);
#1973=VECTOR('',#6809,10.);
#1974=VECTOR('',#6812,10.);
#1975=VECTOR('',#6813,10.);
#1976=VECTOR('',#6814,10.);
#1977=VECTOR('',#6817,10.);
#1978=VECTOR('',#6818,10.);
#1979=VECTOR('',#6819,10.);
#1980=VECTOR('',#6820,10.);
#1981=VECTOR('',#6821,10.);
#1982=VECTOR('',#6822,10.);
#1983=VECTOR('',#6835,7.5);
#1984=VECTOR('',#6844,7.5);
#1985=VECTOR('',#6851,5.5);
#1986=VECTOR('',#6866,5.5);
#1987=VECTOR('',#6877,10.);
#1988=VECTOR('',#6878,10.);
#1989=VECTOR('',#6879,10.);
#1990=VECTOR('',#6880,10.);
#1991=VECTOR('',#6881,10.);
#1992=VECTOR('',#6884,10.);
#1993=VECTOR('',#6885,10.);
#1994=VECTOR('',#6886,10.);
#1995=VECTOR('',#6887,10.);
#1996=VECTOR('',#6888,10.);
#1997=VECTOR('',#6889,10.);
#1998=VECTOR('',#6890,10.);
#1999=VECTOR('',#6893,10.);
#2000=VECTOR('',#6894,10.);
#2001=VECTOR('',#6895,10.);
#2002=VECTOR('',#6896,10.);
#2003=VECTOR('',#6897,10.);
#2004=VECTOR('',#6902,10.);
#2005=VECTOR('',#6909,10.);
#2006=VECTOR('',#6914,10.);
#2007=VECTOR('',#6915,10.);
#2008=VECTOR('',#6916,10.);
#2009=VECTOR('',#6919,10.);
#2010=VECTOR('',#6926,1.6);
#2011=VECTOR('',#6929,10.);
#2012=VECTOR('',#6930,10.);
#2013=VECTOR('',#6931,10.);
#2014=VECTOR('',#6936,1.6);
#2015=VECTOR('',#6941,10.);
#2016=VECTOR('',#6946,1.6);
#2017=VECTOR('',#6951,10.);
#2018=VECTOR('',#6952,10.);
#2019=VECTOR('',#6957,1.6);
#2020=VECTOR('',#6960,10.);
#2021=VECTOR('',#6963,10.);
#2022=VECTOR('',#6970,10.);
#2023=VECTOR('',#6975,10.);
#2024=VECTOR('',#6976,10.);
#2025=VECTOR('',#6979,10.);
#2026=VECTOR('',#6980,10.);
#2027=VECTOR('',#6985,10.);
#2028=VECTOR('',#6986,10.);
#2029=VECTOR('',#6989,10.);
#2030=VECTOR('',#6994,10.);
#2031=VECTOR('',#6995,10.);
#2032=VECTOR('',#6998,10.);
#2033=VECTOR('',#6999,10.);
#2034=VECTOR('',#7002,10.);
#2035=VECTOR('',#7005,10.);
#2036=VECTOR('',#7006,10.);
#2037=VECTOR('',#7011,10.);
#2038=VECTOR('',#7012,10.);
#2039=VECTOR('',#7013,10.);
#2040=VECTOR('',#7016,10.);
#2041=VECTOR('',#7019,10.);
#2042=VERTEX_POINT('',#7024);
#2043=VERTEX_POINT('',#7025);
#2044=VERTEX_POINT('',#7027);
#2045=VERTEX_POINT('',#7029);
#2046=VERTEX_POINT('',#7033);
#2047=VERTEX_POINT('',#7035);
#2048=VERTEX_POINT('',#7039);
#2049=VERTEX_POINT('',#7041);
#2050=VERTEX_POINT('',#7048);
#2051=VERTEX_POINT('',#7049);
#2052=VERTEX_POINT('',#7051);
#2053=VERTEX_POINT('',#7053);
#2054=VERTEX_POINT('',#7057);
#2055=VERTEX_POINT('',#7059);
#2056=VERTEX_POINT('',#7063);
#2057=VERTEX_POINT('',#7065);
#2058=VERTEX_POINT('',#7072);
#2059=VERTEX_POINT('',#7073);
#2060=VERTEX_POINT('',#7075);
#2061=VERTEX_POINT('',#7077);
#2062=VERTEX_POINT('',#7081);
#2063=VERTEX_POINT('',#7083);
#2064=VERTEX_POINT('',#7087);
#2065=VERTEX_POINT('',#7089);
#2066=VERTEX_POINT('',#7096);
#2067=VERTEX_POINT('',#7097);
#2068=VERTEX_POINT('',#7099);
#2069=VERTEX_POINT('',#7101);
#2070=VERTEX_POINT('',#7105);
#2071=VERTEX_POINT('',#7107);
#2072=VERTEX_POINT('',#7111);
#2073=VERTEX_POINT('',#7113);
#2074=VERTEX_POINT('',#7120);
#2075=VERTEX_POINT('',#7121);
#2076=VERTEX_POINT('',#7123);
#2077=VERTEX_POINT('',#7125);
#2078=VERTEX_POINT('',#7129);
#2079=VERTEX_POINT('',#7131);
#2080=VERTEX_POINT('',#7135);
#2081=VERTEX_POINT('',#7137);
#2082=VERTEX_POINT('',#7144);
#2083=VERTEX_POINT('',#7145);
#2084=VERTEX_POINT('',#7147);
#2085=VERTEX_POINT('',#7149);
#2086=VERTEX_POINT('',#7153);
#2087=VERTEX_POINT('',#7155);
#2088=VERTEX_POINT('',#7159);
#2089=VERTEX_POINT('',#7161);
#2090=VERTEX_POINT('',#7168);
#2091=VERTEX_POINT('',#7169);
#2092=VERTEX_POINT('',#7171);
#2093=VERTEX_POINT('',#7173);
#2094=VERTEX_POINT('',#7177);
#2095=VERTEX_POINT('',#7179);
#2096=VERTEX_POINT('',#7183);
#2097=VERTEX_POINT('',#7185);
#2098=VERTEX_POINT('',#7192);
#2099=VERTEX_POINT('',#7193);
#2100=VERTEX_POINT('',#7195);
#2101=VERTEX_POINT('',#7197);
#2102=VERTEX_POINT('',#7201);
#2103=VERTEX_POINT('',#7203);
#2104=VERTEX_POINT('',#7207);
#2105=VERTEX_POINT('',#7209);
#2106=VERTEX_POINT('',#7216);
#2107=VERTEX_POINT('',#7217);
#2108=VERTEX_POINT('',#7219);
#2109=VERTEX_POINT('',#7221);
#2110=VERTEX_POINT('',#7225);
#2111=VERTEX_POINT('',#7227);
#2112=VERTEX_POINT('',#7231);
#2113=VERTEX_POINT('',#7233);
#2114=VERTEX_POINT('',#7240);
#2115=VERTEX_POINT('',#7241);
#2116=VERTEX_POINT('',#7243);
#2117=VERTEX_POINT('',#7245);
#2118=VERTEX_POINT('',#7249);
#2119=VERTEX_POINT('',#7251);
#2120=VERTEX_POINT('',#7255);
#2121=VERTEX_POINT('',#7257);
#2122=VERTEX_POINT('',#7264);
#2123=VERTEX_POINT('',#7265);
#2124=VERTEX_POINT('',#7267);
#2125=VERTEX_POINT('',#7269);
#2126=VERTEX_POINT('',#7273);
#2127=VERTEX_POINT('',#7275);
#2128=VERTEX_POINT('',#7279);
#2129=VERTEX_POINT('',#7281);
#2130=VERTEX_POINT('',#7288);
#2131=VERTEX_POINT('',#7289);
#2132=VERTEX_POINT('',#7291);
#2133=VERTEX_POINT('',#7293);
#2134=VERTEX_POINT('',#7297);
#2135=VERTEX_POINT('',#7299);
#2136=VERTEX_POINT('',#7303);
#2137=VERTEX_POINT('',#7305);
#2138=VERTEX_POINT('',#7312);
#2139=VERTEX_POINT('',#7313);
#2140=VERTEX_POINT('',#7315);
#2141=VERTEX_POINT('',#7317);
#2142=VERTEX_POINT('',#7321);
#2143=VERTEX_POINT('',#7323);
#2144=VERTEX_POINT('',#7327);
#2145=VERTEX_POINT('',#7329);
#2146=VERTEX_POINT('',#7336);
#2147=VERTEX_POINT('',#7337);
#2148=VERTEX_POINT('',#7339);
#2149=VERTEX_POINT('',#7341);
#2150=VERTEX_POINT('',#7345);
#2151=VERTEX_POINT('',#7347);
#2152=VERTEX_POINT('',#7351);
#2153=VERTEX_POINT('',#7353);
#2154=VERTEX_POINT('',#7360);
#2155=VERTEX_POINT('',#7361);
#2156=VERTEX_POINT('',#7363);
#2157=VERTEX_POINT('',#7365);
#2158=VERTEX_POINT('',#7367);
#2159=VERTEX_POINT('',#7369);
#2160=VERTEX_POINT('',#7371);
#2161=VERTEX_POINT('',#7375);
#2162=VERTEX_POINT('',#7376);
#2163=VERTEX_POINT('',#7378);
#2164=VERTEX_POINT('',#7380);
#2165=VERTEX_POINT('',#7382);
#2166=VERTEX_POINT('',#7386);
#2167=VERTEX_POINT('',#7387);
#2168=VERTEX_POINT('',#7389);
#2169=VERTEX_POINT('',#7391);
#2170=VERTEX_POINT('',#7395);
#2171=VERTEX_POINT('',#7397);
#2172=VERTEX_POINT('',#7401);
#2173=VERTEX_POINT('',#7405);
#2174=VERTEX_POINT('',#7406);
#2175=VERTEX_POINT('',#7408);
#2176=VERTEX_POINT('',#7410);
#2177=VERTEX_POINT('',#7414);
#2178=VERTEX_POINT('',#7417);
#2179=VERTEX_POINT('',#7419);
#2180=VERTEX_POINT('',#7423);
#2181=VERTEX_POINT('',#7425);
#2182=VERTEX_POINT('',#7434);
#2183=VERTEX_POINT('',#7436);
#2184=VERTEX_POINT('',#7438);
#2185=VERTEX_POINT('',#7440);
#2186=VERTEX_POINT('',#7444);
#2187=VERTEX_POINT('',#7446);
#2188=VERTEX_POINT('',#7448);
#2189=VERTEX_POINT('',#7450);
#2190=VERTEX_POINT('',#7452);
#2191=VERTEX_POINT('',#7455);
#2192=VERTEX_POINT('',#7459);
#2193=VERTEX_POINT('',#7461);
#2194=VERTEX_POINT('',#7465);
#2195=VERTEX_POINT('',#7466);
#2196=VERTEX_POINT('',#7471);
#2197=VERTEX_POINT('',#7472);
#2198=VERTEX_POINT('',#7474);
#2199=VERTEX_POINT('',#7476);
#2200=VERTEX_POINT('',#7478);
#2201=VERTEX_POINT('',#7482);
#2202=VERTEX_POINT('',#7483);
#2203=VERTEX_POINT('',#7485);
#2204=VERTEX_POINT('',#7490);
#2205=VERTEX_POINT('',#7491);
#2206=VERTEX_POINT('',#7493);
#2207=VERTEX_POINT('',#7495);
#2208=VERTEX_POINT('',#7499);
#2209=VERTEX_POINT('',#7501);
#2210=VERTEX_POINT('',#7505);
#2211=VERTEX_POINT('',#7507);
#2212=VERTEX_POINT('',#7511);
#2213=VERTEX_POINT('',#7513);
#2214=VERTEX_POINT('',#7517);
#2215=VERTEX_POINT('',#7518);
#2216=VERTEX_POINT('',#7520);
#2217=VERTEX_POINT('',#7522);
#2218=VERTEX_POINT('',#7526);
#2219=VERTEX_POINT('',#7528);
#2220=VERTEX_POINT('',#7532);
#2221=VERTEX_POINT('',#7533);
#2222=VERTEX_POINT('',#7535);
#2223=VERTEX_POINT('',#7537);
#2224=VERTEX_POINT('',#7541);
#2225=VERTEX_POINT('',#7543);
#2226=VERTEX_POINT('',#7547);
#2227=VERTEX_POINT('',#7548);
#2228=VERTEX_POINT('',#7550);
#2229=VERTEX_POINT('',#7552);
#2230=VERTEX_POINT('',#7556);
#2231=VERTEX_POINT('',#7558);
#2232=VERTEX_POINT('',#7565);
#2233=VERTEX_POINT('',#7567);
#2234=VERTEX_POINT('',#7571);
#2235=VERTEX_POINT('',#7573);
#2236=VERTEX_POINT('',#7577);
#2237=VERTEX_POINT('',#7579);
#2238=VERTEX_POINT('',#7587);
#2239=VERTEX_POINT('',#7588);
#2240=VERTEX_POINT('',#7590);
#2241=VERTEX_POINT('',#7592);
#2242=VERTEX_POINT('',#7599);
#2243=VERTEX_POINT('',#7601);
#2244=VERTEX_POINT('',#7605);
#2245=VERTEX_POINT('',#7607);
#2246=VERTEX_POINT('',#7611);
#2247=VERTEX_POINT('',#7613);
#2248=VERTEX_POINT('',#7617);
#2249=VERTEX_POINT('',#7619);
#2250=VERTEX_POINT('',#7627);
#2251=VERTEX_POINT('',#7629);
#2252=VERTEX_POINT('',#7633);
#2253=VERTEX_POINT('',#7635);
#2254=VERTEX_POINT('',#7637);
#2255=VERTEX_POINT('',#7639);
#2256=VERTEX_POINT('',#7641);
#2257=VERTEX_POINT('',#7643);
#2258=VERTEX_POINT('',#7645);
#2259=VERTEX_POINT('',#7647);
#2260=VERTEX_POINT('',#7649);
#2261=VERTEX_POINT('',#7651);
#2262=VERTEX_POINT('',#7653);
#2263=VERTEX_POINT('',#7655);
#2264=VERTEX_POINT('',#7658);
#2265=VERTEX_POINT('',#7660);
#2266=VERTEX_POINT('',#7662);
#2267=VERTEX_POINT('',#7664);
#2268=VERTEX_POINT('',#7666);
#2269=VERTEX_POINT('',#7668);
#2270=VERTEX_POINT('',#7670);
#2271=VERTEX_POINT('',#7672);
#2272=VERTEX_POINT('',#7675);
#2273=VERTEX_POINT('',#7677);
#2274=VERTEX_POINT('',#7679);
#2275=VERTEX_POINT('',#7681);
#2276=VERTEX_POINT('',#7684);
#2277=VERTEX_POINT('',#7686);
#2278=VERTEX_POINT('',#7690);
#2279=VERTEX_POINT('',#7691);
#2280=VERTEX_POINT('',#7693);
#2281=VERTEX_POINT('',#7695);
#2282=VERTEX_POINT('',#7699);
#2283=VERTEX_POINT('',#7701);
#2284=VERTEX_POINT('',#7705);
#2285=VERTEX_POINT('',#7707);
#2286=VERTEX_POINT('',#7714);
#2287=VERTEX_POINT('',#7715);
#2288=VERTEX_POINT('',#7717);
#2289=VERTEX_POINT('',#7719);
#2290=VERTEX_POINT('',#7723);
#2291=VERTEX_POINT('',#7725);
#2292=VERTEX_POINT('',#7729);
#2293=VERTEX_POINT('',#7731);
#2294=VERTEX_POINT('',#7738);
#2295=VERTEX_POINT('',#7739);
#2296=VERTEX_POINT('',#7741);
#2297=VERTEX_POINT('',#7743);
#2298=VERTEX_POINT('',#7747);
#2299=VERTEX_POINT('',#7749);
#2300=VERTEX_POINT('',#7753);
#2301=VERTEX_POINT('',#7755);
#2302=VERTEX_POINT('',#7762);
#2303=VERTEX_POINT('',#7763);
#2304=VERTEX_POINT('',#7765);
#2305=VERTEX_POINT('',#7767);
#2306=VERTEX_POINT('',#7771);
#2307=VERTEX_POINT('',#7773);
#2308=VERTEX_POINT('',#7777);
#2309=VERTEX_POINT('',#7779);
#2310=VERTEX_POINT('',#7786);
#2311=VERTEX_POINT('',#7787);
#2312=VERTEX_POINT('',#7789);
#2313=VERTEX_POINT('',#7791);
#2314=VERTEX_POINT('',#7795);
#2315=VERTEX_POINT('',#7797);
#2316=VERTEX_POINT('',#7801);
#2317=VERTEX_POINT('',#7803);
#2318=VERTEX_POINT('',#7810);
#2319=VERTEX_POINT('',#7811);
#2320=VERTEX_POINT('',#7813);
#2321=VERTEX_POINT('',#7815);
#2322=VERTEX_POINT('',#7819);
#2323=VERTEX_POINT('',#7821);
#2324=VERTEX_POINT('',#7825);
#2325=VERTEX_POINT('',#7827);
#2326=VERTEX_POINT('',#7834);
#2327=VERTEX_POINT('',#7835);
#2328=VERTEX_POINT('',#7837);
#2329=VERTEX_POINT('',#7839);
#2330=VERTEX_POINT('',#7843);
#2331=VERTEX_POINT('',#7845);
#2332=VERTEX_POINT('',#7849);
#2333=VERTEX_POINT('',#7851);
#2334=VERTEX_POINT('',#7858);
#2335=VERTEX_POINT('',#7859);
#2336=VERTEX_POINT('',#7861);
#2337=VERTEX_POINT('',#7863);
#2338=VERTEX_POINT('',#7867);
#2339=VERTEX_POINT('',#7869);
#2340=VERTEX_POINT('',#7873);
#2341=VERTEX_POINT('',#7875);
#2342=VERTEX_POINT('',#7882);
#2343=VERTEX_POINT('',#7883);
#2344=VERTEX_POINT('',#7885);
#2345=VERTEX_POINT('',#7887);
#2346=VERTEX_POINT('',#7891);
#2347=VERTEX_POINT('',#7893);
#2348=VERTEX_POINT('',#7897);
#2349=VERTEX_POINT('',#7898);
#2350=VERTEX_POINT('',#7900);
#2351=VERTEX_POINT('',#7902);
#2352=VERTEX_POINT('',#7906);
#2353=VERTEX_POINT('',#7908);
#2354=VERTEX_POINT('',#7912);
#2355=VERTEX_POINT('',#7913);
#2356=VERTEX_POINT('',#7915);
#2357=VERTEX_POINT('',#7917);
#2358=VERTEX_POINT('',#7922);
#2359=VERTEX_POINT('',#7926);
#2360=VERTEX_POINT('',#7930);
#2361=VERTEX_POINT('',#7931);
#2362=VERTEX_POINT('',#7933);
#2363=VERTEX_POINT('',#7935);
#2364=VERTEX_POINT('',#7939);
#2365=VERTEX_POINT('',#7944);
#2366=VERTEX_POINT('',#7948);
#2367=VERTEX_POINT('',#7952);
#2368=VERTEX_POINT('',#7956);
#2369=VERTEX_POINT('',#7960);
#2370=VERTEX_POINT('',#7966);
#2371=VERTEX_POINT('',#7970);
#2372=VERTEX_POINT('',#7974);
#2373=VERTEX_POINT('',#7978);
#2374=VERTEX_POINT('',#7984);
#2375=VERTEX_POINT('',#7985);
#2376=VERTEX_POINT('',#7987);
#2377=VERTEX_POINT('',#7989);
#2378=VERTEX_POINT('',#7991);
#2379=VERTEX_POINT('',#7993);
#2380=VERTEX_POINT('',#7995);
#2381=VERTEX_POINT('',#7999);
#2382=VERTEX_POINT('',#8001);
#2383=VERTEX_POINT('',#8005);
#2384=VERTEX_POINT('',#8007);
#2385=VERTEX_POINT('',#8009);
#2386=VERTEX_POINT('',#8013);
#2387=VERTEX_POINT('',#8015);
#2388=VERTEX_POINT('',#8019);
#2389=VERTEX_POINT('',#8020);
#2390=VERTEX_POINT('',#8022);
#2391=VERTEX_POINT('',#8024);
#2392=VERTEX_POINT('',#8028);
#2393=VERTEX_POINT('',#8030);
#2394=VERTEX_POINT('',#8034);
#2395=VERTEX_POINT('',#8036);
#2396=VERTEX_POINT('',#8044);
#2397=VERTEX_POINT('',#8045);
#2398=VERTEX_POINT('',#8047);
#2399=VERTEX_POINT('',#8049);
#2400=VERTEX_POINT('',#8053);
#2401=VERTEX_POINT('',#8054);
#2402=VERTEX_POINT('',#8056);
#2403=VERTEX_POINT('',#8058);
#2404=VERTEX_POINT('',#8065);
#2405=VERTEX_POINT('',#8066);
#2406=VERTEX_POINT('',#8068);
#2407=VERTEX_POINT('',#8070);
#2408=VERTEX_POINT('',#8074);
#2409=VERTEX_POINT('',#8076);
#2410=VERTEX_POINT('',#8080);
#2411=VERTEX_POINT('',#8082);
#2412=VERTEX_POINT('',#8090);
#2413=VERTEX_POINT('',#8091);
#2414=VERTEX_POINT('',#8093);
#2415=VERTEX_POINT('',#8095);
#2416=VERTEX_POINT('',#8099);
#2417=VERTEX_POINT('',#8100);
#2418=VERTEX_POINT('',#8102);
#2419=VERTEX_POINT('',#8104);
#2420=VERTEX_POINT('',#8111);
#2421=VERTEX_POINT('',#8112);
#2422=VERTEX_POINT('',#8114);
#2423=VERTEX_POINT('',#8116);
#2424=VERTEX_POINT('',#8120);
#2425=VERTEX_POINT('',#8122);
#2426=VERTEX_POINT('',#8126);
#2427=VERTEX_POINT('',#8128);
#2428=VERTEX_POINT('',#8136);
#2429=VERTEX_POINT('',#8138);
#2430=VERTEX_POINT('',#8144);
#2431=VERTEX_POINT('',#8145);
#2432=VERTEX_POINT('',#8147);
#2433=VERTEX_POINT('',#8149);
#2434=VERTEX_POINT('',#8151);
#2435=VERTEX_POINT('',#8153);
#2436=VERTEX_POINT('',#8155);
#2437=VERTEX_POINT('',#8157);
#2438=VERTEX_POINT('',#8160);
#2439=VERTEX_POINT('',#8161);
#2440=VERTEX_POINT('',#8165);
#2441=VERTEX_POINT('',#8167);
#2442=VERTEX_POINT('',#8171);
#2443=VERTEX_POINT('',#8172);
#2444=VERTEX_POINT('',#8177);
#2445=VERTEX_POINT('',#8181);
#2446=VERTEX_POINT('',#8185);
#2447=VERTEX_POINT('',#8189);
#2448=VERTEX_POINT('',#8193);
#2449=VERTEX_POINT('',#8197);
#2450=VERTEX_POINT('',#8203);
#2451=VERTEX_POINT('',#8207);
#2452=VERTEX_POINT('',#8209);
#2453=VERTEX_POINT('',#8216);
#2454=VERTEX_POINT('',#8224);
#2455=VERTEX_POINT('',#8229);
#2456=VERTEX_POINT('',#8231);
#2457=VERTEX_POINT('',#8241);
#2458=VERTEX_POINT('',#8245);
#2459=VERTEX_POINT('',#8253);
#2460=VERTEX_POINT('',#8255);
#2461=VERTEX_POINT('',#8257);
#2462=VERTEX_POINT('',#8261);
#2463=VERTEX_POINT('',#8263);
#2464=VERTEX_POINT('',#8267);
#2465=VERTEX_POINT('',#8269);
#2466=VERTEX_POINT('',#8271);
#2467=VERTEX_POINT('',#8273);
#2468=VERTEX_POINT('',#8277);
#2469=VERTEX_POINT('',#8279);
#2470=VERTEX_POINT('',#8283);
#2471=VERTEX_POINT('',#8285);
#2472=VERTEX_POINT('',#8288);
#2473=VERTEX_POINT('',#8290);
#2474=VERTEX_POINT('',#8293);
#2475=VERTEX_POINT('',#8295);
#2476=VERTEX_POINT('',#8298);
#2477=VERTEX_POINT('',#8299);
#2478=VERTEX_POINT('',#8305);
#2479=VERTEX_POINT('',#8306);
#2480=VERTEX_POINT('',#8312);
#2481=VERTEX_POINT('',#8313);
#2482=VERTEX_POINT('',#8316);
#2483=VERTEX_POINT('',#8318);
#2484=VERTEX_POINT('',#8322);
#2485=VERTEX_POINT('',#8325);
#2486=VERTEX_POINT('',#8326);
#2487=VERTEX_POINT('',#8329);
#2488=VERTEX_POINT('',#8331);
#2489=VERTEX_POINT('',#8335);
#2490=VERTEX_POINT('',#8338);
#2491=VERTEX_POINT('',#8339);
#2492=VERTEX_POINT('',#8342);
#2493=VERTEX_POINT('',#8348);
#2494=VERTEX_POINT('',#8351);
#2495=VERTEX_POINT('',#8353);
#2496=VERTEX_POINT('',#8358);
#2497=VERTEX_POINT('',#8360);
#2498=VERTEX_POINT('',#8363);
#2499=VERTEX_POINT('',#8367);
#2500=VERTEX_POINT('',#8369);
#2501=VERTEX_POINT('',#8380);
#2502=VERTEX_POINT('',#8384);
#2503=VERTEX_POINT('',#8386);
#2504=VERTEX_POINT('',#8393);
#2505=VERTEX_POINT('',#8398);
#2506=VERTEX_POINT('',#8402);
#2507=VERTEX_POINT('',#8409);
#2508=VERTEX_POINT('',#8417);
#2509=VERTEX_POINT('',#8446);
#2510=VERTEX_POINT('',#8448);
#2511=VERTEX_POINT('',#8468);
#2512=VERTEX_POINT('',#8476);
#2513=VERTEX_POINT('',#8483);
#2514=VERTEX_POINT('',#8487);
#2515=VERTEX_POINT('',#8493);
#2516=VERTEX_POINT('',#8498);
#2517=VERTEX_POINT('',#8500);
#2518=EDGE_CURVE('',#2042,#2043,#768,.T.);
#2519=EDGE_CURVE('',#2044,#2042,#769,.T.);
#2520=EDGE_CURVE('',#2045,#2044,#770,.T.);
#2521=EDGE_CURVE('',#2045,#2043,#771,.T.);
#2522=EDGE_CURVE('',#2043,#2046,#772,.T.);
#2523=EDGE_CURVE('',#2047,#2045,#773,.T.);
#2524=EDGE_CURVE('',#2047,#2046,#774,.T.);
#2525=EDGE_CURVE('',#2046,#2048,#775,.T.);
#2526=EDGE_CURVE('',#2049,#2047,#776,.T.);
#2527=EDGE_CURVE('',#2049,#2048,#777,.T.);
#2528=EDGE_CURVE('',#2048,#2042,#778,.T.);
#2529=EDGE_CURVE('',#2044,#2049,#779,.T.);
#2530=EDGE_CURVE('',#2050,#2051,#780,.T.);
#2531=EDGE_CURVE('',#2052,#2050,#781,.T.);
#2532=EDGE_CURVE('',#2053,#2052,#782,.T.);
#2533=EDGE_CURVE('',#2053,#2051,#783,.T.);
#2534=EDGE_CURVE('',#2051,#2054,#784,.T.);
#2535=EDGE_CURVE('',#2055,#2053,#785,.T.);
#2536=EDGE_CURVE('',#2055,#2054,#786,.T.);
#2537=EDGE_CURVE('',#2054,#2056,#787,.T.);
#2538=EDGE_CURVE('',#2057,#2055,#788,.T.);
#2539=EDGE_CURVE('',#2057,#2056,#789,.T.);
#2540=EDGE_CURVE('',#2056,#2050,#790,.T.);
#2541=EDGE_CURVE('',#2052,#2057,#791,.T.);
#2542=EDGE_CURVE('',#2058,#2059,#792,.T.);
#2543=EDGE_CURVE('',#2060,#2058,#793,.T.);
#2544=EDGE_CURVE('',#2061,#2060,#794,.T.);
#2545=EDGE_CURVE('',#2061,#2059,#795,.T.);
#2546=EDGE_CURVE('',#2059,#2062,#796,.T.);
#2547=EDGE_CURVE('',#2063,#2061,#797,.T.);
#2548=EDGE_CURVE('',#2063,#2062,#798,.T.);
#2549=EDGE_CURVE('',#2062,#2064,#799,.T.);
#2550=EDGE_CURVE('',#2065,#2063,#800,.T.);
#2551=EDGE_CURVE('',#2065,#2064,#801,.T.);
#2552=EDGE_CURVE('',#2064,#2058,#802,.T.);
#2553=EDGE_CURVE('',#2060,#2065,#803,.T.);
#2554=EDGE_CURVE('',#2066,#2067,#804,.T.);
#2555=EDGE_CURVE('',#2068,#2066,#805,.T.);
#2556=EDGE_CURVE('',#2069,#2068,#806,.T.);
#2557=EDGE_CURVE('',#2069,#2067,#807,.T.);
#2558=EDGE_CURVE('',#2067,#2070,#808,.T.);
#2559=EDGE_CURVE('',#2071,#2069,#809,.T.);
#2560=EDGE_CURVE('',#2071,#2070,#810,.T.);
#2561=EDGE_CURVE('',#2070,#2072,#811,.T.);
#2562=EDGE_CURVE('',#2073,#2071,#812,.T.);
#2563=EDGE_CURVE('',#2073,#2072,#813,.T.);
#2564=EDGE_CURVE('',#2072,#2066,#814,.T.);
#2565=EDGE_CURVE('',#2068,#2073,#815,.T.);
#2566=EDGE_CURVE('',#2074,#2075,#816,.T.);
#2567=EDGE_CURVE('',#2076,#2074,#817,.T.);
#2568=EDGE_CURVE('',#2077,#2076,#818,.T.);
#2569=EDGE_CURVE('',#2077,#2075,#819,.T.);
#2570=EDGE_CURVE('',#2075,#2078,#820,.T.);
#2571=EDGE_CURVE('',#2079,#2077,#821,.T.);
#2572=EDGE_CURVE('',#2079,#2078,#822,.T.);
#2573=EDGE_CURVE('',#2078,#2080,#823,.T.);
#2574=EDGE_CURVE('',#2081,#2079,#824,.T.);
#2575=EDGE_CURVE('',#2081,#2080,#825,.T.);
#2576=EDGE_CURVE('',#2080,#2074,#826,.T.);
#2577=EDGE_CURVE('',#2076,#2081,#827,.T.);
#2578=EDGE_CURVE('',#2082,#2083,#828,.T.);
#2579=EDGE_CURVE('',#2084,#2082,#829,.T.);
#2580=EDGE_CURVE('',#2085,#2084,#830,.T.);
#2581=EDGE_CURVE('',#2085,#2083,#831,.T.);
#2582=EDGE_CURVE('',#2083,#2086,#832,.T.);
#2583=EDGE_CURVE('',#2087,#2085,#833,.T.);
#2584=EDGE_CURVE('',#2087,#2086,#834,.T.);
#2585=EDGE_CURVE('',#2086,#2088,#835,.T.);
#2586=EDGE_CURVE('',#2089,#2087,#836,.T.);
#2587=EDGE_CURVE('',#2089,#2088,#837,.T.);
#2588=EDGE_CURVE('',#2088,#2082,#838,.T.);
#2589=EDGE_CURVE('',#2084,#2089,#839,.T.);
#2590=EDGE_CURVE('',#2090,#2091,#840,.T.);
#2591=EDGE_CURVE('',#2092,#2090,#841,.T.);
#2592=EDGE_CURVE('',#2093,#2092,#842,.T.);
#2593=EDGE_CURVE('',#2093,#2091,#843,.T.);
#2594=EDGE_CURVE('',#2091,#2094,#844,.T.);
#2595=EDGE_CURVE('',#2095,#2093,#845,.T.);
#2596=EDGE_CURVE('',#2095,#2094,#846,.T.);
#2597=EDGE_CURVE('',#2094,#2096,#847,.T.);
#2598=EDGE_CURVE('',#2097,#2095,#848,.T.);
#2599=EDGE_CURVE('',#2097,#2096,#849,.T.);
#2600=EDGE_CURVE('',#2096,#2090,#850,.T.);
#2601=EDGE_CURVE('',#2092,#2097,#851,.T.);
#2602=EDGE_CURVE('',#2098,#2099,#852,.T.);
#2603=EDGE_CURVE('',#2100,#2098,#853,.T.);
#2604=EDGE_CURVE('',#2101,#2100,#854,.T.);
#2605=EDGE_CURVE('',#2101,#2099,#855,.T.);
#2606=EDGE_CURVE('',#2099,#2102,#856,.T.);
#2607=EDGE_CURVE('',#2103,#2101,#857,.T.);
#2608=EDGE_CURVE('',#2103,#2102,#858,.T.);
#2609=EDGE_CURVE('',#2102,#2104,#859,.T.);
#2610=EDGE_CURVE('',#2105,#2103,#860,.T.);
#2611=EDGE_CURVE('',#2105,#2104,#861,.T.);
#2612=EDGE_CURVE('',#2104,#2098,#862,.T.);
#2613=EDGE_CURVE('',#2100,#2105,#863,.T.);
#2614=EDGE_CURVE('',#2106,#2107,#864,.T.);
#2615=EDGE_CURVE('',#2108,#2106,#865,.T.);
#2616=EDGE_CURVE('',#2109,#2108,#866,.T.);
#2617=EDGE_CURVE('',#2109,#2107,#867,.T.);
#2618=EDGE_CURVE('',#2107,#2110,#868,.T.);
#2619=EDGE_CURVE('',#2111,#2109,#869,.T.);
#2620=EDGE_CURVE('',#2111,#2110,#870,.T.);
#2621=EDGE_CURVE('',#2110,#2112,#871,.T.);
#2622=EDGE_CURVE('',#2113,#2111,#872,.T.);
#2623=EDGE_CURVE('',#2113,#2112,#873,.T.);
#2624=EDGE_CURVE('',#2112,#2106,#874,.T.);
#2625=EDGE_CURVE('',#2108,#2113,#875,.T.);
#2626=EDGE_CURVE('',#2114,#2115,#876,.T.);
#2627=EDGE_CURVE('',#2116,#2114,#877,.T.);
#2628=EDGE_CURVE('',#2117,#2116,#878,.T.);
#2629=EDGE_CURVE('',#2117,#2115,#879,.T.);
#2630=EDGE_CURVE('',#2115,#2118,#880,.T.);
#2631=EDGE_CURVE('',#2119,#2117,#881,.T.);
#2632=EDGE_CURVE('',#2119,#2118,#882,.T.);
#2633=EDGE_CURVE('',#2118,#2120,#883,.T.);
#2634=EDGE_CURVE('',#2121,#2119,#884,.T.);
#2635=EDGE_CURVE('',#2121,#2120,#885,.T.);
#2636=EDGE_CURVE('',#2120,#2114,#886,.T.);
#2637=EDGE_CURVE('',#2116,#2121,#887,.T.);
#2638=EDGE_CURVE('',#2122,#2123,#888,.T.);
#2639=EDGE_CURVE('',#2124,#2122,#889,.T.);
#2640=EDGE_CURVE('',#2125,#2124,#890,.T.);
#2641=EDGE_CURVE('',#2125,#2123,#891,.T.);
#2642=EDGE_CURVE('',#2123,#2126,#892,.T.);
#2643=EDGE_CURVE('',#2127,#2125,#893,.T.);
#2644=EDGE_CURVE('',#2127,#2126,#894,.T.);
#2645=EDGE_CURVE('',#2126,#2128,#895,.T.);
#2646=EDGE_CURVE('',#2129,#2127,#896,.T.);
#2647=EDGE_CURVE('',#2129,#2128,#897,.T.);
#2648=EDGE_CURVE('',#2128,#2122,#898,.T.);
#2649=EDGE_CURVE('',#2124,#2129,#899,.T.);
#2650=EDGE_CURVE('',#2130,#2131,#900,.T.);
#2651=EDGE_CURVE('',#2132,#2130,#901,.T.);
#2652=EDGE_CURVE('',#2133,#2132,#902,.T.);
#2653=EDGE_CURVE('',#2133,#2131,#903,.T.);
#2654=EDGE_CURVE('',#2131,#2134,#904,.T.);
#2655=EDGE_CURVE('',#2135,#2133,#905,.T.);
#2656=EDGE_CURVE('',#2135,#2134,#906,.T.);
#2657=EDGE_CURVE('',#2134,#2136,#907,.T.);
#2658=EDGE_CURVE('',#2137,#2135,#908,.T.);
#2659=EDGE_CURVE('',#2137,#2136,#909,.T.);
#2660=EDGE_CURVE('',#2136,#2130,#910,.T.);
#2661=EDGE_CURVE('',#2132,#2137,#911,.T.);
#2662=EDGE_CURVE('',#2138,#2139,#912,.T.);
#2663=EDGE_CURVE('',#2140,#2138,#913,.T.);
#2664=EDGE_CURVE('',#2141,#2140,#914,.T.);
#2665=EDGE_CURVE('',#2141,#2139,#915,.T.);
#2666=EDGE_CURVE('',#2139,#2142,#916,.T.);
#2667=EDGE_CURVE('',#2143,#2141,#917,.T.);
#2668=EDGE_CURVE('',#2143,#2142,#918,.T.);
#2669=EDGE_CURVE('',#2142,#2144,#919,.T.);
#2670=EDGE_CURVE('',#2145,#2143,#920,.T.);
#2671=EDGE_CURVE('',#2145,#2144,#921,.T.);
#2672=EDGE_CURVE('',#2144,#2138,#922,.T.);
#2673=EDGE_CURVE('',#2140,#2145,#923,.T.);
#2674=EDGE_CURVE('',#2146,#2147,#924,.T.);
#2675=EDGE_CURVE('',#2148,#2146,#925,.T.);
#2676=EDGE_CURVE('',#2149,#2148,#926,.T.);
#2677=EDGE_CURVE('',#2149,#2147,#927,.T.);
#2678=EDGE_CURVE('',#2147,#2150,#928,.T.);
#2679=EDGE_CURVE('',#2151,#2149,#929,.T.);
#2680=EDGE_CURVE('',#2151,#2150,#930,.T.);
#2681=EDGE_CURVE('',#2150,#2152,#931,.T.);
#2682=EDGE_CURVE('',#2153,#2151,#932,.T.);
#2683=EDGE_CURVE('',#2153,#2152,#933,.T.);
#2684=EDGE_CURVE('',#2152,#2146,#934,.T.);
#2685=EDGE_CURVE('',#2148,#2153,#935,.T.);
#2686=EDGE_CURVE('',#2154,#2155,#936,.T.);
#2687=EDGE_CURVE('',#2156,#2154,#129,.T.);
#2688=EDGE_CURVE('',#2157,#2156,#937,.T.);
#2689=EDGE_CURVE('',#2157,#2158,#938,.T.);
#2690=EDGE_CURVE('',#2159,#2158,#939,.T.);
#2691=EDGE_CURVE('',#2160,#2159,#940,.T.);
#2692=EDGE_CURVE('',#2160,#2155,#941,.T.);
#2693=EDGE_CURVE('',#2161,#2162,#942,.T.);
#2694=EDGE_CURVE('',#2163,#2161,#130,.T.);
#2695=EDGE_CURVE('',#2164,#2163,#943,.T.);
#2696=EDGE_CURVE('',#2165,#2164,#944,.T.);
#2697=EDGE_CURVE('',#2165,#2162,#945,.T.);
#2698=EDGE_CURVE('',#2166,#2167,#946,.T.);
#2699=EDGE_CURVE('',#2166,#2168,#947,.T.);
#2700=EDGE_CURVE('',#2169,#2168,#948,.T.);
#2701=EDGE_CURVE('',#2167,#2169,#131,.T.);
#2702=EDGE_CURVE('',#2159,#2170,#949,.T.);
#2703=EDGE_CURVE('',#2170,#2171,#950,.T.);
#2704=EDGE_CURVE('',#2160,#2171,#951,.T.);
#2705=EDGE_CURVE('',#2158,#2172,#952,.T.);
#2706=EDGE_CURVE('',#2172,#2170,#953,.T.);
#2707=EDGE_CURVE('',#2173,#2174,#954,.T.);
#2708=EDGE_CURVE('',#2174,#2175,#955,.T.);
#2709=EDGE_CURVE('',#2176,#2175,#956,.T.);
#2710=EDGE_CURVE('',#2173,#2176,#957,.T.);
#2711=EDGE_CURVE('',#2165,#2177,#958,.T.);
#2712=EDGE_CURVE('',#2177,#2174,#959,.T.);
#2713=EDGE_CURVE('',#2178,#2173,#960,.T.);
#2714=EDGE_CURVE('',#2179,#2178,#116,.T.);
#2715=EDGE_CURVE('',#2162,#2179,#961,.T.);
#2716=EDGE_CURVE('',#2180,#2164,#962,.T.);
#2717=EDGE_CURVE('',#2180,#2181,#963,.T.);
#2718=EDGE_CURVE('',#2181,#2177,#964,.T.);
#2719=EDGE_CURVE('',#2169,#2182,#117,.T.);
#2720=EDGE_CURVE('',#2182,#2183,#118,.T.);
#2721=EDGE_CURVE('',#2184,#2183,#965,.T.);
#2722=EDGE_CURVE('',#2184,#2185,#132,.T.);
#2723=EDGE_CURVE('',#2185,#2167,#966,.T.);
#2724=EDGE_CURVE('',#2155,#2186,#967,.T.);
#2725=EDGE_CURVE('',#2186,#2187,#968,.T.);
#2726=EDGE_CURVE('',#2187,#2188,#969,.T.);
#2727=EDGE_CURVE('',#2188,#2189,#970,.T.);
#2728=EDGE_CURVE('',#2190,#2189,#971,.T.);
#2729=EDGE_CURVE('',#2190,#2166,#972,.T.);
#2730=EDGE_CURVE('',#2185,#2191,#973,.T.);
#2731=EDGE_CURVE('',#2191,#2154,#974,.T.);
#2732=EDGE_CURVE('',#2168,#2192,#975,.T.);
#2733=EDGE_CURVE('',#2192,#2193,#976,.T.);
#2734=EDGE_CURVE('',#2182,#2193,#977,.T.);
#2735=EDGE_CURVE('',#2194,#2195,#978,.T.);
#2736=EDGE_CURVE('',#2195,#2192,#979,.T.);
#2737=EDGE_CURVE('',#2194,#2190,#119,.T.);
#2738=EDGE_CURVE('',#2196,#2197,#980,.T.);
#2739=EDGE_CURVE('',#2197,#2198,#981,.T.);
#2740=EDGE_CURVE('',#2199,#2198,#982,.T.);
#2741=EDGE_CURVE('',#2200,#2199,#983,.T.);
#2742=EDGE_CURVE('',#2196,#2200,#120,.T.);
#2743=EDGE_CURVE('',#2201,#2202,#984,.T.);
#2744=EDGE_CURVE('',#2201,#2203,#985,.T.);
#2745=EDGE_CURVE('',#2203,#2197,#986,.T.);
#2746=EDGE_CURVE('',#2202,#2196,#121,.T.);
#2747=EDGE_CURVE('',#2204,#2205,#133,.T.);
#2748=EDGE_CURVE('',#2205,#2206,#987,.T.);
#2749=EDGE_CURVE('',#2206,#2207,#134,.T.);
#2750=EDGE_CURVE('',#2207,#2204,#988,.T.);
#2751=EDGE_CURVE('',#2208,#2205,#989,.T.);
#2752=EDGE_CURVE('',#2209,#2208,#990,.T.);
#2753=EDGE_CURVE('',#2206,#2209,#991,.T.);
#2754=EDGE_CURVE('',#2208,#2210,#135,.T.);
#2755=EDGE_CURVE('',#2210,#2211,#992,.T.);
#2756=EDGE_CURVE('',#2211,#2209,#136,.T.);
#2757=EDGE_CURVE('',#2212,#2210,#993,.T.);
#2758=EDGE_CURVE('',#2213,#2212,#994,.T.);
#2759=EDGE_CURVE('',#2211,#2213,#995,.T.);
#2760=EDGE_CURVE('',#2214,#2215,#137,.T.);
#2761=EDGE_CURVE('',#2215,#2216,#996,.T.);
#2762=EDGE_CURVE('',#2216,#2217,#138,.T.);
#2763=EDGE_CURVE('',#2217,#2214,#997,.T.);
#2764=EDGE_CURVE('',#2215,#2218,#998,.T.);
#2765=EDGE_CURVE('',#2219,#2218,#999,.T.);
#2766=EDGE_CURVE('',#2216,#2219,#1000,.T.);
#2767=EDGE_CURVE('',#2220,#2221,#139,.T.);
#2768=EDGE_CURVE('',#2221,#2222,#1001,.T.);
#2769=EDGE_CURVE('',#2222,#2223,#140,.T.);
#2770=EDGE_CURVE('',#2223,#2220,#1002,.T.);
#2771=EDGE_CURVE('',#2221,#2224,#1003,.T.);
#2772=EDGE_CURVE('',#2225,#2224,#1004,.T.);
#2773=EDGE_CURVE('',#2222,#2225,#1005,.T.);
#2774=EDGE_CURVE('',#2226,#2227,#1006,.T.);
#2775=EDGE_CURVE('',#2226,#2228,#1007,.T.);
#2776=EDGE_CURVE('',#2229,#2228,#1008,.T.);
#2777=EDGE_CURVE('',#2227,#2229,#1009,.T.);
#2778=EDGE_CURVE('',#2227,#2230,#1010,.T.);
#2779=EDGE_CURVE('',#2231,#2229,#1011,.T.);
#2780=EDGE_CURVE('',#2230,#2231,#1012,.T.);
#2781=EDGE_CURVE('',#2230,#2220,#1013,.T.);
#2782=EDGE_CURVE('',#2224,#2231,#1014,.T.);
#2783=EDGE_CURVE('',#2223,#2232,#1015,.T.);
#2784=EDGE_CURVE('',#2233,#2225,#1016,.T.);
#2785=EDGE_CURVE('',#2232,#2233,#1017,.T.);
#2786=EDGE_CURVE('',#2232,#2234,#1018,.T.);
#2787=EDGE_CURVE('',#2235,#2233,#1019,.T.);
#2788=EDGE_CURVE('',#2234,#2235,#1020,.T.);
#2789=EDGE_CURVE('',#2234,#2236,#1021,.T.);
#2790=EDGE_CURVE('',#2237,#2235,#1022,.T.);
#2791=EDGE_CURVE('',#2236,#2237,#1023,.T.);
#2792=EDGE_CURVE('',#2236,#2226,#1024,.T.);
#2793=EDGE_CURVE('',#2228,#2237,#1025,.T.);
#2794=EDGE_CURVE('',#2238,#2239,#1026,.T.);
#2795=EDGE_CURVE('',#2238,#2240,#1027,.T.);
#2796=EDGE_CURVE('',#2241,#2240,#1028,.T.);
#2797=EDGE_CURVE('',#2239,#2241,#1029,.T.);
#2798=EDGE_CURVE('',#2239,#2214,#1030,.T.);
#2799=EDGE_CURVE('',#2218,#2241,#1031,.T.);
#2800=EDGE_CURVE('',#2217,#2242,#1032,.T.);
#2801=EDGE_CURVE('',#2243,#2219,#1033,.T.);
#2802=EDGE_CURVE('',#2242,#2243,#1034,.T.);
#2803=EDGE_CURVE('',#2242,#2244,#1035,.T.);
#2804=EDGE_CURVE('',#2245,#2243,#1036,.T.);
#2805=EDGE_CURVE('',#2244,#2245,#1037,.T.);
#2806=EDGE_CURVE('',#2244,#2246,#1038,.T.);
#2807=EDGE_CURVE('',#2247,#2245,#1039,.T.);
#2808=EDGE_CURVE('',#2246,#2247,#1040,.T.);
#2809=EDGE_CURVE('',#2246,#2248,#1041,.T.);
#2810=EDGE_CURVE('',#2249,#2247,#1042,.T.);
#2811=EDGE_CURVE('',#2248,#2249,#1043,.T.);
#2812=EDGE_CURVE('',#2248,#2238,#1044,.T.);
#2813=EDGE_CURVE('',#2240,#2249,#1045,.T.);
#2814=EDGE_CURVE('',#2250,#2207,#1046,.T.);
#2815=EDGE_CURVE('',#2251,#2250,#1047,.T.);
#2816=EDGE_CURVE('',#2204,#2251,#1048,.T.);
#2817=EDGE_CURVE('',#2250,#2252,#1049,.T.);
#2818=EDGE_CURVE('',#2252,#2253,#1050,.T.);
#2819=EDGE_CURVE('',#2253,#2254,#1051,.T.);
#2820=EDGE_CURVE('',#2254,#2255,#1052,.T.);
#2821=EDGE_CURVE('',#2255,#2256,#1053,.T.);
#2822=EDGE_CURVE('',#2256,#2257,#1054,.T.);
#2823=EDGE_CURVE('',#2257,#2258,#1055,.T.);
#2824=EDGE_CURVE('',#2258,#2259,#1056,.T.);
#2825=EDGE_CURVE('',#2259,#2260,#1057,.T.);
#2826=EDGE_CURVE('',#2260,#2261,#1058,.T.);
#2827=EDGE_CURVE('',#2261,#2262,#1059,.T.);
#2828=EDGE_CURVE('',#2262,#2263,#1060,.T.);
#2829=EDGE_CURVE('',#2263,#2213,#1061,.T.);
#2830=EDGE_CURVE('',#2264,#2212,#1062,.T.);
#2831=EDGE_CURVE('',#2265,#2264,#141,.T.);
#2832=EDGE_CURVE('',#2266,#2265,#1063,.T.);
#2833=EDGE_CURVE('',#2267,#2266,#142,.T.);
#2834=EDGE_CURVE('',#2268,#2267,#1064,.T.);
#2835=EDGE_CURVE('',#2269,#2268,#143,.T.);
#2836=EDGE_CURVE('',#2270,#2269,#1065,.T.);
#2837=EDGE_CURVE('',#2271,#2270,#144,.T.);
#2838=EDGE_CURVE('',#2251,#2271,#1066,.T.);
#2839=EDGE_CURVE('',#2272,#2272,#145,.T.);
#2840=EDGE_CURVE('',#2273,#2273,#146,.T.);
#2841=EDGE_CURVE('',#2274,#2274,#147,.T.);
#2842=EDGE_CURVE('',#2275,#2275,#148,.T.);
#2843=EDGE_CURVE('',#2263,#2276,#1067,.T.);
#2844=EDGE_CURVE('',#2276,#2277,#1068,.F.);
#2845=EDGE_CURVE('',#2277,#2252,#1069,.T.);
#2846=EDGE_CURVE('',#2278,#2279,#1070,.T.);
#2847=EDGE_CURVE('',#2280,#2278,#1071,.T.);
#2848=EDGE_CURVE('',#2281,#2280,#1072,.T.);
#2849=EDGE_CURVE('',#2281,#2279,#1073,.T.);
#2850=EDGE_CURVE('',#2279,#2282,#1074,.T.);
#2851=EDGE_CURVE('',#2283,#2281,#1075,.T.);
#2852=EDGE_CURVE('',#2283,#2282,#1076,.T.);
#2853=EDGE_CURVE('',#2282,#2284,#1077,.T.);
#2854=EDGE_CURVE('',#2285,#2283,#1078,.T.);
#2855=EDGE_CURVE('',#2285,#2284,#1079,.T.);
#2856=EDGE_CURVE('',#2284,#2278,#1080,.T.);
#2857=EDGE_CURVE('',#2280,#2285,#1081,.T.);
#2858=EDGE_CURVE('',#2286,#2287,#1082,.T.);
#2859=EDGE_CURVE('',#2288,#2286,#1083,.T.);
#2860=EDGE_CURVE('',#2289,#2288,#1084,.T.);
#2861=EDGE_CURVE('',#2289,#2287,#1085,.T.);
#2862=EDGE_CURVE('',#2287,#2290,#1086,.T.);
#2863=EDGE_CURVE('',#2291,#2289,#1087,.T.);
#2864=EDGE_CURVE('',#2291,#2290,#1088,.T.);
#2865=EDGE_CURVE('',#2290,#2292,#1089,.T.);
#2866=EDGE_CURVE('',#2293,#2291,#1090,.T.);
#2867=EDGE_CURVE('',#2293,#2292,#1091,.T.);
#2868=EDGE_CURVE('',#2292,#2286,#1092,.T.);
#2869=EDGE_CURVE('',#2288,#2293,#1093,.T.);
#2870=EDGE_CURVE('',#2294,#2295,#1094,.T.);
#2871=EDGE_CURVE('',#2296,#2294,#1095,.T.);
#2872=EDGE_CURVE('',#2297,#2296,#1096,.T.);
#2873=EDGE_CURVE('',#2297,#2295,#1097,.T.);
#2874=EDGE_CURVE('',#2295,#2298,#1098,.T.);
#2875=EDGE_CURVE('',#2299,#2297,#1099,.T.);
#2876=EDGE_CURVE('',#2299,#2298,#1100,.T.);
#2877=EDGE_CURVE('',#2298,#2300,#1101,.T.);
#2878=EDGE_CURVE('',#2301,#2299,#1102,.T.);
#2879=EDGE_CURVE('',#2301,#2300,#1103,.T.);
#2880=EDGE_CURVE('',#2300,#2294,#1104,.T.);
#2881=EDGE_CURVE('',#2296,#2301,#1105,.T.);
#2882=EDGE_CURVE('',#2302,#2303,#1106,.T.);
#2883=EDGE_CURVE('',#2304,#2302,#1107,.T.);
#2884=EDGE_CURVE('',#2305,#2304,#1108,.T.);
#2885=EDGE_CURVE('',#2305,#2303,#1109,.T.);
#2886=EDGE_CURVE('',#2303,#2306,#1110,.T.);
#2887=EDGE_CURVE('',#2307,#2305,#1111,.T.);
#2888=EDGE_CURVE('',#2307,#2306,#1112,.T.);
#2889=EDGE_CURVE('',#2306,#2308,#1113,.T.);
#2890=EDGE_CURVE('',#2309,#2307,#1114,.T.);
#2891=EDGE_CURVE('',#2309,#2308,#1115,.T.);
#2892=EDGE_CURVE('',#2308,#2302,#1116,.T.);
#2893=EDGE_CURVE('',#2304,#2309,#1117,.T.);
#2894=EDGE_CURVE('',#2310,#2311,#1118,.T.);
#2895=EDGE_CURVE('',#2312,#2310,#1119,.T.);
#2896=EDGE_CURVE('',#2313,#2312,#1120,.T.);
#2897=EDGE_CURVE('',#2313,#2311,#1121,.T.);
#2898=EDGE_CURVE('',#2311,#2314,#1122,.T.);
#2899=EDGE_CURVE('',#2315,#2313,#1123,.T.);
#2900=EDGE_CURVE('',#2315,#2314,#1124,.T.);
#2901=EDGE_CURVE('',#2314,#2316,#1125,.T.);
#2902=EDGE_CURVE('',#2317,#2315,#1126,.T.);
#2903=EDGE_CURVE('',#2317,#2316,#1127,.T.);
#2904=EDGE_CURVE('',#2316,#2310,#1128,.T.);
#2905=EDGE_CURVE('',#2312,#2317,#1129,.T.);
#2906=EDGE_CURVE('',#2318,#2319,#1130,.T.);
#2907=EDGE_CURVE('',#2320,#2318,#1131,.T.);
#2908=EDGE_CURVE('',#2321,#2320,#1132,.T.);
#2909=EDGE_CURVE('',#2321,#2319,#1133,.T.);
#2910=EDGE_CURVE('',#2319,#2322,#1134,.T.);
#2911=EDGE_CURVE('',#2323,#2321,#1135,.T.);
#2912=EDGE_CURVE('',#2323,#2322,#1136,.T.);
#2913=EDGE_CURVE('',#2322,#2324,#1137,.T.);
#2914=EDGE_CURVE('',#2325,#2323,#1138,.T.);
#2915=EDGE_CURVE('',#2325,#2324,#1139,.T.);
#2916=EDGE_CURVE('',#2324,#2318,#1140,.T.);
#2917=EDGE_CURVE('',#2320,#2325,#1141,.T.);
#2918=EDGE_CURVE('',#2326,#2327,#1142,.T.);
#2919=EDGE_CURVE('',#2328,#2326,#1143,.T.);
#2920=EDGE_CURVE('',#2329,#2328,#1144,.T.);
#2921=EDGE_CURVE('',#2329,#2327,#1145,.T.);
#2922=EDGE_CURVE('',#2327,#2330,#1146,.T.);
#2923=EDGE_CURVE('',#2331,#2329,#1147,.T.);
#2924=EDGE_CURVE('',#2331,#2330,#1148,.T.);
#2925=EDGE_CURVE('',#2330,#2332,#1149,.T.);
#2926=EDGE_CURVE('',#2333,#2331,#1150,.T.);
#2927=EDGE_CURVE('',#2333,#2332,#1151,.T.);
#2928=EDGE_CURVE('',#2332,#2326,#1152,.T.);
#2929=EDGE_CURVE('',#2328,#2333,#1153,.T.);
#2930=EDGE_CURVE('',#2334,#2335,#1154,.T.);
#2931=EDGE_CURVE('',#2336,#2334,#1155,.T.);
#2932=EDGE_CURVE('',#2337,#2336,#1156,.T.);
#2933=EDGE_CURVE('',#2337,#2335,#1157,.T.);
#2934=EDGE_CURVE('',#2335,#2338,#1158,.T.);
#2935=EDGE_CURVE('',#2339,#2337,#1159,.T.);
#2936=EDGE_CURVE('',#2339,#2338,#1160,.T.);
#2937=EDGE_CURVE('',#2338,#2340,#1161,.T.);
#2938=EDGE_CURVE('',#2341,#2339,#1162,.T.);
#2939=EDGE_CURVE('',#2341,#2340,#1163,.T.);
#2940=EDGE_CURVE('',#2340,#2334,#1164,.T.);
#2941=EDGE_CURVE('',#2336,#2341,#1165,.T.);
#2942=EDGE_CURVE('',#2342,#2343,#149,.T.);
#2943=EDGE_CURVE('',#2343,#2344,#1166,.T.);
#2944=EDGE_CURVE('',#2344,#2345,#150,.T.);
#2945=EDGE_CURVE('',#2345,#2342,#1167,.T.);
#2946=EDGE_CURVE('',#2343,#2346,#1168,.T.);
#2947=EDGE_CURVE('',#2347,#2346,#1169,.T.);
#2948=EDGE_CURVE('',#2344,#2347,#1170,.T.);
#2949=EDGE_CURVE('',#2348,#2349,#151,.T.);
#2950=EDGE_CURVE('',#2349,#2350,#1171,.T.);
#2951=EDGE_CURVE('',#2350,#2351,#152,.T.);
#2952=EDGE_CURVE('',#2351,#2348,#1172,.T.);
#2953=EDGE_CURVE('',#2349,#2352,#1173,.T.);
#2954=EDGE_CURVE('',#2353,#2352,#1174,.T.);
#2955=EDGE_CURVE('',#2350,#2353,#1175,.T.);
#2956=EDGE_CURVE('',#2354,#2355,#1176,.T.);
#2957=EDGE_CURVE('',#2355,#2356,#1177,.T.);
#2958=EDGE_CURVE('',#2357,#2356,#1178,.T.);
#2959=EDGE_CURVE('',#2354,#2357,#1179,.T.);
#2960=EDGE_CURVE('',#2356,#2347,#1180,.T.);
#2961=EDGE_CURVE('',#2346,#2358,#1181,.T.);
#2962=EDGE_CURVE('',#2358,#2357,#1182,.T.);
#2963=EDGE_CURVE('',#2359,#2355,#1183,.T.);
#2964=EDGE_CURVE('',#2354,#2359,#1184,.T.);
#2965=EDGE_CURVE('',#2360,#2361,#1185,.T.);
#2966=EDGE_CURVE('',#2361,#2362,#1186,.T.);
#2967=EDGE_CURVE('',#2363,#2362,#1187,.T.);
#2968=EDGE_CURVE('',#2360,#2363,#1188,.T.);
#2969=EDGE_CURVE('',#2362,#2364,#1189,.T.);
#2970=EDGE_CURVE('',#2364,#2353,#1190,.T.);
#2971=EDGE_CURVE('',#2352,#2363,#1191,.T.);
#2972=EDGE_CURVE('',#2365,#2361,#1192,.T.);
#2973=EDGE_CURVE('',#2360,#2365,#1193,.T.);
#2974=EDGE_CURVE('',#2345,#2366,#1194,.T.);
#2975=EDGE_CURVE('',#2366,#2355,#1195,.T.);
#2976=EDGE_CURVE('',#2366,#2367,#1196,.T.);
#2977=EDGE_CURVE('',#2367,#2359,#1197,.T.);
#2978=EDGE_CURVE('',#2367,#2368,#1198,.T.);
#2979=EDGE_CURVE('',#2368,#2354,#1199,.T.);
#2980=EDGE_CURVE('',#2368,#2369,#1200,.T.);
#2981=EDGE_CURVE('',#2369,#2358,#1201,.T.);
#2982=EDGE_CURVE('',#2369,#2342,#1202,.T.);
#2983=EDGE_CURVE('',#2370,#2348,#1203,.T.);
#2984=EDGE_CURVE('',#2370,#2360,#1204,.T.);
#2985=EDGE_CURVE('',#2351,#2371,#1205,.T.);
#2986=EDGE_CURVE('',#2371,#2364,#1206,.T.);
#2987=EDGE_CURVE('',#2371,#2372,#1207,.T.);
#2988=EDGE_CURVE('',#2372,#2361,#1208,.T.);
#2989=EDGE_CURVE('',#2372,#2373,#1209,.T.);
#2990=EDGE_CURVE('',#2373,#2365,#1210,.T.);
#2991=EDGE_CURVE('',#2373,#2370,#1211,.T.);
#2992=EDGE_CURVE('',#2374,#2375,#122,.T.);
#2993=EDGE_CURVE('',#2374,#2376,#1212,.T.);
#2994=EDGE_CURVE('',#2377,#2376,#153,.T.);
#2995=EDGE_CURVE('',#2377,#2378,#1213,.T.);
#2996=EDGE_CURVE('',#2378,#2379,#154,.T.);
#2997=EDGE_CURVE('',#2379,#2380,#123,.T.);
#2998=EDGE_CURVE('',#2375,#2380,#1214,.T.);
#2999=EDGE_CURVE('',#2381,#2377,#1215,.T.);
#3000=EDGE_CURVE('',#2382,#2381,#1216,.T.);
#3001=EDGE_CURVE('',#2378,#2382,#1217,.T.);
#3002=EDGE_CURVE('',#2382,#2383,#155,.F.);
#3003=EDGE_CURVE('',#2384,#2381,#156,.T.);
#3004=EDGE_CURVE('',#2384,#2385,#1218,.T.);
#3005=EDGE_CURVE('',#2385,#2383,#124,.T.);
#3006=EDGE_CURVE('',#2386,#2384,#1219,.T.);
#3007=EDGE_CURVE('',#2386,#2387,#1220,.T.);
#3008=EDGE_CURVE('',#2385,#2387,#1221,.T.);
#3009=EDGE_CURVE('',#2388,#2389,#1222,.T.);
#3010=EDGE_CURVE('',#2388,#2390,#1223,.T.);
#3011=EDGE_CURVE('',#2390,#2391,#1224,.T.);
#3012=EDGE_CURVE('',#2389,#2391,#1225,.T.);
#3013=EDGE_CURVE('',#2392,#2388,#1226,.T.);
#3014=EDGE_CURVE('',#2392,#2393,#1227,.T.);
#3015=EDGE_CURVE('',#2393,#2390,#1228,.T.);
#3016=EDGE_CURVE('',#2394,#2392,#1229,.T.);
#3017=EDGE_CURVE('',#2394,#2395,#1230,.T.);
#3018=EDGE_CURVE('',#2395,#2393,#1231,.T.);
#3019=EDGE_CURVE('',#2389,#2394,#1232,.T.);
#3020=EDGE_CURVE('',#2391,#2395,#1233,.T.);
#3021=EDGE_CURVE('',#2396,#2397,#1234,.T.);
#3022=EDGE_CURVE('',#2396,#2398,#1235,.T.);
#3023=EDGE_CURVE('',#2398,#2399,#1236,.T.);
#3024=EDGE_CURVE('',#2397,#2399,#1237,.T.);
#3025=EDGE_CURVE('',#2400,#2401,#1238,.T.);
#3026=EDGE_CURVE('',#2402,#2400,#1239,.T.);
#3027=EDGE_CURVE('',#2402,#2403,#1240,.T.);
#3028=EDGE_CURVE('',#2401,#2403,#1241,.T.);
#3029=EDGE_CURVE('',#2399,#2402,#1242,.T.);
#3030=EDGE_CURVE('',#2403,#2398,#1243,.T.);
#3031=EDGE_CURVE('',#2404,#2405,#1244,.T.);
#3032=EDGE_CURVE('',#2404,#2406,#1245,.T.);
#3033=EDGE_CURVE('',#2406,#2407,#1246,.T.);
#3034=EDGE_CURVE('',#2405,#2407,#1247,.T.);
#3035=EDGE_CURVE('',#2408,#2404,#1248,.T.);
#3036=EDGE_CURVE('',#2408,#2409,#1249,.T.);
#3037=EDGE_CURVE('',#2409,#2406,#1250,.T.);
#3038=EDGE_CURVE('',#2410,#2408,#1251,.T.);
#3039=EDGE_CURVE('',#2410,#2411,#1252,.T.);
#3040=EDGE_CURVE('',#2411,#2409,#1253,.T.);
#3041=EDGE_CURVE('',#2405,#2410,#1254,.T.);
#3042=EDGE_CURVE('',#2407,#2411,#1255,.T.);
#3043=EDGE_CURVE('',#2412,#2413,#1256,.T.);
#3044=EDGE_CURVE('',#2412,#2414,#1257,.T.);
#3045=EDGE_CURVE('',#2414,#2415,#1258,.T.);
#3046=EDGE_CURVE('',#2413,#2415,#1259,.T.);
#3047=EDGE_CURVE('',#2416,#2417,#1260,.T.);
#3048=EDGE_CURVE('',#2418,#2416,#1261,.T.);
#3049=EDGE_CURVE('',#2418,#2419,#1262,.T.);
#3050=EDGE_CURVE('',#2417,#2419,#1263,.T.);
#3051=EDGE_CURVE('',#2415,#2418,#1264,.T.);
#3052=EDGE_CURVE('',#2419,#2414,#1265,.T.);
#3053=EDGE_CURVE('',#2420,#2421,#1266,.T.);
#3054=EDGE_CURVE('',#2420,#2422,#1267,.T.);
#3055=EDGE_CURVE('',#2422,#2423,#1268,.T.);
#3056=EDGE_CURVE('',#2421,#2423,#1269,.T.);
#3057=EDGE_CURVE('',#2424,#2420,#1270,.T.);
#3058=EDGE_CURVE('',#2424,#2425,#1271,.T.);
#3059=EDGE_CURVE('',#2425,#2422,#1272,.T.);
#3060=EDGE_CURVE('',#2426,#2424,#1273,.T.);
#3061=EDGE_CURVE('',#2426,#2427,#1274,.T.);
#3062=EDGE_CURVE('',#2427,#2425,#1275,.T.);
#3063=EDGE_CURVE('',#2421,#2426,#1276,.T.);
#3064=EDGE_CURVE('',#2423,#2427,#1277,.T.);
#3065=EDGE_CURVE('',#2428,#2413,#1278,.T.);
#3066=EDGE_CURVE('',#2429,#2428,#1279,.T.);
#3067=EDGE_CURVE('',#2412,#2429,#1280,.T.);
#3068=EDGE_CURVE('',#2416,#2397,#1281,.T.);
#3069=EDGE_CURVE('',#2396,#2417,#1282,.T.);
#3070=EDGE_CURVE('',#2430,#2431,#157,.T.);
#3071=EDGE_CURVE('',#2431,#2432,#1283,.T.);
#3072=EDGE_CURVE('',#2432,#2433,#158,.T.);
#3073=EDGE_CURVE('',#2433,#2434,#1284,.T.);
#3074=EDGE_CURVE('',#2434,#2435,#159,.T.);
#3075=EDGE_CURVE('',#2435,#2436,#1285,.T.);
#3076=EDGE_CURVE('',#2436,#2437,#160,.T.);
#3077=EDGE_CURVE('',#2437,#2430,#1286,.T.);
#3078=EDGE_CURVE('',#2438,#2439,#161,.T.);
#3079=EDGE_CURVE('',#2439,#2438,#162,.T.);
#3080=EDGE_CURVE('',#2440,#2401,#1287,.T.);
#3081=EDGE_CURVE('',#2440,#2441,#1288,.T.);
#3082=EDGE_CURVE('',#2400,#2441,#1289,.T.);
#3083=EDGE_CURVE('',#2442,#2443,#163,.T.);
#3084=EDGE_CURVE('',#2431,#2442,#1290,.T.);
#3085=EDGE_CURVE('',#2430,#2443,#1291,.T.);
#3086=EDGE_CURVE('',#2443,#2444,#1292,.T.);
#3087=EDGE_CURVE('',#2437,#2444,#1293,.T.);
#3088=EDGE_CURVE('',#2444,#2445,#164,.T.);
#3089=EDGE_CURVE('',#2436,#2445,#1294,.T.);
#3090=EDGE_CURVE('',#2445,#2446,#1295,.T.);
#3091=EDGE_CURVE('',#2435,#2446,#1296,.T.);
#3092=EDGE_CURVE('',#2446,#2447,#165,.T.);
#3093=EDGE_CURVE('',#2434,#2447,#1297,.T.);
#3094=EDGE_CURVE('',#2447,#2448,#1298,.T.);
#3095=EDGE_CURVE('',#2433,#2448,#1299,.T.);
#3096=EDGE_CURVE('',#2448,#2449,#166,.T.);
#3097=EDGE_CURVE('',#2432,#2449,#1300,.T.);
#3098=EDGE_CURVE('',#2449,#2442,#1301,.T.);
#3099=EDGE_CURVE('',#2439,#2450,#1302,.T.);
#3100=EDGE_CURVE('',#2450,#2450,#167,.T.);
#3101=EDGE_CURVE('',#2387,#2451,#1303,.T.);
#3102=EDGE_CURVE('',#2452,#2386,#1304,.T.);
#3103=EDGE_CURVE('',#2452,#2451,#1305,.T.);
#3104=EDGE_CURVE('',#2451,#2380,#1306,.T.);
#3105=EDGE_CURVE('',#2375,#2452,#1307,.T.);
#3106=EDGE_CURVE('',#2376,#2453,#1308,.T.);
#3107=EDGE_CURVE('',#2453,#2452,#1309,.T.);
#3108=EDGE_CURVE('',#2453,#2374,#1310,.T.);
#3109=EDGE_CURVE('',#2379,#2184,#1311,.T.);
#3110=EDGE_CURVE('',#2383,#2454,#1312,.T.);
#3111=EDGE_CURVE('',#2266,#2454,#1313,.T.);
#3112=EDGE_CURVE('',#2265,#2184,#1314,.T.);
#3113=EDGE_CURVE('',#2267,#2455,#1315,.T.);
#3114=EDGE_CURVE('',#2456,#2455,#1316,.T.);
#3115=EDGE_CURVE('',#2268,#2456,#1317,.T.);
#3116=EDGE_CURVE('',#2455,#2454,#168,.T.);
#3117=EDGE_CURVE('',#2264,#2185,#1318,.T.);
#3118=EDGE_CURVE('',#2271,#2191,#1319,.T.);
#3119=EDGE_CURVE('',#2270,#2457,#1320,.T.);
#3120=EDGE_CURVE('',#2191,#2457,#169,.T.);
#3121=EDGE_CURVE('',#2269,#2458,#1321,.T.);
#3122=EDGE_CURVE('',#2457,#2458,#1322,.T.);
#3123=EDGE_CURVE('',#2458,#2456,#170,.T.);
#3124=EDGE_CURVE('',#2457,#2156,#1323,.T.);
#3125=EDGE_CURVE('',#2458,#2161,#1324,.T.);
#3126=EDGE_CURVE('',#2179,#2459,#1325,.T.);
#3127=EDGE_CURVE('',#2459,#2460,#1326,.T.);
#3128=EDGE_CURVE('',#2461,#2460,#1327,.T.);
#3129=EDGE_CURVE('',#2461,#2157,#1328,.T.);
#3130=EDGE_CURVE('',#2462,#2255,#1329,.T.);
#3131=EDGE_CURVE('',#2254,#2463,#1330,.T.);
#3132=EDGE_CURVE('',#2463,#2462,#1331,.F.);
#3133=EDGE_CURVE('',#2464,#2462,#1332,.T.);
#3134=EDGE_CURVE('',#2463,#2465,#1333,.T.);
#3135=EDGE_CURVE('',#2466,#2465,#1334,.T.);
#3136=EDGE_CURVE('',#2467,#2466,#1335,.T.);
#3137=EDGE_CURVE('',#2467,#2464,#1336,.T.);
#3138=EDGE_CURVE('',#2468,#2258,#1337,.T.);
#3139=EDGE_CURVE('',#2257,#2469,#1338,.T.);
#3140=EDGE_CURVE('',#2469,#2468,#1339,.F.);
#3141=EDGE_CURVE('',#2429,#2470,#1340,.T.);
#3142=EDGE_CURVE('',#2470,#2471,#1341,.T.);
#3143=EDGE_CURVE('',#2471,#2467,#1342,.T.);
#3144=EDGE_CURVE('',#2466,#2472,#1343,.T.);
#3145=EDGE_CURVE('',#2472,#2473,#1344,.T.);
#3146=EDGE_CURVE('',#2473,#2440,#1345,.T.);
#3147=EDGE_CURVE('',#2474,#2474,#171,.T.);
#3148=EDGE_CURVE('',#2475,#2475,#172,.T.);
#3149=EDGE_CURVE('',#2476,#2477,#173,.T.);
#3150=EDGE_CURVE('',#2477,#2476,#174,.T.);
#3151=EDGE_CURVE('',#2477,#2475,#1346,.T.);
#3152=EDGE_CURVE('',#2478,#2479,#175,.T.);
#3153=EDGE_CURVE('',#2479,#2478,#176,.T.);
#3154=EDGE_CURVE('',#2479,#2474,#1347,.T.);
#3155=EDGE_CURVE('',#2480,#2481,#177,.T.);
#3156=EDGE_CURVE('',#2481,#2480,#178,.T.);
#3157=EDGE_CURVE('',#2481,#2482,#1348,.T.);
#3158=EDGE_CURVE('',#2483,#2482,#179,.T.);
#3159=EDGE_CURVE('',#2482,#2483,#180,.T.);
#3160=EDGE_CURVE('',#2483,#2484,#181,.T.);
#3161=EDGE_CURVE('',#2485,#2486,#182,.T.);
#3162=EDGE_CURVE('',#2486,#2485,#183,.T.);
#3163=EDGE_CURVE('',#2486,#2487,#1349,.T.);
#3164=EDGE_CURVE('',#2488,#2487,#184,.T.);
#3165=EDGE_CURVE('',#2487,#2488,#185,.T.);
#3166=EDGE_CURVE('',#2488,#2489,#186,.T.);
#3167=EDGE_CURVE('',#2490,#2491,#1350,.T.);
#3168=EDGE_CURVE('',#2472,#2491,#1351,.T.);
#3169=EDGE_CURVE('',#2465,#2492,#1352,.T.);
#3170=EDGE_CURVE('',#2492,#2277,#1353,.T.);
#3171=EDGE_CURVE('',#2276,#2490,#1354,.T.);
#3172=EDGE_CURVE('',#2456,#2163,#1355,.T.);
#3173=EDGE_CURVE('',#2493,#2455,#1356,.T.);
#3174=EDGE_CURVE('',#2493,#2201,#1357,.T.);
#3175=EDGE_CURVE('',#2494,#2202,#1358,.T.);
#3176=EDGE_CURVE('',#2494,#2495,#1359,.T.);
#3177=EDGE_CURVE('',#2178,#2495,#1360,.T.);
#3178=EDGE_CURVE('',#2176,#2180,#1361,.T.);
#3179=EDGE_CURVE('',#2496,#2468,#1362,.T.);
#3180=EDGE_CURVE('',#2469,#2497,#1363,.T.);
#3181=EDGE_CURVE('',#2497,#2464,#1364,.T.);
#3182=EDGE_CURVE('',#2471,#2498,#1365,.F.);
#3183=EDGE_CURVE('',#2498,#2496,#1366,.T.);
#3184=EDGE_CURVE('',#2499,#2494,#187,.T.);
#3185=EDGE_CURVE('',#2500,#2499,#1367,.T.);
#3186=EDGE_CURVE('',#2189,#2500,#188,.T.);
#3187=EDGE_CURVE('',#2460,#2188,#189,.T.);
#3188=EDGE_CURVE('',#2495,#2459,#190,.T.);
#3189=EDGE_CURVE('',#2501,#2500,#1368,.T.);
#3190=EDGE_CURVE('',#2501,#2194,#125,.T.);
#3191=EDGE_CURVE('',#2470,#2502,#1369,.T.);
#3192=EDGE_CURVE('',#2503,#2502,#1370,.F.);
#3193=EDGE_CURVE('',#2503,#2498,#1371,.T.);
#3194=EDGE_CURVE('',#2253,#2492,#1372,.T.);
#3195=EDGE_CURVE('',#2504,#2504,#191,.T.);
#3196=EDGE_CURVE('',#2504,#2272,#1373,.T.);
#3197=EDGE_CURVE('',#2262,#2490,#1374,.T.);
#3198=EDGE_CURVE('',#2505,#2261,#1375,.T.);
#3199=EDGE_CURVE('',#2491,#2505,#1376,.T.);
#3200=EDGE_CURVE('',#2506,#2506,#192,.T.);
#3201=EDGE_CURVE('',#2506,#2275,#1377,.T.);
#3202=EDGE_CURVE('',#2256,#2497,#1378,.T.);
#3203=EDGE_CURVE('',#2507,#2507,#193,.T.);
#3204=EDGE_CURVE('',#2507,#2273,#1379,.T.);
#3205=EDGE_CURVE('',#2260,#2503,#1380,.T.);
#3206=EDGE_CURVE('',#2259,#2496,#1381,.T.);
#3207=EDGE_CURVE('',#2508,#2508,#194,.T.);
#3208=EDGE_CURVE('',#2508,#2274,#1382,.T.);
#3209=EDGE_CURVE('',#2200,#2499,#1383,.T.);
#3210=EDGE_CURVE('',#2509,#2493,#126,.T.);
#3211=EDGE_CURVE('',#2454,#2510,#1384,.T.);
#3212=EDGE_CURVE('',#2510,#2509,#127,.T.);
#3213=EDGE_CURVE('',#2187,#2461,#128,.T.);
#3214=EDGE_CURVE('',#2175,#2181,#1385,.T.);
#3215=EDGE_CURVE('',#2511,#2203,#1386,.T.);
#3216=EDGE_CURVE('',#2198,#2511,#1387,.T.);
#3217=EDGE_CURVE('',#2199,#2510,#1388,.T.);
#3218=EDGE_CURVE('',#2509,#2511,#1389,.T.);
#3219=EDGE_CURVE('',#2171,#2512,#1390,.T.);
#3220=EDGE_CURVE('',#2512,#2172,#1391,.T.);
#3221=EDGE_CURVE('',#2186,#2512,#1392,.T.);
#3222=EDGE_CURVE('',#2513,#2195,#1393,.T.);
#3223=EDGE_CURVE('',#2193,#2513,#1394,.T.);
#3224=EDGE_CURVE('',#2183,#2514,#1395,.T.);
#3225=EDGE_CURVE('',#2514,#2513,#1396,.T.);
#3226=EDGE_CURVE('',#2514,#2501,#1397,.T.);
#3227=EDGE_CURVE('',#2428,#2515,#1398,.T.);
#3228=EDGE_CURVE('',#2502,#2515,#1399,.T.);
#3229=EDGE_CURVE('',#2515,#2516,#1400,.T.);
#3230=EDGE_CURVE('',#2516,#2517,#1401,.T.);
#3231=EDGE_CURVE('',#2517,#2505,#1402,.F.);
#3232=EDGE_CURVE('',#2517,#2473,#1403,.T.);
#3233=EDGE_CURVE('',#2441,#2516,#1404,.T.);
#3234=ORIENTED_EDGE('',*,*,#2518,.F.);
#3235=ORIENTED_EDGE('',*,*,#2519,.F.);
#3236=ORIENTED_EDGE('',*,*,#2520,.F.);
#3237=ORIENTED_EDGE('',*,*,#2521,.T.);
#3238=ORIENTED_EDGE('',*,*,#2522,.F.);
#3239=ORIENTED_EDGE('',*,*,#2521,.F.);
#3240=ORIENTED_EDGE('',*,*,#2523,.F.);
#3241=ORIENTED_EDGE('',*,*,#2524,.T.);
#3242=ORIENTED_EDGE('',*,*,#2525,.F.);
#3243=ORIENTED_EDGE('',*,*,#2524,.F.);
#3244=ORIENTED_EDGE('',*,*,#2526,.F.);
#3245=ORIENTED_EDGE('',*,*,#2527,.T.);
#3246=ORIENTED_EDGE('',*,*,#2528,.F.);
#3247=ORIENTED_EDGE('',*,*,#2527,.F.);
#3248=ORIENTED_EDGE('',*,*,#2529,.F.);
#3249=ORIENTED_EDGE('',*,*,#2519,.T.);
#3250=ORIENTED_EDGE('',*,*,#2530,.F.);
#3251=ORIENTED_EDGE('',*,*,#2531,.F.);
#3252=ORIENTED_EDGE('',*,*,#2532,.F.);
#3253=ORIENTED_EDGE('',*,*,#2533,.T.);
#3254=ORIENTED_EDGE('',*,*,#2534,.F.);
#3255=ORIENTED_EDGE('',*,*,#2533,.F.);
#3256=ORIENTED_EDGE('',*,*,#2535,.F.);
#3257=ORIENTED_EDGE('',*,*,#2536,.T.);
#3258=ORIENTED_EDGE('',*,*,#2537,.F.);
#3259=ORIENTED_EDGE('',*,*,#2536,.F.);
#3260=ORIENTED_EDGE('',*,*,#2538,.F.);
#3261=ORIENTED_EDGE('',*,*,#2539,.T.);
#3262=ORIENTED_EDGE('',*,*,#2540,.F.);
#3263=ORIENTED_EDGE('',*,*,#2539,.F.);
#3264=ORIENTED_EDGE('',*,*,#2541,.F.);
#3265=ORIENTED_EDGE('',*,*,#2531,.T.);
#3266=ORIENTED_EDGE('',*,*,#2542,.F.);
#3267=ORIENTED_EDGE('',*,*,#2543,.F.);
#3268=ORIENTED_EDGE('',*,*,#2544,.F.);
#3269=ORIENTED_EDGE('',*,*,#2545,.T.);
#3270=ORIENTED_EDGE('',*,*,#2546,.F.);
#3271=ORIENTED_EDGE('',*,*,#2545,.F.);
#3272=ORIENTED_EDGE('',*,*,#2547,.F.);
#3273=ORIENTED_EDGE('',*,*,#2548,.T.);
#3274=ORIENTED_EDGE('',*,*,#2549,.F.);
#3275=ORIENTED_EDGE('',*,*,#2548,.F.);
#3276=ORIENTED_EDGE('',*,*,#2550,.F.);
#3277=ORIENTED_EDGE('',*,*,#2551,.T.);
#3278=ORIENTED_EDGE('',*,*,#2552,.F.);
#3279=ORIENTED_EDGE('',*,*,#2551,.F.);
#3280=ORIENTED_EDGE('',*,*,#2553,.F.);
#3281=ORIENTED_EDGE('',*,*,#2543,.T.);
#3282=ORIENTED_EDGE('',*,*,#2554,.F.);
#3283=ORIENTED_EDGE('',*,*,#2555,.F.);
#3284=ORIENTED_EDGE('',*,*,#2556,.F.);
#3285=ORIENTED_EDGE('',*,*,#2557,.T.);
#3286=ORIENTED_EDGE('',*,*,#2558,.F.);
#3287=ORIENTED_EDGE('',*,*,#2557,.F.);
#3288=ORIENTED_EDGE('',*,*,#2559,.F.);
#3289=ORIENTED_EDGE('',*,*,#2560,.T.);
#3290=ORIENTED_EDGE('',*,*,#2561,.F.);
#3291=ORIENTED_EDGE('',*,*,#2560,.F.);
#3292=ORIENTED_EDGE('',*,*,#2562,.F.);
#3293=ORIENTED_EDGE('',*,*,#2563,.T.);
#3294=ORIENTED_EDGE('',*,*,#2564,.F.);
#3295=ORIENTED_EDGE('',*,*,#2563,.F.);
#3296=ORIENTED_EDGE('',*,*,#2565,.F.);
#3297=ORIENTED_EDGE('',*,*,#2555,.T.);
#3298=ORIENTED_EDGE('',*,*,#2566,.F.);
#3299=ORIENTED_EDGE('',*,*,#2567,.F.);
#3300=ORIENTED_EDGE('',*,*,#2568,.F.);
#3301=ORIENTED_EDGE('',*,*,#2569,.T.);
#3302=ORIENTED_EDGE('',*,*,#2570,.F.);
#3303=ORIENTED_EDGE('',*,*,#2569,.F.);
#3304=ORIENTED_EDGE('',*,*,#2571,.F.);
#3305=ORIENTED_EDGE('',*,*,#2572,.T.);
#3306=ORIENTED_EDGE('',*,*,#2573,.F.);
#3307=ORIENTED_EDGE('',*,*,#2572,.F.);
#3308=ORIENTED_EDGE('',*,*,#2574,.F.);
#3309=ORIENTED_EDGE('',*,*,#2575,.T.);
#3310=ORIENTED_EDGE('',*,*,#2576,.F.);
#3311=ORIENTED_EDGE('',*,*,#2575,.F.);
#3312=ORIENTED_EDGE('',*,*,#2577,.F.);
#3313=ORIENTED_EDGE('',*,*,#2567,.T.);
#3314=ORIENTED_EDGE('',*,*,#2578,.F.);
#3315=ORIENTED_EDGE('',*,*,#2579,.F.);
#3316=ORIENTED_EDGE('',*,*,#2580,.F.);
#3317=ORIENTED_EDGE('',*,*,#2581,.T.);
#3318=ORIENTED_EDGE('',*,*,#2582,.F.);
#3319=ORIENTED_EDGE('',*,*,#2581,.F.);
#3320=ORIENTED_EDGE('',*,*,#2583,.F.);
#3321=ORIENTED_EDGE('',*,*,#2584,.T.);
#3322=ORIENTED_EDGE('',*,*,#2585,.F.);
#3323=ORIENTED_EDGE('',*,*,#2584,.F.);
#3324=ORIENTED_EDGE('',*,*,#2586,.F.);
#3325=ORIENTED_EDGE('',*,*,#2587,.T.);
#3326=ORIENTED_EDGE('',*,*,#2588,.F.);
#3327=ORIENTED_EDGE('',*,*,#2587,.F.);
#3328=ORIENTED_EDGE('',*,*,#2589,.F.);
#3329=ORIENTED_EDGE('',*,*,#2579,.T.);
#3330=ORIENTED_EDGE('',*,*,#2590,.F.);
#3331=ORIENTED_EDGE('',*,*,#2591,.F.);
#3332=ORIENTED_EDGE('',*,*,#2592,.F.);
#3333=ORIENTED_EDGE('',*,*,#2593,.T.);
#3334=ORIENTED_EDGE('',*,*,#2594,.F.);
#3335=ORIENTED_EDGE('',*,*,#2593,.F.);
#3336=ORIENTED_EDGE('',*,*,#2595,.F.);
#3337=ORIENTED_EDGE('',*,*,#2596,.T.);
#3338=ORIENTED_EDGE('',*,*,#2597,.F.);
#3339=ORIENTED_EDGE('',*,*,#2596,.F.);
#3340=ORIENTED_EDGE('',*,*,#2598,.F.);
#3341=ORIENTED_EDGE('',*,*,#2599,.T.);
#3342=ORIENTED_EDGE('',*,*,#2600,.F.);
#3343=ORIENTED_EDGE('',*,*,#2599,.F.);
#3344=ORIENTED_EDGE('',*,*,#2601,.F.);
#3345=ORIENTED_EDGE('',*,*,#2591,.T.);
#3346=ORIENTED_EDGE('',*,*,#2602,.F.);
#3347=ORIENTED_EDGE('',*,*,#2603,.F.);
#3348=ORIENTED_EDGE('',*,*,#2604,.F.);
#3349=ORIENTED_EDGE('',*,*,#2605,.T.);
#3350=ORIENTED_EDGE('',*,*,#2606,.F.);
#3351=ORIENTED_EDGE('',*,*,#2605,.F.);
#3352=ORIENTED_EDGE('',*,*,#2607,.F.);
#3353=ORIENTED_EDGE('',*,*,#2608,.T.);
#3354=ORIENTED_EDGE('',*,*,#2609,.F.);
#3355=ORIENTED_EDGE('',*,*,#2608,.F.);
#3356=ORIENTED_EDGE('',*,*,#2610,.F.);
#3357=ORIENTED_EDGE('',*,*,#2611,.T.);
#3358=ORIENTED_EDGE('',*,*,#2612,.F.);
#3359=ORIENTED_EDGE('',*,*,#2611,.F.);
#3360=ORIENTED_EDGE('',*,*,#2613,.F.);
#3361=ORIENTED_EDGE('',*,*,#2603,.T.);
#3362=ORIENTED_EDGE('',*,*,#2614,.F.);
#3363=ORIENTED_EDGE('',*,*,#2615,.F.);
#3364=ORIENTED_EDGE('',*,*,#2616,.F.);
#3365=ORIENTED_EDGE('',*,*,#2617,.T.);
#3366=ORIENTED_EDGE('',*,*,#2618,.F.);
#3367=ORIENTED_EDGE('',*,*,#2617,.F.);
#3368=ORIENTED_EDGE('',*,*,#2619,.F.);
#3369=ORIENTED_EDGE('',*,*,#2620,.T.);
#3370=ORIENTED_EDGE('',*,*,#2621,.F.);
#3371=ORIENTED_EDGE('',*,*,#2620,.F.);
#3372=ORIENTED_EDGE('',*,*,#2622,.F.);
#3373=ORIENTED_EDGE('',*,*,#2623,.T.);
#3374=ORIENTED_EDGE('',*,*,#2624,.F.);
#3375=ORIENTED_EDGE('',*,*,#2623,.F.);
#3376=ORIENTED_EDGE('',*,*,#2625,.F.);
#3377=ORIENTED_EDGE('',*,*,#2615,.T.);
#3378=ORIENTED_EDGE('',*,*,#2626,.F.);
#3379=ORIENTED_EDGE('',*,*,#2627,.F.);
#3380=ORIENTED_EDGE('',*,*,#2628,.F.);
#3381=ORIENTED_EDGE('',*,*,#2629,.T.);
#3382=ORIENTED_EDGE('',*,*,#2630,.F.);
#3383=ORIENTED_EDGE('',*,*,#2629,.F.);
#3384=ORIENTED_EDGE('',*,*,#2631,.F.);
#3385=ORIENTED_EDGE('',*,*,#2632,.T.);
#3386=ORIENTED_EDGE('',*,*,#2633,.F.);
#3387=ORIENTED_EDGE('',*,*,#2632,.F.);
#3388=ORIENTED_EDGE('',*,*,#2634,.F.);
#3389=ORIENTED_EDGE('',*,*,#2635,.T.);
#3390=ORIENTED_EDGE('',*,*,#2636,.F.);
#3391=ORIENTED_EDGE('',*,*,#2635,.F.);
#3392=ORIENTED_EDGE('',*,*,#2637,.F.);
#3393=ORIENTED_EDGE('',*,*,#2627,.T.);
#3394=ORIENTED_EDGE('',*,*,#2638,.F.);
#3395=ORIENTED_EDGE('',*,*,#2639,.F.);
#3396=ORIENTED_EDGE('',*,*,#2640,.F.);
#3397=ORIENTED_EDGE('',*,*,#2641,.T.);
#3398=ORIENTED_EDGE('',*,*,#2642,.F.);
#3399=ORIENTED_EDGE('',*,*,#2641,.F.);
#3400=ORIENTED_EDGE('',*,*,#2643,.F.);
#3401=ORIENTED_EDGE('',*,*,#2644,.T.);
#3402=ORIENTED_EDGE('',*,*,#2645,.F.);
#3403=ORIENTED_EDGE('',*,*,#2644,.F.);
#3404=ORIENTED_EDGE('',*,*,#2646,.F.);
#3405=ORIENTED_EDGE('',*,*,#2647,.T.);
#3406=ORIENTED_EDGE('',*,*,#2648,.F.);
#3407=ORIENTED_EDGE('',*,*,#2647,.F.);
#3408=ORIENTED_EDGE('',*,*,#2649,.F.);
#3409=ORIENTED_EDGE('',*,*,#2639,.T.);
#3410=ORIENTED_EDGE('',*,*,#2650,.F.);
#3411=ORIENTED_EDGE('',*,*,#2651,.F.);
#3412=ORIENTED_EDGE('',*,*,#2652,.F.);
#3413=ORIENTED_EDGE('',*,*,#2653,.T.);
#3414=ORIENTED_EDGE('',*,*,#2654,.F.);
#3415=ORIENTED_EDGE('',*,*,#2653,.F.);
#3416=ORIENTED_EDGE('',*,*,#2655,.F.);
#3417=ORIENTED_EDGE('',*,*,#2656,.T.);
#3418=ORIENTED_EDGE('',*,*,#2657,.F.);
#3419=ORIENTED_EDGE('',*,*,#2656,.F.);
#3420=ORIENTED_EDGE('',*,*,#2658,.F.);
#3421=ORIENTED_EDGE('',*,*,#2659,.T.);
#3422=ORIENTED_EDGE('',*,*,#2660,.F.);
#3423=ORIENTED_EDGE('',*,*,#2659,.F.);
#3424=ORIENTED_EDGE('',*,*,#2661,.F.);
#3425=ORIENTED_EDGE('',*,*,#2651,.T.);
#3426=ORIENTED_EDGE('',*,*,#2662,.F.);
#3427=ORIENTED_EDGE('',*,*,#2663,.F.);
#3428=ORIENTED_EDGE('',*,*,#2664,.F.);
#3429=ORIENTED_EDGE('',*,*,#2665,.T.);
#3430=ORIENTED_EDGE('',*,*,#2666,.F.);
#3431=ORIENTED_EDGE('',*,*,#2665,.F.);
#3432=ORIENTED_EDGE('',*,*,#2667,.F.);
#3433=ORIENTED_EDGE('',*,*,#2668,.T.);
#3434=ORIENTED_EDGE('',*,*,#2669,.F.);
#3435=ORIENTED_EDGE('',*,*,#2668,.F.);
#3436=ORIENTED_EDGE('',*,*,#2670,.F.);
#3437=ORIENTED_EDGE('',*,*,#2671,.T.);
#3438=ORIENTED_EDGE('',*,*,#2672,.F.);
#3439=ORIENTED_EDGE('',*,*,#2671,.F.);
#3440=ORIENTED_EDGE('',*,*,#2673,.F.);
#3441=ORIENTED_EDGE('',*,*,#2663,.T.);
#3442=ORIENTED_EDGE('',*,*,#2674,.F.);
#3443=ORIENTED_EDGE('',*,*,#2675,.F.);
#3444=ORIENTED_EDGE('',*,*,#2676,.F.);
#3445=ORIENTED_EDGE('',*,*,#2677,.T.);
#3446=ORIENTED_EDGE('',*,*,#2678,.F.);
#3447=ORIENTED_EDGE('',*,*,#2677,.F.);
#3448=ORIENTED_EDGE('',*,*,#2679,.F.);
#3449=ORIENTED_EDGE('',*,*,#2680,.T.);
#3450=ORIENTED_EDGE('',*,*,#2681,.F.);
#3451=ORIENTED_EDGE('',*,*,#2680,.F.);
#3452=ORIENTED_EDGE('',*,*,#2682,.F.);
#3453=ORIENTED_EDGE('',*,*,#2683,.T.);
#3454=ORIENTED_EDGE('',*,*,#2684,.F.);
#3455=ORIENTED_EDGE('',*,*,#2683,.F.);
#3456=ORIENTED_EDGE('',*,*,#2685,.F.);
#3457=ORIENTED_EDGE('',*,*,#2675,.T.);
#3458=ORIENTED_EDGE('',*,*,#2686,.F.);
#3459=ORIENTED_EDGE('',*,*,#2687,.F.);
#3460=ORIENTED_EDGE('',*,*,#2688,.F.);
#3461=ORIENTED_EDGE('',*,*,#2689,.T.);
#3462=ORIENTED_EDGE('',*,*,#2690,.F.);
#3463=ORIENTED_EDGE('',*,*,#2691,.F.);
#3464=ORIENTED_EDGE('',*,*,#2692,.T.);
#3465=ORIENTED_EDGE('',*,*,#2693,.F.);
#3466=ORIENTED_EDGE('',*,*,#2694,.F.);
#3467=ORIENTED_EDGE('',*,*,#2695,.F.);
#3468=ORIENTED_EDGE('',*,*,#2696,.F.);
#3469=ORIENTED_EDGE('',*,*,#2697,.T.);
#3470=ORIENTED_EDGE('',*,*,#2698,.F.);
#3471=ORIENTED_EDGE('',*,*,#2699,.T.);
#3472=ORIENTED_EDGE('',*,*,#2700,.F.);
#3473=ORIENTED_EDGE('',*,*,#2701,.F.);
#3474=ORIENTED_EDGE('',*,*,#2691,.T.);
#3475=ORIENTED_EDGE('',*,*,#2702,.T.);
#3476=ORIENTED_EDGE('',*,*,#2703,.T.);
#3477=ORIENTED_EDGE('',*,*,#2704,.F.);
#3478=ORIENTED_EDGE('',*,*,#2690,.T.);
#3479=ORIENTED_EDGE('',*,*,#2705,.T.);
#3480=ORIENTED_EDGE('',*,*,#2706,.T.);
#3481=ORIENTED_EDGE('',*,*,#2702,.F.);
#3482=ORIENTED_EDGE('',*,*,#2707,.T.);
#3483=ORIENTED_EDGE('',*,*,#2708,.T.);
#3484=ORIENTED_EDGE('',*,*,#2709,.F.);
#3485=ORIENTED_EDGE('',*,*,#2710,.F.);
#3486=ORIENTED_EDGE('',*,*,#2711,.T.);
#3487=ORIENTED_EDGE('',*,*,#2712,.T.);
#3488=ORIENTED_EDGE('',*,*,#2707,.F.);
#3489=ORIENTED_EDGE('',*,*,#2713,.F.);
#3490=ORIENTED_EDGE('',*,*,#2714,.F.);
#3491=ORIENTED_EDGE('',*,*,#2715,.F.);
#3492=ORIENTED_EDGE('',*,*,#2697,.F.);
#3493=ORIENTED_EDGE('',*,*,#2696,.T.);
#3494=ORIENTED_EDGE('',*,*,#2716,.F.);
#3495=ORIENTED_EDGE('',*,*,#2717,.T.);
#3496=ORIENTED_EDGE('',*,*,#2718,.T.);
#3497=ORIENTED_EDGE('',*,*,#2711,.F.);
#3498=ORIENTED_EDGE('',*,*,#2701,.T.);
#3499=ORIENTED_EDGE('',*,*,#2719,.T.);
#3500=ORIENTED_EDGE('',*,*,#2720,.T.);
#3501=ORIENTED_EDGE('',*,*,#2721,.F.);
#3502=ORIENTED_EDGE('',*,*,#2722,.T.);
#3503=ORIENTED_EDGE('',*,*,#2723,.T.);
#3504=ORIENTED_EDGE('',*,*,#2686,.T.);
#3505=ORIENTED_EDGE('',*,*,#2724,.T.);
#3506=ORIENTED_EDGE('',*,*,#2725,.T.);
#3507=ORIENTED_EDGE('',*,*,#2726,.T.);
#3508=ORIENTED_EDGE('',*,*,#2727,.T.);
#3509=ORIENTED_EDGE('',*,*,#2728,.F.);
#3510=ORIENTED_EDGE('',*,*,#2729,.T.);
#3511=ORIENTED_EDGE('',*,*,#2698,.T.);
#3512=ORIENTED_EDGE('',*,*,#2723,.F.);
#3513=ORIENTED_EDGE('',*,*,#2730,.T.);
#3514=ORIENTED_EDGE('',*,*,#2731,.T.);
#3515=ORIENTED_EDGE('',*,*,#2700,.T.);
#3516=ORIENTED_EDGE('',*,*,#2732,.T.);
#3517=ORIENTED_EDGE('',*,*,#2733,.T.);
#3518=ORIENTED_EDGE('',*,*,#2734,.F.);
#3519=ORIENTED_EDGE('',*,*,#2719,.F.);
#3520=ORIENTED_EDGE('',*,*,#2735,.T.);
#3521=ORIENTED_EDGE('',*,*,#2736,.T.);
#3522=ORIENTED_EDGE('',*,*,#2732,.F.);
#3523=ORIENTED_EDGE('',*,*,#2699,.F.);
#3524=ORIENTED_EDGE('',*,*,#2729,.F.);
#3525=ORIENTED_EDGE('',*,*,#2737,.F.);
#3526=ORIENTED_EDGE('',*,*,#2738,.T.);
#3527=ORIENTED_EDGE('',*,*,#2739,.T.);
#3528=ORIENTED_EDGE('',*,*,#2740,.F.);
#3529=ORIENTED_EDGE('',*,*,#2741,.F.);
#3530=ORIENTED_EDGE('',*,*,#2742,.F.);
#3531=ORIENTED_EDGE('',*,*,#2743,.F.);
#3532=ORIENTED_EDGE('',*,*,#2744,.T.);
#3533=ORIENTED_EDGE('',*,*,#2745,.T.);
#3534=ORIENTED_EDGE('',*,*,#2738,.F.);
#3535=ORIENTED_EDGE('',*,*,#2746,.F.);
#3536=ORIENTED_EDGE('',*,*,#2747,.T.);
#3537=ORIENTED_EDGE('',*,*,#2748,.T.);
#3538=ORIENTED_EDGE('',*,*,#2749,.T.);
#3539=ORIENTED_EDGE('',*,*,#2750,.T.);
#3540=ORIENTED_EDGE('',*,*,#2748,.F.);
#3541=ORIENTED_EDGE('',*,*,#2751,.F.);
#3542=ORIENTED_EDGE('',*,*,#2752,.F.);
#3543=ORIENTED_EDGE('',*,*,#2753,.F.);
#3544=ORIENTED_EDGE('',*,*,#2754,.T.);
#3545=ORIENTED_EDGE('',*,*,#2755,.T.);
#3546=ORIENTED_EDGE('',*,*,#2756,.T.);
#3547=ORIENTED_EDGE('',*,*,#2752,.T.);
#3548=ORIENTED_EDGE('',*,*,#2755,.F.);
#3549=ORIENTED_EDGE('',*,*,#2757,.F.);
#3550=ORIENTED_EDGE('',*,*,#2758,.F.);
#3551=ORIENTED_EDGE('',*,*,#2759,.F.);
#3552=ORIENTED_EDGE('',*,*,#2760,.T.);
#3553=ORIENTED_EDGE('',*,*,#2761,.T.);
#3554=ORIENTED_EDGE('',*,*,#2762,.T.);
#3555=ORIENTED_EDGE('',*,*,#2763,.T.);
#3556=ORIENTED_EDGE('',*,*,#2761,.F.);
#3557=ORIENTED_EDGE('',*,*,#2764,.T.);
#3558=ORIENTED_EDGE('',*,*,#2765,.F.);
#3559=ORIENTED_EDGE('',*,*,#2766,.F.);
#3560=ORIENTED_EDGE('',*,*,#2767,.T.);
#3561=ORIENTED_EDGE('',*,*,#2768,.T.);
#3562=ORIENTED_EDGE('',*,*,#2769,.T.);
#3563=ORIENTED_EDGE('',*,*,#2770,.T.);
#3564=ORIENTED_EDGE('',*,*,#2768,.F.);
#3565=ORIENTED_EDGE('',*,*,#2771,.T.);
#3566=ORIENTED_EDGE('',*,*,#2772,.F.);
#3567=ORIENTED_EDGE('',*,*,#2773,.F.);
#3568=ORIENTED_EDGE('',*,*,#2774,.F.);
#3569=ORIENTED_EDGE('',*,*,#2775,.T.);
#3570=ORIENTED_EDGE('',*,*,#2776,.F.);
#3571=ORIENTED_EDGE('',*,*,#2777,.F.);
#3572=ORIENTED_EDGE('',*,*,#2778,.F.);
#3573=ORIENTED_EDGE('',*,*,#2777,.T.);
#3574=ORIENTED_EDGE('',*,*,#2779,.F.);
#3575=ORIENTED_EDGE('',*,*,#2780,.F.);
#3576=ORIENTED_EDGE('',*,*,#2781,.F.);
#3577=ORIENTED_EDGE('',*,*,#2780,.T.);
#3578=ORIENTED_EDGE('',*,*,#2782,.F.);
#3579=ORIENTED_EDGE('',*,*,#2771,.F.);
#3580=ORIENTED_EDGE('',*,*,#2767,.F.);
#3581=ORIENTED_EDGE('',*,*,#2783,.F.);
#3582=ORIENTED_EDGE('',*,*,#2769,.F.);
#3583=ORIENTED_EDGE('',*,*,#2773,.T.);
#3584=ORIENTED_EDGE('',*,*,#2784,.F.);
#3585=ORIENTED_EDGE('',*,*,#2785,.F.);
#3586=ORIENTED_EDGE('',*,*,#2786,.F.);
#3587=ORIENTED_EDGE('',*,*,#2785,.T.);
#3588=ORIENTED_EDGE('',*,*,#2787,.F.);
#3589=ORIENTED_EDGE('',*,*,#2788,.F.);
#3590=ORIENTED_EDGE('',*,*,#2789,.F.);
#3591=ORIENTED_EDGE('',*,*,#2788,.T.);
#3592=ORIENTED_EDGE('',*,*,#2790,.F.);
#3593=ORIENTED_EDGE('',*,*,#2791,.F.);
#3594=ORIENTED_EDGE('',*,*,#2792,.F.);
#3595=ORIENTED_EDGE('',*,*,#2791,.T.);
#3596=ORIENTED_EDGE('',*,*,#2793,.F.);
#3597=ORIENTED_EDGE('',*,*,#2775,.F.);
#3598=ORIENTED_EDGE('',*,*,#2793,.T.);
#3599=ORIENTED_EDGE('',*,*,#2790,.T.);
#3600=ORIENTED_EDGE('',*,*,#2787,.T.);
#3601=ORIENTED_EDGE('',*,*,#2784,.T.);
#3602=ORIENTED_EDGE('',*,*,#2772,.T.);
#3603=ORIENTED_EDGE('',*,*,#2782,.T.);
#3604=ORIENTED_EDGE('',*,*,#2779,.T.);
#3605=ORIENTED_EDGE('',*,*,#2776,.T.);
#3606=ORIENTED_EDGE('',*,*,#2794,.F.);
#3607=ORIENTED_EDGE('',*,*,#2795,.T.);
#3608=ORIENTED_EDGE('',*,*,#2796,.F.);
#3609=ORIENTED_EDGE('',*,*,#2797,.F.);
#3610=ORIENTED_EDGE('',*,*,#2798,.F.);
#3611=ORIENTED_EDGE('',*,*,#2797,.T.);
#3612=ORIENTED_EDGE('',*,*,#2799,.F.);
#3613=ORIENTED_EDGE('',*,*,#2764,.F.);
#3614=ORIENTED_EDGE('',*,*,#2760,.F.);
#3615=ORIENTED_EDGE('',*,*,#2800,.F.);
#3616=ORIENTED_EDGE('',*,*,#2762,.F.);
#3617=ORIENTED_EDGE('',*,*,#2766,.T.);
#3618=ORIENTED_EDGE('',*,*,#2801,.F.);
#3619=ORIENTED_EDGE('',*,*,#2802,.F.);
#3620=ORIENTED_EDGE('',*,*,#2803,.F.);
#3621=ORIENTED_EDGE('',*,*,#2802,.T.);
#3622=ORIENTED_EDGE('',*,*,#2804,.F.);
#3623=ORIENTED_EDGE('',*,*,#2805,.F.);
#3624=ORIENTED_EDGE('',*,*,#2806,.F.);
#3625=ORIENTED_EDGE('',*,*,#2805,.T.);
#3626=ORIENTED_EDGE('',*,*,#2807,.F.);
#3627=ORIENTED_EDGE('',*,*,#2808,.F.);
#3628=ORIENTED_EDGE('',*,*,#2809,.F.);
#3629=ORIENTED_EDGE('',*,*,#2808,.T.);
#3630=ORIENTED_EDGE('',*,*,#2810,.F.);
#3631=ORIENTED_EDGE('',*,*,#2811,.F.);
#3632=ORIENTED_EDGE('',*,*,#2812,.F.);
#3633=ORIENTED_EDGE('',*,*,#2811,.T.);
#3634=ORIENTED_EDGE('',*,*,#2813,.F.);
#3635=ORIENTED_EDGE('',*,*,#2795,.F.);
#3636=ORIENTED_EDGE('',*,*,#2813,.T.);
#3637=ORIENTED_EDGE('',*,*,#2810,.T.);
#3638=ORIENTED_EDGE('',*,*,#2807,.T.);
#3639=ORIENTED_EDGE('',*,*,#2804,.T.);
#3640=ORIENTED_EDGE('',*,*,#2801,.T.);
#3641=ORIENTED_EDGE('',*,*,#2765,.T.);
#3642=ORIENTED_EDGE('',*,*,#2799,.T.);
#3643=ORIENTED_EDGE('',*,*,#2796,.T.);
#3644=ORIENTED_EDGE('',*,*,#2750,.F.);
#3645=ORIENTED_EDGE('',*,*,#2814,.F.);
#3646=ORIENTED_EDGE('',*,*,#2815,.F.);
#3647=ORIENTED_EDGE('',*,*,#2816,.F.);
#3648=ORIENTED_EDGE('',*,*,#2815,.T.);
#3649=ORIENTED_EDGE('',*,*,#2817,.T.);
#3650=ORIENTED_EDGE('',*,*,#2818,.T.);
#3651=ORIENTED_EDGE('',*,*,#2819,.T.);
#3652=ORIENTED_EDGE('',*,*,#2820,.T.);
#3653=ORIENTED_EDGE('',*,*,#2821,.T.);
#3654=ORIENTED_EDGE('',*,*,#2822,.T.);
#3655=ORIENTED_EDGE('',*,*,#2823,.T.);
#3656=ORIENTED_EDGE('',*,*,#2824,.T.);
#3657=ORIENTED_EDGE('',*,*,#2825,.T.);
#3658=ORIENTED_EDGE('',*,*,#2826,.T.);
#3659=ORIENTED_EDGE('',*,*,#2827,.T.);
#3660=ORIENTED_EDGE('',*,*,#2828,.T.);
#3661=ORIENTED_EDGE('',*,*,#2829,.T.);
#3662=ORIENTED_EDGE('',*,*,#2758,.T.);
#3663=ORIENTED_EDGE('',*,*,#2830,.F.);
#3664=ORIENTED_EDGE('',*,*,#2831,.F.);
#3665=ORIENTED_EDGE('',*,*,#2832,.F.);
#3666=ORIENTED_EDGE('',*,*,#2833,.F.);
#3667=ORIENTED_EDGE('',*,*,#2834,.F.);
#3668=ORIENTED_EDGE('',*,*,#2835,.F.);
#3669=ORIENTED_EDGE('',*,*,#2836,.F.);
#3670=ORIENTED_EDGE('',*,*,#2837,.F.);
#3671=ORIENTED_EDGE('',*,*,#2838,.F.);
#3672=ORIENTED_EDGE('',*,*,#2839,.T.);
#3673=ORIENTED_EDGE('',*,*,#2840,.T.);
#3674=ORIENTED_EDGE('',*,*,#2841,.T.);
#3675=ORIENTED_EDGE('',*,*,#2842,.T.);
#3676=ORIENTED_EDGE('',*,*,#2814,.T.);
#3677=ORIENTED_EDGE('',*,*,#2749,.F.);
#3678=ORIENTED_EDGE('',*,*,#2753,.T.);
#3679=ORIENTED_EDGE('',*,*,#2756,.F.);
#3680=ORIENTED_EDGE('',*,*,#2759,.T.);
#3681=ORIENTED_EDGE('',*,*,#2829,.F.);
#3682=ORIENTED_EDGE('',*,*,#2843,.T.);
#3683=ORIENTED_EDGE('',*,*,#2844,.T.);
#3684=ORIENTED_EDGE('',*,*,#2845,.T.);
#3685=ORIENTED_EDGE('',*,*,#2817,.F.);
#3686=ORIENTED_EDGE('',*,*,#2846,.F.);
#3687=ORIENTED_EDGE('',*,*,#2847,.F.);
#3688=ORIENTED_EDGE('',*,*,#2848,.F.);
#3689=ORIENTED_EDGE('',*,*,#2849,.T.);
#3690=ORIENTED_EDGE('',*,*,#2850,.F.);
#3691=ORIENTED_EDGE('',*,*,#2849,.F.);
#3692=ORIENTED_EDGE('',*,*,#2851,.F.);
#3693=ORIENTED_EDGE('',*,*,#2852,.T.);
#3694=ORIENTED_EDGE('',*,*,#2853,.F.);
#3695=ORIENTED_EDGE('',*,*,#2852,.F.);
#3696=ORIENTED_EDGE('',*,*,#2854,.F.);
#3697=ORIENTED_EDGE('',*,*,#2855,.T.);
#3698=ORIENTED_EDGE('',*,*,#2856,.F.);
#3699=ORIENTED_EDGE('',*,*,#2855,.F.);
#3700=ORIENTED_EDGE('',*,*,#2857,.F.);
#3701=ORIENTED_EDGE('',*,*,#2847,.T.);
#3702=ORIENTED_EDGE('',*,*,#2858,.F.);
#3703=ORIENTED_EDGE('',*,*,#2859,.F.);
#3704=ORIENTED_EDGE('',*,*,#2860,.F.);
#3705=ORIENTED_EDGE('',*,*,#2861,.T.);
#3706=ORIENTED_EDGE('',*,*,#2862,.F.);
#3707=ORIENTED_EDGE('',*,*,#2861,.F.);
#3708=ORIENTED_EDGE('',*,*,#2863,.F.);
#3709=ORIENTED_EDGE('',*,*,#2864,.T.);
#3710=ORIENTED_EDGE('',*,*,#2865,.F.);
#3711=ORIENTED_EDGE('',*,*,#2864,.F.);
#3712=ORIENTED_EDGE('',*,*,#2866,.F.);
#3713=ORIENTED_EDGE('',*,*,#2867,.T.);
#3714=ORIENTED_EDGE('',*,*,#2868,.F.);
#3715=ORIENTED_EDGE('',*,*,#2867,.F.);
#3716=ORIENTED_EDGE('',*,*,#2869,.F.);
#3717=ORIENTED_EDGE('',*,*,#2859,.T.);
#3718=ORIENTED_EDGE('',*,*,#2870,.F.);
#3719=ORIENTED_EDGE('',*,*,#2871,.F.);
#3720=ORIENTED_EDGE('',*,*,#2872,.F.);
#3721=ORIENTED_EDGE('',*,*,#2873,.T.);
#3722=ORIENTED_EDGE('',*,*,#2874,.F.);
#3723=ORIENTED_EDGE('',*,*,#2873,.F.);
#3724=ORIENTED_EDGE('',*,*,#2875,.F.);
#3725=ORIENTED_EDGE('',*,*,#2876,.T.);
#3726=ORIENTED_EDGE('',*,*,#2877,.F.);
#3727=ORIENTED_EDGE('',*,*,#2876,.F.);
#3728=ORIENTED_EDGE('',*,*,#2878,.F.);
#3729=ORIENTED_EDGE('',*,*,#2879,.T.);
#3730=ORIENTED_EDGE('',*,*,#2880,.F.);
#3731=ORIENTED_EDGE('',*,*,#2879,.F.);
#3732=ORIENTED_EDGE('',*,*,#2881,.F.);
#3733=ORIENTED_EDGE('',*,*,#2871,.T.);
#3734=ORIENTED_EDGE('',*,*,#2882,.F.);
#3735=ORIENTED_EDGE('',*,*,#2883,.F.);
#3736=ORIENTED_EDGE('',*,*,#2884,.F.);
#3737=ORIENTED_EDGE('',*,*,#2885,.T.);
#3738=ORIENTED_EDGE('',*,*,#2886,.F.);
#3739=ORIENTED_EDGE('',*,*,#2885,.F.);
#3740=ORIENTED_EDGE('',*,*,#2887,.F.);
#3741=ORIENTED_EDGE('',*,*,#2888,.T.);
#3742=ORIENTED_EDGE('',*,*,#2889,.F.);
#3743=ORIENTED_EDGE('',*,*,#2888,.F.);
#3744=ORIENTED_EDGE('',*,*,#2890,.F.);
#3745=ORIENTED_EDGE('',*,*,#2891,.T.);
#3746=ORIENTED_EDGE('',*,*,#2892,.F.);
#3747=ORIENTED_EDGE('',*,*,#2891,.F.);
#3748=ORIENTED_EDGE('',*,*,#2893,.F.);
#3749=ORIENTED_EDGE('',*,*,#2883,.T.);
#3750=ORIENTED_EDGE('',*,*,#2894,.F.);
#3751=ORIENTED_EDGE('',*,*,#2895,.F.);
#3752=ORIENTED_EDGE('',*,*,#2896,.F.);
#3753=ORIENTED_EDGE('',*,*,#2897,.T.);
#3754=ORIENTED_EDGE('',*,*,#2898,.F.);
#3755=ORIENTED_EDGE('',*,*,#2897,.F.);
#3756=ORIENTED_EDGE('',*,*,#2899,.F.);
#3757=ORIENTED_EDGE('',*,*,#2900,.T.);
#3758=ORIENTED_EDGE('',*,*,#2901,.F.);
#3759=ORIENTED_EDGE('',*,*,#2900,.F.);
#3760=ORIENTED_EDGE('',*,*,#2902,.F.);
#3761=ORIENTED_EDGE('',*,*,#2903,.T.);
#3762=ORIENTED_EDGE('',*,*,#2904,.F.);
#3763=ORIENTED_EDGE('',*,*,#2903,.F.);
#3764=ORIENTED_EDGE('',*,*,#2905,.F.);
#3765=ORIENTED_EDGE('',*,*,#2895,.T.);
#3766=ORIENTED_EDGE('',*,*,#2906,.F.);
#3767=ORIENTED_EDGE('',*,*,#2907,.F.);
#3768=ORIENTED_EDGE('',*,*,#2908,.F.);
#3769=ORIENTED_EDGE('',*,*,#2909,.T.);
#3770=ORIENTED_EDGE('',*,*,#2910,.F.);
#3771=ORIENTED_EDGE('',*,*,#2909,.F.);
#3772=ORIENTED_EDGE('',*,*,#2911,.F.);
#3773=ORIENTED_EDGE('',*,*,#2912,.T.);
#3774=ORIENTED_EDGE('',*,*,#2913,.F.);
#3775=ORIENTED_EDGE('',*,*,#2912,.F.);
#3776=ORIENTED_EDGE('',*,*,#2914,.F.);
#3777=ORIENTED_EDGE('',*,*,#2915,.T.);
#3778=ORIENTED_EDGE('',*,*,#2916,.F.);
#3779=ORIENTED_EDGE('',*,*,#2915,.F.);
#3780=ORIENTED_EDGE('',*,*,#2917,.F.);
#3781=ORIENTED_EDGE('',*,*,#2907,.T.);
#3782=ORIENTED_EDGE('',*,*,#2918,.F.);
#3783=ORIENTED_EDGE('',*,*,#2919,.F.);
#3784=ORIENTED_EDGE('',*,*,#2920,.F.);
#3785=ORIENTED_EDGE('',*,*,#2921,.T.);
#3786=ORIENTED_EDGE('',*,*,#2922,.F.);
#3787=ORIENTED_EDGE('',*,*,#2921,.F.);
#3788=ORIENTED_EDGE('',*,*,#2923,.F.);
#3789=ORIENTED_EDGE('',*,*,#2924,.T.);
#3790=ORIENTED_EDGE('',*,*,#2925,.F.);
#3791=ORIENTED_EDGE('',*,*,#2924,.F.);
#3792=ORIENTED_EDGE('',*,*,#2926,.F.);
#3793=ORIENTED_EDGE('',*,*,#2927,.T.);
#3794=ORIENTED_EDGE('',*,*,#2928,.F.);
#3795=ORIENTED_EDGE('',*,*,#2927,.F.);
#3796=ORIENTED_EDGE('',*,*,#2929,.F.);
#3797=ORIENTED_EDGE('',*,*,#2919,.T.);
#3798=ORIENTED_EDGE('',*,*,#2930,.F.);
#3799=ORIENTED_EDGE('',*,*,#2931,.F.);
#3800=ORIENTED_EDGE('',*,*,#2932,.F.);
#3801=ORIENTED_EDGE('',*,*,#2933,.T.);
#3802=ORIENTED_EDGE('',*,*,#2934,.F.);
#3803=ORIENTED_EDGE('',*,*,#2933,.F.);
#3804=ORIENTED_EDGE('',*,*,#2935,.F.);
#3805=ORIENTED_EDGE('',*,*,#2936,.T.);
#3806=ORIENTED_EDGE('',*,*,#2937,.F.);
#3807=ORIENTED_EDGE('',*,*,#2936,.F.);
#3808=ORIENTED_EDGE('',*,*,#2938,.F.);
#3809=ORIENTED_EDGE('',*,*,#2939,.T.);
#3810=ORIENTED_EDGE('',*,*,#2940,.F.);
#3811=ORIENTED_EDGE('',*,*,#2939,.F.);
#3812=ORIENTED_EDGE('',*,*,#2941,.F.);
#3813=ORIENTED_EDGE('',*,*,#2931,.T.);
#3814=ORIENTED_EDGE('',*,*,#2942,.T.);
#3815=ORIENTED_EDGE('',*,*,#2943,.T.);
#3816=ORIENTED_EDGE('',*,*,#2944,.T.);
#3817=ORIENTED_EDGE('',*,*,#2945,.T.);
#3818=ORIENTED_EDGE('',*,*,#2943,.F.);
#3819=ORIENTED_EDGE('',*,*,#2946,.T.);
#3820=ORIENTED_EDGE('',*,*,#2947,.F.);
#3821=ORIENTED_EDGE('',*,*,#2948,.F.);
#3822=ORIENTED_EDGE('',*,*,#2949,.T.);
#3823=ORIENTED_EDGE('',*,*,#2950,.T.);
#3824=ORIENTED_EDGE('',*,*,#2951,.T.);
#3825=ORIENTED_EDGE('',*,*,#2952,.T.);
#3826=ORIENTED_EDGE('',*,*,#2950,.F.);
#3827=ORIENTED_EDGE('',*,*,#2953,.T.);
#3828=ORIENTED_EDGE('',*,*,#2954,.F.);
#3829=ORIENTED_EDGE('',*,*,#2955,.F.);
#3830=ORIENTED_EDGE('',*,*,#2956,.T.);
#3831=ORIENTED_EDGE('',*,*,#2957,.T.);
#3832=ORIENTED_EDGE('',*,*,#2958,.F.);
#3833=ORIENTED_EDGE('',*,*,#2959,.F.);
#3834=ORIENTED_EDGE('',*,*,#2958,.T.);
#3835=ORIENTED_EDGE('',*,*,#2960,.T.);
#3836=ORIENTED_EDGE('',*,*,#2947,.T.);
#3837=ORIENTED_EDGE('',*,*,#2961,.T.);
#3838=ORIENTED_EDGE('',*,*,#2962,.T.);
#3839=ORIENTED_EDGE('',*,*,#2963,.T.);
#3840=ORIENTED_EDGE('',*,*,#2956,.F.);
#3841=ORIENTED_EDGE('',*,*,#2964,.T.);
#3842=ORIENTED_EDGE('',*,*,#2965,.T.);
#3843=ORIENTED_EDGE('',*,*,#2966,.T.);
#3844=ORIENTED_EDGE('',*,*,#2967,.F.);
#3845=ORIENTED_EDGE('',*,*,#2968,.F.);
#3846=ORIENTED_EDGE('',*,*,#2969,.T.);
#3847=ORIENTED_EDGE('',*,*,#2970,.T.);
#3848=ORIENTED_EDGE('',*,*,#2954,.T.);
#3849=ORIENTED_EDGE('',*,*,#2971,.T.);
#3850=ORIENTED_EDGE('',*,*,#2967,.T.);
#3851=ORIENTED_EDGE('',*,*,#2972,.T.);
#3852=ORIENTED_EDGE('',*,*,#2965,.F.);
#3853=ORIENTED_EDGE('',*,*,#2973,.T.);
#3854=ORIENTED_EDGE('',*,*,#2974,.F.);
#3855=ORIENTED_EDGE('',*,*,#2944,.F.);
#3856=ORIENTED_EDGE('',*,*,#2948,.T.);
#3857=ORIENTED_EDGE('',*,*,#2960,.F.);
#3858=ORIENTED_EDGE('',*,*,#2957,.F.);
#3859=ORIENTED_EDGE('',*,*,#2975,.F.);
#3860=ORIENTED_EDGE('',*,*,#2976,.F.);
#3861=ORIENTED_EDGE('',*,*,#2975,.T.);
#3862=ORIENTED_EDGE('',*,*,#2963,.F.);
#3863=ORIENTED_EDGE('',*,*,#2977,.F.);
#3864=ORIENTED_EDGE('',*,*,#2978,.F.);
#3865=ORIENTED_EDGE('',*,*,#2977,.T.);
#3866=ORIENTED_EDGE('',*,*,#2964,.F.);
#3867=ORIENTED_EDGE('',*,*,#2979,.F.);
#3868=ORIENTED_EDGE('',*,*,#2980,.F.);
#3869=ORIENTED_EDGE('',*,*,#2979,.T.);
#3870=ORIENTED_EDGE('',*,*,#2959,.T.);
#3871=ORIENTED_EDGE('',*,*,#2962,.F.);
#3872=ORIENTED_EDGE('',*,*,#2981,.F.);
#3873=ORIENTED_EDGE('',*,*,#2982,.F.);
#3874=ORIENTED_EDGE('',*,*,#2981,.T.);
#3875=ORIENTED_EDGE('',*,*,#2961,.F.);
#3876=ORIENTED_EDGE('',*,*,#2946,.F.);
#3877=ORIENTED_EDGE('',*,*,#2942,.F.);
#3878=ORIENTED_EDGE('',*,*,#2983,.F.);
#3879=ORIENTED_EDGE('',*,*,#2984,.T.);
#3880=ORIENTED_EDGE('',*,*,#2968,.T.);
#3881=ORIENTED_EDGE('',*,*,#2971,.F.);
#3882=ORIENTED_EDGE('',*,*,#2953,.F.);
#3883=ORIENTED_EDGE('',*,*,#2949,.F.);
#3884=ORIENTED_EDGE('',*,*,#2985,.F.);
#3885=ORIENTED_EDGE('',*,*,#2951,.F.);
#3886=ORIENTED_EDGE('',*,*,#2955,.T.);
#3887=ORIENTED_EDGE('',*,*,#2970,.F.);
#3888=ORIENTED_EDGE('',*,*,#2986,.F.);
#3889=ORIENTED_EDGE('',*,*,#2987,.F.);
#3890=ORIENTED_EDGE('',*,*,#2986,.T.);
#3891=ORIENTED_EDGE('',*,*,#2969,.F.);
#3892=ORIENTED_EDGE('',*,*,#2966,.F.);
#3893=ORIENTED_EDGE('',*,*,#2988,.F.);
#3894=ORIENTED_EDGE('',*,*,#2989,.F.);
#3895=ORIENTED_EDGE('',*,*,#2988,.T.);
#3896=ORIENTED_EDGE('',*,*,#2972,.F.);
#3897=ORIENTED_EDGE('',*,*,#2990,.F.);
#3898=ORIENTED_EDGE('',*,*,#2991,.F.);
#3899=ORIENTED_EDGE('',*,*,#2990,.T.);
#3900=ORIENTED_EDGE('',*,*,#2973,.F.);
#3901=ORIENTED_EDGE('',*,*,#2984,.F.);
#3902=ORIENTED_EDGE('',*,*,#2992,.F.);
#3903=ORIENTED_EDGE('',*,*,#2993,.T.);
#3904=ORIENTED_EDGE('',*,*,#2994,.F.);
#3905=ORIENTED_EDGE('',*,*,#2995,.T.);
#3906=ORIENTED_EDGE('',*,*,#2996,.T.);
#3907=ORIENTED_EDGE('',*,*,#2997,.T.);
#3908=ORIENTED_EDGE('',*,*,#2998,.F.);
#3909=ORIENTED_EDGE('',*,*,#2995,.F.);
#3910=ORIENTED_EDGE('',*,*,#2999,.F.);
#3911=ORIENTED_EDGE('',*,*,#3000,.F.);
#3912=ORIENTED_EDGE('',*,*,#3001,.F.);
#3913=ORIENTED_EDGE('',*,*,#3002,.F.);
#3914=ORIENTED_EDGE('',*,*,#3000,.T.);
#3915=ORIENTED_EDGE('',*,*,#3003,.F.);
#3916=ORIENTED_EDGE('',*,*,#3004,.T.);
#3917=ORIENTED_EDGE('',*,*,#3005,.T.);
#3918=ORIENTED_EDGE('',*,*,#3004,.F.);
#3919=ORIENTED_EDGE('',*,*,#3006,.F.);
#3920=ORIENTED_EDGE('',*,*,#3007,.T.);
#3921=ORIENTED_EDGE('',*,*,#3008,.F.);
#3922=ORIENTED_EDGE('',*,*,#3009,.F.);
#3923=ORIENTED_EDGE('',*,*,#3010,.T.);
#3924=ORIENTED_EDGE('',*,*,#3011,.T.);
#3925=ORIENTED_EDGE('',*,*,#3012,.F.);
#3926=ORIENTED_EDGE('',*,*,#3013,.F.);
#3927=ORIENTED_EDGE('',*,*,#3014,.T.);
#3928=ORIENTED_EDGE('',*,*,#3015,.T.);
#3929=ORIENTED_EDGE('',*,*,#3010,.F.);
#3930=ORIENTED_EDGE('',*,*,#3016,.F.);
#3931=ORIENTED_EDGE('',*,*,#3017,.T.);
#3932=ORIENTED_EDGE('',*,*,#3018,.T.);
#3933=ORIENTED_EDGE('',*,*,#3014,.F.);
#3934=ORIENTED_EDGE('',*,*,#3019,.F.);
#3935=ORIENTED_EDGE('',*,*,#3012,.T.);
#3936=ORIENTED_EDGE('',*,*,#3020,.T.);
#3937=ORIENTED_EDGE('',*,*,#3017,.F.);
#3938=ORIENTED_EDGE('',*,*,#3020,.F.);
#3939=ORIENTED_EDGE('',*,*,#3011,.F.);
#3940=ORIENTED_EDGE('',*,*,#3015,.F.);
#3941=ORIENTED_EDGE('',*,*,#3018,.F.);
#3942=ORIENTED_EDGE('',*,*,#3021,.F.);
#3943=ORIENTED_EDGE('',*,*,#3022,.T.);
#3944=ORIENTED_EDGE('',*,*,#3023,.T.);
#3945=ORIENTED_EDGE('',*,*,#3024,.F.);
#3946=ORIENTED_EDGE('',*,*,#3025,.F.);
#3947=ORIENTED_EDGE('',*,*,#3026,.F.);
#3948=ORIENTED_EDGE('',*,*,#3027,.T.);
#3949=ORIENTED_EDGE('',*,*,#3028,.F.);
#3950=ORIENTED_EDGE('',*,*,#3029,.F.);
#3951=ORIENTED_EDGE('',*,*,#3023,.F.);
#3952=ORIENTED_EDGE('',*,*,#3030,.F.);
#3953=ORIENTED_EDGE('',*,*,#3027,.F.);
#3954=ORIENTED_EDGE('',*,*,#3031,.F.);
#3955=ORIENTED_EDGE('',*,*,#3032,.T.);
#3956=ORIENTED_EDGE('',*,*,#3033,.T.);
#3957=ORIENTED_EDGE('',*,*,#3034,.F.);
#3958=ORIENTED_EDGE('',*,*,#3035,.F.);
#3959=ORIENTED_EDGE('',*,*,#3036,.T.);
#3960=ORIENTED_EDGE('',*,*,#3037,.T.);
#3961=ORIENTED_EDGE('',*,*,#3032,.F.);
#3962=ORIENTED_EDGE('',*,*,#3038,.F.);
#3963=ORIENTED_EDGE('',*,*,#3039,.T.);
#3964=ORIENTED_EDGE('',*,*,#3040,.T.);
#3965=ORIENTED_EDGE('',*,*,#3036,.F.);
#3966=ORIENTED_EDGE('',*,*,#3041,.F.);
#3967=ORIENTED_EDGE('',*,*,#3034,.T.);
#3968=ORIENTED_EDGE('',*,*,#3042,.T.);
#3969=ORIENTED_EDGE('',*,*,#3039,.F.);
#3970=ORIENTED_EDGE('',*,*,#3042,.F.);
#3971=ORIENTED_EDGE('',*,*,#3033,.F.);
#3972=ORIENTED_EDGE('',*,*,#3037,.F.);
#3973=ORIENTED_EDGE('',*,*,#3040,.F.);
#3974=ORIENTED_EDGE('',*,*,#3043,.F.);
#3975=ORIENTED_EDGE('',*,*,#3044,.T.);
#3976=ORIENTED_EDGE('',*,*,#3045,.T.);
#3977=ORIENTED_EDGE('',*,*,#3046,.F.);
#3978=ORIENTED_EDGE('',*,*,#3047,.F.);
#3979=ORIENTED_EDGE('',*,*,#3048,.F.);
#3980=ORIENTED_EDGE('',*,*,#3049,.T.);
#3981=ORIENTED_EDGE('',*,*,#3050,.F.);
#3982=ORIENTED_EDGE('',*,*,#3051,.F.);
#3983=ORIENTED_EDGE('',*,*,#3045,.F.);
#3984=ORIENTED_EDGE('',*,*,#3052,.F.);
#3985=ORIENTED_EDGE('',*,*,#3049,.F.);
#3986=ORIENTED_EDGE('',*,*,#3053,.F.);
#3987=ORIENTED_EDGE('',*,*,#3054,.T.);
#3988=ORIENTED_EDGE('',*,*,#3055,.T.);
#3989=ORIENTED_EDGE('',*,*,#3056,.F.);
#3990=ORIENTED_EDGE('',*,*,#3057,.F.);
#3991=ORIENTED_EDGE('',*,*,#3058,.T.);
#3992=ORIENTED_EDGE('',*,*,#3059,.T.);
#3993=ORIENTED_EDGE('',*,*,#3054,.F.);
#3994=ORIENTED_EDGE('',*,*,#3060,.F.);
#3995=ORIENTED_EDGE('',*,*,#3061,.T.);
#3996=ORIENTED_EDGE('',*,*,#3062,.T.);
#3997=ORIENTED_EDGE('',*,*,#3058,.F.);
#3998=ORIENTED_EDGE('',*,*,#3063,.F.);
#3999=ORIENTED_EDGE('',*,*,#3056,.T.);
#4000=ORIENTED_EDGE('',*,*,#3064,.T.);
#4001=ORIENTED_EDGE('',*,*,#3061,.F.);
#4002=ORIENTED_EDGE('',*,*,#3064,.F.);
#4003=ORIENTED_EDGE('',*,*,#3055,.F.);
#4004=ORIENTED_EDGE('',*,*,#3059,.F.);
#4005=ORIENTED_EDGE('',*,*,#3062,.F.);
#4006=ORIENTED_EDGE('',*,*,#3043,.T.);
#4007=ORIENTED_EDGE('',*,*,#3065,.F.);
#4008=ORIENTED_EDGE('',*,*,#3066,.F.);
#4009=ORIENTED_EDGE('',*,*,#3067,.F.);
#4010=ORIENTED_EDGE('',*,*,#3021,.T.);
#4011=ORIENTED_EDGE('',*,*,#3068,.F.);
#4012=ORIENTED_EDGE('',*,*,#3047,.T.);
#4013=ORIENTED_EDGE('',*,*,#3069,.F.);
#4014=ORIENTED_EDGE('',*,*,#3009,.T.);
#4015=ORIENTED_EDGE('',*,*,#3019,.T.);
#4016=ORIENTED_EDGE('',*,*,#3016,.T.);
#4017=ORIENTED_EDGE('',*,*,#3013,.T.);
#4018=ORIENTED_EDGE('',*,*,#3031,.T.);
#4019=ORIENTED_EDGE('',*,*,#3041,.T.);
#4020=ORIENTED_EDGE('',*,*,#3038,.T.);
#4021=ORIENTED_EDGE('',*,*,#3035,.T.);
#4022=ORIENTED_EDGE('',*,*,#3053,.T.);
#4023=ORIENTED_EDGE('',*,*,#3063,.T.);
#4024=ORIENTED_EDGE('',*,*,#3060,.T.);
#4025=ORIENTED_EDGE('',*,*,#3057,.T.);
#4026=ORIENTED_EDGE('',*,*,#3070,.T.);
#4027=ORIENTED_EDGE('',*,*,#3071,.T.);
#4028=ORIENTED_EDGE('',*,*,#3072,.T.);
#4029=ORIENTED_EDGE('',*,*,#3073,.T.);
#4030=ORIENTED_EDGE('',*,*,#3074,.T.);
#4031=ORIENTED_EDGE('',*,*,#3075,.T.);
#4032=ORIENTED_EDGE('',*,*,#3076,.T.);
#4033=ORIENTED_EDGE('',*,*,#3077,.T.);
#4034=ORIENTED_EDGE('',*,*,#3078,.T.);
#4035=ORIENTED_EDGE('',*,*,#3079,.T.);
#4036=ORIENTED_EDGE('',*,*,#3025,.T.);
#4037=ORIENTED_EDGE('',*,*,#3080,.F.);
#4038=ORIENTED_EDGE('',*,*,#3081,.T.);
#4039=ORIENTED_EDGE('',*,*,#3082,.F.);
#4040=ORIENTED_EDGE('',*,*,#3083,.F.);
#4041=ORIENTED_EDGE('',*,*,#3084,.F.);
#4042=ORIENTED_EDGE('',*,*,#3070,.F.);
#4043=ORIENTED_EDGE('',*,*,#3085,.T.);
#4044=ORIENTED_EDGE('',*,*,#3086,.F.);
#4045=ORIENTED_EDGE('',*,*,#3085,.F.);
#4046=ORIENTED_EDGE('',*,*,#3077,.F.);
#4047=ORIENTED_EDGE('',*,*,#3087,.T.);
#4048=ORIENTED_EDGE('',*,*,#3088,.F.);
#4049=ORIENTED_EDGE('',*,*,#3087,.F.);
#4050=ORIENTED_EDGE('',*,*,#3076,.F.);
#4051=ORIENTED_EDGE('',*,*,#3089,.T.);
#4052=ORIENTED_EDGE('',*,*,#3090,.F.);
#4053=ORIENTED_EDGE('',*,*,#3089,.F.);
#4054=ORIENTED_EDGE('',*,*,#3075,.F.);
#4055=ORIENTED_EDGE('',*,*,#3091,.T.);
#4056=ORIENTED_EDGE('',*,*,#3092,.F.);
#4057=ORIENTED_EDGE('',*,*,#3091,.F.);
#4058=ORIENTED_EDGE('',*,*,#3074,.F.);
#4059=ORIENTED_EDGE('',*,*,#3093,.T.);
#4060=ORIENTED_EDGE('',*,*,#3094,.F.);
#4061=ORIENTED_EDGE('',*,*,#3093,.F.);
#4062=ORIENTED_EDGE('',*,*,#3073,.F.);
#4063=ORIENTED_EDGE('',*,*,#3095,.T.);
#4064=ORIENTED_EDGE('',*,*,#3096,.F.);
#4065=ORIENTED_EDGE('',*,*,#3095,.F.);
#4066=ORIENTED_EDGE('',*,*,#3072,.F.);
#4067=ORIENTED_EDGE('',*,*,#3097,.T.);
#4068=ORIENTED_EDGE('',*,*,#3098,.F.);
#4069=ORIENTED_EDGE('',*,*,#3097,.F.);
#4070=ORIENTED_EDGE('',*,*,#3071,.F.);
#4071=ORIENTED_EDGE('',*,*,#3084,.T.);
#4072=ORIENTED_EDGE('',*,*,#3078,.F.);
#4073=ORIENTED_EDGE('',*,*,#3079,.F.);
#4074=ORIENTED_EDGE('',*,*,#3099,.T.);
#4075=ORIENTED_EDGE('',*,*,#3100,.F.);
#4076=ORIENTED_EDGE('',*,*,#3099,.F.);
#4077=ORIENTED_EDGE('',*,*,#3101,.F.);
#4078=ORIENTED_EDGE('',*,*,#3007,.F.);
#4079=ORIENTED_EDGE('',*,*,#3102,.F.);
#4080=ORIENTED_EDGE('',*,*,#3103,.T.);
#4081=ORIENTED_EDGE('',*,*,#2998,.T.);
#4082=ORIENTED_EDGE('',*,*,#3104,.F.);
#4083=ORIENTED_EDGE('',*,*,#3103,.F.);
#4084=ORIENTED_EDGE('',*,*,#3105,.F.);
#4085=ORIENTED_EDGE('',*,*,#2994,.T.);
#4086=ORIENTED_EDGE('',*,*,#3106,.T.);
#4087=ORIENTED_EDGE('',*,*,#3107,.T.);
#4088=ORIENTED_EDGE('',*,*,#3102,.T.);
#4089=ORIENTED_EDGE('',*,*,#3006,.T.);
#4090=ORIENTED_EDGE('',*,*,#3003,.T.);
#4091=ORIENTED_EDGE('',*,*,#2999,.T.);
#4092=ORIENTED_EDGE('',*,*,#3083,.T.);
#4093=ORIENTED_EDGE('',*,*,#3086,.T.);
#4094=ORIENTED_EDGE('',*,*,#3088,.T.);
#4095=ORIENTED_EDGE('',*,*,#3090,.T.);
#4096=ORIENTED_EDGE('',*,*,#3092,.T.);
#4097=ORIENTED_EDGE('',*,*,#3094,.T.);
#4098=ORIENTED_EDGE('',*,*,#3096,.T.);
#4099=ORIENTED_EDGE('',*,*,#3098,.T.);
#4100=ORIENTED_EDGE('',*,*,#3100,.T.);
#4101=ORIENTED_EDGE('',*,*,#2993,.F.);
#4102=ORIENTED_EDGE('',*,*,#3108,.F.);
#4103=ORIENTED_EDGE('',*,*,#3106,.F.);
#4104=ORIENTED_EDGE('',*,*,#2992,.T.);
#4105=ORIENTED_EDGE('',*,*,#3105,.T.);
#4106=ORIENTED_EDGE('',*,*,#3107,.F.);
#4107=ORIENTED_EDGE('',*,*,#3108,.T.);
#4108=ORIENTED_EDGE('',*,*,#3109,.F.);
#4109=ORIENTED_EDGE('',*,*,#2996,.F.);
#4110=ORIENTED_EDGE('',*,*,#3001,.T.);
#4111=ORIENTED_EDGE('',*,*,#3002,.T.);
#4112=ORIENTED_EDGE('',*,*,#3110,.T.);
#4113=ORIENTED_EDGE('',*,*,#3111,.F.);
#4114=ORIENTED_EDGE('',*,*,#2832,.T.);
#4115=ORIENTED_EDGE('',*,*,#3112,.T.);
#4116=ORIENTED_EDGE('',*,*,#2834,.T.);
#4117=ORIENTED_EDGE('',*,*,#3113,.T.);
#4118=ORIENTED_EDGE('',*,*,#3114,.F.);
#4119=ORIENTED_EDGE('',*,*,#3115,.F.);
#4120=ORIENTED_EDGE('',*,*,#2833,.T.);
#4121=ORIENTED_EDGE('',*,*,#3111,.T.);
#4122=ORIENTED_EDGE('',*,*,#3116,.F.);
#4123=ORIENTED_EDGE('',*,*,#3113,.F.);
#4124=ORIENTED_EDGE('',*,*,#2831,.T.);
#4125=ORIENTED_EDGE('',*,*,#3117,.T.);
#4126=ORIENTED_EDGE('',*,*,#2722,.F.);
#4127=ORIENTED_EDGE('',*,*,#3112,.F.);
#4128=ORIENTED_EDGE('',*,*,#2816,.T.);
#4129=ORIENTED_EDGE('',*,*,#2838,.T.);
#4130=ORIENTED_EDGE('',*,*,#3118,.T.);
#4131=ORIENTED_EDGE('',*,*,#2730,.F.);
#4132=ORIENTED_EDGE('',*,*,#3117,.F.);
#4133=ORIENTED_EDGE('',*,*,#2830,.T.);
#4134=ORIENTED_EDGE('',*,*,#2757,.T.);
#4135=ORIENTED_EDGE('',*,*,#2754,.F.);
#4136=ORIENTED_EDGE('',*,*,#2751,.T.);
#4137=ORIENTED_EDGE('',*,*,#2747,.F.);
#4138=ORIENTED_EDGE('',*,*,#2837,.T.);
#4139=ORIENTED_EDGE('',*,*,#3119,.T.);
#4140=ORIENTED_EDGE('',*,*,#3120,.F.);
#4141=ORIENTED_EDGE('',*,*,#3118,.F.);
#4142=ORIENTED_EDGE('',*,*,#2836,.T.);
#4143=ORIENTED_EDGE('',*,*,#3121,.T.);
#4144=ORIENTED_EDGE('',*,*,#3122,.F.);
#4145=ORIENTED_EDGE('',*,*,#3119,.F.);
#4146=ORIENTED_EDGE('',*,*,#2835,.T.);
#4147=ORIENTED_EDGE('',*,*,#3115,.T.);
#4148=ORIENTED_EDGE('',*,*,#3123,.F.);
#4149=ORIENTED_EDGE('',*,*,#3121,.F.);
#4150=ORIENTED_EDGE('',*,*,#2688,.T.);
#4151=ORIENTED_EDGE('',*,*,#3124,.F.);
#4152=ORIENTED_EDGE('',*,*,#3122,.T.);
#4153=ORIENTED_EDGE('',*,*,#3125,.T.);
#4154=ORIENTED_EDGE('',*,*,#2693,.T.);
#4155=ORIENTED_EDGE('',*,*,#2715,.T.);
#4156=ORIENTED_EDGE('',*,*,#3126,.T.);
#4157=ORIENTED_EDGE('',*,*,#3127,.T.);
#4158=ORIENTED_EDGE('',*,*,#3128,.F.);
#4159=ORIENTED_EDGE('',*,*,#3129,.T.);
#4160=ORIENTED_EDGE('',*,*,#3130,.T.);
#4161=ORIENTED_EDGE('',*,*,#2820,.F.);
#4162=ORIENTED_EDGE('',*,*,#3131,.T.);
#4163=ORIENTED_EDGE('',*,*,#3132,.T.);
#4164=ORIENTED_EDGE('',*,*,#3133,.T.);
#4165=ORIENTED_EDGE('',*,*,#3132,.F.);
#4166=ORIENTED_EDGE('',*,*,#3134,.T.);
#4167=ORIENTED_EDGE('',*,*,#3135,.F.);
#4168=ORIENTED_EDGE('',*,*,#3136,.F.);
#4169=ORIENTED_EDGE('',*,*,#3137,.T.);
#4170=ORIENTED_EDGE('',*,*,#3138,.T.);
#4171=ORIENTED_EDGE('',*,*,#2823,.F.);
#4172=ORIENTED_EDGE('',*,*,#3139,.T.);
#4173=ORIENTED_EDGE('',*,*,#3140,.T.);
#4174=ORIENTED_EDGE('',*,*,#3141,.T.);
#4175=ORIENTED_EDGE('',*,*,#3142,.T.);
#4176=ORIENTED_EDGE('',*,*,#3143,.T.);
#4177=ORIENTED_EDGE('',*,*,#3136,.T.);
#4178=ORIENTED_EDGE('',*,*,#3144,.T.);
#4179=ORIENTED_EDGE('',*,*,#3145,.T.);
#4180=ORIENTED_EDGE('',*,*,#3146,.T.);
#4181=ORIENTED_EDGE('',*,*,#3080,.T.);
#4182=ORIENTED_EDGE('',*,*,#3028,.T.);
#4183=ORIENTED_EDGE('',*,*,#3030,.T.);
#4184=ORIENTED_EDGE('',*,*,#3022,.F.);
#4185=ORIENTED_EDGE('',*,*,#3069,.T.);
#4186=ORIENTED_EDGE('',*,*,#3050,.T.);
#4187=ORIENTED_EDGE('',*,*,#3052,.T.);
#4188=ORIENTED_EDGE('',*,*,#3044,.F.);
#4189=ORIENTED_EDGE('',*,*,#3067,.T.);
#4190=ORIENTED_EDGE('',*,*,#2518,.T.);
#4191=ORIENTED_EDGE('',*,*,#2522,.T.);
#4192=ORIENTED_EDGE('',*,*,#2525,.T.);
#4193=ORIENTED_EDGE('',*,*,#2528,.T.);
#4194=ORIENTED_EDGE('',*,*,#2530,.T.);
#4195=ORIENTED_EDGE('',*,*,#2534,.T.);
#4196=ORIENTED_EDGE('',*,*,#2537,.T.);
#4197=ORIENTED_EDGE('',*,*,#2540,.T.);
#4198=ORIENTED_EDGE('',*,*,#2542,.T.);
#4199=ORIENTED_EDGE('',*,*,#2546,.T.);
#4200=ORIENTED_EDGE('',*,*,#2549,.T.);
#4201=ORIENTED_EDGE('',*,*,#2552,.T.);
#4202=ORIENTED_EDGE('',*,*,#2554,.T.);
#4203=ORIENTED_EDGE('',*,*,#2558,.T.);
#4204=ORIENTED_EDGE('',*,*,#2561,.T.);
#4205=ORIENTED_EDGE('',*,*,#2564,.T.);
#4206=ORIENTED_EDGE('',*,*,#2566,.T.);
#4207=ORIENTED_EDGE('',*,*,#2570,.T.);
#4208=ORIENTED_EDGE('',*,*,#2573,.T.);
#4209=ORIENTED_EDGE('',*,*,#2576,.T.);
#4210=ORIENTED_EDGE('',*,*,#2578,.T.);
#4211=ORIENTED_EDGE('',*,*,#2582,.T.);
#4212=ORIENTED_EDGE('',*,*,#2585,.T.);
#4213=ORIENTED_EDGE('',*,*,#2588,.T.);
#4214=ORIENTED_EDGE('',*,*,#2590,.T.);
#4215=ORIENTED_EDGE('',*,*,#2594,.T.);
#4216=ORIENTED_EDGE('',*,*,#2597,.T.);
#4217=ORIENTED_EDGE('',*,*,#2600,.T.);
#4218=ORIENTED_EDGE('',*,*,#2602,.T.);
#4219=ORIENTED_EDGE('',*,*,#2606,.T.);
#4220=ORIENTED_EDGE('',*,*,#2609,.T.);
#4221=ORIENTED_EDGE('',*,*,#2612,.T.);
#4222=ORIENTED_EDGE('',*,*,#2614,.T.);
#4223=ORIENTED_EDGE('',*,*,#2618,.T.);
#4224=ORIENTED_EDGE('',*,*,#2621,.T.);
#4225=ORIENTED_EDGE('',*,*,#2624,.T.);
#4226=ORIENTED_EDGE('',*,*,#2626,.T.);
#4227=ORIENTED_EDGE('',*,*,#2630,.T.);
#4228=ORIENTED_EDGE('',*,*,#2633,.T.);
#4229=ORIENTED_EDGE('',*,*,#2636,.T.);
#4230=ORIENTED_EDGE('',*,*,#2638,.T.);
#4231=ORIENTED_EDGE('',*,*,#2642,.T.);
#4232=ORIENTED_EDGE('',*,*,#2645,.T.);
#4233=ORIENTED_EDGE('',*,*,#2648,.T.);
#4234=ORIENTED_EDGE('',*,*,#2650,.T.);
#4235=ORIENTED_EDGE('',*,*,#2654,.T.);
#4236=ORIENTED_EDGE('',*,*,#2657,.T.);
#4237=ORIENTED_EDGE('',*,*,#2660,.T.);
#4238=ORIENTED_EDGE('',*,*,#2662,.T.);
#4239=ORIENTED_EDGE('',*,*,#2666,.T.);
#4240=ORIENTED_EDGE('',*,*,#2669,.T.);
#4241=ORIENTED_EDGE('',*,*,#2672,.T.);
#4242=ORIENTED_EDGE('',*,*,#2674,.T.);
#4243=ORIENTED_EDGE('',*,*,#2678,.T.);
#4244=ORIENTED_EDGE('',*,*,#2681,.T.);
#4245=ORIENTED_EDGE('',*,*,#2684,.T.);
#4246=ORIENTED_EDGE('',*,*,#2800,.T.);
#4247=ORIENTED_EDGE('',*,*,#2803,.T.);
#4248=ORIENTED_EDGE('',*,*,#2806,.T.);
#4249=ORIENTED_EDGE('',*,*,#2809,.T.);
#4250=ORIENTED_EDGE('',*,*,#2812,.T.);
#4251=ORIENTED_EDGE('',*,*,#2794,.T.);
#4252=ORIENTED_EDGE('',*,*,#2798,.T.);
#4253=ORIENTED_EDGE('',*,*,#2763,.F.);
#4254=ORIENTED_EDGE('',*,*,#2783,.T.);
#4255=ORIENTED_EDGE('',*,*,#2786,.T.);
#4256=ORIENTED_EDGE('',*,*,#2789,.T.);
#4257=ORIENTED_EDGE('',*,*,#2792,.T.);
#4258=ORIENTED_EDGE('',*,*,#2774,.T.);
#4259=ORIENTED_EDGE('',*,*,#2778,.T.);
#4260=ORIENTED_EDGE('',*,*,#2781,.T.);
#4261=ORIENTED_EDGE('',*,*,#2770,.F.);
#4262=ORIENTED_EDGE('',*,*,#2974,.T.);
#4263=ORIENTED_EDGE('',*,*,#2976,.T.);
#4264=ORIENTED_EDGE('',*,*,#2978,.T.);
#4265=ORIENTED_EDGE('',*,*,#2980,.T.);
#4266=ORIENTED_EDGE('',*,*,#2982,.T.);
#4267=ORIENTED_EDGE('',*,*,#2945,.F.);
#4268=ORIENTED_EDGE('',*,*,#2985,.T.);
#4269=ORIENTED_EDGE('',*,*,#2987,.T.);
#4270=ORIENTED_EDGE('',*,*,#2989,.T.);
#4271=ORIENTED_EDGE('',*,*,#2991,.T.);
#4272=ORIENTED_EDGE('',*,*,#2983,.T.);
#4273=ORIENTED_EDGE('',*,*,#2952,.F.);
#4274=ORIENTED_EDGE('',*,*,#3147,.T.);
#4275=ORIENTED_EDGE('',*,*,#3148,.T.);
#4276=ORIENTED_EDGE('',*,*,#3149,.T.);
#4277=ORIENTED_EDGE('',*,*,#3150,.T.);
#4278=ORIENTED_EDGE('',*,*,#3149,.F.);
#4279=ORIENTED_EDGE('',*,*,#3150,.F.);
#4280=ORIENTED_EDGE('',*,*,#3151,.T.);
#4281=ORIENTED_EDGE('',*,*,#3148,.F.);
#4282=ORIENTED_EDGE('',*,*,#3151,.F.);
#4283=ORIENTED_EDGE('',*,*,#3152,.T.);
#4284=ORIENTED_EDGE('',*,*,#3153,.T.);
#4285=ORIENTED_EDGE('',*,*,#3152,.F.);
#4286=ORIENTED_EDGE('',*,*,#3153,.F.);
#4287=ORIENTED_EDGE('',*,*,#3154,.T.);
#4288=ORIENTED_EDGE('',*,*,#3147,.F.);
#4289=ORIENTED_EDGE('',*,*,#3154,.F.);
#4290=ORIENTED_EDGE('',*,*,#3155,.F.);
#4291=ORIENTED_EDGE('',*,*,#3156,.F.);
#4292=ORIENTED_EDGE('',*,*,#3157,.T.);
#4293=ORIENTED_EDGE('',*,*,#3158,.F.);
#4294=ORIENTED_EDGE('',*,*,#3159,.F.);
#4295=ORIENTED_EDGE('',*,*,#3157,.F.);
#4296=ORIENTED_EDGE('',*,*,#3159,.T.);
#4297=ORIENTED_EDGE('',*,*,#3160,.T.);
#4298=ORIENTED_EDGE('',*,*,#3160,.F.);
#4299=ORIENTED_EDGE('',*,*,#3158,.T.);
#4300=ORIENTED_EDGE('',*,*,#3161,.F.);
#4301=ORIENTED_EDGE('',*,*,#3162,.F.);
#4302=ORIENTED_EDGE('',*,*,#3163,.T.);
#4303=ORIENTED_EDGE('',*,*,#3164,.F.);
#4304=ORIENTED_EDGE('',*,*,#3165,.F.);
#4305=ORIENTED_EDGE('',*,*,#3163,.F.);
#4306=ORIENTED_EDGE('',*,*,#3165,.T.);
#4307=ORIENTED_EDGE('',*,*,#3166,.T.);
#4308=ORIENTED_EDGE('',*,*,#3166,.F.);
#4309=ORIENTED_EDGE('',*,*,#3164,.T.);
#4310=ORIENTED_EDGE('',*,*,#3167,.T.);
#4311=ORIENTED_EDGE('',*,*,#3168,.F.);
#4312=ORIENTED_EDGE('',*,*,#3144,.F.);
#4313=ORIENTED_EDGE('',*,*,#3135,.T.);
#4314=ORIENTED_EDGE('',*,*,#3169,.T.);
#4315=ORIENTED_EDGE('',*,*,#3170,.T.);
#4316=ORIENTED_EDGE('',*,*,#2844,.F.);
#4317=ORIENTED_EDGE('',*,*,#3171,.T.);
#4318=ORIENTED_EDGE('',*,*,#2695,.T.);
#4319=ORIENTED_EDGE('',*,*,#3172,.F.);
#4320=ORIENTED_EDGE('',*,*,#3114,.T.);
#4321=ORIENTED_EDGE('',*,*,#3173,.F.);
#4322=ORIENTED_EDGE('',*,*,#3174,.T.);
#4323=ORIENTED_EDGE('',*,*,#2743,.T.);
#4324=ORIENTED_EDGE('',*,*,#3175,.F.);
#4325=ORIENTED_EDGE('',*,*,#3176,.T.);
#4326=ORIENTED_EDGE('',*,*,#3177,.F.);
#4327=ORIENTED_EDGE('',*,*,#2713,.T.);
#4328=ORIENTED_EDGE('',*,*,#2710,.T.);
#4329=ORIENTED_EDGE('',*,*,#3178,.T.);
#4330=ORIENTED_EDGE('',*,*,#2716,.T.);
#4331=ORIENTED_EDGE('',*,*,#3179,.T.);
#4332=ORIENTED_EDGE('',*,*,#3140,.F.);
#4333=ORIENTED_EDGE('',*,*,#3180,.T.);
#4334=ORIENTED_EDGE('',*,*,#3181,.T.);
#4335=ORIENTED_EDGE('',*,*,#3137,.F.);
#4336=ORIENTED_EDGE('',*,*,#3143,.F.);
#4337=ORIENTED_EDGE('',*,*,#3182,.T.);
#4338=ORIENTED_EDGE('',*,*,#3183,.T.);
#4339=ORIENTED_EDGE('',*,*,#3176,.F.);
#4340=ORIENTED_EDGE('',*,*,#3184,.F.);
#4341=ORIENTED_EDGE('',*,*,#3185,.F.);
#4342=ORIENTED_EDGE('',*,*,#3186,.F.);
#4343=ORIENTED_EDGE('',*,*,#2727,.F.);
#4344=ORIENTED_EDGE('',*,*,#3187,.F.);
#4345=ORIENTED_EDGE('',*,*,#3127,.F.);
#4346=ORIENTED_EDGE('',*,*,#3188,.F.);
#4347=ORIENTED_EDGE('',*,*,#2520,.T.);
#4348=ORIENTED_EDGE('',*,*,#2529,.T.);
#4349=ORIENTED_EDGE('',*,*,#2526,.T.);
#4350=ORIENTED_EDGE('',*,*,#2523,.T.);
#4351=ORIENTED_EDGE('',*,*,#2532,.T.);
#4352=ORIENTED_EDGE('',*,*,#2541,.T.);
#4353=ORIENTED_EDGE('',*,*,#2538,.T.);
#4354=ORIENTED_EDGE('',*,*,#2535,.T.);
#4355=ORIENTED_EDGE('',*,*,#2544,.T.);
#4356=ORIENTED_EDGE('',*,*,#2553,.T.);
#4357=ORIENTED_EDGE('',*,*,#2550,.T.);
#4358=ORIENTED_EDGE('',*,*,#2547,.T.);
#4359=ORIENTED_EDGE('',*,*,#2556,.T.);
#4360=ORIENTED_EDGE('',*,*,#2565,.T.);
#4361=ORIENTED_EDGE('',*,*,#2562,.T.);
#4362=ORIENTED_EDGE('',*,*,#2559,.T.);
#4363=ORIENTED_EDGE('',*,*,#2568,.T.);
#4364=ORIENTED_EDGE('',*,*,#2577,.T.);
#4365=ORIENTED_EDGE('',*,*,#2574,.T.);
#4366=ORIENTED_EDGE('',*,*,#2571,.T.);
#4367=ORIENTED_EDGE('',*,*,#2580,.T.);
#4368=ORIENTED_EDGE('',*,*,#2589,.T.);
#4369=ORIENTED_EDGE('',*,*,#2586,.T.);
#4370=ORIENTED_EDGE('',*,*,#2583,.T.);
#4371=ORIENTED_EDGE('',*,*,#2592,.T.);
#4372=ORIENTED_EDGE('',*,*,#2601,.T.);
#4373=ORIENTED_EDGE('',*,*,#2598,.T.);
#4374=ORIENTED_EDGE('',*,*,#2595,.T.);
#4375=ORIENTED_EDGE('',*,*,#2604,.T.);
#4376=ORIENTED_EDGE('',*,*,#2613,.T.);
#4377=ORIENTED_EDGE('',*,*,#2610,.T.);
#4378=ORIENTED_EDGE('',*,*,#2607,.T.);
#4379=ORIENTED_EDGE('',*,*,#2616,.T.);
#4380=ORIENTED_EDGE('',*,*,#2625,.T.);
#4381=ORIENTED_EDGE('',*,*,#2622,.T.);
#4382=ORIENTED_EDGE('',*,*,#2619,.T.);
#4383=ORIENTED_EDGE('',*,*,#2628,.T.);
#4384=ORIENTED_EDGE('',*,*,#2637,.T.);
#4385=ORIENTED_EDGE('',*,*,#2634,.T.);
#4386=ORIENTED_EDGE('',*,*,#2631,.T.);
#4387=ORIENTED_EDGE('',*,*,#2640,.T.);
#4388=ORIENTED_EDGE('',*,*,#2649,.T.);
#4389=ORIENTED_EDGE('',*,*,#2646,.T.);
#4390=ORIENTED_EDGE('',*,*,#2643,.T.);
#4391=ORIENTED_EDGE('',*,*,#2652,.T.);
#4392=ORIENTED_EDGE('',*,*,#2661,.T.);
#4393=ORIENTED_EDGE('',*,*,#2658,.T.);
#4394=ORIENTED_EDGE('',*,*,#2655,.T.);
#4395=ORIENTED_EDGE('',*,*,#2664,.T.);
#4396=ORIENTED_EDGE('',*,*,#2673,.T.);
#4397=ORIENTED_EDGE('',*,*,#2670,.T.);
#4398=ORIENTED_EDGE('',*,*,#2667,.T.);
#4399=ORIENTED_EDGE('',*,*,#2676,.T.);
#4400=ORIENTED_EDGE('',*,*,#2685,.T.);
#4401=ORIENTED_EDGE('',*,*,#2682,.T.);
#4402=ORIENTED_EDGE('',*,*,#2679,.T.);
#4403=ORIENTED_EDGE('',*,*,#3161,.T.);
#4404=ORIENTED_EDGE('',*,*,#3162,.T.);
#4405=ORIENTED_EDGE('',*,*,#3155,.T.);
#4406=ORIENTED_EDGE('',*,*,#3156,.T.);
#4407=ORIENTED_EDGE('',*,*,#2737,.T.);
#4408=ORIENTED_EDGE('',*,*,#2728,.T.);
#4409=ORIENTED_EDGE('',*,*,#3186,.T.);
#4410=ORIENTED_EDGE('',*,*,#3189,.F.);
#4411=ORIENTED_EDGE('',*,*,#3190,.T.);
#4412=ORIENTED_EDGE('',*,*,#3191,.T.);
#4413=ORIENTED_EDGE('',*,*,#3192,.F.);
#4414=ORIENTED_EDGE('',*,*,#3193,.T.);
#4415=ORIENTED_EDGE('',*,*,#3182,.F.);
#4416=ORIENTED_EDGE('',*,*,#3142,.F.);
#4417=ORIENTED_EDGE('',*,*,#2894,.T.);
#4418=ORIENTED_EDGE('',*,*,#2898,.T.);
#4419=ORIENTED_EDGE('',*,*,#2901,.T.);
#4420=ORIENTED_EDGE('',*,*,#2904,.T.);
#4421=ORIENTED_EDGE('',*,*,#2906,.T.);
#4422=ORIENTED_EDGE('',*,*,#2910,.T.);
#4423=ORIENTED_EDGE('',*,*,#2913,.T.);
#4424=ORIENTED_EDGE('',*,*,#2916,.T.);
#4425=ORIENTED_EDGE('',*,*,#2918,.T.);
#4426=ORIENTED_EDGE('',*,*,#2922,.T.);
#4427=ORIENTED_EDGE('',*,*,#2925,.T.);
#4428=ORIENTED_EDGE('',*,*,#2928,.T.);
#4429=ORIENTED_EDGE('',*,*,#2937,.T.);
#4430=ORIENTED_EDGE('',*,*,#2940,.T.);
#4431=ORIENTED_EDGE('',*,*,#2930,.T.);
#4432=ORIENTED_EDGE('',*,*,#2934,.T.);
#4433=ORIENTED_EDGE('',*,*,#3134,.F.);
#4434=ORIENTED_EDGE('',*,*,#3131,.F.);
#4435=ORIENTED_EDGE('',*,*,#2819,.F.);
#4436=ORIENTED_EDGE('',*,*,#3194,.T.);
#4437=ORIENTED_EDGE('',*,*,#3169,.F.);
#4438=ORIENTED_EDGE('',*,*,#3170,.F.);
#4439=ORIENTED_EDGE('',*,*,#3194,.F.);
#4440=ORIENTED_EDGE('',*,*,#2818,.F.);
#4441=ORIENTED_EDGE('',*,*,#2845,.F.);
#4442=ORIENTED_EDGE('',*,*,#3195,.T.);
#4443=ORIENTED_EDGE('',*,*,#3196,.T.);
#4444=ORIENTED_EDGE('',*,*,#2839,.F.);
#4445=ORIENTED_EDGE('',*,*,#3196,.F.);
#4446=ORIENTED_EDGE('',*,*,#3167,.F.);
#4447=ORIENTED_EDGE('',*,*,#3197,.F.);
#4448=ORIENTED_EDGE('',*,*,#2827,.F.);
#4449=ORIENTED_EDGE('',*,*,#3198,.F.);
#4450=ORIENTED_EDGE('',*,*,#3199,.F.);
#4451=ORIENTED_EDGE('',*,*,#3200,.T.);
#4452=ORIENTED_EDGE('',*,*,#3201,.T.);
#4453=ORIENTED_EDGE('',*,*,#2842,.F.);
#4454=ORIENTED_EDGE('',*,*,#3201,.F.);
#4455=ORIENTED_EDGE('',*,*,#3171,.F.);
#4456=ORIENTED_EDGE('',*,*,#2843,.F.);
#4457=ORIENTED_EDGE('',*,*,#2828,.F.);
#4458=ORIENTED_EDGE('',*,*,#3197,.T.);
#4459=ORIENTED_EDGE('',*,*,#3180,.F.);
#4460=ORIENTED_EDGE('',*,*,#3139,.F.);
#4461=ORIENTED_EDGE('',*,*,#2822,.F.);
#4462=ORIENTED_EDGE('',*,*,#3202,.T.);
#4463=ORIENTED_EDGE('',*,*,#3203,.T.);
#4464=ORIENTED_EDGE('',*,*,#3204,.T.);
#4465=ORIENTED_EDGE('',*,*,#2840,.F.);
#4466=ORIENTED_EDGE('',*,*,#3204,.F.);
#4467=ORIENTED_EDGE('',*,*,#3133,.F.);
#4468=ORIENTED_EDGE('',*,*,#3181,.F.);
#4469=ORIENTED_EDGE('',*,*,#3202,.F.);
#4470=ORIENTED_EDGE('',*,*,#2821,.F.);
#4471=ORIENTED_EDGE('',*,*,#3130,.F.);
#4472=ORIENTED_EDGE('',*,*,#3193,.F.);
#4473=ORIENTED_EDGE('',*,*,#3205,.F.);
#4474=ORIENTED_EDGE('',*,*,#2825,.F.);
#4475=ORIENTED_EDGE('',*,*,#3206,.T.);
#4476=ORIENTED_EDGE('',*,*,#3183,.F.);
#4477=ORIENTED_EDGE('',*,*,#3207,.T.);
#4478=ORIENTED_EDGE('',*,*,#3208,.T.);
#4479=ORIENTED_EDGE('',*,*,#2841,.F.);
#4480=ORIENTED_EDGE('',*,*,#3208,.F.);
#4481=ORIENTED_EDGE('',*,*,#3179,.F.);
#4482=ORIENTED_EDGE('',*,*,#3206,.F.);
#4483=ORIENTED_EDGE('',*,*,#2824,.F.);
#4484=ORIENTED_EDGE('',*,*,#3138,.F.);
#4485=ORIENTED_EDGE('',*,*,#2714,.T.);
#4486=ORIENTED_EDGE('',*,*,#3177,.T.);
#4487=ORIENTED_EDGE('',*,*,#3188,.T.);
#4488=ORIENTED_EDGE('',*,*,#3126,.F.);
#4489=ORIENTED_EDGE('',*,*,#2694,.T.);
#4490=ORIENTED_EDGE('',*,*,#3125,.F.);
#4491=ORIENTED_EDGE('',*,*,#3123,.T.);
#4492=ORIENTED_EDGE('',*,*,#3172,.T.);
#4493=ORIENTED_EDGE('',*,*,#2746,.T.);
#4494=ORIENTED_EDGE('',*,*,#2742,.T.);
#4495=ORIENTED_EDGE('',*,*,#3209,.T.);
#4496=ORIENTED_EDGE('',*,*,#3184,.T.);
#4497=ORIENTED_EDGE('',*,*,#3175,.T.);
#4498=ORIENTED_EDGE('',*,*,#3210,.T.);
#4499=ORIENTED_EDGE('',*,*,#3173,.T.);
#4500=ORIENTED_EDGE('',*,*,#3116,.T.);
#4501=ORIENTED_EDGE('',*,*,#3211,.T.);
#4502=ORIENTED_EDGE('',*,*,#3212,.T.);
#4503=ORIENTED_EDGE('',*,*,#2687,.T.);
#4504=ORIENTED_EDGE('',*,*,#2731,.F.);
#4505=ORIENTED_EDGE('',*,*,#3120,.T.);
#4506=ORIENTED_EDGE('',*,*,#3124,.T.);
#4507=ORIENTED_EDGE('',*,*,#3213,.T.);
#4508=ORIENTED_EDGE('',*,*,#3128,.T.);
#4509=ORIENTED_EDGE('',*,*,#3187,.T.);
#4510=ORIENTED_EDGE('',*,*,#2726,.F.);
#4511=ORIENTED_EDGE('',*,*,#2708,.F.);
#4512=ORIENTED_EDGE('',*,*,#2712,.F.);
#4513=ORIENTED_EDGE('',*,*,#2718,.F.);
#4514=ORIENTED_EDGE('',*,*,#3214,.F.);
#4515=ORIENTED_EDGE('',*,*,#3203,.F.);
#4516=ORIENTED_EDGE('',*,*,#3178,.F.);
#4517=ORIENTED_EDGE('',*,*,#2709,.T.);
#4518=ORIENTED_EDGE('',*,*,#3214,.T.);
#4519=ORIENTED_EDGE('',*,*,#2717,.F.);
#4520=ORIENTED_EDGE('',*,*,#2739,.F.);
#4521=ORIENTED_EDGE('',*,*,#2745,.F.);
#4522=ORIENTED_EDGE('',*,*,#3215,.F.);
#4523=ORIENTED_EDGE('',*,*,#3216,.F.);
#4524=ORIENTED_EDGE('',*,*,#3207,.F.);
#4525=ORIENTED_EDGE('',*,*,#3212,.F.);
#4526=ORIENTED_EDGE('',*,*,#3217,.F.);
#4527=ORIENTED_EDGE('',*,*,#2740,.T.);
#4528=ORIENTED_EDGE('',*,*,#3216,.T.);
#4529=ORIENTED_EDGE('',*,*,#3218,.F.);
#4530=ORIENTED_EDGE('',*,*,#3174,.F.);
#4531=ORIENTED_EDGE('',*,*,#3210,.F.);
#4532=ORIENTED_EDGE('',*,*,#3218,.T.);
#4533=ORIENTED_EDGE('',*,*,#3215,.T.);
#4534=ORIENTED_EDGE('',*,*,#2744,.F.);
#4535=ORIENTED_EDGE('',*,*,#3219,.F.);
#4536=ORIENTED_EDGE('',*,*,#2703,.F.);
#4537=ORIENTED_EDGE('',*,*,#2706,.F.);
#4538=ORIENTED_EDGE('',*,*,#3220,.F.);
#4539=ORIENTED_EDGE('',*,*,#3195,.F.);
#4540=ORIENTED_EDGE('',*,*,#3221,.T.);
#4541=ORIENTED_EDGE('',*,*,#3220,.T.);
#4542=ORIENTED_EDGE('',*,*,#2705,.F.);
#4543=ORIENTED_EDGE('',*,*,#2689,.F.);
#4544=ORIENTED_EDGE('',*,*,#3129,.F.);
#4545=ORIENTED_EDGE('',*,*,#3213,.F.);
#4546=ORIENTED_EDGE('',*,*,#2725,.F.);
#4547=ORIENTED_EDGE('',*,*,#2704,.T.);
#4548=ORIENTED_EDGE('',*,*,#3219,.T.);
#4549=ORIENTED_EDGE('',*,*,#3221,.F.);
#4550=ORIENTED_EDGE('',*,*,#2724,.F.);
#4551=ORIENTED_EDGE('',*,*,#2692,.F.);
#4552=ORIENTED_EDGE('',*,*,#2733,.F.);
#4553=ORIENTED_EDGE('',*,*,#2736,.F.);
#4554=ORIENTED_EDGE('',*,*,#3222,.F.);
#4555=ORIENTED_EDGE('',*,*,#3223,.F.);
#4556=ORIENTED_EDGE('',*,*,#3200,.F.);
#4557=ORIENTED_EDGE('',*,*,#3224,.F.);
#4558=ORIENTED_EDGE('',*,*,#2720,.F.);
#4559=ORIENTED_EDGE('',*,*,#2734,.T.);
#4560=ORIENTED_EDGE('',*,*,#3223,.T.);
#4561=ORIENTED_EDGE('',*,*,#3225,.F.);
#4562=ORIENTED_EDGE('',*,*,#3225,.T.);
#4563=ORIENTED_EDGE('',*,*,#3222,.T.);
#4564=ORIENTED_EDGE('',*,*,#2735,.F.);
#4565=ORIENTED_EDGE('',*,*,#3190,.F.);
#4566=ORIENTED_EDGE('',*,*,#3226,.F.);
#4567=ORIENTED_EDGE('',*,*,#3141,.F.);
#4568=ORIENTED_EDGE('',*,*,#3066,.T.);
#4569=ORIENTED_EDGE('',*,*,#3227,.T.);
#4570=ORIENTED_EDGE('',*,*,#3228,.F.);
#4571=ORIENTED_EDGE('',*,*,#3191,.F.);
#4572=ORIENTED_EDGE('',*,*,#3104,.T.);
#4573=ORIENTED_EDGE('',*,*,#2997,.F.);
#4574=ORIENTED_EDGE('',*,*,#3109,.T.);
#4575=ORIENTED_EDGE('',*,*,#2721,.T.);
#4576=ORIENTED_EDGE('',*,*,#3224,.T.);
#4577=ORIENTED_EDGE('',*,*,#3226,.T.);
#4578=ORIENTED_EDGE('',*,*,#3189,.T.);
#4579=ORIENTED_EDGE('',*,*,#3185,.T.);
#4580=ORIENTED_EDGE('',*,*,#3209,.F.);
#4581=ORIENTED_EDGE('',*,*,#2741,.T.);
#4582=ORIENTED_EDGE('',*,*,#3217,.T.);
#4583=ORIENTED_EDGE('',*,*,#3211,.F.);
#4584=ORIENTED_EDGE('',*,*,#3110,.F.);
#4585=ORIENTED_EDGE('',*,*,#3005,.F.);
#4586=ORIENTED_EDGE('',*,*,#3008,.T.);
#4587=ORIENTED_EDGE('',*,*,#3101,.T.);
#4588=ORIENTED_EDGE('',*,*,#2848,.T.);
#4589=ORIENTED_EDGE('',*,*,#2857,.T.);
#4590=ORIENTED_EDGE('',*,*,#2854,.T.);
#4591=ORIENTED_EDGE('',*,*,#2851,.T.);
#4592=ORIENTED_EDGE('',*,*,#2860,.T.);
#4593=ORIENTED_EDGE('',*,*,#2869,.T.);
#4594=ORIENTED_EDGE('',*,*,#2866,.T.);
#4595=ORIENTED_EDGE('',*,*,#2863,.T.);
#4596=ORIENTED_EDGE('',*,*,#2872,.T.);
#4597=ORIENTED_EDGE('',*,*,#2881,.T.);
#4598=ORIENTED_EDGE('',*,*,#2878,.T.);
#4599=ORIENTED_EDGE('',*,*,#2875,.T.);
#4600=ORIENTED_EDGE('',*,*,#2890,.T.);
#4601=ORIENTED_EDGE('',*,*,#2887,.T.);
#4602=ORIENTED_EDGE('',*,*,#2884,.T.);
#4603=ORIENTED_EDGE('',*,*,#2893,.T.);
#4604=ORIENTED_EDGE('',*,*,#2896,.T.);
#4605=ORIENTED_EDGE('',*,*,#2905,.T.);
#4606=ORIENTED_EDGE('',*,*,#2902,.T.);
#4607=ORIENTED_EDGE('',*,*,#2899,.T.);
#4608=ORIENTED_EDGE('',*,*,#2908,.T.);
#4609=ORIENTED_EDGE('',*,*,#2917,.T.);
#4610=ORIENTED_EDGE('',*,*,#2914,.T.);
#4611=ORIENTED_EDGE('',*,*,#2911,.T.);
#4612=ORIENTED_EDGE('',*,*,#2920,.T.);
#4613=ORIENTED_EDGE('',*,*,#2929,.T.);
#4614=ORIENTED_EDGE('',*,*,#2926,.T.);
#4615=ORIENTED_EDGE('',*,*,#2923,.T.);
#4616=ORIENTED_EDGE('',*,*,#2938,.T.);
#4617=ORIENTED_EDGE('',*,*,#2935,.T.);
#4618=ORIENTED_EDGE('',*,*,#2932,.T.);
#4619=ORIENTED_EDGE('',*,*,#2941,.T.);
#4620=ORIENTED_EDGE('',*,*,#3228,.T.);
#4621=ORIENTED_EDGE('',*,*,#3229,.T.);
#4622=ORIENTED_EDGE('',*,*,#3230,.T.);
#4623=ORIENTED_EDGE('',*,*,#3231,.T.);
#4624=ORIENTED_EDGE('',*,*,#3198,.T.);
#4625=ORIENTED_EDGE('',*,*,#2826,.F.);
#4626=ORIENTED_EDGE('',*,*,#3205,.T.);
#4627=ORIENTED_EDGE('',*,*,#3192,.T.);
#4628=ORIENTED_EDGE('',*,*,#3232,.T.);
#4629=ORIENTED_EDGE('',*,*,#3145,.F.);
#4630=ORIENTED_EDGE('',*,*,#3168,.T.);
#4631=ORIENTED_EDGE('',*,*,#3199,.T.);
#4632=ORIENTED_EDGE('',*,*,#3231,.F.);
#4633=ORIENTED_EDGE('',*,*,#2846,.T.);
#4634=ORIENTED_EDGE('',*,*,#2850,.T.);
#4635=ORIENTED_EDGE('',*,*,#2853,.T.);
#4636=ORIENTED_EDGE('',*,*,#2856,.T.);
#4637=ORIENTED_EDGE('',*,*,#2858,.T.);
#4638=ORIENTED_EDGE('',*,*,#2862,.T.);
#4639=ORIENTED_EDGE('',*,*,#2865,.T.);
#4640=ORIENTED_EDGE('',*,*,#2868,.T.);
#4641=ORIENTED_EDGE('',*,*,#2870,.T.);
#4642=ORIENTED_EDGE('',*,*,#2874,.T.);
#4643=ORIENTED_EDGE('',*,*,#2877,.T.);
#4644=ORIENTED_EDGE('',*,*,#2880,.T.);
#4645=ORIENTED_EDGE('',*,*,#2889,.T.);
#4646=ORIENTED_EDGE('',*,*,#2892,.T.);
#4647=ORIENTED_EDGE('',*,*,#2882,.T.);
#4648=ORIENTED_EDGE('',*,*,#2886,.T.);
#4649=ORIENTED_EDGE('',*,*,#3026,.T.);
#4650=ORIENTED_EDGE('',*,*,#3082,.T.);
#4651=ORIENTED_EDGE('',*,*,#3233,.T.);
#4652=ORIENTED_EDGE('',*,*,#3229,.F.);
#4653=ORIENTED_EDGE('',*,*,#3227,.F.);
#4654=ORIENTED_EDGE('',*,*,#3065,.T.);
#4655=ORIENTED_EDGE('',*,*,#3046,.T.);
#4656=ORIENTED_EDGE('',*,*,#3051,.T.);
#4657=ORIENTED_EDGE('',*,*,#3048,.T.);
#4658=ORIENTED_EDGE('',*,*,#3068,.T.);
#4659=ORIENTED_EDGE('',*,*,#3024,.T.);
#4660=ORIENTED_EDGE('',*,*,#3029,.T.);
#4661=ORIENTED_EDGE('',*,*,#3230,.F.);
#4662=ORIENTED_EDGE('',*,*,#3233,.F.);
#4663=ORIENTED_EDGE('',*,*,#3081,.F.);
#4664=ORIENTED_EDGE('',*,*,#3146,.F.);
#4665=ORIENTED_EDGE('',*,*,#3232,.F.);
#4666=PLANE('',#5411);
#4667=PLANE('',#5412);
#4668=PLANE('',#5413);
#4669=PLANE('',#5414);
#4670=PLANE('',#5415);
#4671=PLANE('',#5416);
#4672=PLANE('',#5417);
#4673=PLANE('',#5418);
#4674=PLANE('',#5419);
#4675=PLANE('',#5420);
#4676=PLANE('',#5421);
#4677=PLANE('',#5422);
#4678=PLANE('',#5423);
#4679=PLANE('',#5424);
#4680=PLANE('',#5425);
#4681=PLANE('',#5426);
#4682=PLANE('',#5427);
#4683=PLANE('',#5428);
#4684=PLANE('',#5429);
#4685=PLANE('',#5430);
#4686=PLANE('',#5431);
#4687=PLANE('',#5432);
#4688=PLANE('',#5433);
#4689=PLANE('',#5434);
#4690=PLANE('',#5435);
#4691=PLANE('',#5436);
#4692=PLANE('',#5437);
#4693=PLANE('',#5438);
#4694=PLANE('',#5439);
#4695=PLANE('',#5440);
#4696=PLANE('',#5441);
#4697=PLANE('',#5442);
#4698=PLANE('',#5443);
#4699=PLANE('',#5444);
#4700=PLANE('',#5445);
#4701=PLANE('',#5446);
#4702=PLANE('',#5447);
#4703=PLANE('',#5448);
#4704=PLANE('',#5449);
#4705=PLANE('',#5450);
#4706=PLANE('',#5451);
#4707=PLANE('',#5452);
#4708=PLANE('',#5453);
#4709=PLANE('',#5454);
#4710=PLANE('',#5455);
#4711=PLANE('',#5456);
#4712=PLANE('',#5457);
#4713=PLANE('',#5458);
#4714=PLANE('',#5459);
#4715=PLANE('',#5460);
#4716=PLANE('',#5461);
#4717=PLANE('',#5462);
#4718=PLANE('',#5463);
#4719=PLANE('',#5464);
#4720=PLANE('',#5465);
#4721=PLANE('',#5466);
#4722=PLANE('',#5467);
#4723=PLANE('',#5469);
#4724=PLANE('',#5471);
#4725=PLANE('',#5473);
#4726=PLANE('',#5474);
#4727=PLANE('',#5475);
#4728=PLANE('',#5476);
#4729=PLANE('',#5478);
#4730=PLANE('',#5482);
#4731=PLANE('',#5483);
#4732=PLANE('',#5484);
#4733=PLANE('',#5486);
#4734=PLANE('',#5488);
#4735=PLANE('',#5493);
#4736=PLANE('',#5497);
#4737=PLANE('',#5501);
#4738=PLANE('',#5505);
#4739=PLANE('',#5506);
#4740=PLANE('',#5507);
#4741=PLANE('',#5508);
#4742=PLANE('',#5509);
#4743=PLANE('',#5510);
#4744=PLANE('',#5511);
#4745=PLANE('',#5512);
#4746=PLANE('',#5513);
#4747=PLANE('',#5514);
#4748=PLANE('',#5515);
#4749=PLANE('',#5516);
#4750=PLANE('',#5517);
#4751=PLANE('',#5518);
#4752=PLANE('',#5519);
#4753=PLANE('',#5520);
#4754=PLANE('',#5521);
#4755=PLANE('',#5522);
#4756=PLANE('',#5523);
#4757=PLANE('',#5532);
#4758=PLANE('',#5533);
#4759=PLANE('',#5534);
#4760=PLANE('',#5535);
#4761=PLANE('',#5536);
#4762=PLANE('',#5537);
#4763=PLANE('',#5538);
#4764=PLANE('',#5539);
#4765=PLANE('',#5540);
#4766=PLANE('',#5541);
#4767=PLANE('',#5542);
#4768=PLANE('',#5543);
#4769=PLANE('',#5544);
#4770=PLANE('',#5545);
#4771=PLANE('',#5546);
#4772=PLANE('',#5547);
#4773=PLANE('',#5548);
#4774=PLANE('',#5549);
#4775=PLANE('',#5550);
#4776=PLANE('',#5551);
#4777=PLANE('',#5552);
#4778=PLANE('',#5553);
#4779=PLANE('',#5554);
#4780=PLANE('',#5555);
#4781=PLANE('',#5556);
#4782=PLANE('',#5557);
#4783=PLANE('',#5558);
#4784=PLANE('',#5559);
#4785=PLANE('',#5560);
#4786=PLANE('',#5561);
#4787=PLANE('',#5562);
#4788=PLANE('',#5563);
#4789=PLANE('',#5564);
#4790=PLANE('',#5568);
#4791=PLANE('',#5572);
#4792=PLANE('',#5573);
#4793=PLANE('',#5574);
#4794=PLANE('',#5575);
#4795=PLANE('',#5576);
#4796=PLANE('',#5577);
#4797=PLANE('',#5578);
#4798=PLANE('',#5579);
#4799=PLANE('',#5580);
#4800=PLANE('',#5581);
#4801=PLANE('',#5582);
#4802=PLANE('',#5583);
#4803=PLANE('',#5584);
#4804=PLANE('',#5585);
#4805=PLANE('',#5586);
#4806=PLANE('',#5587);
#4807=PLANE('',#5588);
#4808=PLANE('',#5594);
#4809=PLANE('',#5599);
#4810=PLANE('',#5600);
#4811=PLANE('',#5601);
#4812=PLANE('',#5602);
#4813=PLANE('',#5603);
#4814=PLANE('',#5604);
#4815=PLANE('',#5605);
#4816=PLANE('',#5606);
#4817=PLANE('',#5607);
#4818=PLANE('',#5608);
#4819=PLANE('',#5609);
#4820=PLANE('',#5610);
#4821=PLANE('',#5611);
#4822=PLANE('',#5612);
#4823=PLANE('',#5613);
#4824=PLANE('',#5614);
#4825=PLANE('',#5615);
#4826=PLANE('',#5616);
#4827=PLANE('',#5617);
#4828=PLANE('',#5618);
#4829=PLANE('',#5619);
#4830=PLANE('',#5620);
#4831=PLANE('',#5621);
#4832=PLANE('',#5622);
#4833=PLANE('',#5629);
#4834=PLANE('',#5632);
#4835=PLANE('',#5635);
#4836=PLANE('',#5638);
#4837=PLANE('',#5641);
#4838=PLANE('',#5644);
#4839=PLANE('',#5645);
#4840=PLANE('',#5646);
#4841=PLANE('',#5647);
#4842=PLANE('',#5648);
#4843=PLANE('',#5649);
#4844=PLANE('',#5650);
#4845=PLANE('',#5654);
#4846=PLANE('',#5657);
#4847=PLANE('',#5660);
#4848=PLANE('',#5661);
#4849=PLANE('',#5662);
#4850=PLANE('',#5663);
#4851=PLANE('',#5664);
#4852=PLANE('',#5667);
#4853=PLANE('',#5671);
#4854=PLANE('',#5689);
#4855=PLANE('',#5690);
#4856=PLANE('',#5691);
#4857=PLANE('',#5692);
#4858=PLANE('',#5698);
#4859=PLANE('',#5699);
#4860=PLANE('',#5700);
#4861=PLANE('',#5703);
#4862=PLANE('',#5706);
#4863=PLANE('',#5707);
#4864=PLANE('',#5710);
#4865=PLANE('',#5711);
#4866=PLANE('',#5714);
#4867=PLANE('',#5718);
#4868=PLANE('',#5719);
#4869=PLANE('',#5720);
#4870=PLANE('',#5721);
#4871=PLANE('',#5722);
#4872=PLANE('',#5723);
#4873=PLANE('',#5724);
#4874=PLANE('',#5725);
#4875=PLANE('',#5726);
#4876=PLANE('',#5727);
#4877=PLANE('',#5728);
#4878=PLANE('',#5729);
#4879=PLANE('',#5730);
#4880=PLANE('',#5731);
#4881=PLANE('',#5732);
#4882=PLANE('',#5733);
#4883=PLANE('',#5734);
#4884=STYLED_ITEM('',(#8528),#5138);
#4885=STYLED_ITEM('',(#8528),#5139);
#4886=STYLED_ITEM('',(#8528),#5140);
#4887=STYLED_ITEM('',(#8528),#5141);
#4888=STYLED_ITEM('',(#8528),#5142);
#4889=STYLED_ITEM('',(#8528),#5143);
#4890=STYLED_ITEM('',(#8528),#5144);
#4891=STYLED_ITEM('',(#8528),#5145);
#4892=STYLED_ITEM('',(#8528),#5146);
#4893=STYLED_ITEM('',(#8528),#5147);
#4894=STYLED_ITEM('',(#8528),#5148);
#4895=STYLED_ITEM('',(#8528),#5149);
#4896=STYLED_ITEM('',(#8528),#5150);
#4897=STYLED_ITEM('',(#8528),#5151);
#4898=STYLED_ITEM('',(#8528),#5152);
#4899=STYLED_ITEM('',(#8528),#5153);
#4900=STYLED_ITEM('',(#8528),#5154);
#4901=STYLED_ITEM('',(#8528),#5155);
#4902=STYLED_ITEM('',(#8528),#5156);
#4903=STYLED_ITEM('',(#8528),#5157);
#4904=STYLED_ITEM('',(#8528),#5158);
#4905=STYLED_ITEM('',(#8528),#5159);
#4906=STYLED_ITEM('',(#8528),#5160);
#4907=STYLED_ITEM('',(#8528),#5161);
#4908=STYLED_ITEM('',(#8528),#5162);
#4909=STYLED_ITEM('',(#8528),#5163);
#4910=STYLED_ITEM('',(#8528),#5164);
#4911=STYLED_ITEM('',(#8528),#5165);
#4912=STYLED_ITEM('',(#8528),#5166);
#4913=STYLED_ITEM('',(#8528),#5167);
#4914=STYLED_ITEM('',(#8528),#5168);
#4915=STYLED_ITEM('',(#8528),#5169);
#4916=STYLED_ITEM('',(#8528),#5170);
#4917=STYLED_ITEM('',(#8528),#5171);
#4918=STYLED_ITEM('',(#8528),#5172);
#4919=STYLED_ITEM('',(#8528),#5173);
#4920=STYLED_ITEM('',(#8528),#5174);
#4921=STYLED_ITEM('',(#8528),#5175);
#4922=STYLED_ITEM('',(#8528),#5176);
#4923=STYLED_ITEM('',(#8528),#5177);
#4924=STYLED_ITEM('',(#8528),#5178);
#4925=STYLED_ITEM('',(#8528),#5179);
#4926=STYLED_ITEM('',(#8528),#5180);
#4927=STYLED_ITEM('',(#8528),#5181);
#4928=STYLED_ITEM('',(#8528),#5182);
#4929=STYLED_ITEM('',(#8528),#5183);
#4930=STYLED_ITEM('',(#8528),#5184);
#4931=STYLED_ITEM('',(#8528),#5185);
#4932=STYLED_ITEM('',(#8528),#5186);
#4933=STYLED_ITEM('',(#8528),#5187);
#4934=STYLED_ITEM('',(#8528),#5188);
#4935=STYLED_ITEM('',(#8528),#5189);
#4936=STYLED_ITEM('',(#8528),#5190);
#4937=STYLED_ITEM('',(#8528),#5191);
#4938=STYLED_ITEM('',(#8528),#5192);
#4939=STYLED_ITEM('',(#8528),#5193);
#4940=STYLED_ITEM('',(#8528),#5194);
#4941=STYLED_ITEM('',(#8528),#5195);
#4942=STYLED_ITEM('',(#8528),#5196);
#4943=STYLED_ITEM('',(#8528),#5197);
#4944=STYLED_ITEM('',(#8528),#5198);
#4945=STYLED_ITEM('',(#8528),#5199);
#4946=STYLED_ITEM('',(#8528),#5200);
#4947=STYLED_ITEM('',(#8528),#5201);
#4948=STYLED_ITEM('',(#8528),#5202);
#4949=STYLED_ITEM('',(#8528),#5203);
#4950=STYLED_ITEM('',(#8528),#5204);
#4951=STYLED_ITEM('',(#8528),#5205);
#4952=STYLED_ITEM('',(#8528),#5206);
#4953=STYLED_ITEM('',(#8528),#5207);
#4954=STYLED_ITEM('',(#8528),#5208);
#4955=STYLED_ITEM('',(#8528),#5209);
#4956=STYLED_ITEM('',(#8528),#5210);
#4957=STYLED_ITEM('',(#8528),#5211);
#4958=STYLED_ITEM('',(#8528),#5212);
#4959=STYLED_ITEM('',(#8528),#5213);
#4960=STYLED_ITEM('',(#8528),#5214);
#4961=STYLED_ITEM('',(#8528),#5215);
#4962=STYLED_ITEM('',(#8528),#5216);
#4963=STYLED_ITEM('',(#8528),#5217);
#4964=STYLED_ITEM('',(#8528),#5218);
#4965=STYLED_ITEM('',(#8528),#5219);
#4966=STYLED_ITEM('',(#8528),#5220);
#4967=STYLED_ITEM('',(#8528),#5221);
#4968=STYLED_ITEM('',(#8528),#5222);
#4969=STYLED_ITEM('',(#8528),#5223);
#4970=STYLED_ITEM('',(#8528),#5224);
#4971=STYLED_ITEM('',(#8528),#5225);
#4972=STYLED_ITEM('',(#8528),#5226);
#4973=STYLED_ITEM('',(#8528),#5227);
#4974=STYLED_ITEM('',(#8528),#5228);
#4975=STYLED_ITEM('',(#8528),#5229);
#4976=STYLED_ITEM('',(#8528),#5230);
#4977=STYLED_ITEM('',(#8528),#5231);
#4978=STYLED_ITEM('',(#8528),#5232);
#4979=STYLED_ITEM('',(#8528),#5233);
#4980=STYLED_ITEM('',(#8528),#5234);
#4981=STYLED_ITEM('',(#8528),#5235);
#4982=STYLED_ITEM('',(#8528),#5236);
#4983=STYLED_ITEM('',(#8528),#5237);
#4984=STYLED_ITEM('',(#8528),#5238);
#4985=STYLED_ITEM('',(#8528),#5239);
#4986=STYLED_ITEM('',(#8528),#5240);
#4987=STYLED_ITEM('',(#8528),#5241);
#4988=STYLED_ITEM('',(#8528),#5242);
#4989=STYLED_ITEM('',(#8528),#5243);
#4990=STYLED_ITEM('',(#8528),#5244);
#4991=STYLED_ITEM('',(#8528),#5245);
#4992=STYLED_ITEM('',(#8528),#5246);
#4993=STYLED_ITEM('',(#8528),#5247);
#4994=STYLED_ITEM('',(#8528),#5248);
#4995=STYLED_ITEM('',(#8528),#5249);
#4996=STYLED_ITEM('',(#8528),#5250);
#4997=STYLED_ITEM('',(#8528),#5251);
#4998=STYLED_ITEM('',(#8528),#5252);
#4999=STYLED_ITEM('',(#8528),#5253);
#5000=STYLED_ITEM('',(#8528),#5254);
#5001=STYLED_ITEM('',(#8528),#5255);
#5002=STYLED_ITEM('',(#8528),#5256);
#5003=STYLED_ITEM('',(#8528),#5257);
#5004=STYLED_ITEM('',(#8528),#5258);
#5005=STYLED_ITEM('',(#8528),#5259);
#5006=STYLED_ITEM('',(#8528),#5260);
#5007=STYLED_ITEM('',(#8528),#5261);
#5008=STYLED_ITEM('',(#8528),#5262);
#5009=STYLED_ITEM('',(#8528),#5263);
#5010=STYLED_ITEM('',(#8528),#5264);
#5011=STYLED_ITEM('',(#8528),#5265);
#5012=STYLED_ITEM('',(#8528),#5266);
#5013=STYLED_ITEM('',(#8528),#5267);
#5014=STYLED_ITEM('',(#8528),#5268);
#5015=STYLED_ITEM('',(#8528),#5269);
#5016=STYLED_ITEM('',(#8528),#5270);
#5017=STYLED_ITEM('',(#8528),#5271);
#5018=STYLED_ITEM('',(#8528),#5272);
#5019=STYLED_ITEM('',(#8528),#5273);
#5020=STYLED_ITEM('',(#8528),#5274);
#5021=STYLED_ITEM('',(#8528),#5275);
#5022=STYLED_ITEM('',(#8528),#5276);
#5023=STYLED_ITEM('',(#8528),#5277);
#5024=STYLED_ITEM('',(#8528),#5278);
#5025=STYLED_ITEM('',(#8528),#5279);
#5026=STYLED_ITEM('',(#8528),#5280);
#5027=STYLED_ITEM('',(#8528),#5281);
#5028=STYLED_ITEM('',(#8528),#5282);
#5029=STYLED_ITEM('',(#8528),#5283);
#5030=STYLED_ITEM('',(#8528),#5284);
#5031=STYLED_ITEM('',(#8528),#5285);
#5032=STYLED_ITEM('',(#8528),#5286);
#5033=STYLED_ITEM('',(#8528),#5287);
#5034=STYLED_ITEM('',(#8528),#5288);
#5035=STYLED_ITEM('',(#8528),#5289);
#5036=STYLED_ITEM('',(#8528),#5290);
#5037=STYLED_ITEM('',(#8528),#5291);
#5038=STYLED_ITEM('',(#8528),#5292);
#5039=STYLED_ITEM('',(#8528),#5293);
#5040=STYLED_ITEM('',(#8528),#5294);
#5041=STYLED_ITEM('',(#8528),#5295);
#5042=STYLED_ITEM('',(#8528),#5296);
#5043=STYLED_ITEM('',(#8528),#5297);
#5044=STYLED_ITEM('',(#8528),#5298);
#5045=STYLED_ITEM('',(#8528),#5299);
#5046=STYLED_ITEM('',(#8528),#5300);
#5047=STYLED_ITEM('',(#8528),#5301);
#5048=STYLED_ITEM('',(#8528),#5302);
#5049=STYLED_ITEM('',(#8528),#5303);
#5050=STYLED_ITEM('',(#8528),#5304);
#5051=STYLED_ITEM('',(#8528),#5305);
#5052=STYLED_ITEM('',(#8528),#5306);
#5053=STYLED_ITEM('',(#8528),#5307);
#5054=STYLED_ITEM('',(#8528),#5308);
#5055=STYLED_ITEM('',(#8528),#5309);
#5056=STYLED_ITEM('',(#8528),#5310);
#5057=STYLED_ITEM('',(#8528),#5311);
#5058=STYLED_ITEM('',(#8528),#5312);
#5059=STYLED_ITEM('',(#8528),#5313);
#5060=STYLED_ITEM('',(#8528),#5314);
#5061=STYLED_ITEM('',(#8528),#5315);
#5062=STYLED_ITEM('',(#8528),#5316);
#5063=STYLED_ITEM('',(#8528),#5317);
#5064=STYLED_ITEM('',(#8528),#5318);
#5065=STYLED_ITEM('',(#8528),#5319);
#5066=STYLED_ITEM('',(#8528),#5320);
#5067=STYLED_ITEM('',(#8528),#5321);
#5068=STYLED_ITEM('',(#8528),#5322);
#5069=STYLED_ITEM('',(#8528),#5323);
#5070=STYLED_ITEM('',(#8528),#5324);
#5071=STYLED_ITEM('',(#8528),#5325);
#5072=STYLED_ITEM('',(#8528),#5326);
#5073=STYLED_ITEM('',(#8528),#5327);
#5074=STYLED_ITEM('',(#8528),#5328);
#5075=STYLED_ITEM('',(#8528),#5329);
#5076=STYLED_ITEM('',(#8528),#5330);
#5077=STYLED_ITEM('',(#8528),#5331);
#5078=STYLED_ITEM('',(#8528),#5332);
#5079=STYLED_ITEM('',(#8528),#5333);
#5080=STYLED_ITEM('',(#8528),#5334);
#5081=STYLED_ITEM('',(#8528),#5335);
#5082=STYLED_ITEM('',(#8528),#5336);
#5083=STYLED_ITEM('',(#8528),#5337);
#5084=STYLED_ITEM('',(#8528),#5338);
#5085=STYLED_ITEM('',(#8528),#5339);
#5086=STYLED_ITEM('',(#8528),#5340);
#5087=STYLED_ITEM('',(#8528),#5341);
#5088=STYLED_ITEM('',(#8528),#5342);
#5089=STYLED_ITEM('',(#8528),#5343);
#5090=STYLED_ITEM('',(#8528),#5344);
#5091=STYLED_ITEM('',(#8528),#5345);
#5092=STYLED_ITEM('',(#8528),#5346);
#5093=STYLED_ITEM('',(#8528),#5347);
#5094=STYLED_ITEM('',(#8528),#5348);
#5095=STYLED_ITEM('',(#8528),#5349);
#5096=STYLED_ITEM('',(#8528),#5350);
#5097=STYLED_ITEM('',(#8528),#5351);
#5098=STYLED_ITEM('',(#8528),#5352);
#5099=STYLED_ITEM('',(#8528),#5353);
#5100=STYLED_ITEM('',(#8528),#5354);
#5101=STYLED_ITEM('',(#8528),#5355);
#5102=STYLED_ITEM('',(#8528),#5356);
#5103=STYLED_ITEM('',(#8528),#5357);
#5104=STYLED_ITEM('',(#8528),#5358);
#5105=STYLED_ITEM('',(#8528),#5359);
#5106=STYLED_ITEM('',(#8528),#5360);
#5107=STYLED_ITEM('',(#8528),#5361);
#5108=STYLED_ITEM('',(#8528),#5362);
#5109=STYLED_ITEM('',(#8528),#5363);
#5110=STYLED_ITEM('',(#8528),#5364);
#5111=STYLED_ITEM('',(#8528),#5365);
#5112=STYLED_ITEM('',(#8528),#5366);
#5113=STYLED_ITEM('',(#8528),#5367);
#5114=STYLED_ITEM('',(#8528),#5368);
#5115=STYLED_ITEM('',(#8528),#5369);
#5116=STYLED_ITEM('',(#8528),#5370);
#5117=STYLED_ITEM('',(#8528),#5371);
#5118=STYLED_ITEM('',(#8528),#5372);
#5119=STYLED_ITEM('',(#8528),#5373);
#5120=STYLED_ITEM('',(#8528),#5374);
#5121=STYLED_ITEM('',(#8528),#5375);
#5122=STYLED_ITEM('',(#8528),#5376);
#5123=STYLED_ITEM('',(#8528),#5377);
#5124=STYLED_ITEM('',(#8528),#5378);
#5125=STYLED_ITEM('',(#8528),#5379);
#5126=STYLED_ITEM('',(#8528),#5380);
#5127=STYLED_ITEM('',(#8528),#5381);
#5128=STYLED_ITEM('',(#8528),#5382);
#5129=STYLED_ITEM('',(#8528),#5383);
#5130=STYLED_ITEM('',(#8528),#5384);
#5131=STYLED_ITEM('',(#8528),#5385);
#5132=STYLED_ITEM('',(#8528),#5386);
#5133=STYLED_ITEM('',(#8528),#5387);
#5134=STYLED_ITEM('',(#8528),#5388);
#5135=STYLED_ITEM('',(#8528),#5389);
#5136=STYLED_ITEM('',(#8528),#5390);
#5137=STYLED_ITEM('',(#8527),#13);
#5138=ADVANCED_FACE('',(#195),#4666,.F.);
#5139=ADVANCED_FACE('',(#196),#4667,.F.);
#5140=ADVANCED_FACE('',(#197),#4668,.F.);
#5141=ADVANCED_FACE('',(#198),#4669,.F.);
#5142=ADVANCED_FACE('',(#199),#4670,.F.);
#5143=ADVANCED_FACE('',(#200),#4671,.F.);
#5144=ADVANCED_FACE('',(#201),#4672,.F.);
#5145=ADVANCED_FACE('',(#202),#4673,.F.);
#5146=ADVANCED_FACE('',(#203),#4674,.F.);
#5147=ADVANCED_FACE('',(#204),#4675,.F.);
#5148=ADVANCED_FACE('',(#205),#4676,.F.);
#5149=ADVANCED_FACE('',(#206),#4677,.F.);
#5150=ADVANCED_FACE('',(#207),#4678,.F.);
#5151=ADVANCED_FACE('',(#208),#4679,.F.);
#5152=ADVANCED_FACE('',(#209),#4680,.F.);
#5153=ADVANCED_FACE('',(#210),#4681,.F.);
#5154=ADVANCED_FACE('',(#211),#4682,.F.);
#5155=ADVANCED_FACE('',(#212),#4683,.F.);
#5156=ADVANCED_FACE('',(#213),#4684,.F.);
#5157=ADVANCED_FACE('',(#214),#4685,.F.);
#5158=ADVANCED_FACE('',(#215),#4686,.F.);
#5159=ADVANCED_FACE('',(#216),#4687,.F.);
#5160=ADVANCED_FACE('',(#217),#4688,.F.);
#5161=ADVANCED_FACE('',(#218),#4689,.F.);
#5162=ADVANCED_FACE('',(#219),#4690,.F.);
#5163=ADVANCED_FACE('',(#220),#4691,.F.);
#5164=ADVANCED_FACE('',(#221),#4692,.F.);
#5165=ADVANCED_FACE('',(#222),#4693,.F.);
#5166=ADVANCED_FACE('',(#223),#4694,.F.);
#5167=ADVANCED_FACE('',(#224),#4695,.F.);
#5168=ADVANCED_FACE('',(#225),#4696,.F.);
#5169=ADVANCED_FACE('',(#226),#4697,.F.);
#5170=ADVANCED_FACE('',(#227),#4698,.F.);
#5171=ADVANCED_FACE('',(#228),#4699,.F.);
#5172=ADVANCED_FACE('',(#229),#4700,.F.);
#5173=ADVANCED_FACE('',(#230),#4701,.F.);
#5174=ADVANCED_FACE('',(#231),#4702,.F.);
#5175=ADVANCED_FACE('',(#232),#4703,.F.);
#5176=ADVANCED_FACE('',(#233),#4704,.F.);
#5177=ADVANCED_FACE('',(#234),#4705,.F.);
#5178=ADVANCED_FACE('',(#235),#4706,.F.);
#5179=ADVANCED_FACE('',(#236),#4707,.F.);
#5180=ADVANCED_FACE('',(#237),#4708,.F.);
#5181=ADVANCED_FACE('',(#238),#4709,.F.);
#5182=ADVANCED_FACE('',(#239),#4710,.F.);
#5183=ADVANCED_FACE('',(#240),#4711,.F.);
#5184=ADVANCED_FACE('',(#241),#4712,.F.);
#5185=ADVANCED_FACE('',(#242),#4713,.F.);
#5186=ADVANCED_FACE('',(#243),#4714,.F.);
#5187=ADVANCED_FACE('',(#244),#4715,.F.);
#5188=ADVANCED_FACE('',(#245),#4716,.F.);
#5189=ADVANCED_FACE('',(#246),#4717,.F.);
#5190=ADVANCED_FACE('',(#247),#4718,.F.);
#5191=ADVANCED_FACE('',(#248),#4719,.F.);
#5192=ADVANCED_FACE('',(#249),#4720,.F.);
#5193=ADVANCED_FACE('',(#250),#4721,.F.);
#5194=ADVANCED_FACE('',(#251),#4722,.T.);
#5195=ADVANCED_FACE('',(#252),#4723,.T.);
#5196=ADVANCED_FACE('',(#253),#4724,.T.);
#5197=ADVANCED_FACE('',(#254),#4725,.F.);
#5198=ADVANCED_FACE('',(#255),#4726,.F.);
#5199=ADVANCED_FACE('',(#256),#4727,.F.);
#5200=ADVANCED_FACE('',(#257),#4728,.F.);
#5201=ADVANCED_FACE('',(#258),#4729,.F.);
#5202=ADVANCED_FACE('',(#259),#108,.F.);
#5203=ADVANCED_FACE('',(#260),#4730,.F.);
#5204=ADVANCED_FACE('',(#261),#4731,.F.);
#5205=ADVANCED_FACE('',(#262),#4732,.F.);
#5206=ADVANCED_FACE('',(#263),#4733,.F.);
#5207=ADVANCED_FACE('',(#264),#4734,.F.);
#5208=ADVANCED_FACE('',(#265),#83,.F.);
#5209=ADVANCED_FACE('',(#266),#4735,.F.);
#5210=ADVANCED_FACE('',(#267),#84,.F.);
#5211=ADVANCED_FACE('',(#268),#4736,.F.);
#5212=ADVANCED_FACE('',(#269),#85,.F.);
#5213=ADVANCED_FACE('',(#270),#4737,.T.);
#5214=ADVANCED_FACE('',(#271),#86,.F.);
#5215=ADVANCED_FACE('',(#272),#4738,.T.);
#5216=ADVANCED_FACE('',(#273),#4739,.T.);
#5217=ADVANCED_FACE('',(#274),#4740,.T.);
#5218=ADVANCED_FACE('',(#275),#4741,.T.);
#5219=ADVANCED_FACE('',(#276),#4742,.T.);
#5220=ADVANCED_FACE('',(#277),#4743,.T.);
#5221=ADVANCED_FACE('',(#278),#4744,.T.);
#5222=ADVANCED_FACE('',(#279),#4745,.T.);
#5223=ADVANCED_FACE('',(#280),#4746,.T.);
#5224=ADVANCED_FACE('',(#281),#4747,.T.);
#5225=ADVANCED_FACE('',(#282),#4748,.T.);
#5226=ADVANCED_FACE('',(#283),#4749,.T.);
#5227=ADVANCED_FACE('',(#284),#4750,.T.);
#5228=ADVANCED_FACE('',(#285),#4751,.T.);
#5229=ADVANCED_FACE('',(#286),#4752,.T.);
#5230=ADVANCED_FACE('',(#287),#4753,.T.);
#5231=ADVANCED_FACE('',(#288),#4754,.T.);
#5232=ADVANCED_FACE('',(#289),#4755,.F.);
#5233=ADVANCED_FACE('',(#290,#16,#17,#18,#19),#4756,.T.);
#5234=ADVANCED_FACE('',(#291),#4757,.F.);
#5235=ADVANCED_FACE('',(#292),#4758,.F.);
#5236=ADVANCED_FACE('',(#293),#4759,.F.);
#5237=ADVANCED_FACE('',(#294),#4760,.F.);
#5238=ADVANCED_FACE('',(#295),#4761,.F.);
#5239=ADVANCED_FACE('',(#296),#4762,.F.);
#5240=ADVANCED_FACE('',(#297),#4763,.F.);
#5241=ADVANCED_FACE('',(#298),#4764,.F.);
#5242=ADVANCED_FACE('',(#299),#4765,.F.);
#5243=ADVANCED_FACE('',(#300),#4766,.F.);
#5244=ADVANCED_FACE('',(#301),#4767,.F.);
#5245=ADVANCED_FACE('',(#302),#4768,.F.);
#5246=ADVANCED_FACE('',(#303),#4769,.F.);
#5247=ADVANCED_FACE('',(#304),#4770,.F.);
#5248=ADVANCED_FACE('',(#305),#4771,.F.);
#5249=ADVANCED_FACE('',(#306),#4772,.F.);
#5250=ADVANCED_FACE('',(#307),#4773,.F.);
#5251=ADVANCED_FACE('',(#308),#4774,.F.);
#5252=ADVANCED_FACE('',(#309),#4775,.F.);
#5253=ADVANCED_FACE('',(#310),#4776,.F.);
#5254=ADVANCED_FACE('',(#311),#4777,.F.);
#5255=ADVANCED_FACE('',(#312),#4778,.F.);
#5256=ADVANCED_FACE('',(#313),#4779,.F.);
#5257=ADVANCED_FACE('',(#314),#4780,.F.);
#5258=ADVANCED_FACE('',(#315),#4781,.F.);
#5259=ADVANCED_FACE('',(#316),#4782,.F.);
#5260=ADVANCED_FACE('',(#317),#4783,.F.);
#5261=ADVANCED_FACE('',(#318),#4784,.F.);
#5262=ADVANCED_FACE('',(#319),#4785,.F.);
#5263=ADVANCED_FACE('',(#320),#4786,.F.);
#5264=ADVANCED_FACE('',(#321),#4787,.F.);
#5265=ADVANCED_FACE('',(#322),#4788,.F.);
#5266=ADVANCED_FACE('',(#323),#4789,.F.);
#5267=ADVANCED_FACE('',(#324),#87,.F.);
#5268=ADVANCED_FACE('',(#325),#4790,.T.);
#5269=ADVANCED_FACE('',(#326),#88,.F.);
#5270=ADVANCED_FACE('',(#327),#4791,.T.);
#5271=ADVANCED_FACE('',(#328),#4792,.T.);
#5272=ADVANCED_FACE('',(#329),#4793,.T.);
#5273=ADVANCED_FACE('',(#330),#4794,.F.);
#5274=ADVANCED_FACE('',(#331),#4795,.T.);
#5275=ADVANCED_FACE('',(#332),#4796,.T.);
#5276=ADVANCED_FACE('',(#333),#4797,.F.);
#5277=ADVANCED_FACE('',(#334),#4798,.T.);
#5278=ADVANCED_FACE('',(#335),#4799,.T.);
#5279=ADVANCED_FACE('',(#336),#4800,.T.);
#5280=ADVANCED_FACE('',(#337),#4801,.T.);
#5281=ADVANCED_FACE('',(#338),#4802,.T.);
#5282=ADVANCED_FACE('',(#339),#4803,.T.);
#5283=ADVANCED_FACE('',(#340),#4804,.T.);
#5284=ADVANCED_FACE('',(#341),#4805,.T.);
#5285=ADVANCED_FACE('',(#342),#4806,.T.);
#5286=ADVANCED_FACE('',(#343),#4807,.T.);
#5287=ADVANCED_FACE('',(#344),#89,.F.);
#5288=ADVANCED_FACE('',(#345),#4808,.T.);
#5289=ADVANCED_FACE('',(#346),#90,.F.);
#5290=ADVANCED_FACE('',(#347),#4809,.T.);
#5291=ADVANCED_FACE('',(#348),#4810,.F.);
#5292=ADVANCED_FACE('',(#349),#4811,.F.);
#5293=ADVANCED_FACE('',(#350),#4812,.F.);
#5294=ADVANCED_FACE('',(#351),#4813,.F.);
#5295=ADVANCED_FACE('',(#352),#4814,.F.);
#5296=ADVANCED_FACE('',(#353),#4815,.F.);
#5297=ADVANCED_FACE('',(#354),#4816,.F.);
#5298=ADVANCED_FACE('',(#355),#4817,.F.);
#5299=ADVANCED_FACE('',(#356),#4818,.F.);
#5300=ADVANCED_FACE('',(#357),#4819,.F.);
#5301=ADVANCED_FACE('',(#358),#4820,.F.);
#5302=ADVANCED_FACE('',(#359),#4821,.F.);
#5303=ADVANCED_FACE('',(#360),#4822,.F.);
#5304=ADVANCED_FACE('',(#361),#4823,.F.);
#5305=ADVANCED_FACE('',(#362),#4824,.F.);
#5306=ADVANCED_FACE('',(#363),#4825,.F.);
#5307=ADVANCED_FACE('',(#364),#4826,.F.);
#5308=ADVANCED_FACE('',(#365),#4827,.F.);
#5309=ADVANCED_FACE('',(#366),#4828,.F.);
#5310=ADVANCED_FACE('',(#367),#4829,.F.);
#5311=ADVANCED_FACE('',(#368),#4830,.F.);
#5312=ADVANCED_FACE('',(#369),#4831,.T.);
#5313=ADVANCED_FACE('',(#370,#20,#21,#22,#23,#24),#4832,.T.);
#5314=ADVANCED_FACE('',(#371),#4833,.T.);
#5315=ADVANCED_FACE('',(#372),#91,.F.);
#5316=ADVANCED_FACE('',(#373),#4834,.F.);
#5317=ADVANCED_FACE('',(#374),#92,.F.);
#5318=ADVANCED_FACE('',(#375),#4835,.F.);
#5319=ADVANCED_FACE('',(#376),#93,.F.);
#5320=ADVANCED_FACE('',(#377),#4836,.F.);
#5321=ADVANCED_FACE('',(#378),#94,.F.);
#5322=ADVANCED_FACE('',(#379),#4837,.F.);
#5323=ADVANCED_FACE('',(#380),#95,.F.);
#5324=ADVANCED_FACE('',(#381),#4838,.F.);
#5325=ADVANCED_FACE('',(#382),#4839,.F.);
#5326=ADVANCED_FACE('',(#383,#25,#26),#4840,.T.);
#5327=ADVANCED_FACE('',(#384),#4841,.T.);
#5328=ADVANCED_FACE('',(#385),#4842,.T.);
#5329=ADVANCED_FACE('',(#386),#4843,.T.);
#5330=ADVANCED_FACE('',(#387),#4844,.T.);
#5331=ADVANCED_FACE('',(#388),#96,.T.);
#5332=ADVANCED_FACE('',(#389),#97,.T.);
#5333=ADVANCED_FACE('',(#390),#4845,.T.);
#5334=ADVANCED_FACE('',(#391),#98,.T.);
#5335=ADVANCED_FACE('',(#392),#4846,.T.);
#5336=ADVANCED_FACE('',(#393),#99,.T.);
#5337=ADVANCED_FACE('',(#394),#4847,.F.);
#5338=ADVANCED_FACE('',(#395),#4848,.F.);
#5339=ADVANCED_FACE('',(#396),#4849,.T.);
#5340=ADVANCED_FACE('',(#397),#4850,.F.);
#5341=ADVANCED_FACE('',(#398,#27,#28,#29,#30,#31,#32,#33,#34,#35,#36,#37,
#38,#39,#40,#41,#42,#43,#44,#45,#46),#4851,.F.);
#5342=ADVANCED_FACE('',(#399),#4852,.F.);
#5343=ADVANCED_FACE('',(#400),#100,.T.);
#5344=ADVANCED_FACE('',(#401),#4853,.F.);
#5345=ADVANCED_FACE('',(#402),#101,.T.);
#5346=ADVANCED_FACE('',(#403),#102,.F.);
#5347=ADVANCED_FACE('',(#404),#14,.F.);
#5348=ADVANCED_FACE('',(#405),#103,.F.);
#5349=ADVANCED_FACE('',(#406),#15,.F.);
#5350=ADVANCED_FACE('',(#407),#4854,.T.);
#5351=ADVANCED_FACE('',(#408),#4855,.F.);
#5352=ADVANCED_FACE('',(#409),#4856,.T.);
#5353=ADVANCED_FACE('',(#410,#47,#48,#49,#50,#51,#52,#53,#54,#55,#56,#57,
#58,#59,#60,#61,#62),#4857,.T.);
#5354=ADVANCED_FACE('',(#411),#109,.F.);
#5355=ADVANCED_FACE('',(#412,#63,#64,#65,#66),#4858,.T.);
#5356=ADVANCED_FACE('',(#413),#4859,.T.);
#5357=ADVANCED_FACE('',(#414),#4860,.T.);
#5358=ADVANCED_FACE('',(#415),#104,.F.);
#5359=ADVANCED_FACE('',(#416),#4861,.T.);
#5360=ADVANCED_FACE('',(#417),#105,.F.);
#5361=ADVANCED_FACE('',(#418),#4862,.T.);
#5362=ADVANCED_FACE('',(#419),#4863,.T.);
#5363=ADVANCED_FACE('',(#420),#106,.F.);
#5364=ADVANCED_FACE('',(#421),#4864,.T.);
#5365=ADVANCED_FACE('',(#422),#4865,.T.);
#5366=ADVANCED_FACE('',(#423),#107,.F.);
#5367=ADVANCED_FACE('',(#424),#4866,.T.);
#5368=ADVANCED_FACE('',(#425),#110,.F.);
#5369=ADVANCED_FACE('',(#426),#111,.F.);
#5370=ADVANCED_FACE('',(#427),#112,.F.);
#5371=ADVANCED_FACE('',(#428),#113,.F.);
#5372=ADVANCED_FACE('',(#429),#114,.F.);
#5373=ADVANCED_FACE('',(#430),#115,.F.);
#5374=ADVANCED_FACE('',(#431,#67),#4867,.F.);
#5375=ADVANCED_FACE('',(#432),#4868,.F.);
#5376=ADVANCED_FACE('',(#433,#68),#4869,.F.);
#5377=ADVANCED_FACE('',(#434),#4870,.F.);
#5378=ADVANCED_FACE('',(#435),#4871,.F.);
#5379=ADVANCED_FACE('',(#436,#69),#4872,.F.);
#5380=ADVANCED_FACE('',(#437),#4873,.F.);
#5381=ADVANCED_FACE('',(#438),#4874,.F.);
#5382=ADVANCED_FACE('',(#439,#70),#4875,.F.);
#5383=ADVANCED_FACE('',(#440),#4876,.F.);
#5384=ADVANCED_FACE('',(#441),#4877,.F.);
#5385=ADVANCED_FACE('',(#442),#4878,.T.);
#5386=ADVANCED_FACE('',(#443,#71,#72,#73,#74,#75,#76,#77,#78),#4879,.F.);
#5387=ADVANCED_FACE('',(#444),#4880,.F.);
#5388=ADVANCED_FACE('',(#445,#79,#80,#81,#82),#4881,.T.);
#5389=ADVANCED_FACE('',(#446),#4882,.T.);
#5390=ADVANCED_FACE('',(#447),#4883,.T.);
#5391=CLOSED_SHELL('',(#5138,#5139,#5140,#5141,#5142,#5143,#5144,#5145,
#5146,#5147,#5148,#5149,#5150,#5151,#5152,#5153,#5154,#5155,#5156,#5157,
#5158,#5159,#5160,#5161,#5162,#5163,#5164,#5165,#5166,#5167,#5168,#5169,
#5170,#5171,#5172,#5173,#5174,#5175,#5176,#5177,#5178,#5179,#5180,#5181,
#5182,#5183,#5184,#5185,#5186,#5187,#5188,#5189,#5190,#5191,#5192,#5193,
#5194,#5195,#5196,#5197,#5198,#5199,#5200,#5201,#5202,#5203,#5204,#5205,
#5206,#5207,#5208,#5209,#5210,#5211,#5212,#5213,#5214,#5215,#5216,#5217,
#5218,#5219,#5220,#5221,#5222,#5223,#5224,#5225,#5226,#5227,#5228,#5229,
#5230,#5231,#5232,#5233,#5234,#5235,#5236,#5237,#5238,#5239,#5240,#5241,
#5242,#5243,#5244,#5245,#5246,#5247,#5248,#5249,#5250,#5251,#5252,#5253,
#5254,#5255,#5256,#5257,#5258,#5259,#5260,#5261,#5262,#5263,#5264,#5265,
#5266,#5267,#5268,#5269,#5270,#5271,#5272,#5273,#5274,#5275,#5276,#5277,
#5278,#5279,#5280,#5281,#5282,#5283,#5284,#5285,#5286,#5287,#5288,#5289,
#5290,#5291,#5292,#5293,#5294,#5295,#5296,#5297,#5298,#5299,#5300,#5301,
#5302,#5303,#5304,#5305,#5306,#5307,#5308,#5309,#5310,#5311,#5312,#5313,
#5314,#5315,#5316,#5317,#5318,#5319,#5320,#5321,#5322,#5323,#5324,#5325,
#5326,#5327,#5328,#5329,#5330,#5331,#5332,#5333,#5334,#5335,#5336,#5337,
#5338,#5339,#5340,#5341,#5342,#5343,#5344,#5345,#5346,#5347,#5348,#5349,
#5350,#5351,#5352,#5353,#5354,#5355,#5356,#5357,#5358,#5359,#5360,#5361,
#5362,#5363,#5364,#5365,#5366,#5367,#5368,#5369,#5370,#5371,#5372,#5373,
#5374,#5375,#5376,#5377,#5378,#5379,#5380,#5381,#5382,#5383,#5384,#5385,
#5386,#5387,#5388,#5389,#5390));
#5392=DERIVED_UNIT_ELEMENT(#5394,1.);
#5393=DERIVED_UNIT_ELEMENT(#8513,3.);
#5394=(
MASS_UNIT()
NAMED_UNIT(*)
SI_UNIT($,.GRAM.)
);
#5395=DERIVED_UNIT((#5392,#5393));
#5396=MEASURE_REPRESENTATION_ITEM('density measure',
POSITIVE_RATIO_MEASURE(1.),#5395);
#5397=PROPERTY_DEFINITION_REPRESENTATION(#5402,#5399);
#5398=PROPERTY_DEFINITION_REPRESENTATION(#5403,#5400);
#5399=REPRESENTATION('material name',(#5401),#8510);
#5400=REPRESENTATION('density',(#5396),#8510);
#5401=DESCRIPTIVE_REPRESENTATION_ITEM('Generisch','Generisch');
#5402=PROPERTY_DEFINITION('material property','material name',#8520);
#5403=PROPERTY_DEFINITION('material property','density of part',#8520);
#5404=DATE_TIME_ROLE('creation_date');
#5405=APPLIED_DATE_AND_TIME_ASSIGNMENT(#5406,#5404,(#8520));
#5406=DATE_AND_TIME(#5407,#5408);
#5407=CALENDAR_DATE(2023,3,6);
#5408=LOCAL_TIME(0,0,0.,#5409);
#5409=COORDINATED_UNIVERSAL_TIME_OFFSET(0,0,.BEHIND.);
#5410=AXIS2_PLACEMENT_3D('placement',#7022,#5735,#5736);
#5411=AXIS2_PLACEMENT_3D('',#7023,#5737,#5738);
#5412=AXIS2_PLACEMENT_3D('',#7032,#5743,#5744);
#5413=AXIS2_PLACEMENT_3D('',#7038,#5748,#5749);
#5414=AXIS2_PLACEMENT_3D('',#7044,#5753,#5754);
#5415=AXIS2_PLACEMENT_3D('',#7047,#5757,#5758);
#5416=AXIS2_PLACEMENT_3D('',#7056,#5763,#5764);
#5417=AXIS2_PLACEMENT_3D('',#7062,#5768,#5769);
#5418=AXIS2_PLACEMENT_3D('',#7068,#5773,#5774);
#5419=AXIS2_PLACEMENT_3D('',#7071,#5777,#5778);
#5420=AXIS2_PLACEMENT_3D('',#7080,#5783,#5784);
#5421=AXIS2_PLACEMENT_3D('',#7086,#5788,#5789);
#5422=AXIS2_PLACEMENT_3D('',#7092,#5793,#5794);
#5423=AXIS2_PLACEMENT_3D('',#7095,#5797,#5798);
#5424=AXIS2_PLACEMENT_3D('',#7104,#5803,#5804);
#5425=AXIS2_PLACEMENT_3D('',#7110,#5808,#5809);
#5426=AXIS2_PLACEMENT_3D('',#7116,#5813,#5814);
#5427=AXIS2_PLACEMENT_3D('',#7119,#5817,#5818);
#5428=AXIS2_PLACEMENT_3D('',#7128,#5823,#5824);
#5429=AXIS2_PLACEMENT_3D('',#7134,#5828,#5829);
#5430=AXIS2_PLACEMENT_3D('',#7140,#5833,#5834);
#5431=AXIS2_PLACEMENT_3D('',#7143,#5837,#5838);
#5432=AXIS2_PLACEMENT_3D('',#7152,#5843,#5844);
#5433=AXIS2_PLACEMENT_3D('',#7158,#5848,#5849);
#5434=AXIS2_PLACEMENT_3D('',#7164,#5853,#5854);
#5435=AXIS2_PLACEMENT_3D('',#7167,#5857,#5858);
#5436=AXIS2_PLACEMENT_3D('',#7176,#5863,#5864);
#5437=AXIS2_PLACEMENT_3D('',#7182,#5868,#5869);
#5438=AXIS2_PLACEMENT_3D('',#7188,#5873,#5874);
#5439=AXIS2_PLACEMENT_3D('',#7191,#5877,#5878);
#5440=AXIS2_PLACEMENT_3D('',#7200,#5883,#5884);
#5441=AXIS2_PLACEMENT_3D('',#7206,#5888,#5889);
#5442=AXIS2_PLACEMENT_3D('',#7212,#5893,#5894);
#5443=AXIS2_PLACEMENT_3D('',#7215,#5897,#5898);
#5444=AXIS2_PLACEMENT_3D('',#7224,#5903,#5904);
#5445=AXIS2_PLACEMENT_3D('',#7230,#5908,#5909);
#5446=AXIS2_PLACEMENT_3D('',#7236,#5913,#5914);
#5447=AXIS2_PLACEMENT_3D('',#7239,#5917,#5918);
#5448=AXIS2_PLACEMENT_3D('',#7248,#5923,#5924);
#5449=AXIS2_PLACEMENT_3D('',#7254,#5928,#5929);
#5450=AXIS2_PLACEMENT_3D('',#7260,#5933,#5934);
#5451=AXIS2_PLACEMENT_3D('',#7263,#5937,#5938);
#5452=AXIS2_PLACEMENT_3D('',#7272,#5943,#5944);
#5453=AXIS2_PLACEMENT_3D('',#7278,#5948,#5949);
#5454=AXIS2_PLACEMENT_3D('',#7284,#5953,#5954);
#5455=AXIS2_PLACEMENT_3D('',#7287,#5957,#5958);
#5456=AXIS2_PLACEMENT_3D('',#7296,#5963,#5964);
#5457=AXIS2_PLACEMENT_3D('',#7302,#5968,#5969);
#5458=AXIS2_PLACEMENT_3D('',#7308,#5973,#5974);
#5459=AXIS2_PLACEMENT_3D('',#7311,#5977,#5978);
#5460=AXIS2_PLACEMENT_3D('',#7320,#5983,#5984);
#5461=AXIS2_PLACEMENT_3D('',#7326,#5988,#5989);
#5462=AXIS2_PLACEMENT_3D('',#7332,#5993,#5994);
#5463=AXIS2_PLACEMENT_3D('',#7335,#5997,#5998);
#5464=AXIS2_PLACEMENT_3D('',#7344,#6003,#6004);
#5465=AXIS2_PLACEMENT_3D('',#7350,#6008,#6009);
#5466=AXIS2_PLACEMENT_3D('',#7356,#6013,#6014);
#5467=AXIS2_PLACEMENT_3D('',#7359,#6017,#6018);
#5468=AXIS2_PLACEMENT_3D('',#7364,#6020,#6021);
#5469=AXIS2_PLACEMENT_3D('',#7374,#6027,#6028);
#5470=AXIS2_PLACEMENT_3D('',#7379,#6030,#6031);
#5471=AXIS2_PLACEMENT_3D('',#7385,#6035,#6036);
#5472=AXIS2_PLACEMENT_3D('',#7393,#6040,#6041);
#5473=AXIS2_PLACEMENT_3D('',#7394,#6042,#6043);
#5474=AXIS2_PLACEMENT_3D('',#7400,#6047,#6048);
#5475=AXIS2_PLACEMENT_3D('',#7404,#6051,#6052);
#5476=AXIS2_PLACEMENT_3D('',#7413,#6057,#6058);
#5477=AXIS2_PLACEMENT_3D('',#7420,#6062,#6063);
#5478=AXIS2_PLACEMENT_3D('',#7422,#6065,#6066);
#5479=AXIS2_PLACEMENT_3D('',#7435,#6070,#6071);
#5480=AXIS2_PLACEMENT_3D('',#7437,#6072,#6073);
#5481=AXIS2_PLACEMENT_3D('',#7441,#6075,#6076);
#5482=AXIS2_PLACEMENT_3D('',#7443,#6078,#6079);
#5483=AXIS2_PLACEMENT_3D('',#7458,#6088,#6089);
#5484=AXIS2_PLACEMENT_3D('',#7464,#6093,#6094);
#5485=AXIS2_PLACEMENT_3D('',#7469,#6097,#6098);
#5486=AXIS2_PLACEMENT_3D('',#7470,#6099,#6100);
#5487=AXIS2_PLACEMENT_3D('',#7480,#6105,#6106);
#5488=AXIS2_PLACEMENT_3D('',#7481,#6107,#6108);
#5489=AXIS2_PLACEMENT_3D('',#7488,#6112,#6113);
#5490=AXIS2_PLACEMENT_3D('',#7489,#6114,#6115);
#5491=AXIS2_PLACEMENT_3D('',#7492,#6116,#6117);
#5492=AXIS2_PLACEMENT_3D('',#7496,#6119,#6120);
#5493=AXIS2_PLACEMENT_3D('',#7498,#6122,#6123);
#5494=AXIS2_PLACEMENT_3D('',#7504,#6127,#6128);
#5495=AXIS2_PLACEMENT_3D('',#7506,#6129,#6130);
#5496=AXIS2_PLACEMENT_3D('',#7509,#6132,#6133);
#5497=AXIS2_PLACEMENT_3D('',#7510,#6134,#6135);
#5498=AXIS2_PLACEMENT_3D('',#7516,#6139,#6140);
#5499=AXIS2_PLACEMENT_3D('',#7519,#6141,#6142);
#5500=AXIS2_PLACEMENT_3D('',#7523,#6144,#6145);
#5501=AXIS2_PLACEMENT_3D('',#7525,#6147,#6148);
#5502=AXIS2_PLACEMENT_3D('',#7531,#6152,#6153);
#5503=AXIS2_PLACEMENT_3D('',#7534,#6154,#6155);
#5504=AXIS2_PLACEMENT_3D('',#7538,#6157,#6158);
#5505=AXIS2_PLACEMENT_3D('',#7540,#6160,#6161);
#5506=AXIS2_PLACEMENT_3D('',#7546,#6165,#6166);
#5507=AXIS2_PLACEMENT_3D('',#7555,#6171,#6172);
#5508=AXIS2_PLACEMENT_3D('',#7561,#6176,#6177);
#5509=AXIS2_PLACEMENT_3D('',#7564,#6180,#6181);
#5510=AXIS2_PLACEMENT_3D('',#7570,#6185,#6186);
#5511=AXIS2_PLACEMENT_3D('',#7576,#6190,#6191);
#5512=AXIS2_PLACEMENT_3D('',#7582,#6195,#6196);
#5513=AXIS2_PLACEMENT_3D('',#7585,#6199,#6200);
#5514=AXIS2_PLACEMENT_3D('',#7586,#6201,#6202);
#5515=AXIS2_PLACEMENT_3D('',#7595,#6207,#6208);
#5516=AXIS2_PLACEMENT_3D('',#7598,#6211,#6212);
#5517=AXIS2_PLACEMENT_3D('',#7604,#6216,#6217);
#5518=AXIS2_PLACEMENT_3D('',#7610,#6221,#6222);
#5519=AXIS2_PLACEMENT_3D('',#7616,#6226,#6227);
#5520=AXIS2_PLACEMENT_3D('',#7622,#6231,#6232);
#5521=AXIS2_PLACEMENT_3D('',#7625,#6235,#6236);
#5522=AXIS2_PLACEMENT_3D('',#7626,#6237,#6238);
#5523=AXIS2_PLACEMENT_3D('',#7632,#6242,#6243);
#5524=AXIS2_PLACEMENT_3D('',#7661,#6258,#6259);
#5525=AXIS2_PLACEMENT_3D('',#7665,#6261,#6262);
#5526=AXIS2_PLACEMENT_3D('',#7669,#6264,#6265);
#5527=AXIS2_PLACEMENT_3D('',#7673,#6267,#6268);
#5528=AXIS2_PLACEMENT_3D('',#7676,#6270,#6271);
#5529=AXIS2_PLACEMENT_3D('',#7678,#6272,#6273);
#5530=AXIS2_PLACEMENT_3D('',#7680,#6274,#6275);
#5531=AXIS2_PLACEMENT_3D('',#7682,#6276,#6277);
#5532=AXIS2_PLACEMENT_3D('',#7683,#6278,#6279);
#5533=AXIS2_PLACEMENT_3D('',#7689,#6283,#6284);
#5534=AXIS2_PLACEMENT_3D('',#7698,#6289,#6290);
#5535=AXIS2_PLACEMENT_3D('',#7704,#6294,#6295);
#5536=AXIS2_PLACEMENT_3D('',#7710,#6299,#6300);
#5537=AXIS2_PLACEMENT_3D('',#7713,#6303,#6304);
#5538=AXIS2_PLACEMENT_3D('',#7722,#6309,#6310);
#5539=AXIS2_PLACEMENT_3D('',#7728,#6314,#6315);
#5540=AXIS2_PLACEMENT_3D('',#7734,#6319,#6320);
#5541=AXIS2_PLACEMENT_3D('',#7737,#6323,#6324);
#5542=AXIS2_PLACEMENT_3D('',#7746,#6329,#6330);
#5543=AXIS2_PLACEMENT_3D('',#7752,#6334,#6335);
#5544=AXIS2_PLACEMENT_3D('',#7758,#6339,#6340);
#5545=AXIS2_PLACEMENT_3D('',#7761,#6343,#6344);
#5546=AXIS2_PLACEMENT_3D('',#7770,#6349,#6350);
#5547=AXIS2_PLACEMENT_3D('',#7776,#6354,#6355);
#5548=AXIS2_PLACEMENT_3D('',#7782,#6359,#6360);
#5549=AXIS2_PLACEMENT_3D('',#7785,#6363,#6364);
#5550=AXIS2_PLACEMENT_3D('',#7794,#6369,#6370);
#5551=AXIS2_PLACEMENT_3D('',#7800,#6374,#6375);
#5552=AXIS2_PLACEMENT_3D('',#7806,#6379,#6380);
#5553=AXIS2_PLACEMENT_3D('',#7809,#6383,#6384);
#5554=AXIS2_PLACEMENT_3D('',#7818,#6389,#6390);
#5555=AXIS2_PLACEMENT_3D('',#7824,#6394,#6395);
#5556=AXIS2_PLACEMENT_3D('',#7830,#6399,#6400);
#5557=AXIS2_PLACEMENT_3D('',#7833,#6403,#6404);
#5558=AXIS2_PLACEMENT_3D('',#7842,#6409,#6410);
#5559=AXIS2_PLACEMENT_3D('',#7848,#6414,#6415);
#5560=AXIS2_PLACEMENT_3D('',#7854,#6419,#6420);
#5561=AXIS2_PLACEMENT_3D('',#7857,#6423,#6424);
#5562=AXIS2_PLACEMENT_3D('',#7866,#6429,#6430);
#5563=AXIS2_PLACEMENT_3D('',#7872,#6434,#6435);
#5564=AXIS2_PLACEMENT_3D('',#7878,#6439,#6440);
#5565=AXIS2_PLACEMENT_3D('',#7881,#6443,#6444);
#5566=AXIS2_PLACEMENT_3D('',#7884,#6445,#6446);
#5567=AXIS2_PLACEMENT_3D('',#7888,#6448,#6449);
#5568=AXIS2_PLACEMENT_3D('',#7890,#6451,#6452);
#5569=AXIS2_PLACEMENT_3D('',#7896,#6456,#6457);
#5570=AXIS2_PLACEMENT_3D('',#7899,#6458,#6459);
#5571=AXIS2_PLACEMENT_3D('',#7903,#6461,#6462);
#5572=AXIS2_PLACEMENT_3D('',#7905,#6464,#6465);
#5573=AXIS2_PLACEMENT_3D('',#7911,#6469,#6470);
#5574=AXIS2_PLACEMENT_3D('',#7920,#6475,#6476);
#5575=AXIS2_PLACEMENT_3D('',#7925,#6480,#6481);
#5576=AXIS2_PLACEMENT_3D('',#7929,#6484,#6485);
#5577=AXIS2_PLACEMENT_3D('',#7938,#6490,#6491);
#5578=AXIS2_PLACEMENT_3D('',#7943,#6495,#6496);
#5579=AXIS2_PLACEMENT_3D('',#7947,#6499,#6500);
#5580=AXIS2_PLACEMENT_3D('',#7951,#6503,#6504);
#5581=AXIS2_PLACEMENT_3D('',#7955,#6507,#6508);
#5582=AXIS2_PLACEMENT_3D('',#7959,#6511,#6512);
#5583=AXIS2_PLACEMENT_3D('',#7963,#6515,#6516);
#5584=AXIS2_PLACEMENT_3D('',#7965,#6518,#6519);
#5585=AXIS2_PLACEMENT_3D('',#7969,#6522,#6523);
#5586=AXIS2_PLACEMENT_3D('',#7973,#6526,#6527);
#5587=AXIS2_PLACEMENT_3D('',#7977,#6530,#6531);
#5588=AXIS2_PLACEMENT_3D('',#7981,#6534,#6535);
#5589=AXIS2_PLACEMENT_3D('',#7983,#6537,#6538);
#5590=AXIS2_PLACEMENT_3D('',#7986,#6539,#6540);
#5591=AXIS2_PLACEMENT_3D('',#7990,#6542,#6543);
#5592=AXIS2_PLACEMENT_3D('',#7994,#6545,#6546);
#5593=AXIS2_PLACEMENT_3D('',#7996,#6547,#6548);
#5594=AXIS2_PLACEMENT_3D('',#7998,#6550,#6551);
#5595=AXIS2_PLACEMENT_3D('',#8004,#6555,#6556);
#5596=AXIS2_PLACEMENT_3D('',#8006,#6557,#6558);
#5597=AXIS2_PLACEMENT_3D('',#8008,#6559,#6560);
#5598=AXIS2_PLACEMENT_3D('',#8011,#6562,#6563);
#5599=AXIS2_PLACEMENT_3D('',#8012,#6564,#6565);
#5600=AXIS2_PLACEMENT_3D('',#8018,#6569,#6570);
#5601=AXIS2_PLACEMENT_3D('',#8027,#6575,#6576);
#5602=AXIS2_PLACEMENT_3D('',#8033,#6580,#6581);
#5603=AXIS2_PLACEMENT_3D('',#8039,#6585,#6586);
#5604=AXIS2_PLACEMENT_3D('',#8042,#6589,#6590);
#5605=AXIS2_PLACEMENT_3D('',#8043,#6591,#6592);
#5606=AXIS2_PLACEMENT_3D('',#8052,#6597,#6598);
#5607=AXIS2_PLACEMENT_3D('',#8061,#6603,#6604);
#5608=AXIS2_PLACEMENT_3D('',#8064,#6607,#6608);
#5609=AXIS2_PLACEMENT_3D('',#8073,#6613,#6614);
#5610=AXIS2_PLACEMENT_3D('',#8079,#6618,#6619);
#5611=AXIS2_PLACEMENT_3D('',#8085,#6623,#6624);
#5612=AXIS2_PLACEMENT_3D('',#8088,#6627,#6628);
#5613=AXIS2_PLACEMENT_3D('',#8089,#6629,#6630);
#5614=AXIS2_PLACEMENT_3D('',#8098,#6635,#6636);
#5615=AXIS2_PLACEMENT_3D('',#8107,#6641,#6642);
#5616=AXIS2_PLACEMENT_3D('',#8110,#6645,#6646);
#5617=AXIS2_PLACEMENT_3D('',#8119,#6651,#6652);
#5618=AXIS2_PLACEMENT_3D('',#8125,#6656,#6657);
#5619=AXIS2_PLACEMENT_3D('',#8131,#6661,#6662);
#5620=AXIS2_PLACEMENT_3D('',#8134,#6665,#6666);
#5621=AXIS2_PLACEMENT_3D('',#8135,#6667,#6668);
#5622=AXIS2_PLACEMENT_3D('',#8141,#6672,#6673);
#5623=AXIS2_PLACEMENT_3D('',#8146,#6676,#6677);
#5624=AXIS2_PLACEMENT_3D('',#8150,#6679,#6680);
#5625=AXIS2_PLACEMENT_3D('',#8154,#6682,#6683);
#5626=AXIS2_PLACEMENT_3D('',#8158,#6685,#6686);
#5627=AXIS2_PLACEMENT_3D('',#8162,#6688,#6689);
#5628=AXIS2_PLACEMENT_3D('',#8163,#6690,#6691);
#5629=AXIS2_PLACEMENT_3D('',#8164,#6692,#6693);
#5630=AXIS2_PLACEMENT_3D('',#8170,#6697,#6698);
#5631=AXIS2_PLACEMENT_3D('',#8173,#6699,#6700);
#5632=AXIS2_PLACEMENT_3D('',#8176,#6703,#6704);
#5633=AXIS2_PLACEMENT_3D('',#8180,#6707,#6708);
#5634=AXIS2_PLACEMENT_3D('',#8182,#6709,#6710);
#5635=AXIS2_PLACEMENT_3D('',#8184,#6712,#6713);
#5636=AXIS2_PLACEMENT_3D('',#8188,#6716,#6717);
#5637=AXIS2_PLACEMENT_3D('',#8190,#6718,#6719);
#5638=AXIS2_PLACEMENT_3D('',#8192,#6721,#6722);
#5639=AXIS2_PLACEMENT_3D('',#8196,#6725,#6726);
#5640=AXIS2_PLACEMENT_3D('',#8198,#6727,#6728);
#5641=AXIS2_PLACEMENT_3D('',#8200,#6730,#6731);
#5642=AXIS2_PLACEMENT_3D('',#8202,#6733,#6734);
#5643=AXIS2_PLACEMENT_3D('',#8205,#6736,#6737);
#5644=AXIS2_PLACEMENT_3D('',#8206,#6738,#6739);
#5645=AXIS2_PLACEMENT_3D('',#8212,#6743,#6744);
#5646=AXIS2_PLACEMENT_3D('',#8215,#6747,#6748);
#5647=AXIS2_PLACEMENT_3D('',#8219,#6751,#6752);
#5648=AXIS2_PLACEMENT_3D('',#8221,#6754,#6755);
#5649=AXIS2_PLACEMENT_3D('',#8222,#6756,#6757);
#5650=AXIS2_PLACEMENT_3D('',#8228,#6762,#6763);
#5651=AXIS2_PLACEMENT_3D('',#8234,#6767,#6768);
#5652=AXIS2_PLACEMENT_3D('',#8235,#6769,#6770);
#5653=AXIS2_PLACEMENT_3D('',#8236,#6771,#6772);
#5654=AXIS2_PLACEMENT_3D('',#8238,#6774,#6775);
#5655=AXIS2_PLACEMENT_3D('',#8240,#6777,#6778);
#5656=AXIS2_PLACEMENT_3D('',#8243,#6780,#6781);
#5657=AXIS2_PLACEMENT_3D('',#8244,#6782,#6783);
#5658=AXIS2_PLACEMENT_3D('',#8248,#6786,#6787);
#5659=AXIS2_PLACEMENT_3D('',#8249,#6788,#6789);
#5660=AXIS2_PLACEMENT_3D('',#8250,#6790,#6791);
#5661=AXIS2_PLACEMENT_3D('',#8260,#6798,#6799);
#5662=AXIS2_PLACEMENT_3D('',#8266,#6803,#6804);
#5663=AXIS2_PLACEMENT_3D('',#8276,#6810,#6811);
#5664=AXIS2_PLACEMENT_3D('',#8282,#6815,#6816);
#5665=AXIS2_PLACEMENT_3D('',#8294,#6823,#6824);
#5666=AXIS2_PLACEMENT_3D('',#8296,#6825,#6826);
#5667=AXIS2_PLACEMENT_3D('',#8297,#6827,#6828);
#5668=AXIS2_PLACEMENT_3D('',#8300,#6829,#6830);
#5669=AXIS2_PLACEMENT_3D('',#8301,#6831,#6832);
#5670=AXIS2_PLACEMENT_3D('',#8302,#6833,#6834);
#5671=AXIS2_PLACEMENT_3D('',#8304,#6836,#6837);
#5672=AXIS2_PLACEMENT_3D('',#8307,#6838,#6839);
#5673=AXIS2_PLACEMENT_3D('',#8308,#6840,#6841);
#5674=AXIS2_PLACEMENT_3D('',#8309,#6842,#6843);
#5675=AXIS2_PLACEMENT_3D('',#8311,#6845,#6846);
#5676=AXIS2_PLACEMENT_3D('',#8314,#6847,#6848);
#5677=AXIS2_PLACEMENT_3D('',#8315,#6849,#6850);
#5678=AXIS2_PLACEMENT_3D('',#8319,#6852,#6853);
#5679=AXIS2_PLACEMENT_3D('',#8320,#6854,#6855);
#5680=AXIS2_PLACEMENT_3D('',#8321,#6856,#6857);
#5681=AXIS2_PLACEMENT_3D('',#8323,#6858,#6859);
#5682=AXIS2_PLACEMENT_3D('',#8324,#6860,#6861);
#5683=AXIS2_PLACEMENT_3D('',#8327,#6862,#6863);
#5684=AXIS2_PLACEMENT_3D('',#8328,#6864,#6865);
#5685=AXIS2_PLACEMENT_3D('',#8332,#6867,#6868);
#5686=AXIS2_PLACEMENT_3D('',#8333,#6869,#6870);
#5687=AXIS2_PLACEMENT_3D('',#8334,#6871,#6872);
#5688=AXIS2_PLACEMENT_3D('',#8336,#6873,#6874);
#5689=AXIS2_PLACEMENT_3D('',#8337,#6875,#6876);
#5690=AXIS2_PLACEMENT_3D('',#8346,#6882,#6883);
#5691=AXIS2_PLACEMENT_3D('',#8357,#6891,#6892);
#5692=AXIS2_PLACEMENT_3D('',#8366,#6898,#6899);
#5693=AXIS2_PLACEMENT_3D('',#8368,#6900,#6901);
#5694=AXIS2_PLACEMENT_3D('',#8371,#6903,#6904);
#5695=AXIS2_PLACEMENT_3D('',#8372,#6905,#6906);
#5696=AXIS2_PLACEMENT_3D('',#8373,#6907,#6908);
#5697=AXIS2_PLACEMENT_3D('',#8382,#6910,#6911);
#5698=AXIS2_PLACEMENT_3D('',#8383,#6912,#6913);
#5699=AXIS2_PLACEMENT_3D('',#8389,#6917,#6918);
#5700=AXIS2_PLACEMENT_3D('',#8391,#6920,#6921);
#5701=AXIS2_PLACEMENT_3D('',#8392,#6922,#6923);
#5702=AXIS2_PLACEMENT_3D('',#8394,#6924,#6925);
#5703=AXIS2_PLACEMENT_3D('',#8396,#6927,#6928);
#5704=AXIS2_PLACEMENT_3D('',#8401,#6932,#6933);
#5705=AXIS2_PLACEMENT_3D('',#8403,#6934,#6935);
#5706=AXIS2_PLACEMENT_3D('',#8405,#6937,#6938);
#5707=AXIS2_PLACEMENT_3D('',#8406,#6939,#6940);
#5708=AXIS2_PLACEMENT_3D('',#8408,#6942,#6943);
#5709=AXIS2_PLACEMENT_3D('',#8410,#6944,#6945);
#5710=AXIS2_PLACEMENT_3D('',#8412,#6947,#6948);
#5711=AXIS2_PLACEMENT_3D('',#8413,#6949,#6950);
#5712=AXIS2_PLACEMENT_3D('',#8416,#6953,#6954);
#5713=AXIS2_PLACEMENT_3D('',#8418,#6955,#6956);
#5714=AXIS2_PLACEMENT_3D('',#8420,#6958,#6959);
#5715=AXIS2_PLACEMENT_3D('',#8447,#6961,#6962);
#5716=AXIS2_PLACEMENT_3D('',#8450,#6964,#6965);
#5717=AXIS2_PLACEMENT_3D('',#8463,#6966,#6967);
#5718=AXIS2_PLACEMENT_3D('',#8464,#6968,#6969);
#5719=AXIS2_PLACEMENT_3D('',#8466,#6971,#6972);
#5720=AXIS2_PLACEMENT_3D('',#8467,#6973,#6974);
#5721=AXIS2_PLACEMENT_3D('',#8471,#6977,#6978);
#5722=AXIS2_PLACEMENT_3D('',#8474,#6981,#6982);
#5723=AXIS2_PLACEMENT_3D('',#8475,#6983,#6984);
#5724=AXIS2_PLACEMENT_3D('',#8479,#6987,#6988);
#5725=AXIS2_PLACEMENT_3D('',#8481,#6990,#6991);
#5726=AXIS2_PLACEMENT_3D('',#8482,#6992,#6993);
#5727=AXIS2_PLACEMENT_3D('',#8486,#6996,#6997);
#5728=AXIS2_PLACEMENT_3D('',#8490,#7000,#7001);
#5729=AXIS2_PLACEMENT_3D('',#8492,#7003,#7004);
#5730=AXIS2_PLACEMENT_3D('',#8496,#7007,#7008);
#5731=AXIS2_PLACEMENT_3D('',#8497,#7009,#7010);
#5732=AXIS2_PLACEMENT_3D('',#8503,#7014,#7015);
#5733=AXIS2_PLACEMENT_3D('',#8505,#7017,#7018);
#5734=AXIS2_PLACEMENT_3D('',#8507,#7020,#7021);
#5735=DIRECTION('axis',(0.,0.,1.));
#5736=DIRECTION('refdir',(1.,0.,0.));
#5737=DIRECTION('center_axis',(-1.,0.,0.));
#5738=DIRECTION('ref_axis',(0.,1.32569903116354E-31,-1.));
#5739=DIRECTION('',(0.,-1.32569903116354E-31,1.));
#5740=DIRECTION('',(0.,-1.,0.));
#5741=DIRECTION('',(0.,1.32569903116354E-31,-1.));
#5742=DIRECTION('',(0.,-1.,0.));
#5743=DIRECTION('center_axis',(3.91843420455938E-16,0.,1.));
#5744=DIRECTION('ref_axis',(-1.,-4.5675387614976E-31,3.91843420455938E-16));
#5745=DIRECTION('',(1.,4.5675387614976E-31,-3.91843420455938E-16));
#5746=DIRECTION('',(-1.,-4.5675387614976E-31,3.91843420455938E-16));
#5747=DIRECTION('',(0.,-1.,0.));
#5748=DIRECTION('center_axis',(1.,0.,0.));
#5749=DIRECTION('ref_axis',(0.,-1.32569903116354E-31,1.));
#5750=DIRECTION('',(0.,1.32569903116354E-31,-1.));
#5751=DIRECTION('',(0.,-1.32569903116354E-31,1.));
#5752=DIRECTION('',(0.,-1.,0.));
#5753=DIRECTION('center_axis',(-1.30614473485313E-16,0.,-1.));
#5754=DIRECTION('ref_axis',(1.,4.5675387614976E-31,-1.30614473485313E-16));
#5755=DIRECTION('',(-1.,-4.5675387614976E-31,1.30614473485313E-16));
#5756=DIRECTION('',(1.,4.5675387614976E-31,-1.30614473485313E-16));
#5757=DIRECTION('center_axis',(-1.,0.,0.));
#5758=DIRECTION('ref_axis',(0.,1.32569903116354E-31,-1.));
#5759=DIRECTION('',(0.,-1.32569903116354E-31,1.));
#5760=DIRECTION('',(0.,-1.,0.));
#5761=DIRECTION('',(0.,1.32569903116354E-31,-1.));
#5762=DIRECTION('',(0.,-1.,0.));
#5763=DIRECTION('center_axis',(3.91843420455938E-16,0.,1.));
#5764=DIRECTION('ref_axis',(-1.,-4.5675387614976E-31,3.91843420455938E-16));
#5765=DIRECTION('',(1.,4.5675387614976E-31,-3.91843420455938E-16));
#5766=DIRECTION('',(-1.,-4.5675387614976E-31,3.91843420455938E-16));
#5767=DIRECTION('',(0.,-1.,0.));
#5768=DIRECTION('center_axis',(1.,0.,0.));
#5769=DIRECTION('ref_axis',(0.,-1.32569903116354E-31,1.));
#5770=DIRECTION('',(0.,1.32569903116354E-31,-1.));
#5771=DIRECTION('',(0.,-1.32569903116354E-31,1.));
#5772=DIRECTION('',(0.,-1.,0.));
#5773=DIRECTION('center_axis',(-1.30614473485313E-16,0.,-1.));
#5774=DIRECTION('ref_axis',(1.,4.5675387614976E-31,-1.30614473485313E-16));
#5775=DIRECTION('',(-1.,-4.5675387614976E-31,1.30614473485313E-16));
#5776=DIRECTION('',(1.,4.5675387614976E-31,-1.30614473485313E-16));
#5777=DIRECTION('center_axis',(-1.,0.,0.));
#5778=DIRECTION('ref_axis',(0.,1.32569903116354E-31,-1.));
#5779=DIRECTION('',(0.,-1.32569903116354E-31,1.));
#5780=DIRECTION('',(0.,-1.,0.));
#5781=DIRECTION('',(0.,1.32569903116354E-31,-1.));
#5782=DIRECTION('',(0.,-1.,0.));
#5783=DIRECTION('center_axis',(3.91843420455938E-16,0.,1.));
#5784=DIRECTION('ref_axis',(-1.,-4.5675387614976E-31,3.91843420455938E-16));
#5785=DIRECTION('',(1.,4.5675387614976E-31,-3.91843420455938E-16));
#5786=DIRECTION('',(-1.,-4.5675387614976E-31,3.91843420455938E-16));
#5787=DIRECTION('',(0.,-1.,0.));
#5788=DIRECTION('center_axis',(1.,0.,0.));
#5789=DIRECTION('ref_axis',(0.,-1.32569903116354E-31,1.));
#5790=DIRECTION('',(0.,1.32569903116354E-31,-1.));
#5791=DIRECTION('',(0.,-1.32569903116354E-31,1.));
#5792=DIRECTION('',(0.,-1.,0.));
#5793=DIRECTION('center_axis',(-1.30614473485313E-16,0.,-1.));
#5794=DIRECTION('ref_axis',(1.,4.5675387614976E-31,-1.30614473485313E-16));
#5795=DIRECTION('',(-1.,-4.5675387614976E-31,1.30614473485313E-16));
#5796=DIRECTION('',(1.,4.5675387614976E-31,-1.30614473485313E-16));
#5797=DIRECTION('center_axis',(-1.,0.,0.));
#5798=DIRECTION('ref_axis',(0.,1.32569903116354E-31,-1.));
#5799=DIRECTION('',(0.,-1.32569903116354E-31,1.));
#5800=DIRECTION('',(0.,-1.,0.));
#5801=DIRECTION('',(0.,1.32569903116354E-31,-1.));
#5802=DIRECTION('',(0.,-1.,0.));
#5803=DIRECTION('center_axis',(3.91843420455938E-16,0.,1.));
#5804=DIRECTION('ref_axis',(-1.,-4.5675387614976E-31,3.91843420455938E-16));
#5805=DIRECTION('',(1.,4.5675387614976E-31,-3.91843420455938E-16));
#5806=DIRECTION('',(-1.,-4.5675387614976E-31,3.91843420455938E-16));
#5807=DIRECTION('',(0.,-1.,0.));
#5808=DIRECTION('center_axis',(1.,0.,0.));
#5809=DIRECTION('ref_axis',(0.,-1.32569903116354E-31,1.));
#5810=DIRECTION('',(0.,1.32569903116354E-31,-1.));
#5811=DIRECTION('',(0.,-1.32569903116354E-31,1.));
#5812=DIRECTION('',(0.,-1.,0.));
#5813=DIRECTION('center_axis',(-1.30614473485313E-16,0.,-1.));
#5814=DIRECTION('ref_axis',(1.,4.5675387614976E-31,-1.30614473485313E-16));
#5815=DIRECTION('',(-1.,-4.5675387614976E-31,1.30614473485313E-16));
#5816=DIRECTION('',(1.,4.5675387614976E-31,-1.30614473485313E-16));
#5817=DIRECTION('center_axis',(-1.,0.,0.));
#5818=DIRECTION('ref_axis',(0.,1.32569903116354E-31,-1.));
#5819=DIRECTION('',(0.,-1.32569903116354E-31,1.));
#5820=DIRECTION('',(0.,-1.,0.));
#5821=DIRECTION('',(0.,1.32569903116354E-31,-1.));
#5822=DIRECTION('',(0.,-1.,0.));
#5823=DIRECTION('center_axis',(3.91843420455938E-16,0.,1.));
#5824=DIRECTION('ref_axis',(-1.,-4.5675387614976E-31,3.91843420455938E-16));
#5825=DIRECTION('',(1.,4.5675387614976E-31,-3.91843420455938E-16));
#5826=DIRECTION('',(-1.,-4.5675387614976E-31,3.91843420455938E-16));
#5827=DIRECTION('',(0.,-1.,0.));
#5828=DIRECTION('center_axis',(1.,0.,0.));
#5829=DIRECTION('ref_axis',(0.,-1.32569903116354E-31,1.));
#5830=DIRECTION('',(0.,1.32569903116354E-31,-1.));
#5831=DIRECTION('',(0.,-1.32569903116354E-31,1.));
#5832=DIRECTION('',(0.,-1.,0.));
#5833=DIRECTION('center_axis',(-1.30614473485313E-16,0.,-1.));
#5834=DIRECTION('ref_axis',(1.,4.5675387614976E-31,-1.30614473485313E-16));
#5835=DIRECTION('',(-1.,-4.5675387614976E-31,1.30614473485313E-16));
#5836=DIRECTION('',(1.,4.5675387614976E-31,-1.30614473485313E-16));
#5837=DIRECTION('center_axis',(-1.,0.,0.));
#5838=DIRECTION('ref_axis',(0.,1.32569903116354E-31,-1.));
#5839=DIRECTION('',(0.,-1.32569903116354E-31,1.));
#5840=DIRECTION('',(0.,-1.,0.));
#5841=DIRECTION('',(0.,1.32569903116354E-31,-1.));
#5842=DIRECTION('',(0.,-1.,0.));
#5843=DIRECTION('center_axis',(3.91843420455938E-16,0.,1.));
#5844=DIRECTION('ref_axis',(-1.,-4.5675387614976E-31,3.91843420455938E-16));
#5845=DIRECTION('',(1.,4.5675387614976E-31,-3.91843420455938E-16));
#5846=DIRECTION('',(-1.,-4.5675387614976E-31,3.91843420455938E-16));
#5847=DIRECTION('',(0.,-1.,0.));
#5848=DIRECTION('center_axis',(1.,0.,0.));
#5849=DIRECTION('ref_axis',(0.,-1.32569903116354E-31,1.));
#5850=DIRECTION('',(0.,1.32569903116354E-31,-1.));
#5851=DIRECTION('',(0.,-1.32569903116354E-31,1.));
#5852=DIRECTION('',(0.,-1.,0.));
#5853=DIRECTION('center_axis',(-1.30614473485313E-16,0.,-1.));
#5854=DIRECTION('ref_axis',(1.,4.5675387614976E-31,-1.30614473485313E-16));
#5855=DIRECTION('',(-1.,-4.5675387614976E-31,1.30614473485313E-16));
#5856=DIRECTION('',(1.,4.5675387614976E-31,-1.30614473485313E-16));
#5857=DIRECTION('center_axis',(-1.,0.,0.));
#5858=DIRECTION('ref_axis',(0.,1.32569903116354E-31,-1.));
#5859=DIRECTION('',(0.,-1.32569903116354E-31,1.));
#5860=DIRECTION('',(0.,-1.,0.));
#5861=DIRECTION('',(0.,1.32569903116354E-31,-1.));
#5862=DIRECTION('',(0.,-1.,0.));
#5863=DIRECTION('center_axis',(3.91843420455938E-16,0.,1.));
#5864=DIRECTION('ref_axis',(-1.,-4.5675387614976E-31,3.91843420455938E-16));
#5865=DIRECTION('',(1.,4.5675387614976E-31,-3.91843420455938E-16));
#5866=DIRECTION('',(-1.,-4.5675387614976E-31,3.91843420455938E-16));
#5867=DIRECTION('',(0.,-1.,0.));
#5868=DIRECTION('center_axis',(1.,0.,0.));
#5869=DIRECTION('ref_axis',(0.,-1.32569903116354E-31,1.));
#5870=DIRECTION('',(0.,1.32569903116354E-31,-1.));
#5871=DIRECTION('',(0.,-1.32569903116354E-31,1.));
#5872=DIRECTION('',(0.,-1.,0.));
#5873=DIRECTION('center_axis',(-1.30614473485313E-16,0.,-1.));
#5874=DIRECTION('ref_axis',(1.,4.5675387614976E-31,-1.30614473485313E-16));
#5875=DIRECTION('',(-1.,-4.5675387614976E-31,1.30614473485313E-16));
#5876=DIRECTION('',(1.,4.5675387614976E-31,-1.30614473485313E-16));
#5877=DIRECTION('center_axis',(-1.,0.,0.));
#5878=DIRECTION('ref_axis',(0.,1.32569903116354E-31,-1.));
#5879=DIRECTION('',(0.,-1.32569903116354E-31,1.));
#5880=DIRECTION('',(0.,-1.,0.));
#5881=DIRECTION('',(0.,1.32569903116354E-31,-1.));
#5882=DIRECTION('',(0.,-1.,0.));
#5883=DIRECTION('center_axis',(3.91843420455938E-16,0.,1.));
#5884=DIRECTION('ref_axis',(-1.,-4.5675387614976E-31,3.91843420455938E-16));
#5885=DIRECTION('',(1.,4.5675387614976E-31,-3.91843420455938E-16));
#5886=DIRECTION('',(-1.,-4.5675387614976E-31,3.91843420455938E-16));
#5887=DIRECTION('',(0.,-1.,0.));
#5888=DIRECTION('center_axis',(1.,0.,0.));
#5889=DIRECTION('ref_axis',(0.,-1.32569903116354E-31,1.));
#5890=DIRECTION('',(0.,1.32569903116354E-31,-1.));
#5891=DIRECTION('',(0.,-1.32569903116354E-31,1.));
#5892=DIRECTION('',(0.,-1.,0.));
#5893=DIRECTION('center_axis',(-1.30614473485313E-16,0.,-1.));
#5894=DIRECTION('ref_axis',(1.,4.5675387614976E-31,-1.30614473485313E-16));
#5895=DIRECTION('',(-1.,-4.5675387614976E-31,1.30614473485313E-16));
#5896=DIRECTION('',(1.,4.5675387614976E-31,-1.30614473485313E-16));
#5897=DIRECTION('center_axis',(-1.,0.,0.));
#5898=DIRECTION('ref_axis',(0.,1.32569903116354E-31,-1.));
#5899=DIRECTION('',(0.,-1.32569903116354E-31,1.));
#5900=DIRECTION('',(0.,-1.,0.));
#5901=DIRECTION('',(0.,1.32569903116354E-31,-1.));
#5902=DIRECTION('',(0.,-1.,0.));
#5903=DIRECTION('center_axis',(3.91843420455938E-16,0.,1.));
#5904=DIRECTION('ref_axis',(-1.,-4.5675387614976E-31,3.91843420455938E-16));
#5905=DIRECTION('',(1.,4.5675387614976E-31,-3.91843420455938E-16));
#5906=DIRECTION('',(-1.,-4.5675387614976E-31,3.91843420455938E-16));
#5907=DIRECTION('',(0.,-1.,0.));
#5908=DIRECTION('center_axis',(1.,0.,0.));
#5909=DIRECTION('ref_axis',(0.,-1.32569903116354E-31,1.));
#5910=DIRECTION('',(0.,1.32569903116354E-31,-1.));
#5911=DIRECTION('',(0.,-1.32569903116354E-31,1.));
#5912=DIRECTION('',(0.,-1.,0.));
#5913=DIRECTION('center_axis',(-1.30614473485313E-16,0.,-1.));
#5914=DIRECTION('ref_axis',(1.,4.5675387614976E-31,-1.30614473485313E-16));
#5915=DIRECTION('',(-1.,-4.5675387614976E-31,1.30614473485313E-16));
#5916=DIRECTION('',(1.,4.5675387614976E-31,-1.30614473485313E-16));
#5917=DIRECTION('center_axis',(-1.,0.,0.));
#5918=DIRECTION('ref_axis',(0.,1.32569903116354E-31,-1.));
#5919=DIRECTION('',(0.,-1.32569903116354E-31,1.));
#5920=DIRECTION('',(0.,-1.,0.));
#5921=DIRECTION('',(0.,1.32569903116354E-31,-1.));
#5922=DIRECTION('',(0.,-1.,0.));
#5923=DIRECTION('center_axis',(3.91843420455938E-16,0.,1.));
#5924=DIRECTION('ref_axis',(-1.,-4.5675387614976E-31,3.91843420455938E-16));
#5925=DIRECTION('',(1.,4.5675387614976E-31,-3.91843420455938E-16));
#5926=DIRECTION('',(-1.,-4.5675387614976E-31,3.91843420455938E-16));
#5927=DIRECTION('',(0.,-1.,0.));
#5928=DIRECTION('center_axis',(1.,0.,0.));
#5929=DIRECTION('ref_axis',(0.,-1.32569903116354E-31,1.));
#5930=DIRECTION('',(0.,1.32569903116354E-31,-1.));
#5931=DIRECTION('',(0.,-1.32569903116354E-31,1.));
#5932=DIRECTION('',(0.,-1.,0.));
#5933=DIRECTION('center_axis',(-1.30614473485313E-16,0.,-1.));
#5934=DIRECTION('ref_axis',(1.,4.5675387614976E-31,-1.30614473485313E-16));
#5935=DIRECTION('',(-1.,-4.5675387614976E-31,1.30614473485313E-16));
#5936=DIRECTION('',(1.,4.5675387614976E-31,-1.30614473485313E-16));
#5937=DIRECTION('center_axis',(-1.,0.,0.));
#5938=DIRECTION('ref_axis',(0.,1.32569903116354E-31,-1.));
#5939=DIRECTION('',(0.,-1.32569903116354E-31,1.));
#5940=DIRECTION('',(0.,-1.,0.));
#5941=DIRECTION('',(0.,1.32569903116354E-31,-1.));
#5942=DIRECTION('',(0.,-1.,0.));
#5943=DIRECTION('center_axis',(3.91843420455938E-16,0.,1.));
#5944=DIRECTION('ref_axis',(-1.,-4.5675387614976E-31,3.91843420455938E-16));
#5945=DIRECTION('',(1.,4.5675387614976E-31,-3.91843420455938E-16));
#5946=DIRECTION('',(-1.,-4.5675387614976E-31,3.91843420455938E-16));
#5947=DIRECTION('',(0.,-1.,0.));
#5948=DIRECTION('center_axis',(1.,0.,0.));
#5949=DIRECTION('ref_axis',(0.,-1.32569903116354E-31,1.));
#5950=DIRECTION('',(0.,1.32569903116354E-31,-1.));
#5951=DIRECTION('',(0.,-1.32569903116354E-31,1.));
#5952=DIRECTION('',(0.,-1.,0.));
#5953=DIRECTION('center_axis',(-1.30614473485313E-16,0.,-1.));
#5954=DIRECTION('ref_axis',(1.,4.5675387614976E-31,-1.30614473485313E-16));
#5955=DIRECTION('',(-1.,-4.5675387614976E-31,1.30614473485313E-16));
#5956=DIRECTION('',(1.,4.5675387614976E-31,-1.30614473485313E-16));
#5957=DIRECTION('center_axis',(-1.,0.,0.));
#5958=DIRECTION('ref_axis',(0.,1.32569903116354E-31,-1.));
#5959=DIRECTION('',(0.,-1.32569903116354E-31,1.));
#5960=DIRECTION('',(0.,-1.,0.));
#5961=DIRECTION('',(0.,1.32569903116354E-31,-1.));
#5962=DIRECTION('',(0.,-1.,0.));
#5963=DIRECTION('center_axis',(3.91843420455938E-16,0.,1.));
#5964=DIRECTION('ref_axis',(-1.,-4.5675387614976E-31,3.91843420455938E-16));
#5965=DIRECTION('',(1.,4.5675387614976E-31,-3.91843420455938E-16));
#5966=DIRECTION('',(-1.,-4.5675387614976E-31,3.91843420455938E-16));
#5967=DIRECTION('',(0.,-1.,0.));
#5968=DIRECTION('center_axis',(1.,0.,0.));
#5969=DIRECTION('ref_axis',(0.,-1.32569903116354E-31,1.));
#5970=DIRECTION('',(0.,1.32569903116354E-31,-1.));
#5971=DIRECTION('',(0.,-1.32569903116354E-31,1.));
#5972=DIRECTION('',(0.,-1.,0.));
#5973=DIRECTION('center_axis',(-1.30614473485313E-16,0.,-1.));
#5974=DIRECTION('ref_axis',(1.,4.5675387614976E-31,-1.30614473485313E-16));
#5975=DIRECTION('',(-1.,-4.5675387614976E-31,1.30614473485313E-16));
#5976=DIRECTION('',(1.,4.5675387614976E-31,-1.30614473485313E-16));
#5977=DIRECTION('center_axis',(-1.,0.,0.));
#5978=DIRECTION('ref_axis',(0.,1.32569903116354E-31,-1.));
#5979=DIRECTION('',(0.,-1.32569903116354E-31,1.));
#5980=DIRECTION('',(0.,-1.,0.));
#5981=DIRECTION('',(0.,1.32569903116354E-31,-1.));
#5982=DIRECTION('',(0.,-1.,0.));
#5983=DIRECTION('center_axis',(3.91843420455938E-16,0.,1.));
#5984=DIRECTION('ref_axis',(-1.,-4.5675387614976E-31,3.91843420455938E-16));
#5985=DIRECTION('',(1.,4.5675387614976E-31,-3.91843420455938E-16));
#5986=DIRECTION('',(-1.,-4.5675387614976E-31,3.91843420455938E-16));
#5987=DIRECTION('',(0.,-1.,0.));
#5988=DIRECTION('center_axis',(1.,0.,0.));
#5989=DIRECTION('ref_axis',(0.,-1.32569903116354E-31,1.));
#5990=DIRECTION('',(0.,1.32569903116354E-31,-1.));
#5991=DIRECTION('',(0.,-1.32569903116354E-31,1.));
#5992=DIRECTION('',(0.,-1.,0.));
#5993=DIRECTION('center_axis',(-1.30614473485313E-16,0.,-1.));
#5994=DIRECTION('ref_axis',(1.,4.5675387614976E-31,-1.30614473485313E-16));
#5995=DIRECTION('',(-1.,-4.5675387614976E-31,1.30614473485313E-16));
#5996=DIRECTION('',(1.,4.5675387614976E-31,-1.30614473485313E-16));
#5997=DIRECTION('center_axis',(-1.,0.,0.));
#5998=DIRECTION('ref_axis',(0.,1.32569903116354E-31,-1.));
#5999=DIRECTION('',(0.,-1.32569903116354E-31,1.));
#6000=DIRECTION('',(0.,-1.,0.));
#6001=DIRECTION('',(0.,1.32569903116354E-31,-1.));
#6002=DIRECTION('',(0.,-1.,0.));
#6003=DIRECTION('center_axis',(3.91843420455938E-16,0.,1.));
#6004=DIRECTION('ref_axis',(-1.,-4.5675387614976E-31,3.91843420455938E-16));
#6005=DIRECTION('',(1.,4.5675387614976E-31,-3.91843420455938E-16));
#6006=DIRECTION('',(-1.,-4.5675387614976E-31,3.91843420455938E-16));
#6007=DIRECTION('',(0.,-1.,0.));
#6008=DIRECTION('center_axis',(1.,0.,0.));
#6009=DIRECTION('ref_axis',(0.,-1.32569903116354E-31,1.));
#6010=DIRECTION('',(0.,1.32569903116354E-31,-1.));
#6011=DIRECTION('',(0.,-1.32569903116354E-31,1.));
#6012=DIRECTION('',(0.,-1.,0.));
#6013=DIRECTION('center_axis',(-1.30614473485313E-16,0.,-1.));
#6014=DIRECTION('ref_axis',(1.,4.5675387614976E-31,-1.30614473485313E-16));
#6015=DIRECTION('',(-1.,-4.5675387614976E-31,1.30614473485313E-16));
#6016=DIRECTION('',(1.,4.5675387614976E-31,-1.30614473485313E-16));
#6017=DIRECTION('center_axis',(-4.5675387614976E-31,1.,1.32569903116354E-31));
#6018=DIRECTION('ref_axis',(0.,-1.32569903116354E-31,1.));
#6019=DIRECTION('',(-1.,-4.5675387614976E-31,3.19727713304832E-31));
#6020=DIRECTION('center_axis',(4.5675387614976E-31,-1.,-1.32569903116354E-31));
#6021=DIRECTION('ref_axis',(-0.707106781186547,0.,-0.707106781186548));
#6022=DIRECTION('',(9.27989321814479E-32,-1.32569903116354E-31,1.));
#6023=DIRECTION('',(-1.,-4.5675387614976E-31,-6.05518171091928E-62));
#6024=DIRECTION('',(0.,1.32569903116354E-31,-1.));
#6025=DIRECTION('',(1.,4.5675387614976E-31,6.05518171091928E-62));
#6026=DIRECTION('',(0.,-1.32569903116354E-31,1.));
#6027=DIRECTION('center_axis',(-4.5675387614976E-31,1.,1.32569903116354E-31));
#6028=DIRECTION('ref_axis',(0.,-1.32569903116354E-31,1.));
#6029=DIRECTION('',(9.27989321814479E-32,-1.32569903116354E-31,1.));
#6030=DIRECTION('center_axis',(4.5675387614976E-31,-1.,-1.32569903116354E-31));
#6031=DIRECTION('ref_axis',(-0.707106781186547,0.,0.707106781186548));
#6032=DIRECTION('',(1.,4.5675387614976E-31,-6.125368411725E-16));
#6033=DIRECTION('',(0.,1.32569903116354E-31,-1.));
#6034=DIRECTION('',(1.,4.5675387614976E-31,6.05518171091928E-62));
#6035=DIRECTION('center_axis',(-4.5675387614976E-31,1.,1.32569903116354E-31));
#6036=DIRECTION('ref_axis',(0.,-1.32569903116354E-31,1.));
#6037=DIRECTION('',(-1.,-4.5675387614976E-31,3.19727713304832E-31));
#6038=DIRECTION('',(0.,1.32569903116354E-31,-1.));
#6039=DIRECTION('',(1.,4.5675387614976E-31,6.05518171091928E-62));
#6040=DIRECTION('center_axis',(4.5675387614976E-31,-1.,-1.32569903116354E-31));
#6041=DIRECTION('ref_axis',(0.707106781186548,6.93889390390725E-17,-0.707106781186547));
#6042=DIRECTION('center_axis',(-6.05518171091928E-62,0.,1.));
#6043=DIRECTION('ref_axis',(-1.,-4.5675387614976E-31,-6.05518171091928E-62));
#6044=DIRECTION('',(0.,-1.,0.));
#6045=DIRECTION('',(-1.,-4.5675387614976E-31,-6.05518171091928E-62));
#6046=DIRECTION('',(0.,-1.,0.));
#6047=DIRECTION('center_axis',(1.,0.,0.));
#6048=DIRECTION('ref_axis',(0.,-1.32569903116354E-31,1.));
#6049=DIRECTION('',(0.,-1.,0.));
#6050=DIRECTION('',(0.,-1.32569903116354E-31,1.));
#6051=DIRECTION('center_axis',(-1.,0.,0.));
#6052=DIRECTION('ref_axis',(0.,1.32569903116354E-31,-1.));
#6053=DIRECTION('',(0.,-1.,0.));
#6054=DIRECTION('',(0.,1.32569903116354E-31,-1.));
#6055=DIRECTION('',(0.,-1.,0.));
#6056=DIRECTION('',(0.,-0.81923192051904,-0.573462344363329));
#6057=DIRECTION('center_axis',(-6.05518171091928E-62,0.,1.));
#6058=DIRECTION('ref_axis',(-1.,-4.5675387614976E-31,-6.05518171091928E-62));
#6059=DIRECTION('',(0.,-1.,0.));
#6060=DIRECTION('',(-1.,-4.5675387614976E-31,-6.05518171091928E-62));
#6061=DIRECTION('',(-1.,-8.75052630246428E-16,-6.05518171091928E-62));
#6062=DIRECTION('center_axis',(-6.05518171091928E-62,0.,1.));
#6063=DIRECTION('ref_axis',(-0.702038369043015,0.712139121514486,0.));
#6064=DIRECTION('',(-0.573462344363329,0.81923192051904,-3.47241869948972E-62));
#6065=DIRECTION('center_axis',(1.,0.,0.));
#6066=DIRECTION('ref_axis',(0.,-1.32569903116354E-31,1.));
#6067=DIRECTION('',(0.,0.81923192051904,0.573462344363329));
#6068=DIRECTION('',(0.,-1.,0.));
#6069=DIRECTION('',(0.,-1.32569903116354E-31,1.));
#6070=DIRECTION('center_axis',(-6.05518171091928E-62,0.,1.));
#6071=DIRECTION('ref_axis',(0.702038369043014,0.712139121514486,0.));
#6072=DIRECTION('center_axis',(-1.,0.,0.));
#6073=DIRECTION('ref_axis',(0.,-0.712139121514486,0.702038369043014));
#6074=DIRECTION('',(0.497468338163092,0.710669054518701,-0.497468338163091));
#6075=DIRECTION('center_axis',(0.,1.,0.));
#6076=DIRECTION('ref_axis',(-1.,0.,-3.33066907387548E-15));
#6077=DIRECTION('',(0.497468338163092,0.710669054518701,-0.497468338163091));
#6078=DIRECTION('center_axis',(0.,-0.573462344363328,-0.81923192051904));
#6079=DIRECTION('ref_axis',(-1.,0.,0.));
#6080=DIRECTION('',(0.,0.81923192051904,-0.573462344363328));
#6081=DIRECTION('',(1.,-8.65025958702755E-62,6.05518171091928E-62));
#6082=DIRECTION('',(-0.497468338163091,0.710669054518701,-0.497468338163091));
#6083=DIRECTION('',(-1.,0.,0.));
#6084=DIRECTION('',(0.497468338163092,0.710669054518701,-0.497468338163091));
#6085=DIRECTION('',(0.,-0.81923192051904,0.573462344363328));
#6086=DIRECTION('',(1.,0.,0.));
#6087=DIRECTION('',(-0.497468338163091,0.710669054518701,-0.497468338163091));
#6088=DIRECTION('center_axis',(-6.05518171091928E-62,0.,1.));
#6089=DIRECTION('ref_axis',(-1.,-4.5675387614976E-31,-6.05518171091928E-62));
#6090=DIRECTION('',(0.,-1.,0.));
#6091=DIRECTION('',(-1.,-4.5675387614976E-31,-6.05518171091928E-62));
#6092=DIRECTION('',(0.,-1.,0.));
#6093=DIRECTION('center_axis',(1.,0.,0.));
#6094=DIRECTION('ref_axis',(0.,-1.32569903116354E-31,1.));
#6095=DIRECTION('',(0.,-1.,0.));
#6096=DIRECTION('',(0.,-1.32569903116354E-31,1.));
#6097=DIRECTION('center_axis',(1.,0.,0.));
#6098=DIRECTION('ref_axis',(0.,-0.712139121514486,0.702038369043014));
#6099=DIRECTION('center_axis',(-6.05518171091929E-62,0.,1.));
#6100=DIRECTION('ref_axis',(-1.,-4.5675387614976E-31,-6.05518171091929E-62));
#6101=DIRECTION('',(0.,-1.,0.));
#6102=DIRECTION('',(-1.,-4.5675387614976E-31,-6.05518171091929E-62));
#6103=DIRECTION('',(0.,-1.,0.));
#6104=DIRECTION('',(-0.573462344363329,-0.81923192051904,-3.47241869948973E-62));
#6105=DIRECTION('center_axis',(-6.05518171091929E-62,0.,1.));
#6106=DIRECTION('ref_axis',(-0.702038369043013,-0.712139121514488,0.));
#6107=DIRECTION('center_axis',(1.,0.,0.));
#6108=DIRECTION('ref_axis',(0.,-1.32569903116354E-31,1.));
#6109=DIRECTION('',(0.,0.81923192051904,0.573462344363329));
#6110=DIRECTION('',(0.,-1.,0.));
#6111=DIRECTION('',(0.,-1.32569903116354E-31,1.));
#6112=DIRECTION('center_axis',(1.,0.,0.));
#6113=DIRECTION('ref_axis',(0.,0.712139121514488,0.702038369043013));
#6114=DIRECTION('center_axis',(0.,0.,-1.));
#6115=DIRECTION('ref_axis',(0.707106781186549,0.707106781186546,0.));
#6116=DIRECTION('center_axis',(0.,0.,1.));
#6117=DIRECTION('ref_axis',(0.707106781186549,0.707106781186546,0.));
#6118=DIRECTION('',(0.,0.,-1.));
#6119=DIRECTION('center_axis',(0.,0.,-1.));
#6120=DIRECTION('ref_axis',(0.707106781186549,0.707106781186546,0.));
#6121=DIRECTION('',(0.,0.,1.));
#6122=DIRECTION('center_axis',(-3.41607084500048E-16,1.,0.));
#6123=DIRECTION('ref_axis',(1.,3.41607084500048E-16,0.));
#6124=DIRECTION('',(1.,3.41607084500048E-16,0.));
#6125=DIRECTION('',(0.,0.,1.));
#6126=DIRECTION('',(-1.,-3.41607084500048E-16,0.));
#6127=DIRECTION('center_axis',(0.,0.,-1.));
#6128=DIRECTION('ref_axis',(-0.707106781186547,0.707106781186548,0.));
#6129=DIRECTION('center_axis',(0.,0.,1.));
#6130=DIRECTION('ref_axis',(-0.707106781186547,0.707106781186548,0.));
#6131=DIRECTION('',(0.,0.,-1.));
#6132=DIRECTION('center_axis',(0.,0.,-1.));
#6133=DIRECTION('ref_axis',(-0.707106781186547,0.707106781186548,0.));
#6134=DIRECTION('center_axis',(-1.,0.,0.));
#6135=DIRECTION('ref_axis',(0.,1.,0.));
#6136=DIRECTION('',(0.,1.,0.));
#6137=DIRECTION('',(0.,0.,1.));
#6138=DIRECTION('',(0.,-1.,0.));
#6139=DIRECTION('center_axis',(1.,4.5675387614976E-31,-3.95108683944473E-16));
#6140=DIRECTION('ref_axis',(0.,0.707106781186547,-0.707106781186547));
#6141=DIRECTION('center_axis',(-1.,0.,-3.45039999138965E-16));
#6142=DIRECTION('ref_axis',(0.,0.707106781186547,-0.707106781186547));
#6143=DIRECTION('',(1.,4.5675387614976E-31,-3.95108683944473E-16));
#6144=DIRECTION('center_axis',(1.,0.,3.45039999138965E-16));
#6145=DIRECTION('ref_axis',(0.,0.707106781186547,-0.707106781186547));
#6146=DIRECTION('',(-1.,-4.5675387614976E-31,3.95108683944473E-16));
#6147=DIRECTION('center_axis',(3.95108683944473E-16,0.,1.));
#6148=DIRECTION('ref_axis',(-1.,-4.5675387614976E-31,3.95108683944473E-16));
#6149=DIRECTION('',(0.,-1.,0.));
#6150=DIRECTION('',(-1.,-4.5675387614976E-31,3.95108683944473E-16));
#6151=DIRECTION('',(0.,-1.,0.));
#6152=DIRECTION('center_axis',(-1.,-4.5675387614976E-31,3.95108683944473E-16));
#6153=DIRECTION('ref_axis',(0.,0.707106781186547,0.707106781186547));
#6154=DIRECTION('center_axis',(1.,0.,3.45039999138959E-16));
#6155=DIRECTION('ref_axis',(0.,0.707106781186547,0.707106781186547));
#6156=DIRECTION('',(-1.,-4.5675387614976E-31,3.95108683944473E-16));
#6157=DIRECTION('center_axis',(-1.,0.,2.50343424027551E-17));
#6158=DIRECTION('ref_axis',(0.,0.707106781186547,0.707106781186547));
#6159=DIRECTION('',(1.,4.5675387614976E-31,-3.95108683944473E-16));
#6160=DIRECTION('center_axis',(-3.95108683944473E-16,0.,-1.));
#6161=DIRECTION('ref_axis',(1.,4.5675387614976E-31,-3.95108683944473E-16));
#6162=DIRECTION('',(0.,-1.,0.));
#6163=DIRECTION('',(1.,4.5675387614976E-31,-3.95108683944473E-16));
#6164=DIRECTION('',(0.,-1.,0.));
#6165=DIRECTION('center_axis',(-1.,0.,2.61555473319479E-15));
#6166=DIRECTION('ref_axis',(-2.61555473319479E-15,1.32569903116353E-31,
-1.));
#6167=DIRECTION('',(2.61555473319479E-15,-1.32569903116353E-31,1.));
#6168=DIRECTION('',(0.,-1.,0.));
#6169=DIRECTION('',(-2.61555473319479E-15,1.32569903116353E-31,-1.));
#6170=DIRECTION('',(0.,-1.,0.));
#6171=DIRECTION('center_axis',(-5.52608078072303E-15,0.,1.));
#6172=DIRECTION('ref_axis',(-1.,-4.5675387614976E-31,-5.52608078072303E-15));
#6173=DIRECTION('',(1.,4.5675387614976E-31,5.52608078072303E-15));
#6174=DIRECTION('',(-1.,-4.5675387614976E-31,-5.52608078072303E-15));
#6175=DIRECTION('',(0.,-1.,0.));
#6176=DIRECTION('center_axis',(1.,0.,3.45039999138959E-16));
#6177=DIRECTION('ref_axis',(-3.45039999138959E-16,-1.32569903116354E-31,
1.));
#6178=DIRECTION('',(3.45039999138959E-16,1.32569903116354E-31,-1.));
#6179=DIRECTION('',(-3.45039999138959E-16,-1.32569903116354E-31,1.));
#6180=DIRECTION('center_axis',(-1.,0.,2.50343424027551E-17));
#6181=DIRECTION('ref_axis',(-2.50343424027551E-17,1.32569903116354E-31,
-1.));
#6182=DIRECTION('',(2.50343424027551E-17,-1.32569903116354E-31,1.));
#6183=DIRECTION('',(-2.50343424027551E-17,1.32569903116354E-31,-1.));
#6184=DIRECTION('',(0.,-1.,0.));
#6185=DIRECTION('center_axis',(3.95108683944473E-16,0.,1.));
#6186=DIRECTION('ref_axis',(-1.,-4.5675387614976E-31,3.95108683944473E-16));
#6187=DIRECTION('',(1.,4.5675387614976E-31,-3.95108683944473E-16));
#6188=DIRECTION('',(-1.,-4.5675387614976E-31,3.95108683944473E-16));
#6189=DIRECTION('',(0.,-1.,0.));
#6190=DIRECTION('center_axis',(1.,0.,-3.95108683944473E-16));
#6191=DIRECTION('ref_axis',(3.95108683944473E-16,-1.32569903116354E-31,
1.));
#6192=DIRECTION('',(-3.95108683944473E-16,1.32569903116354E-31,-1.));
#6193=DIRECTION('',(3.95108683944473E-16,-1.32569903116354E-31,1.));
#6194=DIRECTION('',(0.,-1.,0.));
#6195=DIRECTION('center_axis',(3.95108683944473E-16,0.,1.));
#6196=DIRECTION('ref_axis',(-1.,-4.5675387614976E-31,3.95108683944473E-16));
#6197=DIRECTION('',(1.,4.5675387614976E-31,-3.95108683944473E-16));
#6198=DIRECTION('',(-1.,-4.5675387614976E-31,3.95108683944473E-16));
#6199=DIRECTION('center_axis',(0.,-1.,0.));
#6200=DIRECTION('ref_axis',(0.,0.,-1.));
#6201=DIRECTION('center_axis',(-3.95108683944473E-16,0.,-1.));
#6202=DIRECTION('ref_axis',(1.,4.5675387614976E-31,-3.95108683944473E-16));
#6203=DIRECTION('',(-1.,-4.5675387614976E-31,3.95108683944473E-16));
#6204=DIRECTION('',(0.,-1.,0.));
#6205=DIRECTION('',(1.,4.5675387614976E-31,-3.95108683944473E-16));
#6206=DIRECTION('',(0.,-1.,0.));
#6207=DIRECTION('center_axis',(-1.,0.,-3.45039999138965E-16));
#6208=DIRECTION('ref_axis',(3.45039999138965E-16,1.32569903116354E-31,-1.));
#6209=DIRECTION('',(-3.45039999138965E-16,-1.32569903116354E-31,1.));
#6210=DIRECTION('',(3.45039999138965E-16,1.32569903116354E-31,-1.));
#6211=DIRECTION('center_axis',(1.,0.,3.45039999138965E-16));
#6212=DIRECTION('ref_axis',(-3.45039999138965E-16,-1.32569903116354E-31,
1.));
#6213=DIRECTION('',(3.45039999138965E-16,1.32569903116354E-31,-1.));
#6214=DIRECTION('',(-3.45039999138965E-16,-1.32569903116354E-31,1.));
#6215=DIRECTION('',(0.,-1.,0.));
#6216=DIRECTION('center_axis',(-3.95108683944473E-16,0.,-1.));
#6217=DIRECTION('ref_axis',(1.,4.5675387614976E-31,-3.95108683944473E-16));
#6218=DIRECTION('',(-1.,-4.5675387614976E-31,3.95108683944473E-16));
#6219=DIRECTION('',(1.,4.5675387614976E-31,-3.95108683944473E-16));
#6220=DIRECTION('',(0.,-1.,0.));
#6221=DIRECTION('center_axis',(-1.,0.,3.95108683944473E-16));
#6222=DIRECTION('ref_axis',(-3.95108683944473E-16,1.32569903116354E-31,
-1.));
#6223=DIRECTION('',(3.95108683944473E-16,-1.32569903116354E-31,1.));
#6224=DIRECTION('',(-3.95108683944473E-16,1.32569903116354E-31,-1.));
#6225=DIRECTION('',(0.,-1.,0.));
#6226=DIRECTION('center_axis',(-3.95108683944473E-16,0.,-1.));
#6227=DIRECTION('ref_axis',(1.,4.5675387614976E-31,-3.95108683944473E-16));
#6228=DIRECTION('',(-1.,-4.5675387614976E-31,3.95108683944473E-16));
#6229=DIRECTION('',(1.,4.5675387614976E-31,-3.95108683944473E-16));
#6230=DIRECTION('',(0.,-1.,0.));
#6231=DIRECTION('center_axis',(1.,0.,1.82533736530585E-15));
#6232=DIRECTION('ref_axis',(-1.82533736530585E-15,-1.32569903116355E-31,
1.));
#6233=DIRECTION('',(1.82533736530585E-15,1.32569903116355E-31,-1.));
#6234=DIRECTION('',(-1.82533736530585E-15,-1.32569903116355E-31,1.));
#6235=DIRECTION('center_axis',(0.,-1.,0.));
#6236=DIRECTION('ref_axis',(0.,0.,-1.));
#6237=DIRECTION('center_axis',(1.,1.48029736616688E-15,0.));
#6238=DIRECTION('ref_axis',(1.48029736616688E-15,-1.,0.));
#6239=DIRECTION('',(-1.48029736616688E-15,1.,0.));
#6240=DIRECTION('',(0.,0.,-1.));
#6241=DIRECTION('',(1.48029736616688E-15,-1.,0.));
#6242=DIRECTION('center_axis',(0.,-1.,0.));
#6243=DIRECTION('ref_axis',(0.,0.,-1.));
#6244=DIRECTION('',(1.,0.,0.));
#6245=DIRECTION('',(0.,0.,-1.));
#6246=DIRECTION('',(1.,0.,2.77555756156289E-16));
#6247=DIRECTION('',(0.,0.,-1.));
#6248=DIRECTION('',(-1.,0.,0.));
#6249=DIRECTION('',(0.,0.,-1.));
#6250=DIRECTION('',(-1.,0.,6.125368411725E-16));
#6251=DIRECTION('',(0.,0.,1.));
#6252=DIRECTION('',(-1.,0.,0.));
#6253=DIRECTION('',(0.,0.,1.));
#6254=DIRECTION('',(1.,0.,0.));
#6255=DIRECTION('',(0.,0.,1.));
#6256=DIRECTION('',(1.,0.,0.));
#6257=DIRECTION('',(1.,0.,0.));
#6258=DIRECTION('center_axis',(0.,1.,0.));
#6259=DIRECTION('ref_axis',(-1.,0.,-3.33066907387548E-15));
#6260=DIRECTION('',(0.,0.,1.));
#6261=DIRECTION('center_axis',(0.,1.,0.));
#6262=DIRECTION('ref_axis',(0.,0.,-1.));
#6263=DIRECTION('',(-1.,0.,6.125368411725E-16));
#6264=DIRECTION('center_axis',(0.,1.,0.));
#6265=DIRECTION('ref_axis',(1.,0.,0.));
#6266=DIRECTION('',(0.,0.,-1.));
#6267=DIRECTION('center_axis',(0.,1.,0.));
#6268=DIRECTION('ref_axis',(0.,0.,1.));
#6269=DIRECTION('',(1.,0.,0.));
#6270=DIRECTION('center_axis',(0.,1.,0.));
#6271=DIRECTION('ref_axis',(-1.,0.,0.));
#6272=DIRECTION('center_axis',(0.,1.,0.));
#6273=DIRECTION('ref_axis',(-1.,0.,0.));
#6274=DIRECTION('center_axis',(0.,1.,0.));
#6275=DIRECTION('ref_axis',(-1.,0.,0.));
#6276=DIRECTION('center_axis',(0.,1.,0.));
#6277=DIRECTION('ref_axis',(-1.,0.,0.));
#6278=DIRECTION('center_axis',(0.,0.,1.));
#6279=DIRECTION('ref_axis',(1.,0.,0.));
#6280=DIRECTION('',(0.,1.,0.));
#6281=DIRECTION('',(-1.,0.,0.));
#6282=DIRECTION('',(0.,-1.,0.));
#6283=DIRECTION('center_axis',(0.573462344363329,0.81923192051904,-1.29767357649465E-16));
#6284=DIRECTION('ref_axis',(7.44166931394968E-17,1.06309561627852E-16,1.));
#6285=DIRECTION('',(-7.44166931394969E-17,-1.06309561627852E-16,-1.));
#6286=DIRECTION('',(0.81923192051904,-0.573462344363329,0.));
#6287=DIRECTION('',(7.44166931394969E-17,1.06309561627852E-16,1.));
#6288=DIRECTION('',(0.81923192051904,-0.573462344363329,0.));
#6289=DIRECTION('center_axis',(-7.44166931394969E-17,-1.06309561627852E-16,
-1.));
#6290=DIRECTION('ref_axis',(0.573462344363329,0.81923192051904,-1.29767357649465E-16));
#6291=DIRECTION('',(-0.573462344363329,-0.81923192051904,1.29767357649465E-16));
#6292=DIRECTION('',(0.573462344363329,0.81923192051904,-1.29767357649465E-16));
#6293=DIRECTION('',(0.81923192051904,-0.573462344363329,0.));
#6294=DIRECTION('center_axis',(-0.573462344363329,-0.81923192051904,1.29767357649465E-16));
#6295=DIRECTION('ref_axis',(-7.44166931394968E-17,-1.06309561627852E-16,
-1.));
#6296=DIRECTION('',(7.44166931394969E-17,1.06309561627852E-16,1.));
#6297=DIRECTION('',(-7.44166931394969E-17,-1.06309561627852E-16,-1.));
#6298=DIRECTION('',(0.81923192051904,-0.573462344363329,0.));
#6299=DIRECTION('center_axis',(7.44166931394969E-17,1.06309561627852E-16,
1.));
#6300=DIRECTION('ref_axis',(-0.573462344363329,-0.81923192051904,1.29767357649465E-16));
#6301=DIRECTION('',(0.573462344363329,0.81923192051904,-1.29767357649465E-16));
#6302=DIRECTION('',(-0.573462344363329,-0.81923192051904,1.29767357649465E-16));
#6303=DIRECTION('center_axis',(0.573462344363329,0.81923192051904,-1.29767357649465E-16));
#6304=DIRECTION('ref_axis',(7.44166931394968E-17,1.06309561627852E-16,1.));
#6305=DIRECTION('',(-7.44166931394969E-17,-1.06309561627852E-16,-1.));
#6306=DIRECTION('',(0.81923192051904,-0.573462344363329,0.));
#6307=DIRECTION('',(7.44166931394969E-17,1.06309561627852E-16,1.));
#6308=DIRECTION('',(0.81923192051904,-0.573462344363329,0.));
#6309=DIRECTION('center_axis',(-7.44166931394969E-17,-1.06309561627852E-16,
-1.));
#6310=DIRECTION('ref_axis',(0.573462344363329,0.81923192051904,-1.29767357649465E-16));
#6311=DIRECTION('',(-0.573462344363329,-0.81923192051904,1.29767357649465E-16));
#6312=DIRECTION('',(0.573462344363329,0.81923192051904,-1.29767357649465E-16));
#6313=DIRECTION('',(0.81923192051904,-0.573462344363329,0.));
#6314=DIRECTION('center_axis',(-0.573462344363329,-0.81923192051904,1.29767357649465E-16));
#6315=DIRECTION('ref_axis',(-7.44166931394968E-17,-1.06309561627852E-16,
-1.));
#6316=DIRECTION('',(7.44166931394969E-17,1.06309561627852E-16,1.));
#6317=DIRECTION('',(-7.44166931394969E-17,-1.06309561627852E-16,-1.));
#6318=DIRECTION('',(0.81923192051904,-0.573462344363329,0.));
#6319=DIRECTION('center_axis',(7.44166931394969E-17,1.06309561627852E-16,
1.));
#6320=DIRECTION('ref_axis',(-0.573462344363329,-0.81923192051904,1.29767357649465E-16));
#6321=DIRECTION('',(0.573462344363329,0.81923192051904,-1.29767357649465E-16));
#6322=DIRECTION('',(-0.573462344363329,-0.81923192051904,1.29767357649465E-16));
#6323=DIRECTION('center_axis',(0.573462344363329,0.81923192051904,-1.29767357649465E-16));
#6324=DIRECTION('ref_axis',(7.44166931394968E-17,1.06309561627852E-16,1.));
#6325=DIRECTION('',(-7.44166931394969E-17,-1.06309561627852E-16,-1.));
#6326=DIRECTION('',(0.81923192051904,-0.573462344363329,0.));
#6327=DIRECTION('',(7.44166931394969E-17,1.06309561627852E-16,1.));
#6328=DIRECTION('',(0.81923192051904,-0.573462344363329,0.));
#6329=DIRECTION('center_axis',(-7.44166931394969E-17,-1.06309561627852E-16,
-1.));
#6330=DIRECTION('ref_axis',(0.573462344363329,0.81923192051904,-1.29767357649465E-16));
#6331=DIRECTION('',(-0.573462344363329,-0.81923192051904,1.29767357649465E-16));
#6332=DIRECTION('',(0.573462344363329,0.81923192051904,-1.29767357649465E-16));
#6333=DIRECTION('',(0.81923192051904,-0.573462344363329,0.));
#6334=DIRECTION('center_axis',(-0.573462344363329,-0.81923192051904,1.29767357649465E-16));
#6335=DIRECTION('ref_axis',(-7.44166931394968E-17,-1.06309561627852E-16,
-1.));
#6336=DIRECTION('',(7.44166931394969E-17,1.06309561627852E-16,1.));
#6337=DIRECTION('',(-7.44166931394969E-17,-1.06309561627852E-16,-1.));
#6338=DIRECTION('',(0.81923192051904,-0.573462344363329,0.));
#6339=DIRECTION('center_axis',(7.44166931394969E-17,1.06309561627852E-16,
1.));
#6340=DIRECTION('ref_axis',(-0.573462344363329,-0.81923192051904,1.29767357649465E-16));
#6341=DIRECTION('',(0.573462344363329,0.81923192051904,-1.29767357649465E-16));
#6342=DIRECTION('',(-0.573462344363329,-0.81923192051904,1.29767357649465E-16));
#6343=DIRECTION('center_axis',(0.573462344363329,0.81923192051904,-1.29767357649465E-16));
#6344=DIRECTION('ref_axis',(7.44166931394968E-17,1.06309561627852E-16,1.));
#6345=DIRECTION('',(-7.44166931394969E-17,-1.06309561627852E-16,-1.));
#6346=DIRECTION('',(0.81923192051904,-0.573462344363329,0.));
#6347=DIRECTION('',(7.44166931394969E-17,1.06309561627852E-16,1.));
#6348=DIRECTION('',(0.81923192051904,-0.573462344363329,0.));
#6349=DIRECTION('center_axis',(-7.44166931394969E-17,-1.06309561627852E-16,
-1.));
#6350=DIRECTION('ref_axis',(0.573462344363329,0.81923192051904,-1.29767357649465E-16));
#6351=DIRECTION('',(-0.573462344363329,-0.81923192051904,1.29767357649465E-16));
#6352=DIRECTION('',(0.573462344363329,0.81923192051904,-1.29767357649465E-16));
#6353=DIRECTION('',(0.81923192051904,-0.573462344363329,0.));
#6354=DIRECTION('center_axis',(-0.573462344363329,-0.81923192051904,1.29767357649465E-16));
#6355=DIRECTION('ref_axis',(-7.44166931394968E-17,-1.06309561627852E-16,
-1.));
#6356=DIRECTION('',(7.44166931394969E-17,1.06309561627852E-16,1.));
#6357=DIRECTION('',(-7.44166931394969E-17,-1.06309561627852E-16,-1.));
#6358=DIRECTION('',(0.81923192051904,-0.573462344363329,0.));
#6359=DIRECTION('center_axis',(7.44166931394969E-17,1.06309561627852E-16,
1.));
#6360=DIRECTION('ref_axis',(-0.573462344363329,-0.81923192051904,1.29767357649465E-16));
#6361=DIRECTION('',(0.573462344363329,0.81923192051904,-1.29767357649465E-16));
#6362=DIRECTION('',(-0.573462344363329,-0.81923192051904,1.29767357649465E-16));
#6363=DIRECTION('center_axis',(-7.44166931394969E-17,-1.06309561627852E-16,
-1.));
#6364=DIRECTION('ref_axis',(0.573462344363329,0.81923192051904,-1.29767357649465E-16));
#6365=DIRECTION('',(-0.573462344363329,-0.81923192051904,1.29767357649465E-16));
#6366=DIRECTION('',(0.81923192051904,-0.573462344363329,0.));
#6367=DIRECTION('',(0.573462344363329,0.81923192051904,-1.29767357649465E-16));
#6368=DIRECTION('',(0.81923192051904,-0.573462344363329,0.));
#6369=DIRECTION('center_axis',(-0.573462344363329,-0.81923192051904,1.29767357649465E-16));
#6370=DIRECTION('ref_axis',(-7.44166931394968E-17,-1.06309561627852E-16,
-1.));
#6371=DIRECTION('',(7.44166931394969E-17,1.06309561627852E-16,1.));
#6372=DIRECTION('',(-7.44166931394969E-17,-1.06309561627852E-16,-1.));
#6373=DIRECTION('',(0.81923192051904,-0.573462344363329,0.));
#6374=DIRECTION('center_axis',(7.44166931394969E-17,1.06309561627852E-16,
1.));
#6375=DIRECTION('ref_axis',(-0.573462344363329,-0.81923192051904,1.29767357649465E-16));
#6376=DIRECTION('',(0.573462344363329,0.81923192051904,-1.29767357649465E-16));
#6377=DIRECTION('',(-0.573462344363329,-0.81923192051904,1.29767357649465E-16));
#6378=DIRECTION('',(0.81923192051904,-0.573462344363329,0.));
#6379=DIRECTION('center_axis',(0.573462344363329,0.81923192051904,-1.29767357649465E-16));
#6380=DIRECTION('ref_axis',(7.44166931394968E-17,1.06309561627852E-16,1.));
#6381=DIRECTION('',(-7.44166931394969E-17,-1.06309561627852E-16,-1.));
#6382=DIRECTION('',(7.44166931394969E-17,1.06309561627852E-16,1.));
#6383=DIRECTION('center_axis',(-7.44166931394969E-17,-1.06309561627852E-16,
-1.));
#6384=DIRECTION('ref_axis',(0.573462344363329,0.81923192051904,-1.29767357649465E-16));
#6385=DIRECTION('',(-0.573462344363329,-0.81923192051904,1.29767357649465E-16));
#6386=DIRECTION('',(0.81923192051904,-0.573462344363329,0.));
#6387=DIRECTION('',(0.573462344363329,0.81923192051904,-1.29767357649465E-16));
#6388=DIRECTION('',(0.81923192051904,-0.573462344363329,0.));
#6389=DIRECTION('center_axis',(-0.573462344363329,-0.81923192051904,1.29767357649465E-16));
#6390=DIRECTION('ref_axis',(-7.44166931394968E-17,-1.06309561627852E-16,
-1.));
#6391=DIRECTION('',(7.44166931394969E-17,1.06309561627852E-16,1.));
#6392=DIRECTION('',(-7.44166931394969E-17,-1.06309561627852E-16,-1.));
#6393=DIRECTION('',(0.81923192051904,-0.573462344363329,0.));
#6394=DIRECTION('center_axis',(7.44166931394969E-17,1.06309561627852E-16,
1.));
#6395=DIRECTION('ref_axis',(-0.573462344363329,-0.81923192051904,1.29767357649465E-16));
#6396=DIRECTION('',(0.573462344363329,0.81923192051904,-1.29767357649465E-16));
#6397=DIRECTION('',(-0.573462344363329,-0.81923192051904,1.29767357649465E-16));
#6398=DIRECTION('',(0.81923192051904,-0.573462344363329,0.));
#6399=DIRECTION('center_axis',(0.573462344363329,0.81923192051904,-1.29767357649465E-16));
#6400=DIRECTION('ref_axis',(7.44166931394968E-17,1.06309561627852E-16,1.));
#6401=DIRECTION('',(-7.44166931394969E-17,-1.06309561627852E-16,-1.));
#6402=DIRECTION('',(7.44166931394969E-17,1.06309561627852E-16,1.));
#6403=DIRECTION('center_axis',(-7.44166931394969E-17,-1.06309561627852E-16,
-1.));
#6404=DIRECTION('ref_axis',(0.573462344363329,0.81923192051904,-1.29767357649465E-16));
#6405=DIRECTION('',(-0.573462344363329,-0.81923192051904,1.29767357649465E-16));
#6406=DIRECTION('',(0.81923192051904,-0.573462344363329,0.));
#6407=DIRECTION('',(0.573462344363329,0.81923192051904,-1.29767357649465E-16));
#6408=DIRECTION('',(0.81923192051904,-0.573462344363329,0.));
#6409=DIRECTION('center_axis',(-0.573462344363329,-0.81923192051904,1.29767357649465E-16));
#6410=DIRECTION('ref_axis',(-7.44166931394968E-17,-1.06309561627852E-16,
-1.));
#6411=DIRECTION('',(7.44166931394969E-17,1.06309561627852E-16,1.));
#6412=DIRECTION('',(-7.44166931394969E-17,-1.06309561627852E-16,-1.));
#6413=DIRECTION('',(0.81923192051904,-0.573462344363329,0.));
#6414=DIRECTION('center_axis',(7.44166931394969E-17,1.06309561627852E-16,
1.));
#6415=DIRECTION('ref_axis',(-0.573462344363329,-0.81923192051904,1.29767357649465E-16));
#6416=DIRECTION('',(0.573462344363329,0.81923192051904,-1.29767357649465E-16));
#6417=DIRECTION('',(-0.573462344363329,-0.81923192051904,1.29767357649465E-16));
#6418=DIRECTION('',(0.81923192051904,-0.573462344363329,0.));
#6419=DIRECTION('center_axis',(0.573462344363329,0.81923192051904,-1.29767357649465E-16));
#6420=DIRECTION('ref_axis',(7.44166931394968E-17,1.06309561627852E-16,1.));
#6421=DIRECTION('',(-7.44166931394969E-17,-1.06309561627852E-16,-1.));
#6422=DIRECTION('',(7.44166931394969E-17,1.06309561627852E-16,1.));
#6423=DIRECTION('center_axis',(-7.44166931394969E-17,-1.06309561627852E-16,
-1.));
#6424=DIRECTION('ref_axis',(0.573462344363329,0.81923192051904,-1.29767357649465E-16));
#6425=DIRECTION('',(-0.573462344363329,-0.81923192051904,1.29767357649465E-16));
#6426=DIRECTION('',(0.81923192051904,-0.573462344363329,0.));
#6427=DIRECTION('',(0.573462344363329,0.81923192051904,-1.29767357649465E-16));
#6428=DIRECTION('',(0.81923192051904,-0.573462344363329,0.));
#6429=DIRECTION('center_axis',(-0.573462344363329,-0.81923192051904,1.29767357649465E-16));
#6430=DIRECTION('ref_axis',(-7.44166931394968E-17,-1.06309561627852E-16,
-1.));
#6431=DIRECTION('',(7.44166931394969E-17,1.06309561627852E-16,1.));
#6432=DIRECTION('',(-7.44166931394969E-17,-1.06309561627852E-16,-1.));
#6433=DIRECTION('',(0.81923192051904,-0.573462344363329,0.));
#6434=DIRECTION('center_axis',(7.44166931394969E-17,1.06309561627852E-16,
1.));
#6435=DIRECTION('ref_axis',(-0.573462344363329,-0.81923192051904,1.29767357649465E-16));
#6436=DIRECTION('',(0.573462344363329,0.81923192051904,-1.29767357649465E-16));
#6437=DIRECTION('',(-0.573462344363329,-0.81923192051904,1.29767357649465E-16));
#6438=DIRECTION('',(0.81923192051904,-0.573462344363329,0.));
#6439=DIRECTION('center_axis',(0.573462344363329,0.81923192051904,-1.29767357649465E-16));
#6440=DIRECTION('ref_axis',(7.44166931394968E-17,1.06309561627852E-16,1.));
#6441=DIRECTION('',(-7.44166931394969E-17,-1.06309561627852E-16,-1.));
#6442=DIRECTION('',(7.44166931394969E-17,1.06309561627852E-16,1.));
#6443=DIRECTION('center_axis',(-1.38197359472239E-15,1.32569903116353E-31,
-1.));
#6444=DIRECTION('ref_axis',(-0.707106781186547,0.707106781186547,0.));
#6445=DIRECTION('center_axis',(3.95108683944473E-16,0.,1.));
#6446=DIRECTION('ref_axis',(-0.707106781186547,0.707106781186547,0.));
#6447=DIRECTION('',(-1.38197359472239E-15,1.32569903116353E-31,-1.));
#6448=DIRECTION('center_axis',(-3.95108683944473E-16,0.,-1.));
#6449=DIRECTION('ref_axis',(-0.707106781186547,0.707106781186547,0.));
#6450=DIRECTION('',(1.38197359472239E-15,-1.32569903116353E-31,1.));
#6451=DIRECTION('center_axis',(1.,0.,-1.38197359472239E-15));
#6452=DIRECTION('ref_axis',(1.38197359472239E-15,-1.32569903116353E-31,
1.));
#6453=DIRECTION('',(0.,-1.,0.));
#6454=DIRECTION('',(2.3688385055003E-15,0.,1.));
#6455=DIRECTION('',(0.,-1.,0.));
#6456=DIRECTION('center_axis',(-3.95108683944473E-16,1.32569903116354E-31,
-1.));
#6457=DIRECTION('ref_axis',(-0.707106781186547,0.707106781186547,0.));
#6458=DIRECTION('center_axis',(3.95108683944473E-16,0.,1.));
#6459=DIRECTION('ref_axis',(-0.707106781186547,0.707106781186547,0.));
#6460=DIRECTION('',(-3.95108683944473E-16,1.32569903116354E-31,-1.));
#6461=DIRECTION('center_axis',(-1.87540605011135E-15,0.,-1.));
#6462=DIRECTION('ref_axis',(-0.707106781186547,0.707106781186547,0.));
#6463=DIRECTION('',(3.95108683944473E-16,-1.32569903116354E-31,1.));
#6464=DIRECTION('center_axis',(1.,0.,-3.95108683944473E-16));
#6465=DIRECTION('ref_axis',(3.95108683944473E-16,-1.32569903116354E-31,
1.));
#6466=DIRECTION('',(0.,-1.,0.));
#6467=DIRECTION('',(3.95108683944473E-16,0.,1.));
#6468=DIRECTION('',(0.,-1.,0.));
#6469=DIRECTION('center_axis',(-0.894427190999914,0.,-0.447213595499962));
#6470=DIRECTION('ref_axis',(0.447213595499962,0.,-0.894427190999914));
#6471=DIRECTION('',(0.447213595499962,0.,-0.894427190999914));
#6472=DIRECTION('',(0.,-1.,0.));
#6473=DIRECTION('',(0.447213595499962,0.,-0.894427190999914));
#6474=DIRECTION('',(0.,-1.,0.));
#6475=DIRECTION('center_axis',(0.,-1.,0.));
#6476=DIRECTION('ref_axis',(0.,0.,-1.));
#6477=DIRECTION('',(1.,0.,-3.95108683944473E-16));
#6478=DIRECTION('',(-1.,0.,3.95108683944473E-16));
#6479=DIRECTION('',(1.14472702453905E-14,0.,-1.));
#6480=DIRECTION('center_axis',(0.,-1.,0.));
#6481=DIRECTION('ref_axis',(0.,0.,-1.));
#6482=DIRECTION('',(8.48667551305678E-15,1.32569903116358E-31,-1.));
#6483=DIRECTION('',(1.,4.5675387614976E-31,-3.95108683944473E-16));
#6484=DIRECTION('center_axis',(-0.894427190999916,0.,0.447213595499958));
#6485=DIRECTION('ref_axis',(-0.447213595499958,0.,-0.894427190999916));
#6486=DIRECTION('',(-0.447213595499958,0.,-0.894427190999916));
#6487=DIRECTION('',(0.,-1.,0.));
#6488=DIRECTION('',(-0.447213595499958,0.,-0.894427190999916));
#6489=DIRECTION('',(0.,-1.,0.));
#6490=DIRECTION('center_axis',(0.,-1.,0.));
#6491=DIRECTION('ref_axis',(0.,0.,-1.));
#6492=DIRECTION('',(2.56548604838929E-15,0.,-1.));
#6493=DIRECTION('',(1.,0.,-3.35570341627823E-15));
#6494=DIRECTION('',(-1.,0.,3.95108683944473E-16));
#6495=DIRECTION('center_axis',(0.,-1.,0.));
#6496=DIRECTION('ref_axis',(0.,0.,-1.));
#6497=DIRECTION('',(-1.,-4.56753876149761E-31,3.35570341627823E-15));
#6498=DIRECTION('',(-3.95108683944473E-16,1.32569903116354E-31,-1.));
#6499=DIRECTION('center_axis',(-3.95108683944473E-16,0.,-1.));
#6500=DIRECTION('ref_axis',(1.,4.5675387614976E-31,-3.95108683944473E-16));
#6501=DIRECTION('',(-1.,-4.5675387614976E-31,3.95108683944473E-16));
#6502=DIRECTION('',(0.,-1.,0.));
#6503=DIRECTION('center_axis',(-1.,0.,-8.48667551305678E-15));
#6504=DIRECTION('ref_axis',(8.48667551305678E-15,1.32569903116358E-31,-1.));
#6505=DIRECTION('',(-8.48667551305678E-15,-1.32569903116358E-31,1.));
#6506=DIRECTION('',(0.,-1.,0.));
#6507=DIRECTION('center_axis',(-3.95108683944473E-16,0.,-1.));
#6508=DIRECTION('ref_axis',(1.,4.5675387614976E-31,-3.95108683944473E-16));
#6509=DIRECTION('',(-1.,-4.5675387614976E-31,3.95108683944473E-16));
#6510=DIRECTION('',(0.,-1.,0.));
#6511=DIRECTION('center_axis',(-1.,0.,-1.14472702453905E-14));
#6512=DIRECTION('ref_axis',(1.14472702453905E-14,1.32569903116359E-31,-1.));
#6513=DIRECTION('',(-1.14472702453905E-14,-1.32569903116359E-31,1.));
#6514=DIRECTION('',(0.,-1.,0.));
#6515=DIRECTION('center_axis',(3.95108683944473E-16,0.,1.));
#6516=DIRECTION('ref_axis',(-1.,-4.5675387614976E-31,3.95108683944473E-16));
#6517=DIRECTION('',(1.,4.5675387614976E-31,-3.95108683944473E-16));
#6518=DIRECTION('center_axis',(3.95108683944473E-16,0.,1.));
#6519=DIRECTION('ref_axis',(-1.,-4.5675387614976E-31,3.95108683944473E-16));
#6520=DIRECTION('',(1.,4.5675387614976E-31,-3.95108683944473E-16));
#6521=DIRECTION('',(0.,-1.,0.));
#6522=DIRECTION('center_axis',(-1.87540605011135E-15,0.,-1.));
#6523=DIRECTION('ref_axis',(1.,4.56753876149761E-31,-1.87540605011135E-15));
#6524=DIRECTION('',(-1.,-4.56753876149761E-31,1.87540605011135E-15));
#6525=DIRECTION('',(0.,-1.,0.));
#6526=DIRECTION('center_axis',(-1.,0.,3.95108683944473E-16));
#6527=DIRECTION('ref_axis',(-3.95108683944473E-16,1.32569903116354E-31,
-1.));
#6528=DIRECTION('',(3.95108683944473E-16,-1.32569903116354E-31,1.));
#6529=DIRECTION('',(0.,-1.,0.));
#6530=DIRECTION('center_axis',(3.35570341627823E-15,0.,1.));
#6531=DIRECTION('ref_axis',(-1.,-4.56753876149761E-31,3.35570341627823E-15));
#6532=DIRECTION('',(1.,4.56753876149761E-31,-3.35570341627823E-15));
#6533=DIRECTION('',(0.,-1.,0.));
#6534=DIRECTION('center_axis',(-1.,0.,3.95108683944473E-16));
#6535=DIRECTION('ref_axis',(-3.95108683944473E-16,1.32569903116354E-31,
-1.));
#6536=DIRECTION('',(3.95108683944473E-16,-1.32569903116354E-31,1.));
#6537=DIRECTION('center_axis',(-1.,0.,0.));
#6538=DIRECTION('ref_axis',(0.,-0.707106781186547,0.707106781186547));
#6539=DIRECTION('center_axis',(0.81923192051904,-0.573462344363329,0.));
#6540=DIRECTION('ref_axis',(-0.573462344363329,-0.81923192051904,0.));
#6541=DIRECTION('',(1.,0.,0.));
#6542=DIRECTION('center_axis',(-1.,0.,-5.20058769698876E-17));
#6543=DIRECTION('ref_axis',(0.,-0.707106781186547,0.707106781186547));
#6544=DIRECTION('',(-1.,0.,0.));
#6545=DIRECTION('center_axis',(-1.,0.,0.));
#6546=DIRECTION('ref_axis',(0.,-0.707106781186547,0.707106781186547));
#6547=DIRECTION('center_axis',(-0.81923192051904,0.573462344363329,0.));
#6548=DIRECTION('ref_axis',(-0.573462344363329,-0.81923192051904,0.));
#6549=DIRECTION('',(-1.,0.,0.));
#6550=DIRECTION('center_axis',(0.,1.,0.));
#6551=DIRECTION('ref_axis',(5.20058769698876E-17,0.,-1.));
#6552=DIRECTION('',(-5.20058769698876E-17,0.,1.));
#6553=DIRECTION('',(1.,0.,0.));
#6554=DIRECTION('',(0.,-1.16309078770254E-16,-1.));
#6555=DIRECTION('center_axis',(-1.,0.,0.));
#6556=DIRECTION('ref_axis',(0.,-0.707106781186547,-0.707106781186547));
#6557=DIRECTION('center_axis',(-1.,0.,0.));
#6558=DIRECTION('ref_axis',(0.,-0.707106781186547,-0.707106781186547));
#6559=DIRECTION('center_axis',(-1.,0.,-5.20058769698876E-17));
#6560=DIRECTION('ref_axis',(0.,-0.707106781186547,-0.707106781186547));
#6561=DIRECTION('',(-1.,0.,0.));
#6562=DIRECTION('center_axis',(-0.81923192051904,0.573462344363329,0.));
#6563=DIRECTION('ref_axis',(-0.573462344363329,-0.81923192051904,0.));
#6564=DIRECTION('center_axis',(0.,0.,1.));
#6565=DIRECTION('ref_axis',(0.,1.,0.));
#6566=DIRECTION('',(0.,-1.,0.));
#6567=DIRECTION('',(-1.,0.,0.));
#6568=DIRECTION('',(0.573462344363329,0.81923192051904,-1.51588356778021E-16));
#6569=DIRECTION('center_axis',(0.,0.,-1.));
#6570=DIRECTION('ref_axis',(0.,-1.,0.));
#6571=DIRECTION('',(0.,-1.,0.));
#6572=DIRECTION('',(-1.,0.,0.));
#6573=DIRECTION('',(0.,-1.,0.));
#6574=DIRECTION('',(-1.,0.,0.));
#6575=DIRECTION('center_axis',(0.,1.,0.));
#6576=DIRECTION('ref_axis',(-7.88107984696741E-16,0.,-1.));
#6577=DIRECTION('',(-7.88107984696741E-16,0.,-1.));
#6578=DIRECTION('',(-1.,0.,0.));
#6579=DIRECTION('',(-7.88107984696741E-16,0.,-1.));
#6580=DIRECTION('center_axis',(0.,0.,1.));
#6581=DIRECTION('ref_axis',(0.,1.,0.));
#6582=DIRECTION('',(0.,1.,0.));
#6583=DIRECTION('',(-1.,0.,0.));
#6584=DIRECTION('',(0.,1.,0.));
#6585=DIRECTION('center_axis',(0.,-1.,0.));
#6586=DIRECTION('ref_axis',(7.88107984696741E-16,0.,1.));
#6587=DIRECTION('',(7.88107984696741E-16,0.,1.));
#6588=DIRECTION('',(7.88107984696741E-16,0.,1.));
#6589=DIRECTION('center_axis',(-1.,0.,0.));
#6590=DIRECTION('ref_axis',(0.,0.,1.));
#6591=DIRECTION('center_axis',(0.,1.81260901979617E-16,-1.));
#6592=DIRECTION('ref_axis',(-1.4285316416347E-31,-1.,-1.81260901979617E-16));
#6593=DIRECTION('',(-1.4285316416347E-31,-1.,-1.81260901979617E-16));
#6594=DIRECTION('',(-1.,0.,0.));
#6595=DIRECTION('',(-1.4285316416347E-31,-1.,-1.81260901979617E-16));
#6596=DIRECTION('',(-1.,0.,0.));
#6597=DIRECTION('center_axis',(0.,0.,1.));
#6598=DIRECTION('ref_axis',(0.,1.,0.));
#6599=DIRECTION('',(0.,1.,0.));
#6600=DIRECTION('',(1.,0.,0.));
#6601=DIRECTION('',(0.,1.,0.));
#6602=DIRECTION('',(-1.,0.,0.));
#6603=DIRECTION('center_axis',(-1.,0.,0.));
#6604=DIRECTION('ref_axis',(0.,0.,1.));
#6605=DIRECTION('',(0.,0.,1.));
#6606=DIRECTION('',(-7.88107984696741E-16,1.22464679914735E-16,-1.));
#6607=DIRECTION('center_axis',(0.,2.3373116307898E-15,-1.));
#6608=DIRECTION('ref_axis',(-1.84205395895001E-30,-1.,-2.3373116307898E-15));
#6609=DIRECTION('',(-1.84205395895001E-30,-1.,-2.3373116307898E-15));
#6610=DIRECTION('',(-1.,0.,0.));
#6611=DIRECTION('',(-1.84205395895001E-30,-1.,-2.3373116307898E-15));
#6612=DIRECTION('',(-1.,0.,0.));
#6613=DIRECTION('center_axis',(0.,1.,0.));
#6614=DIRECTION('ref_axis',(-7.88107984696741E-16,0.,-1.));
#6615=DIRECTION('',(-7.88107984696741E-16,0.,-1.));
#6616=DIRECTION('',(-1.,0.,0.));
#6617=DIRECTION('',(-7.88107984696741E-16,0.,-1.));
#6618=DIRECTION('center_axis',(0.,0.,1.));
#6619=DIRECTION('ref_axis',(0.,1.,0.));
#6620=DIRECTION('',(0.,1.,0.));
#6621=DIRECTION('',(-1.,0.,0.));
#6622=DIRECTION('',(0.,1.,0.));
#6623=DIRECTION('center_axis',(0.,-1.,0.));
#6624=DIRECTION('ref_axis',(7.88107984696741E-16,0.,1.));
#6625=DIRECTION('',(7.88107984696741E-16,0.,1.));
#6626=DIRECTION('',(7.88107984696741E-16,0.,1.));
#6627=DIRECTION('center_axis',(-1.,0.,0.));
#6628=DIRECTION('ref_axis',(0.,0.,1.));
#6629=DIRECTION('center_axis',(0.,0.,-1.));
#6630=DIRECTION('ref_axis',(0.,-1.,0.));
#6631=DIRECTION('',(0.,-1.,0.));
#6632=DIRECTION('',(-1.,0.,0.));
#6633=DIRECTION('',(0.,-1.,0.));
#6634=DIRECTION('',(-1.,0.,0.));
#6635=DIRECTION('center_axis',(0.,0.,1.));
#6636=DIRECTION('ref_axis',(0.,1.,0.));
#6637=DIRECTION('',(0.,1.,0.));
#6638=DIRECTION('',(1.,0.,0.));
#6639=DIRECTION('',(0.,1.,0.));
#6640=DIRECTION('',(-1.,0.,0.));
#6641=DIRECTION('center_axis',(-1.,0.,0.));
#6642=DIRECTION('ref_axis',(0.,0.,1.));
#6643=DIRECTION('',(0.,0.,1.));
#6644=DIRECTION('',(-7.88107984696741E-16,0.,-1.));
#6645=DIRECTION('center_axis',(0.,0.,-1.));
#6646=DIRECTION('ref_axis',(0.,-1.,0.));
#6647=DIRECTION('',(0.,-1.,0.));
#6648=DIRECTION('',(-1.,0.,0.));
#6649=DIRECTION('',(0.,-1.,0.));
#6650=DIRECTION('',(-1.,0.,0.));
#6651=DIRECTION('center_axis',(0.,1.,0.));
#6652=DIRECTION('ref_axis',(-7.88107984696741E-16,0.,-1.));
#6653=DIRECTION('',(-7.88107984696741E-16,0.,-1.));
#6654=DIRECTION('',(-1.,0.,0.));
#6655=DIRECTION('',(-7.88107984696741E-16,0.,-1.));
#6656=DIRECTION('center_axis',(0.,0.,1.));
#6657=DIRECTION('ref_axis',(0.,1.,0.));
#6658=DIRECTION('',(0.,1.,0.));
#6659=DIRECTION('',(-1.,0.,0.));
#6660=DIRECTION('',(0.,1.,0.));
#6661=DIRECTION('center_axis',(0.,-1.,0.));
#6662=DIRECTION('ref_axis',(7.88107984696741E-16,0.,1.));
#6663=DIRECTION('',(7.88107984696741E-16,0.,1.));
#6664=DIRECTION('',(7.88107984696741E-16,0.,1.));
#6665=DIRECTION('center_axis',(-1.,0.,0.));
#6666=DIRECTION('ref_axis',(0.,0.,1.));
#6667=DIRECTION('center_axis',(1.,0.,-7.88107984696741E-16));
#6668=DIRECTION('ref_axis',(7.88107984696741E-16,-1.32569903116354E-31,
1.));
#6669=DIRECTION('',(7.88107984696741E-16,-1.32569903116354E-31,1.));
#6670=DIRECTION('',(0.,-1.,0.));
#6671=DIRECTION('',(-7.88107984696741E-16,1.32569903116354E-31,-1.));
#6672=DIRECTION('center_axis',(1.,0.,-7.88107984696741E-16));
#6673=DIRECTION('ref_axis',(7.88107984696741E-16,-1.32569903116354E-31,
1.));
#6674=DIRECTION('',(7.88107984696741E-16,-1.32569903116354E-31,1.));
#6675=DIRECTION('',(-7.88107984696741E-16,1.32569903116354E-31,-1.));
#6676=DIRECTION('center_axis',(-1.,0.,7.88107984696741E-16));
#6677=DIRECTION('ref_axis',(0.,1.,0.));
#6678=DIRECTION('',(-7.88107984696741E-16,0.,-1.));
#6679=DIRECTION('center_axis',(-1.,0.,7.88107984696741E-16));
#6680=DIRECTION('ref_axis',(0.,-2.77555756156289E-16,-1.));
#6681=DIRECTION('',(0.,-1.,0.));
#6682=DIRECTION('center_axis',(-1.,0.,7.88107984696741E-16));
#6683=DIRECTION('ref_axis',(0.,-1.,0.));
#6684=DIRECTION('',(7.88107984696741E-16,0.,1.));
#6685=DIRECTION('center_axis',(-1.,0.,7.88107984696741E-16));
#6686=DIRECTION('ref_axis',(0.,-1.11022302462516E-15,1.));
#6687=DIRECTION('',(7.17193139755125E-32,1.,9.10018872643571E-17));
#6688=DIRECTION('center_axis',(-1.,0.,7.88107984696741E-16));
#6689=DIRECTION('ref_axis',(-7.15927464344919E-16,0.,-1.));
#6690=DIRECTION('center_axis',(-1.,0.,7.88107984696741E-16));
#6691=DIRECTION('ref_axis',(-7.15927464344919E-16,0.,-1.));
#6692=DIRECTION('center_axis',(1.,0.,-7.88107984696741E-16));
#6693=DIRECTION('ref_axis',(7.88107984696741E-16,-1.32569903116354E-31,
1.));
#6694=DIRECTION('',(-7.88107984696741E-16,1.32569903116354E-31,-1.));
#6695=DIRECTION('',(0.,-1.,0.));
#6696=DIRECTION('',(7.88107984696741E-16,-1.32569903116354E-31,1.));
#6697=DIRECTION('center_axis',(-1.,0.,0.));
#6698=DIRECTION('ref_axis',(0.,1.,0.));
#6699=DIRECTION('center_axis',(1.,0.,5.20058769698876E-17));
#6700=DIRECTION('ref_axis',(0.,1.,0.));
#6701=DIRECTION('',(-1.,0.,0.));
#6702=DIRECTION('',(-1.,0.,0.));
#6703=DIRECTION('center_axis',(0.,-9.10018872643571E-17,1.));
#6704=DIRECTION('ref_axis',(7.17193139755125E-32,1.,9.10018872643571E-17));
#6705=DIRECTION('',(4.73263295309774E-33,-1.,-9.10018872643571E-17));
#6706=DIRECTION('',(-1.,0.,0.));
#6707=DIRECTION('center_axis',(-1.,0.,0.));
#6708=DIRECTION('ref_axis',(0.,-1.11022302462516E-15,1.));
#6709=DIRECTION('center_axis',(1.,0.,5.20058769698876E-17));
#6710=DIRECTION('ref_axis',(0.,-1.11022302462516E-15,1.));
#6711=DIRECTION('',(-1.,0.,0.));
#6712=DIRECTION('center_axis',(0.,-1.,0.));
#6713=DIRECTION('ref_axis',(7.88107984696741E-16,0.,1.));
#6714=DIRECTION('',(5.20058769698876E-17,0.,-1.));
#6715=DIRECTION('',(-1.,0.,0.));
#6716=DIRECTION('center_axis',(-1.,0.,0.));
#6717=DIRECTION('ref_axis',(0.,-1.,0.));
#6718=DIRECTION('center_axis',(1.,0.,5.20058769698876E-17));
#6719=DIRECTION('ref_axis',(0.,-1.,0.));
#6720=DIRECTION('',(-1.,0.,0.));
#6721=DIRECTION('center_axis',(0.,0.,-1.));
#6722=DIRECTION('ref_axis',(0.,-1.,0.));
#6723=DIRECTION('',(0.,1.,0.));
#6724=DIRECTION('',(-1.,0.,0.));
#6725=DIRECTION('center_axis',(-1.,0.,0.));
#6726=DIRECTION('ref_axis',(0.,-2.77555756156289E-16,-1.));
#6727=DIRECTION('center_axis',(1.,0.,5.20058769698876E-17));
#6728=DIRECTION('ref_axis',(0.,-2.77555756156289E-16,-1.));
#6729=DIRECTION('',(-1.,0.,0.));
#6730=DIRECTION('center_axis',(0.,1.,0.));
#6731=DIRECTION('ref_axis',(-7.88107984696741E-16,0.,-1.));
#6732=DIRECTION('',(-5.20058769698876E-17,0.,1.));
#6733=DIRECTION('center_axis',(-1.,0.,7.15927464344919E-16));
#6734=DIRECTION('ref_axis',(-7.15927464344919E-16,0.,-1.));
#6735=DIRECTION('',(-1.,0.,7.15927464344919E-16));
#6736=DIRECTION('center_axis',(1.,0.,5.20058769698876E-17));
#6737=DIRECTION('ref_axis',(-7.15927464344919E-16,0.,-1.));
#6738=DIRECTION('center_axis',(0.,1.,2.79446600571475E-17));
#6739=DIRECTION('ref_axis',(5.20058769698876E-17,2.79446600571475E-17,-1.));
#6740=DIRECTION('',(-1.95612620400033E-17,-2.79446600571475E-17,1.));
#6741=DIRECTION('',(9.27989321814479E-32,1.32569903116354E-31,-1.));
#6742=DIRECTION('',(-1.,0.,0.));
#6743=DIRECTION('center_axis',(0.,3.94745964311167E-16,1.));
#6744=DIRECTION('ref_axis',(2.05291100543262E-32,1.,-3.94745964311167E-16));
#6745=DIRECTION('',(-0.573462344363329,-0.81923192051904,3.23388494459778E-16));
#6746=DIRECTION('',(0.573462344363329,0.81923192051904,-3.23388494459778E-16));
#6747=DIRECTION('center_axis',(-1.,0.,-5.20058769698876E-17));
#6748=DIRECTION('ref_axis',(5.20058769698876E-17,1.32569903116354E-31,-1.));
#6749=DIRECTION('',(0.,1.,0.));
#6750=DIRECTION('',(9.27989321814479E-32,1.32569903116354E-31,-1.));
#6751=DIRECTION('center_axis',(0.,0.,-1.));
#6752=DIRECTION('ref_axis',(0.,-1.,0.));
#6753=DIRECTION('',(-0.573462344363329,-0.81923192051904,0.));
#6754=DIRECTION('center_axis',(0.81923192051904,-0.573462344363329,0.));
#6755=DIRECTION('ref_axis',(0.,0.,-1.));
#6756=DIRECTION('center_axis',(-1.,0.,0.));
#6757=DIRECTION('ref_axis',(0.,0.,1.));
#6758=DIRECTION('',(0.,0.,1.));
#6759=DIRECTION('',(0.,0.,-1.));
#6760=DIRECTION('',(0.,1.,0.));
#6761=DIRECTION('',(0.,1.,0.));
#6762=DIRECTION('center_axis',(-6.125368411725E-16,0.,-1.));
#6763=DIRECTION('ref_axis',(-1.,0.,6.125368411725E-16));
#6764=DIRECTION('',(0.,1.,0.));
#6765=DIRECTION('',(-1.,0.,6.125368411725E-16));
#6766=DIRECTION('',(0.,1.,0.));
#6767=DIRECTION('center_axis',(0.,1.,0.));
#6768=DIRECTION('ref_axis',(0.,0.,-1.));
#6769=DIRECTION('center_axis',(0.,1.,0.));
#6770=DIRECTION('ref_axis',(0.,0.,-1.));
#6771=DIRECTION('center_axis',(0.,1.,0.));
#6772=DIRECTION('ref_axis',(-1.,0.,-3.33066907387548E-15));
#6773=DIRECTION('',(0.,1.,0.));
#6774=DIRECTION('center_axis',(0.,0.,1.));
#6775=DIRECTION('ref_axis',(1.,0.,0.));
#6776=DIRECTION('',(0.,1.,0.));
#6777=DIRECTION('center_axis',(0.,1.,0.));
#6778=DIRECTION('ref_axis',(0.,0.,1.));
#6779=DIRECTION('',(0.,1.,0.));
#6780=DIRECTION('center_axis',(0.,1.,0.));
#6781=DIRECTION('ref_axis',(0.,0.,1.));
#6782=DIRECTION('center_axis',(1.,0.,0.));
#6783=DIRECTION('ref_axis',(0.,0.,-1.));
#6784=DIRECTION('',(0.,1.,0.));
#6785=DIRECTION('',(0.,0.,-1.));
#6786=DIRECTION('center_axis',(0.,1.,0.));
#6787=DIRECTION('ref_axis',(1.,0.,0.));
#6788=DIRECTION('center_axis',(0.,1.,0.));
#6789=DIRECTION('ref_axis',(1.,0.,0.));
#6790=DIRECTION('center_axis',(-0.81923192051904,-0.573462344363329,0.));
#6791=DIRECTION('ref_axis',(0.,0.,1.));
#6792=DIRECTION('',(-0.49746833816309,0.710669054518702,-0.497468338163091));
#6793=DIRECTION('',(-0.497468338163091,0.710669054518701,0.497468338163091));
#6794=DIRECTION('',(-0.497468338163091,0.710669054518701,0.497468338163091));
#6795=DIRECTION('',(1.6971562159875E-16,0.,1.));
#6796=DIRECTION('',(-0.49746833816309,0.710669054518702,-0.497468338163091));
#6797=DIRECTION('',(0.573462344363329,-0.81923192051904,3.47241869948972E-62));
#6798=DIRECTION('center_axis',(1.,0.,0.));
#6799=DIRECTION('ref_axis',(0.,0.,-1.));
#6800=DIRECTION('',(0.,-1.,0.));
#6801=DIRECTION('',(0.,1.,0.));
#6802=DIRECTION('',(0.,0.,1.));
#6803=DIRECTION('center_axis',(-0.81923192051904,-0.573462344363329,0.));
#6804=DIRECTION('ref_axis',(0.,0.,1.));
#6805=DIRECTION('',(0.573462344363329,-0.81923192051904,0.));
#6806=DIRECTION('',(-0.573462344363329,0.81923192051904,-1.59167774616922E-16));
#6807=DIRECTION('',(0.497468338163091,-0.710669054518701,0.497468338163091));
#6808=DIRECTION('',(9.27989321814479E-32,-1.32569903116354E-31,1.));
#6809=DIRECTION('',(0.497468338163091,-0.710669054518701,-0.497468338163091));
#6810=DIRECTION('center_axis',(-6.125368411725E-16,0.,-1.));
#6811=DIRECTION('ref_axis',(-1.,0.,6.125368411725E-16));
#6812=DIRECTION('',(0.,-1.,0.));
#6813=DIRECTION('',(0.,1.,0.));
#6814=DIRECTION('',(1.,-1.71951330583184E-31,-6.125368411725E-16));
#6815=DIRECTION('center_axis',(-4.5675387614976E-31,1.,1.32569903116354E-31));
#6816=DIRECTION('ref_axis',(0.,-1.32569903116354E-31,1.));
#6817=DIRECTION('',(-1.,-4.56753876149761E-31,6.31629814861201E-15));
#6818=DIRECTION('',(9.27989321814479E-32,1.32569903116354E-31,-1.));
#6819=DIRECTION('',(1.,4.5675387614976E-31,-6.125368411725E-16));
#6820=DIRECTION('',(-1.,-4.5675387614976E-31,3.19727713304832E-31));
#6821=DIRECTION('',(9.27989321814479E-32,1.32569903116354E-31,-1.));
#6822=DIRECTION('',(1.,4.5675387614976E-31,-3.95108683944473E-16));
#6823=DIRECTION('center_axis',(-4.5675387614976E-31,1.,1.32569903116354E-31));
#6824=DIRECTION('ref_axis',(1.,0.,6.05518171091928E-62));
#6825=DIRECTION('center_axis',(-4.5675387614976E-31,1.,1.32569903116354E-31));
#6826=DIRECTION('ref_axis',(1.,0.,6.05518171091929E-62));
#6827=DIRECTION('center_axis',(-4.5675387614976E-31,1.,1.32569903116354E-31));
#6828=DIRECTION('ref_axis',(0.,-1.32569903116354E-31,1.));
#6829=DIRECTION('center_axis',(4.5675387614976E-31,-1.,-1.32569903116354E-31));
#6830=DIRECTION('ref_axis',(1.,4.5675387614976E-31,6.05518171091929E-62));
#6831=DIRECTION('center_axis',(4.5675387614976E-31,-1.,-1.32569903116354E-31));
#6832=DIRECTION('ref_axis',(1.,4.5675387614976E-31,6.05518171091929E-62));
#6833=DIRECTION('center_axis',(0.,-1.,0.));
#6834=DIRECTION('ref_axis',(1.,0.,6.05518171091929E-62));
#6835=DIRECTION('',(0.,1.,0.));
#6836=DIRECTION('center_axis',(-4.5675387614976E-31,1.,1.32569903116354E-31));
#6837=DIRECTION('ref_axis',(0.,-1.32569903116354E-31,1.));
#6838=DIRECTION('center_axis',(4.5675387614976E-31,-1.,-1.32569903116354E-31));
#6839=DIRECTION('ref_axis',(1.,4.5675387614976E-31,6.05518171091928E-62));
#6840=DIRECTION('center_axis',(4.5675387614976E-31,-1.,-1.32569903116354E-31));
#6841=DIRECTION('ref_axis',(1.,4.5675387614976E-31,6.05518171091928E-62));
#6842=DIRECTION('center_axis',(0.,-1.,0.));
#6843=DIRECTION('ref_axis',(1.,0.,6.05518171091928E-62));
#6844=DIRECTION('',(0.,1.,0.));
#6845=DIRECTION('center_axis',(0.,-1.,0.));
#6846=DIRECTION('ref_axis',(1.,0.,6.05518171091929E-62));
#6847=DIRECTION('center_axis',(4.5675387614976E-31,-1.,-1.32569903116354E-31));
#6848=DIRECTION('ref_axis',(1.,0.,6.05518171091929E-62));
#6849=DIRECTION('center_axis',(4.5675387614976E-31,-1.,-1.32569903116354E-31));
#6850=DIRECTION('ref_axis',(1.,0.,6.05518171091929E-62));
#6851=DIRECTION('',(0.,-1.,0.));
#6852=DIRECTION('center_axis',(0.,1.,0.));
#6853=DIRECTION('ref_axis',(1.,0.,0.));
#6854=DIRECTION('center_axis',(0.,1.,0.));
#6855=DIRECTION('ref_axis',(1.,0.,0.));
#6856=DIRECTION('center_axis',(0.,1.,0.));
#6857=DIRECTION('ref_axis',(0.,0.,-1.));
#6858=DIRECTION('center_axis',(1.,0.,0.));
#6859=DIRECTION('ref_axis',(0.,0.,1.));
#6860=DIRECTION('center_axis',(0.,-1.,0.));
#6861=DIRECTION('ref_axis',(1.,0.,6.05518171091928E-62));
#6862=DIRECTION('center_axis',(4.5675387614976E-31,-1.,-1.32569903116354E-31));
#6863=DIRECTION('ref_axis',(1.,0.,6.05518171091928E-62));
#6864=DIRECTION('center_axis',(4.5675387614976E-31,-1.,-1.32569903116354E-31));
#6865=DIRECTION('ref_axis',(1.,0.,6.05518171091928E-62));
#6866=DIRECTION('',(0.,-1.,0.));
#6867=DIRECTION('center_axis',(0.,1.,0.));
#6868=DIRECTION('ref_axis',(1.,0.,0.));
#6869=DIRECTION('center_axis',(0.,1.,0.));
#6870=DIRECTION('ref_axis',(1.,0.,0.));
#6871=DIRECTION('center_axis',(0.,1.,0.));
#6872=DIRECTION('ref_axis',(0.,0.,-1.));
#6873=DIRECTION('center_axis',(1.,0.,0.));
#6874=DIRECTION('ref_axis',(0.,0.,1.));
#6875=DIRECTION('center_axis',(0.,-0.573462344363328,-0.81923192051904));
#6876=DIRECTION('ref_axis',(-1.,0.,0.));
#6877=DIRECTION('',(-1.,0.,0.));
#6878=DIRECTION('',(-0.497468338163092,-0.710669054518701,0.497468338163091));
#6879=DIRECTION('',(-1.,3.96508223080413E-16,-2.77555756156289E-16));
#6880=DIRECTION('',(0.,-0.81923192051904,0.573462344363328));
#6881=DIRECTION('',(0.,0.81923192051904,-0.573462344363328));
#6882=DIRECTION('center_axis',(5.01809732782414E-16,-0.573462344363329,
0.81923192051904));
#6883=DIRECTION('ref_axis',(1.,0.,-6.125368411725E-16));
#6884=DIRECTION('',(-0.497468338163091,0.710669054518701,0.497468338163091));
#6885=DIRECTION('',(-0.49746833816309,-0.710669054518701,-0.497468338163093));
#6886=DIRECTION('',(1.,8.75052630246428E-16,6.05518171091929E-62));
#6887=DIRECTION('',(-0.49746833816309,-0.710669054518701,-0.497468338163093));
#6888=DIRECTION('',(1.,0.,4.03717463500057E-16));
#6889=DIRECTION('',(-0.497468338163091,0.710669054518701,0.497468338163091));
#6890=DIRECTION('',(1.,8.75052630246428E-16,6.05518171091928E-62));
#6891=DIRECTION('center_axis',(5.01809732782414E-16,-0.573462344363329,
0.81923192051904));
#6892=DIRECTION('ref_axis',(1.,0.,-6.125368411725E-16));
#6893=DIRECTION('',(0.,-0.81923192051904,-0.573462344363329));
#6894=DIRECTION('',(0.,0.81923192051904,0.573462344363329));
#6895=DIRECTION('',(1.,8.75052630246428E-16,0.));
#6896=DIRECTION('',(0.497468338163092,0.710669054518701,0.497468338163091));
#6897=DIRECTION('',(1.,8.75052630246428E-16,0.));
#6898=DIRECTION('center_axis',(-4.5675387614976E-31,1.,1.32569903116354E-31));
#6899=DIRECTION('ref_axis',(0.,-1.32569903116354E-31,1.));
#6900=DIRECTION('center_axis',(0.,-1.,0.));
#6901=DIRECTION('ref_axis',(0.,0.,1.));
#6902=DIRECTION('',(-2.26287495465E-16,0.,-1.));
#6903=DIRECTION('center_axis',(0.,-1.,0.));
#6904=DIRECTION('ref_axis',(1.,0.,0.));
#6905=DIRECTION('center_axis',(0.,-1.,0.));
#6906=DIRECTION('ref_axis',(-1.11022302462516E-15,0.,-1.));
#6907=DIRECTION('center_axis',(0.,-1.,0.));
#6908=DIRECTION('ref_axis',(-1.,0.,0.));
#6909=DIRECTION('',(0.497468338163092,0.710669054518701,-0.497468338163091));
#6910=DIRECTION('center_axis',(6.05518171091928E-62,0.,-1.));
#6911=DIRECTION('ref_axis',(0.702038369043014,0.712139121514486,0.));
#6912=DIRECTION('center_axis',(0.81923192051904,-0.573462344363329,0.));
#6913=DIRECTION('ref_axis',(0.,0.,-1.));
#6914=DIRECTION('',(-0.573462344363329,-0.81923192051904,0.));
#6915=DIRECTION('',(0.,0.,-1.));
#6916=DIRECTION('',(0.573462344363329,0.81923192051904,0.));
#6917=DIRECTION('center_axis',(2.77555756156289E-16,0.,-1.));
#6918=DIRECTION('ref_axis',(-1.,0.,-2.77555756156289E-16));
#6919=DIRECTION('',(0.,1.,0.));
#6920=DIRECTION('center_axis',(-1.,0.,0.));
#6921=DIRECTION('ref_axis',(0.,0.,1.));
#6922=DIRECTION('center_axis',(0.,1.,0.));
#6923=DIRECTION('ref_axis',(-1.,0.,0.));
#6924=DIRECTION('center_axis',(0.,1.,0.));
#6925=DIRECTION('ref_axis',(-1.,0.,0.));
#6926=DIRECTION('',(0.,-1.,0.));
#6927=DIRECTION('center_axis',(0.,0.,-1.));
#6928=DIRECTION('ref_axis',(-1.,0.,0.));
#6929=DIRECTION('',(0.,1.,0.));
#6930=DIRECTION('',(0.,-1.,0.));
#6931=DIRECTION('',(-0.573462344363329,-0.81923192051904,0.));
#6932=DIRECTION('center_axis',(0.,1.,0.));
#6933=DIRECTION('ref_axis',(-1.,0.,0.));
#6934=DIRECTION('center_axis',(0.,1.,0.));
#6935=DIRECTION('ref_axis',(-1.,0.,0.));
#6936=DIRECTION('',(0.,-1.,0.));
#6937=DIRECTION('center_axis',(1.,0.,0.));
#6938=DIRECTION('ref_axis',(0.,0.,-1.));
#6939=DIRECTION('center_axis',(-1.,0.,0.));
#6940=DIRECTION('ref_axis',(0.,0.,1.));
#6941=DIRECTION('',(0.,1.,0.));
#6942=DIRECTION('center_axis',(0.,1.,0.));
#6943=DIRECTION('ref_axis',(-1.,0.,0.));
#6944=DIRECTION('center_axis',(0.,1.,0.));
#6945=DIRECTION('ref_axis',(-1.,0.,0.));
#6946=DIRECTION('',(0.,-1.,0.));
#6947=DIRECTION('center_axis',(0.,0.,1.));
#6948=DIRECTION('ref_axis',(1.,0.,0.));
#6949=DIRECTION('center_axis',(0.,0.,1.));
#6950=DIRECTION('ref_axis',(1.,0.,0.));
#6951=DIRECTION('',(0.,1.,0.));
#6952=DIRECTION('',(0.,1.,0.));
#6953=DIRECTION('center_axis',(0.,1.,0.));
#6954=DIRECTION('ref_axis',(-1.,0.,0.));
#6955=DIRECTION('center_axis',(0.,1.,0.));
#6956=DIRECTION('ref_axis',(-1.,0.,0.));
#6957=DIRECTION('',(0.,-1.,0.));
#6958=DIRECTION('center_axis',(1.,0.,0.));
#6959=DIRECTION('ref_axis',(0.,0.,-1.));
#6960=DIRECTION('',(0.497468338163094,0.710669054518701,0.497468338163089));
#6961=DIRECTION('center_axis',(6.05518171091929E-62,0.,-1.));
#6962=DIRECTION('ref_axis',(-0.702038369043013,-0.712139121514488,0.));
#6963=DIRECTION('',(0.497468338163094,0.710669054518701,0.497468338163089));
#6964=DIRECTION('center_axis',(-1.,0.,0.));
#6965=DIRECTION('ref_axis',(0.,0.712139121514488,0.702038369043013));
#6966=DIRECTION('center_axis',(6.05518171091928E-62,0.,-1.));
#6967=DIRECTION('ref_axis',(0.702038369043014,-0.712139121514487,0.));
#6968=DIRECTION('center_axis',(0.,-1.,0.));
#6969=DIRECTION('ref_axis',(0.,0.,-1.));
#6970=DIRECTION('',(1.,4.5675387614976E-31,6.05518171091928E-62));
#6971=DIRECTION('center_axis',(6.05518171091928E-62,0.,-1.));
#6972=DIRECTION('ref_axis',(1.,4.5675387614976E-31,6.05518171091928E-62));
#6973=DIRECTION('center_axis',(0.,-1.,0.));
#6974=DIRECTION('ref_axis',(0.,0.,-1.));
#6975=DIRECTION('',(1.,4.5675387614976E-31,6.05518171091929E-62));
#6976=DIRECTION('',(0.,1.32569903116354E-31,-1.));
#6977=DIRECTION('center_axis',(-1.,0.,0.));
#6978=DIRECTION('ref_axis',(0.,1.32569903116354E-31,-1.));
#6979=DIRECTION('',(0.,0.,-1.));
#6980=DIRECTION('',(0.,-1.,0.));
#6981=DIRECTION('center_axis',(6.05518171091929E-62,0.,-1.));
#6982=DIRECTION('ref_axis',(1.,4.5675387614976E-31,6.05518171091929E-62));
#6983=DIRECTION('center_axis',(0.,-1.,0.));
#6984=DIRECTION('ref_axis',(0.,0.,-1.));
#6985=DIRECTION('',(0.,1.32569903116354E-31,-1.));
#6986=DIRECTION('',(1.,4.5675387614976E-31,6.05518171091928E-62));
#6987=DIRECTION('center_axis',(6.05518171091928E-62,0.,-1.));
#6988=DIRECTION('ref_axis',(1.,4.5675387614976E-31,6.05518171091928E-62));
#6989=DIRECTION('',(0.,-1.,0.));
#6990=DIRECTION('center_axis',(-1.,0.,0.));
#6991=DIRECTION('ref_axis',(0.,1.32569903116354E-31,-1.));
#6992=DIRECTION('center_axis',(0.,-1.,0.));
#6993=DIRECTION('ref_axis',(0.,0.,-1.));
#6994=DIRECTION('',(1.,4.5675387614976E-31,6.05518171091928E-62));
#6995=DIRECTION('',(0.,1.32569903116354E-31,-1.));
#6996=DIRECTION('center_axis',(-1.,0.,0.));
#6997=DIRECTION('ref_axis',(0.,1.32569903116354E-31,-1.));
#6998=DIRECTION('',(0.,0.,-1.));
#6999=DIRECTION('',(0.,-1.,0.));
#7000=DIRECTION('center_axis',(6.05518171091928E-62,0.,-1.));
#7001=DIRECTION('ref_axis',(1.,4.5675387614976E-31,6.05518171091928E-62));
#7002=DIRECTION('',(0.573462344363329,0.81923192051904,3.47241869948973E-62));
#7003=DIRECTION('center_axis',(-6.31629814861201E-15,0.,-1.));
#7004=DIRECTION('ref_axis',(1.,4.56753876149761E-31,-6.31629814861201E-15));
#7005=DIRECTION('',(-1.,0.,0.));
#7006=DIRECTION('',(0.,-1.,0.));
#7007=DIRECTION('center_axis',(0.81923192051904,-0.573462344363329,0.));
#7008=DIRECTION('ref_axis',(0.,0.,-1.));
#7009=DIRECTION('center_axis',(-1.,0.,0.));
#7010=DIRECTION('ref_axis',(0.,0.,1.));
#7011=DIRECTION('',(0.,0.,1.));
#7012=DIRECTION('',(0.,1.,-3.62521803959235E-16));
#7013=DIRECTION('',(0.,0.,-1.));
#7014=DIRECTION('center_axis',(0.81923192051904,-0.573462344363329,0.));
#7015=DIRECTION('ref_axis',(0.,0.,-1.));
#7016=DIRECTION('',(0.573462344363329,0.81923192051904,-2.96989433687551E-16));
#7017=DIRECTION('center_axis',(0.,-1.,0.));
#7018=DIRECTION('ref_axis',(-5.20058769698876E-17,0.,1.));
#7019=DIRECTION('',(-1.,-4.5675387614976E-31,3.95108683944473E-16));
#7020=DIRECTION('center_axis',(0.,3.62521803959235E-16,1.));
#7021=DIRECTION('ref_axis',(1.88532643356057E-32,1.,-3.62521803959235E-16));
#7022=CARTESIAN_POINT('',(0.,0.,0.));
#7023=CARTESIAN_POINT('Origin',(-39.,28.8,-27.5));
#7024=CARTESIAN_POINT('',(-39.,26.8,-31.5));
#7025=CARTESIAN_POINT('',(-39.,26.8,-27.5));
#7026=CARTESIAN_POINT('',(-39.,26.8,-61.));
#7027=CARTESIAN_POINT('',(-39.,28.8,-31.5));
#7028=CARTESIAN_POINT('',(-39.,28.8,-31.5));
#7029=CARTESIAN_POINT('',(-39.,28.8,-27.5));
#7030=CARTESIAN_POINT('',(-39.,28.8,-61.));
#7031=CARTESIAN_POINT('',(-39.,28.8,-27.5));
#7032=CARTESIAN_POINT('Origin',(-22.,28.8,-27.5));
#7033=CARTESIAN_POINT('',(-22.,26.8,-27.5));
#7034=CARTESIAN_POINT('',(-41.,26.8,-27.5));
#7035=CARTESIAN_POINT('',(-22.,28.8,-27.5));
#7036=CARTESIAN_POINT('',(-41.,28.8,-27.5));
#7037=CARTESIAN_POINT('',(-22.,28.8,-27.5));
#7038=CARTESIAN_POINT('Origin',(-22.,28.8,-31.5));
#7039=CARTESIAN_POINT('',(-22.,26.8,-31.5));
#7040=CARTESIAN_POINT('',(-22.,26.8,-63.));
#7041=CARTESIAN_POINT('',(-22.,28.8,-31.5));
#7042=CARTESIAN_POINT('',(-22.,28.8,-63.));
#7043=CARTESIAN_POINT('',(-22.,28.8,-31.5));
#7044=CARTESIAN_POINT('Origin',(-39.,28.8,-31.5));
#7045=CARTESIAN_POINT('',(-49.5,26.8,-31.5));
#7046=CARTESIAN_POINT('',(-49.5,28.8,-31.5));
#7047=CARTESIAN_POINT('Origin',(-39.,28.8,-37.5));
#7048=CARTESIAN_POINT('',(-39.,26.8,-41.5));
#7049=CARTESIAN_POINT('',(-39.,26.8,-37.5));
#7050=CARTESIAN_POINT('',(-39.,26.8,-66.));
#7051=CARTESIAN_POINT('',(-39.,28.8,-41.5));
#7052=CARTESIAN_POINT('',(-39.,28.8,-41.5));
#7053=CARTESIAN_POINT('',(-39.,28.8,-37.5));
#7054=CARTESIAN_POINT('',(-39.,28.8,-66.));
#7055=CARTESIAN_POINT('',(-39.,28.8,-37.5));
#7056=CARTESIAN_POINT('Origin',(-22.,28.8,-37.5));
#7057=CARTESIAN_POINT('',(-22.,26.8,-37.5));
#7058=CARTESIAN_POINT('',(-41.,26.8,-37.5));
#7059=CARTESIAN_POINT('',(-22.,28.8,-37.5));
#7060=CARTESIAN_POINT('',(-41.,28.8,-37.5));
#7061=CARTESIAN_POINT('',(-22.,28.8,-37.5));
#7062=CARTESIAN_POINT('Origin',(-22.,28.8,-41.5));
#7063=CARTESIAN_POINT('',(-22.,26.8,-41.5));
#7064=CARTESIAN_POINT('',(-22.,26.8,-68.));
#7065=CARTESIAN_POINT('',(-22.,28.8,-41.5));
#7066=CARTESIAN_POINT('',(-22.,28.8,-68.));
#7067=CARTESIAN_POINT('',(-22.,28.8,-41.5));
#7068=CARTESIAN_POINT('Origin',(-39.,28.8,-41.5));
#7069=CARTESIAN_POINT('',(-49.5,26.8,-41.5));
#7070=CARTESIAN_POINT('',(-49.5,28.8,-41.5));
#7071=CARTESIAN_POINT('Origin',(-39.,28.8,-47.5));
#7072=CARTESIAN_POINT('',(-39.,26.8,-51.5));
#7073=CARTESIAN_POINT('',(-39.,26.8,-47.5));
#7074=CARTESIAN_POINT('',(-39.,26.8,-71.));
#7075=CARTESIAN_POINT('',(-39.,28.8,-51.5));
#7076=CARTESIAN_POINT('',(-39.,28.8,-51.5));
#7077=CARTESIAN_POINT('',(-39.,28.8,-47.5));
#7078=CARTESIAN_POINT('',(-39.,28.8,-71.));
#7079=CARTESIAN_POINT('',(-39.,28.8,-47.5));
#7080=CARTESIAN_POINT('Origin',(-22.,28.8,-47.5));
#7081=CARTESIAN_POINT('',(-22.,26.8,-47.5));
#7082=CARTESIAN_POINT('',(-41.,26.8,-47.5));
#7083=CARTESIAN_POINT('',(-22.,28.8,-47.5));
#7084=CARTESIAN_POINT('',(-41.,28.8,-47.5));
#7085=CARTESIAN_POINT('',(-22.,28.8,-47.5));
#7086=CARTESIAN_POINT('Origin',(-22.,28.8,-51.5));
#7087=CARTESIAN_POINT('',(-22.,26.8,-51.5));
#7088=CARTESIAN_POINT('',(-22.,26.8,-73.));
#7089=CARTESIAN_POINT('',(-22.,28.8,-51.5));
#7090=CARTESIAN_POINT('',(-22.,28.8,-73.));
#7091=CARTESIAN_POINT('',(-22.,28.8,-51.5));
#7092=CARTESIAN_POINT('Origin',(-39.,28.8,-51.5));
#7093=CARTESIAN_POINT('',(-49.5,26.8,-51.5));
#7094=CARTESIAN_POINT('',(-49.5,28.8,-51.5));
#7095=CARTESIAN_POINT('Origin',(-39.,28.8,-57.5));
#7096=CARTESIAN_POINT('',(-39.,26.8,-61.5));
#7097=CARTESIAN_POINT('',(-39.,26.8,-57.5));
#7098=CARTESIAN_POINT('',(-39.,26.8,-76.));
#7099=CARTESIAN_POINT('',(-39.,28.8,-61.5));
#7100=CARTESIAN_POINT('',(-39.,28.8,-61.5));
#7101=CARTESIAN_POINT('',(-39.,28.8,-57.5));
#7102=CARTESIAN_POINT('',(-39.,28.8,-76.));
#7103=CARTESIAN_POINT('',(-39.,28.8,-57.5));
#7104=CARTESIAN_POINT('Origin',(-22.,28.8,-57.5));
#7105=CARTESIAN_POINT('',(-22.,26.8,-57.5));
#7106=CARTESIAN_POINT('',(-41.,26.8,-57.5));
#7107=CARTESIAN_POINT('',(-22.,28.8,-57.5));
#7108=CARTESIAN_POINT('',(-41.,28.8,-57.5));
#7109=CARTESIAN_POINT('',(-22.,28.8,-57.5));
#7110=CARTESIAN_POINT('Origin',(-22.,28.8,-61.5));
#7111=CARTESIAN_POINT('',(-22.,26.8,-61.5));
#7112=CARTESIAN_POINT('',(-22.,26.8,-78.));
#7113=CARTESIAN_POINT('',(-22.,28.8,-61.5));
#7114=CARTESIAN_POINT('',(-22.,28.8,-78.));
#7115=CARTESIAN_POINT('',(-22.,28.8,-61.5));
#7116=CARTESIAN_POINT('Origin',(-39.,28.8,-61.5));
#7117=CARTESIAN_POINT('',(-49.5,26.8,-61.5));
#7118=CARTESIAN_POINT('',(-49.5,28.8,-61.5));
#7119=CARTESIAN_POINT('Origin',(-39.,28.8,-67.5));
#7120=CARTESIAN_POINT('',(-39.,26.8,-71.4999999999999));
#7121=CARTESIAN_POINT('',(-39.,26.8,-67.5));
#7122=CARTESIAN_POINT('',(-39.,26.8,-81.));
#7123=CARTESIAN_POINT('',(-39.,28.8,-71.4999999999999));
#7124=CARTESIAN_POINT('',(-39.,28.8,-71.4999999999999));
#7125=CARTESIAN_POINT('',(-39.,28.8,-67.5));
#7126=CARTESIAN_POINT('',(-39.,28.8,-81.));
#7127=CARTESIAN_POINT('',(-39.,28.8,-67.5));
#7128=CARTESIAN_POINT('Origin',(-22.,28.8,-67.5));
#7129=CARTESIAN_POINT('',(-22.,26.8,-67.5));
#7130=CARTESIAN_POINT('',(-41.,26.8,-67.5));
#7131=CARTESIAN_POINT('',(-22.,28.8,-67.5));
#7132=CARTESIAN_POINT('',(-41.,28.8,-67.5));
#7133=CARTESIAN_POINT('',(-22.,28.8,-67.5));
#7134=CARTESIAN_POINT('Origin',(-22.,28.8,-71.4999999999999));
#7135=CARTESIAN_POINT('',(-22.,26.8,-71.4999999999999));
#7136=CARTESIAN_POINT('',(-22.,26.8,-83.));
#7137=CARTESIAN_POINT('',(-22.,28.8,-71.4999999999999));
#7138=CARTESIAN_POINT('',(-22.,28.8,-83.));
#7139=CARTESIAN_POINT('',(-22.,28.8,-71.4999999999999));
#7140=CARTESIAN_POINT('Origin',(-39.,28.8,-71.4999999999999));
#7141=CARTESIAN_POINT('',(-49.5,26.8,-71.5));
#7142=CARTESIAN_POINT('',(-49.5,28.8,-71.5));
#7143=CARTESIAN_POINT('Origin',(-39.,28.8,-77.5));
#7144=CARTESIAN_POINT('',(-39.,26.8,-81.4999999999999));
#7145=CARTESIAN_POINT('',(-39.,26.8,-77.5));
#7146=CARTESIAN_POINT('',(-39.,26.8,-86.));
#7147=CARTESIAN_POINT('',(-39.,28.8,-81.4999999999999));
#7148=CARTESIAN_POINT('',(-39.,28.8,-81.4999999999999));
#7149=CARTESIAN_POINT('',(-39.,28.8,-77.5));
#7150=CARTESIAN_POINT('',(-39.,28.8,-86.));
#7151=CARTESIAN_POINT('',(-39.,28.8,-77.5));
#7152=CARTESIAN_POINT('Origin',(-22.,28.8,-77.5));
#7153=CARTESIAN_POINT('',(-22.,26.8,-77.5));
#7154=CARTESIAN_POINT('',(-41.,26.8,-77.5));
#7155=CARTESIAN_POINT('',(-22.,28.8,-77.5));
#7156=CARTESIAN_POINT('',(-41.,28.8,-77.5));
#7157=CARTESIAN_POINT('',(-22.,28.8,-77.5));
#7158=CARTESIAN_POINT('Origin',(-22.,28.8,-81.4999999999999));
#7159=CARTESIAN_POINT('',(-22.,26.8,-81.4999999999999));
#7160=CARTESIAN_POINT('',(-22.,26.8,-88.));
#7161=CARTESIAN_POINT('',(-22.,28.8,-81.4999999999999));
#7162=CARTESIAN_POINT('',(-22.,28.8,-88.));
#7163=CARTESIAN_POINT('',(-22.,28.8,-81.4999999999999));
#7164=CARTESIAN_POINT('Origin',(-39.,28.8,-81.4999999999999));
#7165=CARTESIAN_POINT('',(-49.5,26.8,-81.4999999999999));
#7166=CARTESIAN_POINT('',(-49.5,28.8,-81.4999999999999));
#7167=CARTESIAN_POINT('Origin',(-39.,28.8,-87.5));
#7168=CARTESIAN_POINT('',(-39.,26.8,-91.4999999999999));
#7169=CARTESIAN_POINT('',(-39.,26.8,-87.5));
#7170=CARTESIAN_POINT('',(-39.,26.8,-91.));
#7171=CARTESIAN_POINT('',(-39.,28.8,-91.4999999999999));
#7172=CARTESIAN_POINT('',(-39.,28.8,-91.4999999999999));
#7173=CARTESIAN_POINT('',(-39.,28.8,-87.5));
#7174=CARTESIAN_POINT('',(-39.,28.8,-91.));
#7175=CARTESIAN_POINT('',(-39.,28.8,-87.5));
#7176=CARTESIAN_POINT('Origin',(-22.,28.8,-87.5));
#7177=CARTESIAN_POINT('',(-22.,26.8,-87.5));
#7178=CARTESIAN_POINT('',(-41.,26.8,-87.5));
#7179=CARTESIAN_POINT('',(-22.,28.8,-87.5));
#7180=CARTESIAN_POINT('',(-41.,28.8,-87.5));
#7181=CARTESIAN_POINT('',(-22.,28.8,-87.5));
#7182=CARTESIAN_POINT('Origin',(-22.,28.8,-91.4999999999999));
#7183=CARTESIAN_POINT('',(-22.,26.8,-91.4999999999999));
#7184=CARTESIAN_POINT('',(-22.,26.8,-93.));
#7185=CARTESIAN_POINT('',(-22.,28.8,-91.4999999999999));
#7186=CARTESIAN_POINT('',(-22.,28.8,-93.));
#7187=CARTESIAN_POINT('',(-22.,28.8,-91.4999999999999));
#7188=CARTESIAN_POINT('Origin',(-39.,28.8,-91.4999999999999));
#7189=CARTESIAN_POINT('',(-49.5,26.8,-91.4999999999999));
#7190=CARTESIAN_POINT('',(-49.5,28.8,-91.4999999999999));
#7191=CARTESIAN_POINT('Origin',(-39.,28.8,-97.5));
#7192=CARTESIAN_POINT('',(-39.,26.8,-101.5));
#7193=CARTESIAN_POINT('',(-39.,26.8,-97.5));
#7194=CARTESIAN_POINT('',(-39.,26.8,-96.));
#7195=CARTESIAN_POINT('',(-39.,28.8,-101.5));
#7196=CARTESIAN_POINT('',(-39.,28.8,-101.5));
#7197=CARTESIAN_POINT('',(-39.,28.8,-97.5));
#7198=CARTESIAN_POINT('',(-39.,28.8,-96.));
#7199=CARTESIAN_POINT('',(-39.,28.8,-97.5));
#7200=CARTESIAN_POINT('Origin',(-22.,28.8,-97.5));
#7201=CARTESIAN_POINT('',(-22.,26.8,-97.5));
#7202=CARTESIAN_POINT('',(-41.,26.8,-97.5));
#7203=CARTESIAN_POINT('',(-22.,28.8,-97.5));
#7204=CARTESIAN_POINT('',(-41.,28.8,-97.5));
#7205=CARTESIAN_POINT('',(-22.,28.8,-97.5));
#7206=CARTESIAN_POINT('Origin',(-22.,28.8,-101.5));
#7207=CARTESIAN_POINT('',(-22.,26.8,-101.5));
#7208=CARTESIAN_POINT('',(-22.,26.8,-98.));
#7209=CARTESIAN_POINT('',(-22.,28.8,-101.5));
#7210=CARTESIAN_POINT('',(-22.,28.8,-98.));
#7211=CARTESIAN_POINT('',(-22.,28.8,-101.5));
#7212=CARTESIAN_POINT('Origin',(-39.,28.8,-101.5));
#7213=CARTESIAN_POINT('',(-49.5,26.8,-101.5));
#7214=CARTESIAN_POINT('',(-49.5,28.8,-101.5));
#7215=CARTESIAN_POINT('Origin',(-39.,28.8,-107.5));
#7216=CARTESIAN_POINT('',(-39.,26.8,-111.5));
#7217=CARTESIAN_POINT('',(-39.,26.8,-107.5));
#7218=CARTESIAN_POINT('',(-39.,26.8,-101.));
#7219=CARTESIAN_POINT('',(-39.,28.8,-111.5));
#7220=CARTESIAN_POINT('',(-39.,28.8,-111.5));
#7221=CARTESIAN_POINT('',(-39.,28.8,-107.5));
#7222=CARTESIAN_POINT('',(-39.,28.8,-101.));
#7223=CARTESIAN_POINT('',(-39.,28.8,-107.5));
#7224=CARTESIAN_POINT('Origin',(-22.,28.8,-107.5));
#7225=CARTESIAN_POINT('',(-22.,26.8,-107.5));
#7226=CARTESIAN_POINT('',(-41.,26.8,-107.5));
#7227=CARTESIAN_POINT('',(-22.,28.8,-107.5));
#7228=CARTESIAN_POINT('',(-41.,28.8,-107.5));
#7229=CARTESIAN_POINT('',(-22.,28.8,-107.5));
#7230=CARTESIAN_POINT('Origin',(-22.,28.8,-111.5));
#7231=CARTESIAN_POINT('',(-22.,26.8,-111.5));
#7232=CARTESIAN_POINT('',(-22.,26.8,-103.));
#7233=CARTESIAN_POINT('',(-22.,28.8,-111.5));
#7234=CARTESIAN_POINT('',(-22.,28.8,-103.));
#7235=CARTESIAN_POINT('',(-22.,28.8,-111.5));
#7236=CARTESIAN_POINT('Origin',(-39.,28.8,-111.5));
#7237=CARTESIAN_POINT('',(-49.5,26.8,-111.5));
#7238=CARTESIAN_POINT('',(-49.5,28.8,-111.5));
#7239=CARTESIAN_POINT('Origin',(-39.,28.8,-117.5));
#7240=CARTESIAN_POINT('',(-39.,26.8,-121.5));
#7241=CARTESIAN_POINT('',(-39.,26.8,-117.5));
#7242=CARTESIAN_POINT('',(-39.,26.8,-106.));
#7243=CARTESIAN_POINT('',(-39.,28.8,-121.5));
#7244=CARTESIAN_POINT('',(-39.,28.8,-121.5));
#7245=CARTESIAN_POINT('',(-39.,28.8,-117.5));
#7246=CARTESIAN_POINT('',(-39.,28.8,-106.));
#7247=CARTESIAN_POINT('',(-39.,28.8,-117.5));
#7248=CARTESIAN_POINT('Origin',(-22.,28.8,-117.5));
#7249=CARTESIAN_POINT('',(-22.,26.8,-117.5));
#7250=CARTESIAN_POINT('',(-41.,26.8,-117.5));
#7251=CARTESIAN_POINT('',(-22.,28.8,-117.5));
#7252=CARTESIAN_POINT('',(-41.,28.8,-117.5));
#7253=CARTESIAN_POINT('',(-22.,28.8,-117.5));
#7254=CARTESIAN_POINT('Origin',(-22.,28.8,-121.5));
#7255=CARTESIAN_POINT('',(-22.,26.8,-121.5));
#7256=CARTESIAN_POINT('',(-22.,26.8,-108.));
#7257=CARTESIAN_POINT('',(-22.,28.8,-121.5));
#7258=CARTESIAN_POINT('',(-22.,28.8,-108.));
#7259=CARTESIAN_POINT('',(-22.,28.8,-121.5));
#7260=CARTESIAN_POINT('Origin',(-39.,28.8,-121.5));
#7261=CARTESIAN_POINT('',(-49.5,26.8,-121.5));
#7262=CARTESIAN_POINT('',(-49.5,28.8,-121.5));
#7263=CARTESIAN_POINT('Origin',(-39.,28.8,-127.5));
#7264=CARTESIAN_POINT('',(-39.,26.8,-131.5));
#7265=CARTESIAN_POINT('',(-39.,26.8,-127.5));
#7266=CARTESIAN_POINT('',(-39.,26.8,-111.));
#7267=CARTESIAN_POINT('',(-39.,28.8,-131.5));
#7268=CARTESIAN_POINT('',(-39.,28.8,-131.5));
#7269=CARTESIAN_POINT('',(-39.,28.8,-127.5));
#7270=CARTESIAN_POINT('',(-39.,28.8,-111.));
#7271=CARTESIAN_POINT('',(-39.,28.8,-127.5));
#7272=CARTESIAN_POINT('Origin',(-22.,28.8,-127.5));
#7273=CARTESIAN_POINT('',(-22.,26.8,-127.5));
#7274=CARTESIAN_POINT('',(-41.,26.8,-127.5));
#7275=CARTESIAN_POINT('',(-22.,28.8,-127.5));
#7276=CARTESIAN_POINT('',(-41.,28.8,-127.5));
#7277=CARTESIAN_POINT('',(-22.,28.8,-127.5));
#7278=CARTESIAN_POINT('Origin',(-22.,28.8,-131.5));
#7279=CARTESIAN_POINT('',(-22.,26.8,-131.5));
#7280=CARTESIAN_POINT('',(-22.,26.8,-113.));
#7281=CARTESIAN_POINT('',(-22.,28.8,-131.5));
#7282=CARTESIAN_POINT('',(-22.,28.8,-113.));
#7283=CARTESIAN_POINT('',(-22.,28.8,-131.5));
#7284=CARTESIAN_POINT('Origin',(-39.,28.8,-131.5));
#7285=CARTESIAN_POINT('',(-49.5,26.8,-131.5));
#7286=CARTESIAN_POINT('',(-49.5,28.8,-131.5));
#7287=CARTESIAN_POINT('Origin',(-39.,28.8,-137.5));
#7288=CARTESIAN_POINT('',(-39.,26.8,-141.5));
#7289=CARTESIAN_POINT('',(-39.,26.8,-137.5));
#7290=CARTESIAN_POINT('',(-39.,26.8,-116.));
#7291=CARTESIAN_POINT('',(-39.,28.8,-141.5));
#7292=CARTESIAN_POINT('',(-39.,28.8,-141.5));
#7293=CARTESIAN_POINT('',(-39.,28.8,-137.5));
#7294=CARTESIAN_POINT('',(-39.,28.8,-116.));
#7295=CARTESIAN_POINT('',(-39.,28.8,-137.5));
#7296=CARTESIAN_POINT('Origin',(-22.,28.8,-137.5));
#7297=CARTESIAN_POINT('',(-22.,26.8,-137.5));
#7298=CARTESIAN_POINT('',(-41.,26.8,-137.5));
#7299=CARTESIAN_POINT('',(-22.,28.8,-137.5));
#7300=CARTESIAN_POINT('',(-41.,28.8,-137.5));
#7301=CARTESIAN_POINT('',(-22.,28.8,-137.5));
#7302=CARTESIAN_POINT('Origin',(-22.,28.8,-141.5));
#7303=CARTESIAN_POINT('',(-22.,26.8,-141.5));
#7304=CARTESIAN_POINT('',(-22.,26.8,-118.));
#7305=CARTESIAN_POINT('',(-22.,28.8,-141.5));
#7306=CARTESIAN_POINT('',(-22.,28.8,-118.));
#7307=CARTESIAN_POINT('',(-22.,28.8,-141.5));
#7308=CARTESIAN_POINT('Origin',(-39.,28.8,-141.5));
#7309=CARTESIAN_POINT('',(-49.5,26.8,-141.5));
#7310=CARTESIAN_POINT('',(-49.5,28.8,-141.5));
#7311=CARTESIAN_POINT('Origin',(-39.,28.8,-147.5));
#7312=CARTESIAN_POINT('',(-39.,26.8,-151.5));
#7313=CARTESIAN_POINT('',(-39.,26.8,-147.5));
#7314=CARTESIAN_POINT('',(-39.,26.8,-121.));
#7315=CARTESIAN_POINT('',(-39.,28.8,-151.5));
#7316=CARTESIAN_POINT('',(-39.,28.8,-151.5));
#7317=CARTESIAN_POINT('',(-39.,28.8,-147.5));
#7318=CARTESIAN_POINT('',(-39.,28.8,-121.));
#7319=CARTESIAN_POINT('',(-39.,28.8,-147.5));
#7320=CARTESIAN_POINT('Origin',(-22.,28.8,-147.5));
#7321=CARTESIAN_POINT('',(-22.,26.8,-147.5));
#7322=CARTESIAN_POINT('',(-41.,26.8,-147.5));
#7323=CARTESIAN_POINT('',(-22.,28.8,-147.5));
#7324=CARTESIAN_POINT('',(-41.,28.8,-147.5));
#7325=CARTESIAN_POINT('',(-22.,28.8,-147.5));
#7326=CARTESIAN_POINT('Origin',(-22.,28.8,-151.5));
#7327=CARTESIAN_POINT('',(-22.,26.8,-151.5));
#7328=CARTESIAN_POINT('',(-22.,26.8,-123.));
#7329=CARTESIAN_POINT('',(-22.,28.8,-151.5));
#7330=CARTESIAN_POINT('',(-22.,28.8,-123.));
#7331=CARTESIAN_POINT('',(-22.,28.8,-151.5));
#7332=CARTESIAN_POINT('Origin',(-39.,28.8,-151.5));
#7333=CARTESIAN_POINT('',(-49.5,26.8,-151.5));
#7334=CARTESIAN_POINT('',(-49.5,28.8,-151.5));
#7335=CARTESIAN_POINT('Origin',(-39.,28.8,-157.5));
#7336=CARTESIAN_POINT('',(-39.,26.8,-161.5));
#7337=CARTESIAN_POINT('',(-39.,26.8,-157.5));
#7338=CARTESIAN_POINT('',(-39.,26.8,-126.));
#7339=CARTESIAN_POINT('',(-39.,28.8,-161.5));
#7340=CARTESIAN_POINT('',(-39.,28.8,-161.5));
#7341=CARTESIAN_POINT('',(-39.,28.8,-157.5));
#7342=CARTESIAN_POINT('',(-39.,28.8,-126.));
#7343=CARTESIAN_POINT('',(-39.,28.8,-157.5));
#7344=CARTESIAN_POINT('Origin',(-22.,28.8,-157.5));
#7345=CARTESIAN_POINT('',(-22.,26.8,-157.5));
#7346=CARTESIAN_POINT('',(-41.,26.8,-157.5));
#7347=CARTESIAN_POINT('',(-22.,28.8,-157.5));
#7348=CARTESIAN_POINT('',(-41.,28.8,-157.5));
#7349=CARTESIAN_POINT('',(-22.,28.8,-157.5));
#7350=CARTESIAN_POINT('Origin',(-22.,28.8,-161.5));
#7351=CARTESIAN_POINT('',(-22.,26.8,-161.5));
#7352=CARTESIAN_POINT('',(-22.,26.8,-128.));
#7353=CARTESIAN_POINT('',(-22.,28.8,-161.5));
#7354=CARTESIAN_POINT('',(-22.,28.8,-128.));
#7355=CARTESIAN_POINT('',(-22.,28.8,-161.5));
#7356=CARTESIAN_POINT('Origin',(-39.,28.8,-161.5));
#7357=CARTESIAN_POINT('',(-49.5,26.8,-161.5));
#7358=CARTESIAN_POINT('',(-49.5,28.8,-161.5));
#7359=CARTESIAN_POINT('Origin',(-5.40000000000001,13.9428571428571,-2.79999999999998));
#7360=CARTESIAN_POINT('',(-5.59999999999998,13.9428571428571,-3.59999999999999));
#7361=CARTESIAN_POINT('',(-15.4,13.9428571428571,-3.59999999999999));
#7362=CARTESIAN_POINT('',(-3.7,13.9428571428571,-3.59999999999999));
#7363=CARTESIAN_POINT('',(-3.59999999999998,13.9428571428571,-5.59999999999998));
#7364=CARTESIAN_POINT('Origin',(-5.59999999999999,13.9428571428571,-5.59999999999999));
#7365=CARTESIAN_POINT('',(-3.59999999999999,13.9428571428571,-12.8));
#7366=CARTESIAN_POINT('',(-3.59999999999999,13.9428571428571,-94.9));
#7367=CARTESIAN_POINT('',(-7.4,13.9428571428571,-12.8));
#7368=CARTESIAN_POINT('',(4.59999999999999,13.9428571428571,-12.8));
#7369=CARTESIAN_POINT('',(-7.4,13.9428571428571,-4.8));
#7370=CARTESIAN_POINT('',(-7.4,13.9428571428571,-7.79999999999998));
#7371=CARTESIAN_POINT('',(-15.4,13.9428571428571,-4.8));
#7372=CARTESIAN_POINT('',(-6.40000000000001,13.9428571428571,-4.8));
#7373=CARTESIAN_POINT('',(-15.4,13.9428571428571,-12.8));
#7374=CARTESIAN_POINT('Origin',(-5.40000000000001,13.9428571428571,-188.8));
#7375=CARTESIAN_POINT('',(-3.59999999999999,13.9428571428571,-183.4));
#7376=CARTESIAN_POINT('',(-3.59999999999999,13.9428571428571,-178.8));
#7377=CARTESIAN_POINT('',(-3.59999999999999,13.9428571428571,-187.9));
#7378=CARTESIAN_POINT('',(-5.6,13.9428571428571,-185.4));
#7379=CARTESIAN_POINT('Origin',(-5.6,13.9428571428571,-183.4));
#7380=CARTESIAN_POINT('',(-7.4,13.9428571428571,-185.4));
#7381=CARTESIAN_POINT('',(-61.7,13.9428571428571,-185.4));
#7382=CARTESIAN_POINT('',(-7.4,13.9428571428571,-178.8));
#7383=CARTESIAN_POINT('',(-7.4,13.9428571428571,-187.8));
#7384=CARTESIAN_POINT('',(-15.4,13.9428571428571,-178.8));
#7385=CARTESIAN_POINT('Origin',(-118.4,13.9428571428571,-2.79999999999998));
#7386=CARTESIAN_POINT('',(-108.4,13.9428571428571,-3.59999999999999));
#7387=CARTESIAN_POINT('',(-114.4,13.9428571428571,-3.59999999999999));
#7388=CARTESIAN_POINT('',(-60.2,13.9428571428571,-3.59999999999999));
#7389=CARTESIAN_POINT('',(-108.4,13.9428571428571,-4.8));
#7390=CARTESIAN_POINT('',(-108.4,13.9428571428571,7.20000000000002));
#7391=CARTESIAN_POINT('',(-116.233030277982,13.9428571428571,-4.8));
#7392=CARTESIAN_POINT('',(-113.4,13.9428571428571,-4.8));
#7393=CARTESIAN_POINT('Origin',(-114.4,13.9428571428571,-5.59999999999998));
#7394=CARTESIAN_POINT('Origin',(-7.4,28.8,-4.8));
#7395=CARTESIAN_POINT('',(-7.4,4.79999999999999,-4.8));
#7396=CARTESIAN_POINT('',(-7.4,28.8,-4.8));
#7397=CARTESIAN_POINT('',(-15.4,4.79999999999999,-4.8));
#7398=CARTESIAN_POINT('',(-15.4,4.79999999999999,-4.8));
#7399=CARTESIAN_POINT('',(-15.4,28.8,-4.8));
#7400=CARTESIAN_POINT('Origin',(-7.4,28.8,-12.8));
#7401=CARTESIAN_POINT('',(-7.4,4.79999999999999,-12.8));
#7402=CARTESIAN_POINT('',(-7.4,28.8,-12.8));
#7403=CARTESIAN_POINT('',(-7.4,4.79999999999999,-4.8));
#7404=CARTESIAN_POINT('Origin',(-15.4,28.8,-178.8));
#7405=CARTESIAN_POINT('',(-15.4,23.3714285714286,-178.8));
#7406=CARTESIAN_POINT('',(-15.4,4.79999999999999,-178.8));
#7407=CARTESIAN_POINT('',(-15.4,28.8,-178.8));
#7408=CARTESIAN_POINT('',(-15.4,4.79999999999999,-186.8));
#7409=CARTESIAN_POINT('',(-15.4,4.79999999999999,-186.8));
#7410=CARTESIAN_POINT('',(-15.4,11.9428571428572,-186.8));
#7411=CARTESIAN_POINT('',(-15.4,28.8,-186.8));
#7412=CARTESIAN_POINT('',(-15.4,17.9073825503356,-182.624832214765));
#7413=CARTESIAN_POINT('Origin',(-7.4,28.8,-178.8));
#7414=CARTESIAN_POINT('',(-7.4,4.79999999999999,-178.8));
#7415=CARTESIAN_POINT('',(-7.4,28.8,-178.8));
#7416=CARTESIAN_POINT('',(-15.4,4.79999999999999,-178.8));
#7417=CARTESIAN_POINT('',(-12.2,23.3714285714286,-178.8));
#7418=CARTESIAN_POINT('',(-62.7,23.3714285714285,-178.8));
#7419=CARTESIAN_POINT('',(-8.20000000000003,20.5142857142858,-178.8));
#7420=CARTESIAN_POINT('Origin',(-10.2,20.5142857142858,-178.8));
#7421=CARTESIAN_POINT('',(-5.91476510067114,17.2496644295302,-178.8));
#7422=CARTESIAN_POINT('Origin',(-7.4,28.8,-186.8));
#7423=CARTESIAN_POINT('',(-7.4,11.9428571428572,-186.8));
#7424=CARTESIAN_POINT('',(-7.4,16.0281879194631,-183.940268456376));
#7425=CARTESIAN_POINT('',(-7.4,4.79999999999999,-186.8));
#7426=CARTESIAN_POINT('',(-7.4,28.8,-186.8));
#7427=CARTESIAN_POINT('',(-7.4,4.79999999999999,-178.8));
#7428=CARTESIAN_POINT('Ctrl Pts',(-120.258964256083,8.43005106273867,-1.74103574391707));
#7429=CARTESIAN_POINT('Ctrl Pts',(-119.764014761133,9.13712176980938,-0.235985238866557));
#7430=CARTESIAN_POINT('Ctrl Pts',(-118.258964256083,8.43005106273867,0.258964256082934));
#7431=CARTESIAN_POINT('Ctrl Pts',(-116.4,13.9428571428571,-5.59999999999999));
#7432=CARTESIAN_POINT('Ctrl Pts',(-115.905050505051,14.6499278499278,-4.09494949494948));
#7433=CARTESIAN_POINT('Ctrl Pts',(-114.4,13.9428571428571,-3.59999999999999));
#7434=CARTESIAN_POINT('',(-116.4,13.7723212106951,-4.8));
#7435=CARTESIAN_POINT('Origin',(-115.2,12.8,-4.8));
#7436=CARTESIAN_POINT('',(-116.4,13.9428571428571,-5.59999999999998));
#7437=CARTESIAN_POINT('Origin',(-116.4,11.0857142857143,-3.59999999999999));
#7438=CARTESIAN_POINT('',(-120.,8.8,-1.99999999999999));
#7439=CARTESIAN_POINT('',(-120.,8.8,-1.99999999999999));
#7440=CARTESIAN_POINT('',(-118.,8.8,0.));
#7441=CARTESIAN_POINT('Origin',(-118.,8.8,-1.99999999999999));
#7442=CARTESIAN_POINT('',(-118.,8.8,0.));
#7443=CARTESIAN_POINT('Origin',(-1.99999999999999,8.8,0.));
#7444=CARTESIAN_POINT('',(-15.4,27.0857142857142,-12.8));
#7445=CARTESIAN_POINT('',(-15.4,13.5325023969319,-3.31275167785234));
#7446=CARTESIAN_POINT('',(-14.8,27.0857142857142,-12.8));
#7447=CARTESIAN_POINT('',(-8.7,27.0857142857142,-12.8));
#7448=CARTESIAN_POINT('',(-16.,28.8,-14.));
#7449=CARTESIAN_POINT('',(-1.99999999999999,8.8,0.));
#7450=CARTESIAN_POINT('',(-104.,28.8,-14.));
#7451=CARTESIAN_POINT('',(-16.,28.8,-14.));
#7452=CARTESIAN_POINT('',(-108.4,22.5142857142857,-9.6));
#7453=CARTESIAN_POINT('',(-118.,8.8,0.));
#7454=CARTESIAN_POINT('',(-108.4,18.5181208053691,-6.80268456375839));
#7455=CARTESIAN_POINT('',(-2.,8.8,0.));
#7456=CARTESIAN_POINT('',(-118.,8.8,0.));
#7457=CARTESIAN_POINT('',(-1.99999999999999,8.8,0.));
#7458=CARTESIAN_POINT('Origin',(-108.4,28.8,-4.8));
#7459=CARTESIAN_POINT('',(-108.4,4.79999999999999,-4.8));
#7460=CARTESIAN_POINT('',(-108.4,28.8,-4.8));
#7461=CARTESIAN_POINT('',(-116.4,4.79999999999999,-4.8));
#7462=CARTESIAN_POINT('',(-116.4,4.79999999999999,-4.8));
#7463=CARTESIAN_POINT('',(-116.4,28.8,-4.8));
#7464=CARTESIAN_POINT('Origin',(-108.4,28.8,-12.8));
#7465=CARTESIAN_POINT('',(-108.4,25.2008926392665,-12.8));
#7466=CARTESIAN_POINT('',(-108.4,4.79999999999999,-12.8));
#7467=CARTESIAN_POINT('',(-108.4,28.8,-12.8));
#7468=CARTESIAN_POINT('',(-108.4,4.79999999999999,-4.8));
#7469=CARTESIAN_POINT('Origin',(-108.4,22.5142857142857,-11.6));
#7470=CARTESIAN_POINT('Origin',(-108.4,28.8,-178.8));
#7471=CARTESIAN_POINT('',(-108.4,23.2697436753493,-178.8));
#7472=CARTESIAN_POINT('',(-108.4,4.79999999999999,-178.8));
#7473=CARTESIAN_POINT('',(-108.4,28.8,-178.8));
#7474=CARTESIAN_POINT('',(-116.4,4.79999999999999,-178.8));
#7475=CARTESIAN_POINT('',(-116.4,4.79999999999999,-178.8));
#7476=CARTESIAN_POINT('',(-116.4,13.9428571428571,-178.8));
#7477=CARTESIAN_POINT('',(-116.4,28.8,-178.8));
#7478=CARTESIAN_POINT('',(-111.8,20.5142857142857,-178.8));
#7479=CARTESIAN_POINT('',(-113.394630872483,18.2362416107382,-178.8));
#7480=CARTESIAN_POINT('Origin',(-109.8,20.5142857142857,-178.8));
#7481=CARTESIAN_POINT('Origin',(-108.4,28.8,-186.8));
#7482=CARTESIAN_POINT('',(-108.4,11.9428571428571,-186.8));
#7483=CARTESIAN_POINT('',(-108.4,22.5142857142857,-179.4));
#7484=CARTESIAN_POINT('',(-108.4,16.0281879194631,-183.940268456376));
#7485=CARTESIAN_POINT('',(-108.4,4.79999999999999,-186.8));
#7486=CARTESIAN_POINT('',(-108.4,28.8,-186.8));
#7487=CARTESIAN_POINT('',(-108.4,4.79999999999999,-178.8));
#7488=CARTESIAN_POINT('Origin',(-108.4,22.5142857142857,-177.4));
#7489=CARTESIAN_POINT('Origin',(-57.5,4.,0.));
#7490=CARTESIAN_POINT('',(-55.5,4.,0.));
#7491=CARTESIAN_POINT('',(-57.5,6.,0.));
#7492=CARTESIAN_POINT('Origin',(-57.5,4.,0.));
#7493=CARTESIAN_POINT('',(-57.5,6.,-2.));
#7494=CARTESIAN_POINT('',(-57.5,6.,0.));
#7495=CARTESIAN_POINT('',(-55.5,4.,-2.));
#7496=CARTESIAN_POINT('Origin',(-57.5,4.,-2.));
#7497=CARTESIAN_POINT('',(-55.5,4.,0.));
#7498=CARTESIAN_POINT('Origin',(-68.5,6.,0.));
#7499=CARTESIAN_POINT('',(-66.5,6.,0.));
#7500=CARTESIAN_POINT('',(-93.25,5.99999999999999,0.));
#7501=CARTESIAN_POINT('',(-66.5,6.,-2.));
#7502=CARTESIAN_POINT('',(-66.5,6.,0.));
#7503=CARTESIAN_POINT('',(-93.25,5.99999999999999,-2.));
#7504=CARTESIAN_POINT('Origin',(-66.5,4.,0.));
#7505=CARTESIAN_POINT('',(-68.5,4.,0.));
#7506=CARTESIAN_POINT('Origin',(-66.5,4.,0.));
#7507=CARTESIAN_POINT('',(-68.5,4.,-2.));
#7508=CARTESIAN_POINT('',(-68.5,4.,0.));
#7509=CARTESIAN_POINT('Origin',(-66.5,4.,-2.));
#7510=CARTESIAN_POINT('Origin',(-68.5,0.,0.));
#7511=CARTESIAN_POINT('',(-68.5,0.,0.));
#7512=CARTESIAN_POINT('',(-68.5,0.,0.));
#7513=CARTESIAN_POINT('',(-68.5,0.,-2.));
#7514=CARTESIAN_POINT('',(-68.5,0.,-4.25));
#7515=CARTESIAN_POINT('',(-68.5,0.,-2.));
#7516=CARTESIAN_POINT('Origin',(-73.6793444384266,21.8,-122.958688876853));
#7517=CARTESIAN_POINT('',(-94.9586888768532,26.8,-122.958688876853));
#7518=CARTESIAN_POINT('',(-94.9586888768532,21.8,-127.958688876853));
#7519=CARTESIAN_POINT('Origin',(-94.9586888768532,21.8,-122.958688876853));
#7520=CARTESIAN_POINT('',(-87.3586888768533,21.8,-127.958688876853));
#7521=CARTESIAN_POINT('',(-73.6793444384266,21.8,-127.958688876853));
#7522=CARTESIAN_POINT('',(-87.3586888768533,26.8,-122.958688876853));
#7523=CARTESIAN_POINT('Origin',(-87.3586888768533,21.8,-122.958688876853));
#7524=CARTESIAN_POINT('',(-73.6793444384266,26.8,-122.958688876853));
#7525=CARTESIAN_POINT('Origin',(-87.3586888768533,26.8,-127.958688876853));
#7526=CARTESIAN_POINT('',(-94.9586888768532,11.8,-127.958688876853));
#7527=CARTESIAN_POINT('',(-94.9586888768532,26.8,-127.958688876853));
#7528=CARTESIAN_POINT('',(-87.3586888768533,11.8,-127.958688876853));
#7529=CARTESIAN_POINT('',(-87.3586888768533,11.8,-127.958688876853));
#7530=CARTESIAN_POINT('',(-87.3586888768533,26.8,-127.958688876853));
#7531=CARTESIAN_POINT('Origin',(-77.4793444384266,21.8,-149.958688876853));
#7532=CARTESIAN_POINT('',(-87.3586888768532,26.8,-149.958688876853));
#7533=CARTESIAN_POINT('',(-87.3586888768532,21.8,-144.958688876853));
#7534=CARTESIAN_POINT('Origin',(-87.3586888768532,21.8,-149.958688876853));
#7535=CARTESIAN_POINT('',(-94.9586888768532,21.8,-144.958688876853));
#7536=CARTESIAN_POINT('',(-77.4793444384266,21.8,-144.958688876853));
#7537=CARTESIAN_POINT('',(-94.9586888768532,26.8,-149.958688876853));
#7538=CARTESIAN_POINT('Origin',(-94.9586888768532,21.8,-149.958688876853));
#7539=CARTESIAN_POINT('',(-77.4793444384266,26.8,-149.958688876853));
#7540=CARTESIAN_POINT('Origin',(-94.9586888768532,26.8,-144.958688876853));
#7541=CARTESIAN_POINT('',(-87.3586888768532,11.8,-144.958688876853));
#7542=CARTESIAN_POINT('',(-87.3586888768532,26.8,-144.958688876853));
#7543=CARTESIAN_POINT('',(-94.9586888768532,11.8,-144.958688876853));
#7544=CARTESIAN_POINT('',(-94.9586888768532,11.8,-144.958688876853));
#7545=CARTESIAN_POINT('',(-94.9586888768532,26.8,-144.958688876853));
#7546=CARTESIAN_POINT('Origin',(-90.3586888768532,26.8,-141.958688876853));
#7547=CARTESIAN_POINT('',(-90.3586888768532,26.8,-142.958688876853));
#7548=CARTESIAN_POINT('',(-90.3586888768532,26.8,-141.958688876853));
#7549=CARTESIAN_POINT('',(-90.3586888768531,26.8,-118.229344438427));
#7550=CARTESIAN_POINT('',(-90.3586888768532,11.8,-142.958688876853));
#7551=CARTESIAN_POINT('',(-90.3586888768532,26.8,-142.958688876853));
#7552=CARTESIAN_POINT('',(-90.3586888768532,11.8,-141.958688876853));
#7553=CARTESIAN_POINT('',(-90.3586888768532,11.8,-141.958688876853));
#7554=CARTESIAN_POINT('',(-90.3586888768532,26.8,-141.958688876853));
#7555=CARTESIAN_POINT('Origin',(-87.3586888768532,26.8,-141.958688876853));
#7556=CARTESIAN_POINT('',(-87.3586888768532,26.8,-141.958688876853));
#7557=CARTESIAN_POINT('',(-73.6793444384265,26.8,-141.958688876853));
#7558=CARTESIAN_POINT('',(-87.3586888768532,11.8,-141.958688876853));
#7559=CARTESIAN_POINT('',(-87.3586888768532,11.8,-141.958688876853));
#7560=CARTESIAN_POINT('',(-87.3586888768532,26.8,-141.958688876853));
#7561=CARTESIAN_POINT('Origin',(-87.3586888768532,26.8,-144.958688876853));
#7562=CARTESIAN_POINT('',(-87.3586888768532,26.8,-119.729344438427));
#7563=CARTESIAN_POINT('',(-87.3586888768532,11.8,-144.958688876853));
#7564=CARTESIAN_POINT('Origin',(-94.9586888768532,26.8,-141.958688876853));
#7565=CARTESIAN_POINT('',(-94.9586888768532,26.8,-141.958688876853));
#7566=CARTESIAN_POINT('',(-94.9586888768532,26.8,-118.229344438427));
#7567=CARTESIAN_POINT('',(-94.9586888768532,11.8,-141.958688876853));
#7568=CARTESIAN_POINT('',(-94.9586888768532,11.8,-141.958688876853));
#7569=CARTESIAN_POINT('',(-94.9586888768532,26.8,-141.958688876853));
#7570=CARTESIAN_POINT('Origin',(-91.9586888768532,26.8,-141.958688876853));
#7571=CARTESIAN_POINT('',(-91.9586888768532,26.8,-141.958688876853));
#7572=CARTESIAN_POINT('',(-75.9793444384266,26.8,-141.958688876853));
#7573=CARTESIAN_POINT('',(-91.9586888768532,11.8,-141.958688876853));
#7574=CARTESIAN_POINT('',(-91.9586888768532,11.8,-141.958688876853));
#7575=CARTESIAN_POINT('',(-91.9586888768532,26.8,-141.958688876853));
#7576=CARTESIAN_POINT('Origin',(-91.9586888768532,26.8,-142.958688876853));
#7577=CARTESIAN_POINT('',(-91.9586888768532,26.8,-142.958688876853));
#7578=CARTESIAN_POINT('',(-91.9586888768532,26.8,-118.729344438427));
#7579=CARTESIAN_POINT('',(-91.9586888768532,11.8,-142.958688876853));
#7580=CARTESIAN_POINT('',(-91.9586888768532,11.8,-142.958688876853));
#7581=CARTESIAN_POINT('',(-91.9586888768532,26.8,-142.958688876853));
#7582=CARTESIAN_POINT('Origin',(-90.3586888768532,26.8,-142.958688876853));
#7583=CARTESIAN_POINT('',(-75.1793444384266,26.8,-142.958688876853));
#7584=CARTESIAN_POINT('',(-90.3586888768532,11.8,-142.958688876853));
#7585=CARTESIAN_POINT('Origin',(-91.1586888768532,11.8,-143.458688876853));
#7586=CARTESIAN_POINT('Origin',(-94.9586888768532,26.8,-130.958688876853));
#7587=CARTESIAN_POINT('',(-91.9586888768532,26.8,-130.958688876853));
#7588=CARTESIAN_POINT('',(-94.9586888768532,26.8,-130.958688876853));
#7589=CARTESIAN_POINT('',(-77.4793444384266,26.8,-130.958688876853));
#7590=CARTESIAN_POINT('',(-91.9586888768532,11.8,-130.958688876853));
#7591=CARTESIAN_POINT('',(-91.9586888768532,26.8,-130.958688876853));
#7592=CARTESIAN_POINT('',(-94.9586888768532,11.8,-130.958688876853));
#7593=CARTESIAN_POINT('',(-94.9586888768532,11.8,-130.958688876853));
#7594=CARTESIAN_POINT('',(-94.9586888768532,26.8,-130.958688876853));
#7595=CARTESIAN_POINT('Origin',(-94.9586888768532,26.8,-127.958688876853));
#7596=CARTESIAN_POINT('',(-94.9586888768532,26.8,-111.229344438427));
#7597=CARTESIAN_POINT('',(-94.9586888768532,11.8,-127.958688876853));
#7598=CARTESIAN_POINT('Origin',(-87.3586888768533,26.8,-130.958688876853));
#7599=CARTESIAN_POINT('',(-87.3586888768533,26.8,-130.958688876853));
#7600=CARTESIAN_POINT('',(-87.3586888768533,26.8,-112.729344438427));
#7601=CARTESIAN_POINT('',(-87.3586888768533,11.8,-130.958688876853));
#7602=CARTESIAN_POINT('',(-87.3586888768533,11.8,-130.958688876853));
#7603=CARTESIAN_POINT('',(-87.3586888768533,26.8,-130.958688876853));
#7604=CARTESIAN_POINT('Origin',(-90.3586888768533,26.8,-130.958688876853));
#7605=CARTESIAN_POINT('',(-90.3586888768533,26.8,-130.958688876853));
#7606=CARTESIAN_POINT('',(-75.1793444384266,26.8,-130.958688876853));
#7607=CARTESIAN_POINT('',(-90.3586888768533,11.8,-130.958688876853));
#7608=CARTESIAN_POINT('',(-90.3586888768533,11.8,-130.958688876853));
#7609=CARTESIAN_POINT('',(-90.3586888768533,26.8,-130.958688876853));
#7610=CARTESIAN_POINT('Origin',(-90.3586888768533,26.8,-129.958688876853));
#7611=CARTESIAN_POINT('',(-90.3586888768533,26.8,-129.958688876853));
#7612=CARTESIAN_POINT('',(-90.3586888768533,26.8,-112.229344438427));
#7613=CARTESIAN_POINT('',(-90.3586888768533,11.8,-129.958688876853));
#7614=CARTESIAN_POINT('',(-90.3586888768533,11.8,-129.958688876853));
#7615=CARTESIAN_POINT('',(-90.3586888768533,26.8,-129.958688876853));
#7616=CARTESIAN_POINT('Origin',(-91.9586888768532,26.8,-129.958688876853));
#7617=CARTESIAN_POINT('',(-91.9586888768532,26.8,-129.958688876853));
#7618=CARTESIAN_POINT('',(-75.9793444384266,26.8,-129.958688876853));
#7619=CARTESIAN_POINT('',(-91.9586888768532,11.8,-129.958688876853));
#7620=CARTESIAN_POINT('',(-91.9586888768532,11.8,-129.958688876853));
#7621=CARTESIAN_POINT('',(-91.9586888768532,26.8,-129.958688876853));
#7622=CARTESIAN_POINT('Origin',(-91.9586888768532,26.8,-130.958688876853));
#7623=CARTESIAN_POINT('',(-91.9586888768533,26.8,-112.729344438427));
#7624=CARTESIAN_POINT('',(-91.9586888768532,11.8,-130.958688876853));
#7625=CARTESIAN_POINT('Origin',(-91.1586888768532,11.8,-129.458688876853));
#7626=CARTESIAN_POINT('Origin',(-55.5,6.,0.));
#7627=CARTESIAN_POINT('',(-55.5,0.,-2.));
#7628=CARTESIAN_POINT('',(-55.5,3.00000000000005,-2.));
#7629=CARTESIAN_POINT('',(-55.5,0.,0.));
#7630=CARTESIAN_POINT('',(-55.5,0.,-4.25));
#7631=CARTESIAN_POINT('',(-55.5,3.00000000000005,0.));
#7632=CARTESIAN_POINT('Origin',(-10.,0.,-8.5));
#7633=CARTESIAN_POINT('',(-18.,0.,-2.));
#7634=CARTESIAN_POINT('',(-89.,0.,-1.99999999999999));
#7635=CARTESIAN_POINT('',(-18.,0.,-15.));
#7636=CARTESIAN_POINT('',(-18.,0.,-2.));
#7637=CARTESIAN_POINT('',(-2.,0.,-15.));
#7638=CARTESIAN_POINT('',(-18.,0.,-15.));
#7639=CARTESIAN_POINT('',(-2.,0.,-174.));
#7640=CARTESIAN_POINT('',(-2.,0.,-48.25));
#7641=CARTESIAN_POINT('',(-18.,0.,-174.));
#7642=CARTESIAN_POINT('',(-2.,0.,-174.));
#7643=CARTESIAN_POINT('',(-18.,0.,-187.));
#7644=CARTESIAN_POINT('',(-18.,0.,-174.));
#7645=CARTESIAN_POINT('',(-102.,0.,-187.));
#7646=CARTESIAN_POINT('',(-31.0000000000001,0.,-187.));
#7647=CARTESIAN_POINT('',(-102.,0.,-174.));
#7648=CARTESIAN_POINT('',(-102.,0.,-187.));
#7649=CARTESIAN_POINT('',(-118.,0.,-174.));
#7650=CARTESIAN_POINT('',(-102.,0.,-174.));
#7651=CARTESIAN_POINT('',(-118.,0.,-15.));
#7652=CARTESIAN_POINT('',(-118.,0.,-140.75));
#7653=CARTESIAN_POINT('',(-102.,0.,-15.));
#7654=CARTESIAN_POINT('',(-118.,0.,-15.));
#7655=CARTESIAN_POINT('',(-102.,0.,-2.));
#7656=CARTESIAN_POINT('',(-102.,0.,-15.));
#7657=CARTESIAN_POINT('',(-89.,0.,-1.99999999999999));
#7658=CARTESIAN_POINT('',(-118.,0.,0.));
#7659=CARTESIAN_POINT('',(-118.,0.,0.));
#7660=CARTESIAN_POINT('',(-120.,0.,-2.));
#7661=CARTESIAN_POINT('Origin',(-118.,0.,-1.99999999999999));
#7662=CARTESIAN_POINT('',(-120.,0.,-187.));
#7663=CARTESIAN_POINT('',(-120.,0.,-187.));
#7664=CARTESIAN_POINT('',(-118.,0.,-189.));
#7665=CARTESIAN_POINT('Origin',(-118.,0.,-187.));
#7666=CARTESIAN_POINT('',(-2.,0.,-189.));
#7667=CARTESIAN_POINT('',(-2.00000000000001,0.,-189.));
#7668=CARTESIAN_POINT('',(0.,0.,-187.));
#7669=CARTESIAN_POINT('Origin',(-2.,0.,-187.));
#7670=CARTESIAN_POINT('',(0.,0.,-1.99999999999999));
#7671=CARTESIAN_POINT('',(0.,0.,-1.99999999999999));
#7672=CARTESIAN_POINT('',(-2.,0.,0.));
#7673=CARTESIAN_POINT('Origin',(-2.,0.,-2.));
#7674=CARTESIAN_POINT('',(-118.,0.,0.));
#7675=CARTESIAN_POINT('',(-9.8,0.,-8.8));
#7676=CARTESIAN_POINT('Origin',(-11.4,0.,-8.8));
#7677=CARTESIAN_POINT('',(-9.8,0.,-182.8));
#7678=CARTESIAN_POINT('Origin',(-11.4,0.,-182.8));
#7679=CARTESIAN_POINT('',(-110.8,0.,-182.8));
#7680=CARTESIAN_POINT('Origin',(-112.4,0.,-182.8));
#7681=CARTESIAN_POINT('',(-110.8,0.,-8.8));
#7682=CARTESIAN_POINT('Origin',(-112.4,0.,-8.8));
#7683=CARTESIAN_POINT('Origin',(-118.,0.,-2.));
#7684=CARTESIAN_POINT('',(-102.,8.1695555383618,-2.));
#7685=CARTESIAN_POINT('',(-102.,0.,-2.));
#7686=CARTESIAN_POINT('',(-18.,8.1695555383618,-2.));
#7687=CARTESIAN_POINT('',(-60.,8.1695555383618,-2.));
#7688=CARTESIAN_POINT('',(-18.,0.,-2.));
#7689=CARTESIAN_POINT('Origin',(-108.007118205272,25.9326882781834,-30.4586888768531));
#7690=CARTESIAN_POINT('',(-106.368654364234,24.7857635894567,-26.4586888768531));
#7691=CARTESIAN_POINT('',(-106.368654364234,24.7857635894567,-30.4586888768531));
#7692=CARTESIAN_POINT('',(-106.368654364234,24.7857635894567,-16.2293444384266));
#7693=CARTESIAN_POINT('',(-108.007118205272,25.9326882781834,-26.4586888768531));
#7694=CARTESIAN_POINT('',(-108.007118205272,25.9326882781834,-26.4586888768531));
#7695=CARTESIAN_POINT('',(-108.007118205272,25.9326882781834,-30.4586888768531));
#7696=CARTESIAN_POINT('',(-108.007118205272,25.9326882781834,-16.2293444384266));
#7697=CARTESIAN_POINT('',(-108.007118205272,25.9326882781834,-30.4586888768531));
#7698=CARTESIAN_POINT('Origin',(-117.755978059448,12.0057456293597,-30.4586888768531));
#7699=CARTESIAN_POINT('',(-116.11751421841,10.858820940633,-30.4586888768531));
#7700=CARTESIAN_POINT('',(-117.239525188686,9.25594812595318,-30.4586888768531));
#7701=CARTESIAN_POINT('',(-117.755978059448,12.0057456293597,-30.4586888768531));
#7702=CARTESIAN_POINT('',(-118.877989029724,10.4028728146798,-30.4586888768531));
#7703=CARTESIAN_POINT('',(-117.755978059448,12.0057456293597,-30.4586888768531));
#7704=CARTESIAN_POINT('Origin',(-117.755978059448,12.0057456293597,-26.4586888768531));
#7705=CARTESIAN_POINT('',(-116.11751421841,10.858820940633,-26.4586888768531));
#7706=CARTESIAN_POINT('',(-116.11751421841,10.858820940633,-14.2293444384265));
#7707=CARTESIAN_POINT('',(-117.755978059448,12.0057456293597,-26.4586888768531));
#7708=CARTESIAN_POINT('',(-117.755978059448,12.0057456293597,-14.2293444384265));
#7709=CARTESIAN_POINT('',(-117.755978059448,12.0057456293597,-26.4586888768531));
#7710=CARTESIAN_POINT('Origin',(-108.007118205272,25.9326882781834,-26.4586888768531));
#7711=CARTESIAN_POINT('',(-112.365095261598,16.219419450365,-26.4586888768531));
#7712=CARTESIAN_POINT('',(-114.003559102636,17.3663441390917,-26.4586888768531));
#7713=CARTESIAN_POINT('Origin',(-108.007118205272,25.9326882781834,-40.4586888768531));
#7714=CARTESIAN_POINT('',(-106.368654364234,24.7857635894567,-36.4586888768531));
#7715=CARTESIAN_POINT('',(-106.368654364234,24.7857635894567,-40.4586888768531));
#7716=CARTESIAN_POINT('',(-106.368654364234,24.7857635894567,-21.2293444384266));
#7717=CARTESIAN_POINT('',(-108.007118205272,25.9326882781834,-36.4586888768531));
#7718=CARTESIAN_POINT('',(-108.007118205272,25.9326882781834,-36.4586888768531));
#7719=CARTESIAN_POINT('',(-108.007118205272,25.9326882781834,-40.4586888768531));
#7720=CARTESIAN_POINT('',(-108.007118205272,25.9326882781834,-21.2293444384266));
#7721=CARTESIAN_POINT('',(-108.007118205272,25.9326882781834,-40.4586888768531));
#7722=CARTESIAN_POINT('Origin',(-117.755978059448,12.0057456293597,-40.4586888768531));
#7723=CARTESIAN_POINT('',(-116.11751421841,10.858820940633,-40.4586888768531));
#7724=CARTESIAN_POINT('',(-117.239525188686,9.25594812595318,-40.4586888768531));
#7725=CARTESIAN_POINT('',(-117.755978059448,12.0057456293597,-40.4586888768531));
#7726=CARTESIAN_POINT('',(-118.877989029724,10.4028728146798,-40.4586888768531));
#7727=CARTESIAN_POINT('',(-117.755978059448,12.0057456293597,-40.4586888768531));
#7728=CARTESIAN_POINT('Origin',(-117.755978059448,12.0057456293597,-36.4586888768531));
#7729=CARTESIAN_POINT('',(-116.11751421841,10.858820940633,-36.4586888768531));
#7730=CARTESIAN_POINT('',(-116.11751421841,10.858820940633,-19.2293444384265));
#7731=CARTESIAN_POINT('',(-117.755978059448,12.0057456293597,-36.4586888768531));
#7732=CARTESIAN_POINT('',(-117.755978059448,12.0057456293597,-19.2293444384265));
#7733=CARTESIAN_POINT('',(-117.755978059448,12.0057456293597,-36.4586888768531));
#7734=CARTESIAN_POINT('Origin',(-108.007118205272,25.9326882781834,-36.4586888768531));
#7735=CARTESIAN_POINT('',(-112.365095261598,16.219419450365,-36.4586888768531));
#7736=CARTESIAN_POINT('',(-114.003559102636,17.3663441390917,-36.4586888768531));
#7737=CARTESIAN_POINT('Origin',(-108.007118205272,25.9326882781834,-50.4586888768531));
#7738=CARTESIAN_POINT('',(-106.368654364234,24.7857635894567,-46.4586888768531));
#7739=CARTESIAN_POINT('',(-106.368654364234,24.7857635894567,-50.4586888768531));
#7740=CARTESIAN_POINT('',(-106.368654364234,24.7857635894567,-26.2293444384266));
#7741=CARTESIAN_POINT('',(-108.007118205272,25.9326882781834,-46.4586888768531));
#7742=CARTESIAN_POINT('',(-108.007118205272,25.9326882781834,-46.4586888768531));
#7743=CARTESIAN_POINT('',(-108.007118205272,25.9326882781834,-50.4586888768531));
#7744=CARTESIAN_POINT('',(-108.007118205272,25.9326882781834,-26.2293444384266));
#7745=CARTESIAN_POINT('',(-108.007118205272,25.9326882781834,-50.4586888768531));
#7746=CARTESIAN_POINT('Origin',(-117.755978059448,12.0057456293597,-50.4586888768531));
#7747=CARTESIAN_POINT('',(-116.11751421841,10.858820940633,-50.4586888768531));
#7748=CARTESIAN_POINT('',(-117.239525188686,9.25594812595318,-50.4586888768531));
#7749=CARTESIAN_POINT('',(-117.755978059448,12.0057456293597,-50.4586888768531));
#7750=CARTESIAN_POINT('',(-118.877989029724,10.4028728146798,-50.4586888768531));
#7751=CARTESIAN_POINT('',(-117.755978059448,12.0057456293597,-50.4586888768531));
#7752=CARTESIAN_POINT('Origin',(-117.755978059448,12.0057456293597,-46.4586888768531));
#7753=CARTESIAN_POINT('',(-116.11751421841,10.858820940633,-46.4586888768531));
#7754=CARTESIAN_POINT('',(-116.11751421841,10.858820940633,-24.2293444384265));
#7755=CARTESIAN_POINT('',(-117.755978059448,12.0057456293597,-46.4586888768531));
#7756=CARTESIAN_POINT('',(-117.755978059448,12.0057456293597,-24.2293444384265));
#7757=CARTESIAN_POINT('',(-117.755978059448,12.0057456293597,-46.4586888768531));
#7758=CARTESIAN_POINT('Origin',(-108.007118205272,25.9326882781834,-46.4586888768531));
#7759=CARTESIAN_POINT('',(-112.365095261598,16.219419450365,-46.4586888768531));
#7760=CARTESIAN_POINT('',(-114.003559102636,17.3663441390917,-46.4586888768531));
#7761=CARTESIAN_POINT('Origin',(-108.007118205272,25.9326882781834,-60.4586888768531));
#7762=CARTESIAN_POINT('',(-106.368654364234,24.7857635894567,-56.4586888768531));
#7763=CARTESIAN_POINT('',(-106.368654364234,24.7857635894567,-60.4586888768531));
#7764=CARTESIAN_POINT('',(-106.368654364234,24.7857635894567,-31.2293444384266));
#7765=CARTESIAN_POINT('',(-108.007118205272,25.9326882781834,-56.4586888768531));
#7766=CARTESIAN_POINT('',(-108.007118205272,25.9326882781834,-56.4586888768531));
#7767=CARTESIAN_POINT('',(-108.007118205272,25.9326882781834,-60.4586888768531));
#7768=CARTESIAN_POINT('',(-108.007118205272,25.9326882781834,-31.2293444384266));
#7769=CARTESIAN_POINT('',(-108.007118205272,25.9326882781834,-60.4586888768531));
#7770=CARTESIAN_POINT('Origin',(-117.755978059448,12.0057456293597,-60.4586888768531));
#7771=CARTESIAN_POINT('',(-116.11751421841,10.858820940633,-60.4586888768531));
#7772=CARTESIAN_POINT('',(-117.239525188686,9.25594812595318,-60.4586888768531));
#7773=CARTESIAN_POINT('',(-117.755978059448,12.0057456293597,-60.4586888768531));
#7774=CARTESIAN_POINT('',(-118.877989029724,10.4028728146798,-60.4586888768531));
#7775=CARTESIAN_POINT('',(-117.755978059448,12.0057456293597,-60.4586888768531));
#7776=CARTESIAN_POINT('Origin',(-117.755978059448,12.0057456293597,-56.4586888768531));
#7777=CARTESIAN_POINT('',(-116.11751421841,10.858820940633,-56.4586888768531));
#7778=CARTESIAN_POINT('',(-116.11751421841,10.858820940633,-29.2293444384265));
#7779=CARTESIAN_POINT('',(-117.755978059448,12.0057456293597,-56.4586888768531));
#7780=CARTESIAN_POINT('',(-117.755978059448,12.0057456293597,-29.2293444384265));
#7781=CARTESIAN_POINT('',(-117.755978059448,12.0057456293597,-56.4586888768531));
#7782=CARTESIAN_POINT('Origin',(-108.007118205272,25.9326882781834,-56.4586888768531));
#7783=CARTESIAN_POINT('',(-112.365095261598,16.219419450365,-56.4586888768531));
#7784=CARTESIAN_POINT('',(-114.003559102636,17.3663441390917,-56.4586888768531));
#7785=CARTESIAN_POINT('Origin',(-117.755978059448,12.0057456293597,-162.958688876853));
#7786=CARTESIAN_POINT('',(-106.368654364234,24.7857635894567,-162.958688876853));
#7787=CARTESIAN_POINT('',(-116.11751421841,10.858820940633,-162.958688876853));
#7788=CARTESIAN_POINT('',(-117.239525188686,9.25594812595316,-162.958688876853));
#7789=CARTESIAN_POINT('',(-108.007118205272,25.9326882781833,-162.958688876853));
#7790=CARTESIAN_POINT('',(-108.007118205272,25.9326882781833,-162.958688876853));
#7791=CARTESIAN_POINT('',(-117.755978059448,12.0057456293596,-162.958688876853));
#7792=CARTESIAN_POINT('',(-118.877989029724,10.4028728146798,-162.958688876853));
#7793=CARTESIAN_POINT('',(-117.755978059448,12.0057456293596,-162.958688876853));
#7794=CARTESIAN_POINT('Origin',(-117.755978059448,12.0057456293596,-158.958688876853));
#7795=CARTESIAN_POINT('',(-116.11751421841,10.858820940633,-158.958688876853));
#7796=CARTESIAN_POINT('',(-116.11751421841,10.858820940633,-80.4793444384266));
#7797=CARTESIAN_POINT('',(-117.755978059448,12.0057456293596,-158.958688876853));
#7798=CARTESIAN_POINT('',(-117.755978059448,12.0057456293596,-80.4793444384266));
#7799=CARTESIAN_POINT('',(-117.755978059448,12.0057456293596,-158.958688876853));
#7800=CARTESIAN_POINT('Origin',(-108.007118205272,25.9326882781833,-158.958688876853));
#7801=CARTESIAN_POINT('',(-106.368654364234,24.7857635894567,-158.958688876853));
#7802=CARTESIAN_POINT('',(-112.365095261598,16.219419450365,-158.958688876853));
#7803=CARTESIAN_POINT('',(-108.007118205272,25.9326882781833,-158.958688876853));
#7804=CARTESIAN_POINT('',(-114.003559102636,17.3663441390917,-158.958688876853));
#7805=CARTESIAN_POINT('',(-108.007118205272,25.9326882781833,-158.958688876853));
#7806=CARTESIAN_POINT('Origin',(-108.007118205272,25.9326882781833,-162.958688876853));
#7807=CARTESIAN_POINT('',(-106.368654364234,24.7857635894567,-82.4793444384266));
#7808=CARTESIAN_POINT('',(-108.007118205272,25.9326882781833,-82.4793444384266));
#7809=CARTESIAN_POINT('Origin',(-117.755978059448,12.0057456293597,-152.958688876853));
#7810=CARTESIAN_POINT('',(-106.368654364234,24.7857635894567,-152.958688876853));
#7811=CARTESIAN_POINT('',(-116.11751421841,10.858820940633,-152.958688876853));
#7812=CARTESIAN_POINT('',(-117.239525188686,9.25594812595316,-152.958688876853));
#7813=CARTESIAN_POINT('',(-108.007118205272,25.9326882781833,-152.958688876853));
#7814=CARTESIAN_POINT('',(-108.007118205272,25.9326882781833,-152.958688876853));
#7815=CARTESIAN_POINT('',(-117.755978059448,12.0057456293597,-152.958688876853));
#7816=CARTESIAN_POINT('',(-118.877989029724,10.4028728146798,-152.958688876853));
#7817=CARTESIAN_POINT('',(-117.755978059448,12.0057456293597,-152.958688876853));
#7818=CARTESIAN_POINT('Origin',(-117.755978059448,12.0057456293597,-148.958688876853));
#7819=CARTESIAN_POINT('',(-116.11751421841,10.858820940633,-148.958688876853));
#7820=CARTESIAN_POINT('',(-116.11751421841,10.858820940633,-75.4793444384266));
#7821=CARTESIAN_POINT('',(-117.755978059448,12.0057456293597,-148.958688876853));
#7822=CARTESIAN_POINT('',(-117.755978059448,12.0057456293597,-75.4793444384266));
#7823=CARTESIAN_POINT('',(-117.755978059448,12.0057456293597,-148.958688876853));
#7824=CARTESIAN_POINT('Origin',(-108.007118205272,25.9326882781833,-148.958688876853));
#7825=CARTESIAN_POINT('',(-106.368654364234,24.7857635894567,-148.958688876853));
#7826=CARTESIAN_POINT('',(-112.365095261598,16.219419450365,-148.958688876853));
#7827=CARTESIAN_POINT('',(-108.007118205272,25.9326882781833,-148.958688876853));
#7828=CARTESIAN_POINT('',(-114.003559102636,17.3663441390917,-148.958688876853));
#7829=CARTESIAN_POINT('',(-108.007118205272,25.9326882781833,-148.958688876853));
#7830=CARTESIAN_POINT('Origin',(-108.007118205272,25.9326882781833,-152.958688876853));
#7831=CARTESIAN_POINT('',(-106.368654364234,24.7857635894567,-77.4793444384266));
#7832=CARTESIAN_POINT('',(-108.007118205272,25.9326882781833,-77.4793444384266));
#7833=CARTESIAN_POINT('Origin',(-117.755978059448,12.0057456293597,-142.958688876853));
#7834=CARTESIAN_POINT('',(-106.368654364234,24.7857635894567,-142.958688876853));
#7835=CARTESIAN_POINT('',(-116.11751421841,10.858820940633,-142.958688876853));
#7836=CARTESIAN_POINT('',(-117.239525188686,9.25594812595316,-142.958688876853));
#7837=CARTESIAN_POINT('',(-108.007118205272,25.9326882781833,-142.958688876853));
#7838=CARTESIAN_POINT('',(-108.007118205272,25.9326882781833,-142.958688876853));
#7839=CARTESIAN_POINT('',(-117.755978059448,12.0057456293597,-142.958688876853));
#7840=CARTESIAN_POINT('',(-118.877989029724,10.4028728146798,-142.958688876853));
#7841=CARTESIAN_POINT('',(-117.755978059448,12.0057456293597,-142.958688876853));
#7842=CARTESIAN_POINT('Origin',(-117.755978059448,12.0057456293597,-138.958688876853));
#7843=CARTESIAN_POINT('',(-116.11751421841,10.858820940633,-138.958688876853));
#7844=CARTESIAN_POINT('',(-116.11751421841,10.858820940633,-70.4793444384266));
#7845=CARTESIAN_POINT('',(-117.755978059448,12.0057456293597,-138.958688876853));
#7846=CARTESIAN_POINT('',(-117.755978059448,12.0057456293597,-70.4793444384266));
#7847=CARTESIAN_POINT('',(-117.755978059448,12.0057456293597,-138.958688876853));
#7848=CARTESIAN_POINT('Origin',(-108.007118205272,25.9326882781833,-138.958688876853));
#7849=CARTESIAN_POINT('',(-106.368654364234,24.7857635894567,-138.958688876853));
#7850=CARTESIAN_POINT('',(-112.365095261598,16.219419450365,-138.958688876853));
#7851=CARTESIAN_POINT('',(-108.007118205272,25.9326882781833,-138.958688876853));
#7852=CARTESIAN_POINT('',(-114.003559102636,17.3663441390917,-138.958688876853));
#7853=CARTESIAN_POINT('',(-108.007118205272,25.9326882781833,-138.958688876853));
#7854=CARTESIAN_POINT('Origin',(-108.007118205272,25.9326882781833,-142.958688876853));
#7855=CARTESIAN_POINT('',(-106.368654364234,24.7857635894567,-72.4793444384266));
#7856=CARTESIAN_POINT('',(-108.007118205272,25.9326882781833,-72.4793444384266));
#7857=CARTESIAN_POINT('Origin',(-117.755978059448,12.0057456293597,-132.958688876853));
#7858=CARTESIAN_POINT('',(-106.368654364234,24.7857635894567,-132.958688876853));
#7859=CARTESIAN_POINT('',(-116.11751421841,10.858820940633,-132.958688876853));
#7860=CARTESIAN_POINT('',(-117.239525188686,9.25594812595316,-132.958688876853));
#7861=CARTESIAN_POINT('',(-108.007118205272,25.9326882781833,-132.958688876853));
#7862=CARTESIAN_POINT('',(-108.007118205272,25.9326882781833,-132.958688876853));
#7863=CARTESIAN_POINT('',(-117.755978059448,12.0057456293597,-132.958688876853));
#7864=CARTESIAN_POINT('',(-118.877989029724,10.4028728146798,-132.958688876853));
#7865=CARTESIAN_POINT('',(-117.755978059448,12.0057456293597,-132.958688876853));
#7866=CARTESIAN_POINT('Origin',(-117.755978059448,12.0057456293597,-128.958688876853));
#7867=CARTESIAN_POINT('',(-116.11751421841,10.858820940633,-128.958688876853));
#7868=CARTESIAN_POINT('',(-116.11751421841,10.858820940633,-65.4793444384266));
#7869=CARTESIAN_POINT('',(-117.755978059448,12.0057456293597,-128.958688876853));
#7870=CARTESIAN_POINT('',(-117.755978059448,12.0057456293597,-65.4793444384266));
#7871=CARTESIAN_POINT('',(-117.755978059448,12.0057456293597,-128.958688876853));
#7872=CARTESIAN_POINT('Origin',(-108.007118205272,25.9326882781833,-128.958688876853));
#7873=CARTESIAN_POINT('',(-106.368654364234,24.7857635894567,-128.958688876853));
#7874=CARTESIAN_POINT('',(-112.365095261598,16.219419450365,-128.958688876853));
#7875=CARTESIAN_POINT('',(-108.007118205272,25.9326882781833,-128.958688876853));
#7876=CARTESIAN_POINT('',(-114.003559102636,17.3663441390917,-128.958688876853));
#7877=CARTESIAN_POINT('',(-108.007118205272,25.9326882781833,-128.958688876853));
#7878=CARTESIAN_POINT('Origin',(-108.007118205272,25.9326882781833,-132.958688876853));
#7879=CARTESIAN_POINT('',(-106.368654364234,24.7857635894567,-67.4793444384266));
#7880=CARTESIAN_POINT('',(-108.007118205272,25.9326882781833,-67.4793444384266));
#7881=CARTESIAN_POINT('Origin',(-51.7586888768532,21.8,-84.5543444384266));
#7882=CARTESIAN_POINT('',(-51.7586888768531,26.8,-65.6086888768531));
#7883=CARTESIAN_POINT('',(-56.7586888768531,21.8,-65.6086888768531));
#7884=CARTESIAN_POINT('Origin',(-51.7586888768531,21.8,-65.6086888768531));
#7885=CARTESIAN_POINT('',(-56.7586888768531,21.8,-74.6086888768531));
#7886=CARTESIAN_POINT('',(-56.7586888768532,21.8,-84.5543444384266));
#7887=CARTESIAN_POINT('',(-51.7586888768531,26.8,-74.6086888768531));
#7888=CARTESIAN_POINT('Origin',(-51.7586888768531,21.8,-74.6086888768531));
#7889=CARTESIAN_POINT('',(-51.7586888768532,26.8,-84.5543444384266));
#7890=CARTESIAN_POINT('Origin',(-56.7586888768531,26.8,-74.6086888768531));
#7891=CARTESIAN_POINT('',(-56.7586888768531,10.4,-65.6086888768531));
#7892=CARTESIAN_POINT('',(-56.7586888768531,26.8,-65.6086888768531));
#7893=CARTESIAN_POINT('',(-56.7586888768532,10.4,-74.6086888768531));
#7894=CARTESIAN_POINT('',(-56.7586888768531,10.4,-74.6086888768531));
#7895=CARTESIAN_POINT('',(-56.7586888768531,26.8,-74.6086888768531));
#7896=CARTESIAN_POINT('Origin',(-51.7586888768532,21.8,-109.154344438427));
#7897=CARTESIAN_POINT('',(-51.7586888768532,26.8,-114.808688876853));
#7898=CARTESIAN_POINT('',(-56.7586888768532,21.8,-114.808688876853));
#7899=CARTESIAN_POINT('Origin',(-51.7586888768532,21.8,-114.808688876853));
#7900=CARTESIAN_POINT('',(-56.7586888768532,21.8,-123.808688876853));
#7901=CARTESIAN_POINT('',(-56.7586888768532,21.8,-109.154344438427));
#7902=CARTESIAN_POINT('',(-51.7586888768532,26.8,-123.808688876853));
#7903=CARTESIAN_POINT('Origin',(-51.7586888768532,21.8,-123.808688876853));
#7904=CARTESIAN_POINT('',(-51.7586888768532,26.8,-109.154344438427));
#7905=CARTESIAN_POINT('Origin',(-56.7586888768532,26.8,-123.808688876853));
#7906=CARTESIAN_POINT('',(-56.7586888768532,10.4,-114.808688876853));
#7907=CARTESIAN_POINT('',(-56.7586888768532,26.8,-114.808688876853));
#7908=CARTESIAN_POINT('',(-56.7586888768532,10.4,-123.808688876853));
#7909=CARTESIAN_POINT('',(-56.7586888768532,10.4,-123.808688876853));
#7910=CARTESIAN_POINT('',(-56.7586888768532,26.8,-123.808688876853));
#7911=CARTESIAN_POINT('Origin',(-62.7586888768532,13.4,-68.6086888768531));
#7912=CARTESIAN_POINT('',(-62.7586888768532,13.4,-68.6086888768531));
#7913=CARTESIAN_POINT('',(-59.7586888768531,13.4,-74.6086888768531));
#7914=CARTESIAN_POINT('',(-62.7586888768532,13.4,-68.6086888768531));
#7915=CARTESIAN_POINT('',(-59.7586888768532,10.4,-74.6086888768531));
#7916=CARTESIAN_POINT('',(-59.7586888768532,13.4,-74.6086888768531));
#7917=CARTESIAN_POINT('',(-62.7586888768532,10.4,-68.6086888768531));
#7918=CARTESIAN_POINT('',(-62.7586888768532,10.4,-68.6086888768531));
#7919=CARTESIAN_POINT('',(-62.7586888768532,13.4,-68.6086888768531));
#7920=CARTESIAN_POINT('Origin',(-59.7586888768532,10.4,-70.1086888768531));
#7921=CARTESIAN_POINT('',(-59.7586888768532,10.4,-74.6086888768531));
#7922=CARTESIAN_POINT('',(-62.7586888768532,10.4,-65.6086888768531));
#7923=CARTESIAN_POINT('',(-56.7586888768531,10.4,-65.6086888768531));
#7924=CARTESIAN_POINT('',(-62.7586888768532,10.4,-65.6086888768531));
#7925=CARTESIAN_POINT('Origin',(-59.7586888768532,13.4,-70.1086888768531));
#7926=CARTESIAN_POINT('',(-59.7586888768532,13.4,-68.6086888768531));
#7927=CARTESIAN_POINT('',(-59.7586888768532,13.4,-68.6086888768531));
#7928=CARTESIAN_POINT('',(-62.7586888768532,13.4,-68.6086888768531));
#7929=CARTESIAN_POINT('Origin',(-59.7586888768532,13.4,-114.808688876853));
#7930=CARTESIAN_POINT('',(-59.7586888768532,13.4,-114.808688876853));
#7931=CARTESIAN_POINT('',(-62.7586888768532,13.4,-120.808688876853));
#7932=CARTESIAN_POINT('',(-59.7586888768532,13.4,-114.808688876853));
#7933=CARTESIAN_POINT('',(-62.7586888768532,10.4,-120.808688876853));
#7934=CARTESIAN_POINT('',(-62.7586888768532,13.4,-120.808688876853));
#7935=CARTESIAN_POINT('',(-59.7586888768532,10.4,-114.808688876853));
#7936=CARTESIAN_POINT('',(-59.7586888768532,10.4,-114.808688876853));
#7937=CARTESIAN_POINT('',(-59.7586888768532,13.4,-114.808688876853));
#7938=CARTESIAN_POINT('Origin',(-59.7586888768532,10.4,-119.308688876853));
#7939=CARTESIAN_POINT('',(-62.7586888768532,10.4,-123.808688876853));
#7940=CARTESIAN_POINT('',(-62.7586888768532,10.4,-120.808688876853));
#7941=CARTESIAN_POINT('',(-62.7586888768532,10.4,-123.808688876853));
#7942=CARTESIAN_POINT('',(-56.7586888768532,10.4,-114.808688876853));
#7943=CARTESIAN_POINT('Origin',(-59.7586888768532,13.4,-119.308688876853));
#7944=CARTESIAN_POINT('',(-59.7586888768532,13.4,-120.808688876853));
#7945=CARTESIAN_POINT('',(-59.7586888768532,13.4,-120.808688876853));
#7946=CARTESIAN_POINT('',(-59.7586888768532,13.4,-114.808688876853));
#7947=CARTESIAN_POINT('Origin',(-59.7586888768531,26.8,-74.6086888768531));
#7948=CARTESIAN_POINT('',(-59.7586888768531,26.8,-74.6086888768531));
#7949=CARTESIAN_POINT('',(-59.8793444384266,26.8,-74.6086888768531));
#7950=CARTESIAN_POINT('',(-59.7586888768531,26.8,-74.6086888768531));
#7951=CARTESIAN_POINT('Origin',(-59.7586888768532,26.8,-68.6086888768531));
#7952=CARTESIAN_POINT('',(-59.7586888768532,26.8,-68.6086888768531));
#7953=CARTESIAN_POINT('',(-59.7586888768531,26.8,-81.5543444384265));
#7954=CARTESIAN_POINT('',(-59.7586888768532,26.8,-68.6086888768531));
#7955=CARTESIAN_POINT('Origin',(-62.7586888768532,26.8,-68.6086888768531));
#7956=CARTESIAN_POINT('',(-62.7586888768532,26.8,-68.6086888768531));
#7957=CARTESIAN_POINT('',(-61.3793444384266,26.8,-68.6086888768531));
#7958=CARTESIAN_POINT('',(-62.7586888768532,26.8,-68.6086888768531));
#7959=CARTESIAN_POINT('Origin',(-62.7586888768532,26.8,-65.6086888768531));
#7960=CARTESIAN_POINT('',(-62.7586888768532,26.8,-65.6086888768531));
#7961=CARTESIAN_POINT('',(-62.7586888768531,26.8,-80.0543444384266));
#7962=CARTESIAN_POINT('',(-62.7586888768532,26.8,-65.6086888768531));
#7963=CARTESIAN_POINT('Origin',(-56.7586888768531,26.8,-65.6086888768531));
#7964=CARTESIAN_POINT('',(-58.3793444384265,26.8,-65.6086888768531));
#7965=CARTESIAN_POINT('Origin',(-56.7586888768532,26.8,-114.808688876853));
#7966=CARTESIAN_POINT('',(-59.7586888768532,26.8,-114.808688876853));
#7967=CARTESIAN_POINT('',(-58.3793444384266,26.8,-114.808688876853));
#7968=CARTESIAN_POINT('',(-59.7586888768532,26.8,-114.808688876853));
#7969=CARTESIAN_POINT('Origin',(-62.7586888768532,26.8,-123.808688876853));
#7970=CARTESIAN_POINT('',(-62.7586888768532,26.8,-123.808688876853));
#7971=CARTESIAN_POINT('',(-61.3793444384266,26.8,-123.808688876853));
#7972=CARTESIAN_POINT('',(-62.7586888768532,26.8,-123.808688876853));
#7973=CARTESIAN_POINT('Origin',(-62.7586888768532,26.8,-120.808688876853));
#7974=CARTESIAN_POINT('',(-62.7586888768532,26.8,-120.808688876853));
#7975=CARTESIAN_POINT('',(-62.7586888768532,26.8,-107.654344438427));
#7976=CARTESIAN_POINT('',(-62.7586888768532,26.8,-120.808688876853));
#7977=CARTESIAN_POINT('Origin',(-59.7586888768532,26.8,-120.808688876853));
#7978=CARTESIAN_POINT('',(-59.7586888768532,26.8,-120.808688876853));
#7979=CARTESIAN_POINT('',(-59.8793444384267,26.8,-120.808688876853));
#7980=CARTESIAN_POINT('',(-59.7586888768532,26.8,-120.808688876853));
#7981=CARTESIAN_POINT('Origin',(-59.7586888768532,26.8,-114.808688876853));
#7982=CARTESIAN_POINT('',(-59.7586888768532,26.8,-104.654344438427));
#7983=CARTESIAN_POINT('Origin',(-104.958688876853,14.3,-78.402774395123));
#7984=CARTESIAN_POINT('',(-113.708688876853,14.3,-68.402774395123));
#7985=CARTESIAN_POINT('',(-114.447897893718,13.2439871187643,-68.4586888768531));
#7986=CARTESIAN_POINT('Origin',(-113.708688876853,14.3,-78.402774395123));
#7987=CARTESIAN_POINT('',(-104.958688876853,14.3,-68.402774395123));
#7988=CARTESIAN_POINT('',(-104.958688876853,14.3,-68.402774395123));
#7989=CARTESIAN_POINT('',(-104.958688876853,4.29999999999999,-78.402774395123));
#7990=CARTESIAN_POINT('Origin',(-104.958688876853,14.3,-78.402774395123));
#7991=CARTESIAN_POINT('',(-120.,4.29999999999999,-78.402774395123));
#7992=CARTESIAN_POINT('',(-104.958688876853,4.29999999999999,-78.402774395123));
#7993=CARTESIAN_POINT('',(-120.,8.8,-70.0511278508779));
#7994=CARTESIAN_POINT('Origin',(-120.,14.3,-78.402774395123));
#7995=CARTESIAN_POINT('',(-116.889209016865,13.2439871187643,-68.4586888768531));
#7996=CARTESIAN_POINT('Origin',(-116.15,14.3,-78.402774395123));
#7997=CARTESIAN_POINT('',(-104.958688876853,13.2439871187643,-68.4586888768531));
#7998=CARTESIAN_POINT('Origin',(-104.958688876853,4.29999999999999,-68.402774395123));
#7999=CARTESIAN_POINT('',(-104.958688876853,4.29999999999999,-110.958688876853));
#8000=CARTESIAN_POINT('',(-104.958688876853,4.29999999999999,-67.4307316359881));
#8001=CARTESIAN_POINT('',(-120.,4.29999999999999,-110.958688876853));
#8002=CARTESIAN_POINT('',(-104.958688876853,4.29999999999999,-110.958688876853));
#8003=CARTESIAN_POINT('',(-120.,4.29999999999998,-153.979344438426));
#8004=CARTESIAN_POINT('Origin',(-104.958688876853,14.3,-110.958688876853));
#8005=CARTESIAN_POINT('',(-120.,8.80000000000001,-119.310335421098));
#8006=CARTESIAN_POINT('Origin',(-120.,14.3,-110.958688876853));
#8007=CARTESIAN_POINT('',(-104.958688876853,14.3,-120.958688876853));
#8008=CARTESIAN_POINT('Origin',(-104.958688876853,14.3,-110.958688876853));
#8009=CARTESIAN_POINT('',(-116.15,14.3,-120.958688876853));
#8010=CARTESIAN_POINT('',(-104.958688876853,14.3,-120.958688876853));
#8011=CARTESIAN_POINT('Origin',(-116.15,14.3,-110.958688876853));
#8012=CARTESIAN_POINT('Origin',(-104.958688876853,4.29999999999999,-120.958688876853));
#8013=CARTESIAN_POINT('',(-104.958688876853,26.8,-120.958688876853));
#8014=CARTESIAN_POINT('',(-104.958688876853,15.55,-120.958688876853));
#8015=CARTESIAN_POINT('',(-107.4,26.8,-120.958688876853));
#8016=CARTESIAN_POINT('',(-104.958688876853,26.8,-120.958688876853));
#8017=CARTESIAN_POINT('',(-113.298576358946,18.3734623443633,-120.958688876853));
#8018=CARTESIAN_POINT('Origin',(-103.458688876853,7.875,-114.558688876853));
#8019=CARTESIAN_POINT('',(-103.458688876853,7.875,-114.558688876853));
#8020=CARTESIAN_POINT('',(-103.458688876853,5.975,-114.558688876853));
#8021=CARTESIAN_POINT('',(-103.458688876853,17.3375,-114.558688876853));
#8022=CARTESIAN_POINT('',(-104.458688876853,7.875,-114.558688876853));
#8023=CARTESIAN_POINT('',(-103.458688876853,7.875,-114.558688876853));
#8024=CARTESIAN_POINT('',(-104.458688876853,5.975,-114.558688876853));
#8025=CARTESIAN_POINT('',(-104.458688876853,5.975,-114.558688876853));
#8026=CARTESIAN_POINT('',(-103.458688876853,5.975,-114.558688876853));
#8027=CARTESIAN_POINT('Origin',(-103.458688876853,7.875,-112.658688876853));
#8028=CARTESIAN_POINT('',(-103.458688876853,7.875,-112.658688876853));
#8029=CARTESIAN_POINT('',(-103.458688876853,7.875,-117.808688876853));
#8030=CARTESIAN_POINT('',(-104.458688876853,7.875,-112.658688876853));
#8031=CARTESIAN_POINT('',(-103.458688876853,7.875,-112.658688876853));
#8032=CARTESIAN_POINT('',(-104.458688876853,7.875,-114.558688876853));
#8033=CARTESIAN_POINT('Origin',(-103.458688876853,5.975,-112.658688876853));
#8034=CARTESIAN_POINT('',(-103.458688876853,5.975,-112.658688876853));
#8035=CARTESIAN_POINT('',(-103.458688876853,16.3875,-112.658688876853));
#8036=CARTESIAN_POINT('',(-104.458688876853,5.975,-112.658688876853));
#8037=CARTESIAN_POINT('',(-103.458688876853,5.975,-112.658688876853));
#8038=CARTESIAN_POINT('',(-104.458688876853,7.875,-112.658688876853));
#8039=CARTESIAN_POINT('Origin',(-103.458688876853,5.975,-114.558688876853));
#8040=CARTESIAN_POINT('',(-103.458688876853,5.975,-118.758688876853));
#8041=CARTESIAN_POINT('',(-104.458688876853,5.975,-112.658688876853));
#8042=CARTESIAN_POINT('Origin',(-104.458688876853,6.925,-113.608688876853));
#8043=CARTESIAN_POINT('Origin',(-103.458688876853,26.8,-70.9586888768531));
#8044=CARTESIAN_POINT('',(-103.458688876853,26.8,-70.9586888768531));
#8045=CARTESIAN_POINT('',(-103.458688876853,2.29999999999999,-70.9586888768531));
#8046=CARTESIAN_POINT('',(-103.458688876853,26.8,-70.9586888768531));
#8047=CARTESIAN_POINT('',(-104.458688876853,26.8,-70.9586888768531));
#8048=CARTESIAN_POINT('',(-103.458688876853,26.8,-70.9586888768531));
#8049=CARTESIAN_POINT('',(-104.458688876853,2.29999999999999,-70.9586888768531));
#8050=CARTESIAN_POINT('',(-104.458688876853,2.29999999999999,-70.9586888768531));
#8051=CARTESIAN_POINT('',(-104.208688876853,2.29999999999999,-70.9586888768531));
#8052=CARTESIAN_POINT('Origin',(-103.458688876853,2.29999999999999,-68.4586888768531));
#8053=CARTESIAN_POINT('',(-103.458688876853,2.29999999999999,-68.4586888768531));
#8054=CARTESIAN_POINT('',(-103.458688876853,26.8,-68.4586888768531));
#8055=CARTESIAN_POINT('',(-103.458688876853,14.55,-68.4586888768531));
#8056=CARTESIAN_POINT('',(-104.458688876853,2.29999999999999,-68.4586888768531));
#8057=CARTESIAN_POINT('',(-104.208688876853,2.29999999999999,-68.4586888768531));
#8058=CARTESIAN_POINT('',(-104.458688876853,26.8,-68.4586888768531));
#8059=CARTESIAN_POINT('',(-104.458688876853,26.8,-68.4586888768531));
#8060=CARTESIAN_POINT('',(-103.458688876853,26.8,-68.4586888768531));
#8061=CARTESIAN_POINT('Origin',(-104.458688876853,14.55,-69.7086888768531));
#8062=CARTESIAN_POINT('',(-104.458688876853,2.29999999999999,-96.3336888768531));
#8063=CARTESIAN_POINT('',(-104.458688876853,26.8,-70.9586888768531));
#8064=CARTESIAN_POINT('Origin',(-103.458688876853,7.875,-97.5586888768531));
#8065=CARTESIAN_POINT('',(-103.458688876853,7.875,-97.5586888768531));
#8066=CARTESIAN_POINT('',(-103.458688876853,5.975,-97.5586888768531));
#8067=CARTESIAN_POINT('',(-103.458688876853,17.3375,-97.5586888768531));
#8068=CARTESIAN_POINT('',(-104.458688876853,7.875,-97.5586888768531));
#8069=CARTESIAN_POINT('',(-103.458688876853,7.875,-97.5586888768531));
#8070=CARTESIAN_POINT('',(-104.458688876853,5.975,-97.5586888768531));
#8071=CARTESIAN_POINT('',(-104.458688876853,5.975,-97.5586888768531));
#8072=CARTESIAN_POINT('',(-103.458688876853,5.975,-97.5586888768531));
#8073=CARTESIAN_POINT('Origin',(-103.458688876853,7.875,-95.6586888768531));
#8074=CARTESIAN_POINT('',(-103.458688876853,7.875,-95.6586888768531));
#8075=CARTESIAN_POINT('',(-103.458688876853,7.875,-109.308688876853));
#8076=CARTESIAN_POINT('',(-104.458688876853,7.875,-95.6586888768531));
#8077=CARTESIAN_POINT('',(-103.458688876853,7.875,-95.6586888768531));
#8078=CARTESIAN_POINT('',(-104.458688876853,7.875,-97.5586888768531));
#8079=CARTESIAN_POINT('Origin',(-103.458688876853,5.975,-95.6586888768531));
#8080=CARTESIAN_POINT('',(-103.458688876853,5.975,-95.6586888768531));
#8081=CARTESIAN_POINT('',(-103.458688876853,16.3875,-95.6586888768531));
#8082=CARTESIAN_POINT('',(-104.458688876853,5.975,-95.6586888768531));
#8083=CARTESIAN_POINT('',(-103.458688876853,5.975,-95.6586888768531));
#8084=CARTESIAN_POINT('',(-104.458688876853,7.875,-95.6586888768531));
#8085=CARTESIAN_POINT('Origin',(-103.458688876853,5.975,-97.5586888768531));
#8086=CARTESIAN_POINT('',(-103.458688876853,5.975,-110.258688876853));
#8087=CARTESIAN_POINT('',(-104.458688876853,5.975,-95.6586888768531));
#8088=CARTESIAN_POINT('Origin',(-104.458688876853,6.925,-96.6086888768531));
#8089=CARTESIAN_POINT('Origin',(-103.458688876853,26.8,-120.958688876853));
#8090=CARTESIAN_POINT('',(-103.458688876853,26.8,-120.958688876853));
#8091=CARTESIAN_POINT('',(-103.458688876853,2.29999999999999,-120.958688876853));
#8092=CARTESIAN_POINT('',(-103.458688876853,26.8,-120.958688876853));
#8093=CARTESIAN_POINT('',(-104.458688876853,26.8,-120.958688876853));
#8094=CARTESIAN_POINT('',(-103.458688876853,26.8,-120.958688876853));
#8095=CARTESIAN_POINT('',(-104.458688876853,2.29999999999999,-120.958688876853));
#8096=CARTESIAN_POINT('',(-104.458688876853,2.29999999999999,-120.958688876853));
#8097=CARTESIAN_POINT('',(-104.208688876853,2.29999999999999,-120.958688876853));
#8098=CARTESIAN_POINT('Origin',(-103.458688876853,2.29999999999999,-118.458688876853));
#8099=CARTESIAN_POINT('',(-103.458688876853,2.29999999999999,-118.458688876853));
#8100=CARTESIAN_POINT('',(-103.458688876853,26.8,-118.458688876853));
#8101=CARTESIAN_POINT('',(-103.458688876853,14.55,-118.458688876853));
#8102=CARTESIAN_POINT('',(-104.458688876853,2.29999999999999,-118.458688876853));
#8103=CARTESIAN_POINT('',(-104.208688876853,2.29999999999999,-118.458688876853));
#8104=CARTESIAN_POINT('',(-104.458688876853,26.8,-118.458688876853));
#8105=CARTESIAN_POINT('',(-104.458688876853,26.8,-118.458688876853));
#8106=CARTESIAN_POINT('',(-103.458688876853,26.8,-118.458688876853));
#8107=CARTESIAN_POINT('Origin',(-104.458688876853,14.55,-119.708688876853));
#8108=CARTESIAN_POINT('',(-104.458688876853,2.29999999999999,-121.333688876853));
#8109=CARTESIAN_POINT('',(-104.458688876853,26.8,-122.958688876853));
#8110=CARTESIAN_POINT('Origin',(-103.458688876853,16.575,-89.8586888768531));
#8111=CARTESIAN_POINT('',(-103.458688876853,16.575,-89.8586888768531));
#8112=CARTESIAN_POINT('',(-103.458688876853,14.675,-89.8586888768531));
#8113=CARTESIAN_POINT('',(-103.458688876853,21.6875,-89.8586888768531));
#8114=CARTESIAN_POINT('',(-104.458688876853,16.575,-89.8586888768531));
#8115=CARTESIAN_POINT('',(-103.458688876853,16.575,-89.8586888768531));
#8116=CARTESIAN_POINT('',(-104.458688876853,14.675,-89.8586888768531));
#8117=CARTESIAN_POINT('',(-104.458688876853,14.675,-89.8586888768531));
#8118=CARTESIAN_POINT('',(-103.458688876853,14.675,-89.8586888768531));
#8119=CARTESIAN_POINT('Origin',(-103.458688876853,16.575,-87.9586888768531));
#8120=CARTESIAN_POINT('',(-103.458688876853,16.575,-87.9586888768531));
#8121=CARTESIAN_POINT('',(-103.458688876853,16.575,-105.458688876853));
#8122=CARTESIAN_POINT('',(-104.458688876853,16.575,-87.9586888768531));
#8123=CARTESIAN_POINT('',(-103.458688876853,16.575,-87.9586888768531));
#8124=CARTESIAN_POINT('',(-104.458688876853,16.575,-89.8586888768531));
#8125=CARTESIAN_POINT('Origin',(-103.458688876853,14.675,-87.9586888768531));
#8126=CARTESIAN_POINT('',(-103.458688876853,14.675,-87.9586888768531));
#8127=CARTESIAN_POINT('',(-103.458688876853,20.7375,-87.9586888768531));
#8128=CARTESIAN_POINT('',(-104.458688876853,14.675,-87.9586888768531));
#8129=CARTESIAN_POINT('',(-103.458688876853,14.675,-87.9586888768531));
#8130=CARTESIAN_POINT('',(-104.458688876853,16.575,-87.9586888768531));
#8131=CARTESIAN_POINT('Origin',(-103.458688876853,14.675,-89.8586888768531));
#8132=CARTESIAN_POINT('',(-103.458688876853,14.675,-106.408688876853));
#8133=CARTESIAN_POINT('',(-104.458688876853,14.675,-87.9586888768531));
#8134=CARTESIAN_POINT('Origin',(-104.458688876853,15.625,-88.9086888768531));
#8135=CARTESIAN_POINT('Origin',(-103.458688876853,26.8,-122.958688876853));
#8136=CARTESIAN_POINT('',(-103.458688876853,2.29999999999999,-122.958688876853));
#8137=CARTESIAN_POINT('',(-103.458688876853,2.29999999999999,-122.958688876853));
#8138=CARTESIAN_POINT('',(-103.458688876853,26.8,-122.958688876853));
#8139=CARTESIAN_POINT('',(-103.458688876853,26.8,-122.958688876853));
#8140=CARTESIAN_POINT('',(-103.458688876853,26.8,-108.729344438427));
#8141=CARTESIAN_POINT('Origin',(-103.458688876853,26.8,-122.958688876853));
#8142=CARTESIAN_POINT('',(-103.458688876853,2.29999999999999,-122.958688876853));
#8143=CARTESIAN_POINT('',(-103.458688876853,26.8,-108.729344438427));
#8144=CARTESIAN_POINT('',(-103.458688876853,24.05,-74.0586888768531));
#8145=CARTESIAN_POINT('',(-103.458688876853,26.05,-76.0586888768531));
#8146=CARTESIAN_POINT('Origin',(-103.458688876853,24.05,-76.0586888768531));
#8147=CARTESIAN_POINT('',(-103.458688876853,26.05,-82.0586888768531));
#8148=CARTESIAN_POINT('',(-103.458688876853,26.05,-99.5086888768531));
#8149=CARTESIAN_POINT('',(-103.458688876853,24.05,-84.0586888768531));
#8150=CARTESIAN_POINT('Origin',(-103.458688876853,24.05,-82.0586888768531));
#8151=CARTESIAN_POINT('',(-103.458688876853,11.85,-84.0586888768531));
#8152=CARTESIAN_POINT('',(-103.458688876853,25.425,-84.0586888768531));
#8153=CARTESIAN_POINT('',(-103.458688876853,9.84999999999999,-82.0586888768531));
#8154=CARTESIAN_POINT('Origin',(-103.458688876853,11.85,-82.0586888768531));
#8155=CARTESIAN_POINT('',(-103.458688876853,9.84999999999999,-76.0586888768531));
#8156=CARTESIAN_POINT('',(-103.458688876853,9.84999999999999,-102.508688876853));
#8157=CARTESIAN_POINT('',(-103.458688876853,11.85,-74.0586888768531));
#8158=CARTESIAN_POINT('Origin',(-103.458688876853,11.85,-76.0586888768531));
#8159=CARTESIAN_POINT('',(-103.458688876853,19.325,-74.0586888768531));
#8160=CARTESIAN_POINT('',(-103.458688876853,15.4,-114.858688876853));
#8161=CARTESIAN_POINT('',(-103.458688876853,15.4,-95.3586888768531));
#8162=CARTESIAN_POINT('Origin',(-103.458688876853,15.4,-105.108688876853));
#8163=CARTESIAN_POINT('Origin',(-103.458688876853,15.4,-105.108688876853));
#8164=CARTESIAN_POINT('Origin',(-103.458688876853,26.8,-122.958688876853));
#8165=CARTESIAN_POINT('',(-103.458688876853,26.8,-66.4586888768531));
#8166=CARTESIAN_POINT('',(-103.458688876853,26.8,-108.729344438427));
#8167=CARTESIAN_POINT('',(-103.458688876853,2.29999999999999,-66.4586888768531));
#8168=CARTESIAN_POINT('',(-103.458688876853,26.8,-66.4586888768531));
#8169=CARTESIAN_POINT('',(-103.458688876853,2.29999999999999,-122.958688876853));
#8170=CARTESIAN_POINT('Origin',(-103.458688876853,24.05,-76.0586888768531));
#8171=CARTESIAN_POINT('',(-104.958688876853,26.05,-76.0586888768531));
#8172=CARTESIAN_POINT('',(-104.958688876853,24.05,-74.0586888768531));
#8173=CARTESIAN_POINT('Origin',(-104.958688876853,24.05,-76.0586888768531));
#8174=CARTESIAN_POINT('',(-103.458688876853,26.05,-76.0586888768531));
#8175=CARTESIAN_POINT('',(-103.458688876853,24.05,-74.0586888768531));
#8176=CARTESIAN_POINT('Origin',(-103.458688876853,11.85,-74.0586888768531));
#8177=CARTESIAN_POINT('',(-104.958688876853,11.85,-74.0586888768531));
#8178=CARTESIAN_POINT('',(-104.958688876853,19.325,-74.0586888768531));
#8179=CARTESIAN_POINT('',(-103.458688876853,11.85,-74.0586888768531));
#8180=CARTESIAN_POINT('Origin',(-103.458688876853,11.85,-76.0586888768531));
#8181=CARTESIAN_POINT('',(-104.958688876853,9.84999999999999,-76.0586888768531));
#8182=CARTESIAN_POINT('Origin',(-104.958688876853,11.85,-76.0586888768531));
#8183=CARTESIAN_POINT('',(-103.458688876853,9.84999999999999,-76.0586888768531));
#8184=CARTESIAN_POINT('Origin',(-103.458688876853,9.84999999999999,-82.0586888768531));
#8185=CARTESIAN_POINT('',(-104.958688876853,9.84999999999999,-82.0586888768531));
#8186=CARTESIAN_POINT('',(-104.958688876853,9.84999999999999,-74.2586888768531));
#8187=CARTESIAN_POINT('',(-103.458688876853,9.84999999999999,-82.0586888768531));
#8188=CARTESIAN_POINT('Origin',(-103.458688876853,11.85,-82.0586888768531));
#8189=CARTESIAN_POINT('',(-104.958688876853,11.85,-84.0586888768531));
#8190=CARTESIAN_POINT('Origin',(-104.958688876853,11.85,-82.0586888768531));
#8191=CARTESIAN_POINT('',(-103.458688876853,11.85,-84.0586888768531));
#8192=CARTESIAN_POINT('Origin',(-103.458688876853,24.05,-84.0586888768531));
#8193=CARTESIAN_POINT('',(-104.958688876853,24.05,-84.0586888768531));
#8194=CARTESIAN_POINT('',(-104.958688876853,25.425,-84.0586888768531));
#8195=CARTESIAN_POINT('',(-103.458688876853,24.05,-84.0586888768531));
#8196=CARTESIAN_POINT('Origin',(-103.458688876853,24.05,-82.0586888768531));
#8197=CARTESIAN_POINT('',(-104.958688876853,26.05,-82.0586888768531));
#8198=CARTESIAN_POINT('Origin',(-104.958688876853,24.05,-82.0586888768531));
#8199=CARTESIAN_POINT('',(-103.458688876853,26.05,-82.0586888768531));
#8200=CARTESIAN_POINT('Origin',(-103.458688876853,26.05,-76.0586888768531));
#8201=CARTESIAN_POINT('',(-104.958688876853,26.05,-71.2586888768531));
#8202=CARTESIAN_POINT('Origin',(-103.458688876853,15.4,-105.108688876853));
#8203=CARTESIAN_POINT('',(-104.958688876853,15.4,-95.3586888768531));
#8204=CARTESIAN_POINT('',(-103.458688876853,15.4,-95.3586888768531));
#8205=CARTESIAN_POINT('Origin',(-104.958688876853,15.4,-105.108688876853));
#8206=CARTESIAN_POINT('Origin',(-104.958688876853,26.8,-68.4586888768531));
#8207=CARTESIAN_POINT('',(-107.4,26.8,-68.4586888768531));
#8208=CARTESIAN_POINT('',(-107.4,26.8,-35.2293444384266));
#8209=CARTESIAN_POINT('',(-104.958688876853,26.8,-68.4586888768531));
#8210=CARTESIAN_POINT('',(-104.958688876853,26.8,-48.25));
#8211=CARTESIAN_POINT('',(-104.958688876853,26.8,-68.4586888768531));
#8212=CARTESIAN_POINT('Origin',(-104.958688876853,4.29999999999999,-68.4586888768531));
#8213=CARTESIAN_POINT('',(-118.583811258275,10.8231267738935,-68.4586888768531));
#8214=CARTESIAN_POINT('',(-116.945347417236,9.67620208516688,-68.4586888768531));
#8215=CARTESIAN_POINT('Origin',(-104.958688876853,26.8,-66.4586888768531));
#8216=CARTESIAN_POINT('',(-104.958688876853,26.8,-68.402774395123));
#8217=CARTESIAN_POINT('',(-104.958688876853,26.8,-68.402774395123));
#8218=CARTESIAN_POINT('',(-104.958688876853,26.8,-48.25));
#8219=CARTESIAN_POINT('Origin',(-104.958688876853,26.8,-68.402774395123));
#8220=CARTESIAN_POINT('',(-111.660112517908,17.2265376556367,-68.402774395123));
#8221=CARTESIAN_POINT('Origin',(-118.361536158962,7.65307531127334,-1.99999999999999));
#8222=CARTESIAN_POINT('Origin',(-120.,0.,-187.));
#8223=CARTESIAN_POINT('',(-120.,8.8,-187.));
#8224=CARTESIAN_POINT('',(-120.,8.8,-187.));
#8225=CARTESIAN_POINT('',(-120.,8.8,-94.5));
#8226=CARTESIAN_POINT('',(-120.,0.,-187.));
#8227=CARTESIAN_POINT('',(-120.,0.,-2.));
#8228=CARTESIAN_POINT('Origin',(-2.,0.,-189.));
#8229=CARTESIAN_POINT('',(-118.,8.8,-189.));
#8230=CARTESIAN_POINT('',(-118.,0.,-189.));
#8231=CARTESIAN_POINT('',(-2.,8.8,-189.));
#8232=CARTESIAN_POINT('',(-2.00000000000001,8.8,-189.));
#8233=CARTESIAN_POINT('',(-2.,0.,-189.));
#8234=CARTESIAN_POINT('Origin',(-118.,0.,-187.));
#8235=CARTESIAN_POINT('Origin',(-118.,8.8,-187.));
#8236=CARTESIAN_POINT('Origin',(-118.,0.,-1.99999999999999));
#8237=CARTESIAN_POINT('',(-118.,0.,0.));
#8238=CARTESIAN_POINT('Origin',(-118.,0.,0.));
#8239=CARTESIAN_POINT('',(-2.,0.,0.));
#8240=CARTESIAN_POINT('Origin',(-2.,0.,-2.));
#8241=CARTESIAN_POINT('',(0.,8.8,-1.99999999999999));
#8242=CARTESIAN_POINT('',(0.,0.,-1.99999999999999));
#8243=CARTESIAN_POINT('Origin',(-2.,8.8,-2.));
#8244=CARTESIAN_POINT('Origin',(0.,0.,-1.99999999999999));
#8245=CARTESIAN_POINT('',(0.,8.8,-187.));
#8246=CARTESIAN_POINT('',(0.,0.,-187.));
#8247=CARTESIAN_POINT('',(0.,8.8,-1.99999999999999));
#8248=CARTESIAN_POINT('Origin',(-2.,0.,-187.));
#8249=CARTESIAN_POINT('Origin',(-2.,8.8,-187.));
#8250=CARTESIAN_POINT('Origin',(0.,8.8,-187.));
#8251=CARTESIAN_POINT('',(0.,8.8,-1.99999999999999));
#8252=CARTESIAN_POINT('',(0.,8.8,-187.));
#8253=CARTESIAN_POINT('',(-14.,28.8,-173.));
#8254=CARTESIAN_POINT('',(0.,8.8,-187.));
#8255=CARTESIAN_POINT('',(-14.,28.8,-16.));
#8256=CARTESIAN_POINT('',(-14.,28.8,-173.));
#8257=CARTESIAN_POINT('',(-10.8,24.2285714285714,-12.8));
#8258=CARTESIAN_POINT('',(0.,8.8,-1.99999999999999));
#8259=CARTESIAN_POINT('',(-0.451677852348991,9.44525407478427,-12.8));
#8260=CARTESIAN_POINT('Origin',(-2.,0.,-1.99999999999999));
#8261=CARTESIAN_POINT('',(-2.,8.1695555383618,-174.));
#8262=CARTESIAN_POINT('',(-2.,0.,-174.));
#8263=CARTESIAN_POINT('',(-2.,8.1695555383618,-15.));
#8264=CARTESIAN_POINT('',(-2.,0.,-15.));
#8265=CARTESIAN_POINT('',(-2.,8.1695555383618,-94.5));
#8266=CARTESIAN_POINT('Origin',(-1.63846384103808,7.65307531127334,-187.));
#8267=CARTESIAN_POINT('',(-15.,26.7409841097904,-174.));
#8268=CARTESIAN_POINT('',(-2.53108129070251,8.92824309650825,-174.));
#8269=CARTESIAN_POINT('',(-15.,26.7409841097904,-15.));
#8270=CARTESIAN_POINT('',(0.099791192518959,5.16985383476329,-15.));
#8271=CARTESIAN_POINT('',(-15.0413111231467,26.8,-15.0413111231467));
#8272=CARTESIAN_POINT('',(-24.6193490520943,40.4829113270679,-24.6193490520943));
#8273=CARTESIAN_POINT('',(-15.0413111231468,26.8,-173.958688876853));
#8274=CARTESIAN_POINT('',(-15.0413111231468,26.8,-140.75));
#8275=CARTESIAN_POINT('',(-16.0814702642155,28.2859416300983,-172.918529735784));
#8276=CARTESIAN_POINT('Origin',(-2.,0.,-187.));
#8277=CARTESIAN_POINT('',(-102.,8.16955553836178,-187.));
#8278=CARTESIAN_POINT('',(-102.,0.,-187.));
#8279=CARTESIAN_POINT('',(-18.,8.1695555383618,-187.));
#8280=CARTESIAN_POINT('',(-18.,0.,-187.));
#8281=CARTESIAN_POINT('',(-60.,8.16955553836176,-187.));
#8282=CARTESIAN_POINT('Origin',(-60.,26.8,-94.5));
#8283=CARTESIAN_POINT('',(-104.958688876853,26.8,-122.958688876853));
#8284=CARTESIAN_POINT('',(-82.4793444384267,26.8,-122.958688876853));
#8285=CARTESIAN_POINT('',(-104.958688876853,26.8,-173.958688876853));
#8286=CARTESIAN_POINT('',(-104.958688876853,26.8,-48.25));
#8287=CARTESIAN_POINT('',(-89.,26.8,-173.958688876853));
#8288=CARTESIAN_POINT('',(-104.958688876853,26.8,-15.0413111231467));
#8289=CARTESIAN_POINT('',(-31.,26.8,-15.0413111231467));
#8290=CARTESIAN_POINT('',(-104.958688876853,26.8,-66.4586888768531));
#8291=CARTESIAN_POINT('',(-104.958688876853,26.8,-48.25));
#8292=CARTESIAN_POINT('',(-81.7293444384266,26.8,-66.4586888768532));
#8293=CARTESIAN_POINT('',(-103.5,26.8,-31.4));
#8294=CARTESIAN_POINT('Origin',(-96.,26.8,-31.4));
#8295=CARTESIAN_POINT('',(-103.5,26.8,-157.6));
#8296=CARTESIAN_POINT('Origin',(-96.,26.8,-157.6));
#8297=CARTESIAN_POINT('Origin',(-96.,3.79999999999999,-157.6));
#8298=CARTESIAN_POINT('',(-88.5,3.79999999999999,-157.6));
#8299=CARTESIAN_POINT('',(-103.5,3.79999999999999,-157.6));
#8300=CARTESIAN_POINT('Origin',(-96.,3.79999999999999,-157.6));
#8301=CARTESIAN_POINT('Origin',(-96.,3.79999999999999,-157.6));
#8302=CARTESIAN_POINT('Origin',(-96.,28.8,-157.6));
#8303=CARTESIAN_POINT('',(-103.5,28.8,-157.6));
#8304=CARTESIAN_POINT('Origin',(-96.,3.79999999999999,-31.4));
#8305=CARTESIAN_POINT('',(-88.5,3.79999999999999,-31.4));
#8306=CARTESIAN_POINT('',(-103.5,3.79999999999999,-31.4));
#8307=CARTESIAN_POINT('Origin',(-96.,3.79999999999999,-31.4));
#8308=CARTESIAN_POINT('Origin',(-96.,3.79999999999999,-31.4));
#8309=CARTESIAN_POINT('Origin',(-96.,28.8,-31.4));
#8310=CARTESIAN_POINT('',(-103.5,28.8,-31.4));
#8311=CARTESIAN_POINT('Origin',(-96.,28.8,-157.6));
#8312=CARTESIAN_POINT('',(-90.5,28.8,-157.6));
#8313=CARTESIAN_POINT('',(-101.5,28.8,-157.6));
#8314=CARTESIAN_POINT('Origin',(-96.,28.8,-157.6));
#8315=CARTESIAN_POINT('Origin',(-96.,28.8,-157.6));
#8316=CARTESIAN_POINT('',(-101.5,11.3,-157.6));
#8317=CARTESIAN_POINT('',(-101.5,28.8,-157.6));
#8318=CARTESIAN_POINT('',(-96.,11.3,-152.1));
#8319=CARTESIAN_POINT('Origin',(-96.,11.3,-157.6));
#8320=CARTESIAN_POINT('Origin',(-96.,11.3,-157.6));
#8321=CARTESIAN_POINT('Origin',(-96.,11.3,-157.6));
#8322=CARTESIAN_POINT('',(-96.,5.79999999999998,-157.6));
#8323=CARTESIAN_POINT('Origin',(-96.,11.3,-157.6));
#8324=CARTESIAN_POINT('Origin',(-96.,28.8,-31.4));
#8325=CARTESIAN_POINT('',(-90.5,28.8,-31.4));
#8326=CARTESIAN_POINT('',(-101.5,28.8,-31.4));
#8327=CARTESIAN_POINT('Origin',(-96.,28.8,-31.4));
#8328=CARTESIAN_POINT('Origin',(-96.,28.8,-31.4));
#8329=CARTESIAN_POINT('',(-101.5,11.3,-31.4));
#8330=CARTESIAN_POINT('',(-101.5,28.8,-31.4));
#8331=CARTESIAN_POINT('',(-96.,11.3,-25.9));
#8332=CARTESIAN_POINT('Origin',(-96.,11.3,-31.4));
#8333=CARTESIAN_POINT('Origin',(-96.,11.3,-31.4));
#8334=CARTESIAN_POINT('Origin',(-96.,11.3,-31.4));
#8335=CARTESIAN_POINT('',(-96.,5.79999999999999,-31.4));
#8336=CARTESIAN_POINT('Origin',(-96.,11.3,-31.4));
#8337=CARTESIAN_POINT('Origin',(-1.99999999999999,7.65307531127334,-1.63846384103808));
#8338=CARTESIAN_POINT('',(-102.,26.7409841097904,-15.));
#8339=CARTESIAN_POINT('',(-105.,26.7409841097904,-15.));
#8340=CARTESIAN_POINT('',(-52.,26.7409841097904,-15.));
#8341=CARTESIAN_POINT('',(-103.918529735784,28.2859416300983,-16.0814702642155));
#8342=CARTESIAN_POINT('',(-18.,26.7409841097904,-15.));
#8343=CARTESIAN_POINT('',(-1.99999999999998,26.7409841097904,-15.));
#8344=CARTESIAN_POINT('',(-18.,8.22354510993106,-2.03779270009848));
#8345=CARTESIAN_POINT('',(-102.,5.16985383476328,0.0997911925189671));
#8346=CARTESIAN_POINT('Origin',(-118.,8.8,-189.));
#8347=CARTESIAN_POINT('',(-2.,8.8,-189.));
#8348=CARTESIAN_POINT('',(-115.8,11.9428571428573,-186.8));
#8349=CARTESIAN_POINT('',(-104.,28.8,-175.));
#8350=CARTESIAN_POINT('',(-117.2,11.9428571428571,-186.8));
#8351=CARTESIAN_POINT('',(-104.,28.8,-175.));
#8352=CARTESIAN_POINT('',(-104.,28.8,-175.));
#8353=CARTESIAN_POINT('',(-16.,28.8,-175.));
#8354=CARTESIAN_POINT('',(-104.,28.8,-175.));
#8355=CARTESIAN_POINT('',(-2.,8.8,-189.));
#8356=CARTESIAN_POINT('',(-66.7,11.9428571428572,-186.8));
#8357=CARTESIAN_POINT('Origin',(-118.,7.65307531127334,-187.361536158962));
#8358=CARTESIAN_POINT('',(-102.,26.7409841097903,-174.));
#8359=CARTESIAN_POINT('',(-102.,8.22354510993106,-186.962207299901));
#8360=CARTESIAN_POINT('',(-18.,26.7409841097904,-174.));
#8361=CARTESIAN_POINT('',(-18.,5.1698538347633,-189.099791192519));
#8362=CARTESIAN_POINT('',(-68.,26.7409841097903,-174.));
#8363=CARTESIAN_POINT('',(-105.,26.7409841097903,-174.));
#8364=CARTESIAN_POINT('',(-95.3806509479057,40.4829113270679,-164.380650947906));
#8365=CARTESIAN_POINT('',(-118.,26.7409841097903,-174.));
#8366=CARTESIAN_POINT('Origin',(-60.,28.8,-94.5));
#8367=CARTESIAN_POINT('',(-106.,28.8,-173.));
#8368=CARTESIAN_POINT('Origin',(-104.,28.8,-173.));
#8369=CARTESIAN_POINT('',(-106.,28.8,-16.));
#8370=CARTESIAN_POINT('',(-106.,28.8,-16.));
#8371=CARTESIAN_POINT('Origin',(-104.,28.8,-16.));
#8372=CARTESIAN_POINT('Origin',(-16.,28.8,-16.));
#8373=CARTESIAN_POINT('Origin',(-16.,28.8,-173.));
#8374=CARTESIAN_POINT('Ctrl Pts',(-110.4,22.5142857142857,-11.6));
#8375=CARTESIAN_POINT('Ctrl Pts',(-109.90505050505,23.2213564213564,-10.0949494949495));
#8376=CARTESIAN_POINT('Ctrl Pts',(-108.4,22.5142857142857,-9.6));
#8377=CARTESIAN_POINT('Ctrl Pts',(-106.,28.8,-16.));
#8378=CARTESIAN_POINT('Ctrl Pts',(-105.50505050505,29.5070707070707,-14.4949494949495));
#8379=CARTESIAN_POINT('Ctrl Pts',(-104.,28.8,-14.));
#8380=CARTESIAN_POINT('',(-109.2,24.2285714285714,-12.8));
#8381=CARTESIAN_POINT('',(-120.,8.8,-1.99999999999999));
#8382=CARTESIAN_POINT('Origin',(-107.2,24.2285714285714,-12.8));
#8383=CARTESIAN_POINT('Origin',(-118.361536158962,7.65307531127334,-1.99999999999999));
#8384=CARTESIAN_POINT('',(-118.,8.16955553836179,-122.958688876853));
#8385=CARTESIAN_POINT('',(-111.660112517908,17.2265376556367,-122.958688876853));
#8386=CARTESIAN_POINT('',(-118.,8.16955553836179,-174.));
#8387=CARTESIAN_POINT('',(-118.,8.16955553836179,-94.5));
#8388=CARTESIAN_POINT('',(-120.099791192519,5.16985383476328,-174.));
#8389=CARTESIAN_POINT('Origin',(-2.,0.,-15.));
#8390=CARTESIAN_POINT('',(-18.,0.,-15.));
#8391=CARTESIAN_POINT('Origin',(-18.,0.,-15.));
#8392=CARTESIAN_POINT('Origin',(-11.4,0.,-8.8));
#8393=CARTESIAN_POINT('',(-9.8,4.79999999999999,-8.8));
#8394=CARTESIAN_POINT('Origin',(-11.4,4.79999999999999,-8.8));
#8395=CARTESIAN_POINT('',(-9.8,0.,-8.8));
#8396=CARTESIAN_POINT('Origin',(-102.,0.,-15.));
#8397=CARTESIAN_POINT('',(-102.,0.,-15.));
#8398=CARTESIAN_POINT('',(-118.,8.16955553836179,-15.));
#8399=CARTESIAN_POINT('',(-118.,0.,-15.));
#8400=CARTESIAN_POINT('',(-117.468918709297,8.92824309650825,-15.));
#8401=CARTESIAN_POINT('Origin',(-112.4,0.,-8.8));
#8402=CARTESIAN_POINT('',(-110.8,4.79999999999999,-8.8));
#8403=CARTESIAN_POINT('Origin',(-112.4,4.79999999999999,-8.8));
#8404=CARTESIAN_POINT('',(-110.8,0.,-8.8));
#8405=CARTESIAN_POINT('Origin',(-102.,0.,-2.));
#8406=CARTESIAN_POINT('Origin',(-18.,0.,-187.));
#8407=CARTESIAN_POINT('',(-18.,0.,-174.));
#8408=CARTESIAN_POINT('Origin',(-11.4,0.,-182.8));
#8409=CARTESIAN_POINT('',(-9.8,4.79999999999999,-182.8));
#8410=CARTESIAN_POINT('Origin',(-11.4,4.79999999999999,-182.8));
#8411=CARTESIAN_POINT('',(-9.8,0.,-182.8));
#8412=CARTESIAN_POINT('Origin',(-18.,0.,-174.));
#8413=CARTESIAN_POINT('Origin',(-118.,0.,-174.));
#8414=CARTESIAN_POINT('',(-118.,0.,-174.));
#8415=CARTESIAN_POINT('',(-102.,0.,-174.));
#8416=CARTESIAN_POINT('Origin',(-112.4,0.,-182.8));
#8417=CARTESIAN_POINT('',(-110.8,4.79999999999999,-182.8));
#8418=CARTESIAN_POINT('Origin',(-112.4,4.79999999999999,-182.8));
#8419=CARTESIAN_POINT('',(-110.8,0.,-182.8));
#8420=CARTESIAN_POINT('Origin',(-102.,0.,-174.));
#8421=CARTESIAN_POINT('Ctrl Pts',(-8.20000000000003,20.5142857142857,-178.8));
#8422=CARTESIAN_POINT('Ctrl Pts',(-8.69494949494952,21.2213564213565,-180.30505050505));
#8423=CARTESIAN_POINT('Ctrl Pts',(-10.2,20.5142857142857,-180.8));
#8424=CARTESIAN_POINT('Ctrl Pts',(-14.,28.8,-173.));
#8425=CARTESIAN_POINT('Ctrl Pts',(-14.4949494949495,29.5070707070707,-174.50505050505));
#8426=CARTESIAN_POINT('Ctrl Pts',(-16.,28.8,-175.));
#8427=CARTESIAN_POINT('Ctrl Pts',(0.258964256082939,8.43005106273865,-187.258964256083));
#8428=CARTESIAN_POINT('Ctrl Pts',(-0.235985238866553,9.13712176980937,-188.764014761133));
#8429=CARTESIAN_POINT('Ctrl Pts',(-1.74103574391706,8.43005106273866,-189.258964256083));
#8430=CARTESIAN_POINT('Ctrl Pts',(-3.6,13.9428571428571,-183.4));
#8431=CARTESIAN_POINT('Ctrl Pts',(-4.09494949494949,14.6499278499278,-184.90505050505));
#8432=CARTESIAN_POINT('Ctrl Pts',(-5.6,13.9428571428571,-185.4));
#8433=CARTESIAN_POINT('Ctrl Pts',(-109.8,20.5142857142857,-180.8));
#8434=CARTESIAN_POINT('Ctrl Pts',(-111.305050505051,21.2213564213565,-180.305050505051));
#8435=CARTESIAN_POINT('Ctrl Pts',(-111.8,20.5142857142857,-178.8));
#8436=CARTESIAN_POINT('Ctrl Pts',(-104.,28.8,-175.));
#8437=CARTESIAN_POINT('Ctrl Pts',(-105.505050505051,29.5070707070708,-174.505050505051));
#8438=CARTESIAN_POINT('Ctrl Pts',(-106.,28.8,-173.));
#8439=CARTESIAN_POINT('',(-120.,8.8,-187.));
#8440=CARTESIAN_POINT('Ctrl Pts',(-118.258964256083,8.43005106273861,-189.258964256083));
#8441=CARTESIAN_POINT('Ctrl Pts',(-119.764014761134,9.13712176980936,-188.764014761133));
#8442=CARTESIAN_POINT('Ctrl Pts',(-120.258964256083,8.4300510627386,-187.258964256083));
#8443=CARTESIAN_POINT('Ctrl Pts',(-114.4,13.9428571428573,-185.4));
#8444=CARTESIAN_POINT('Ctrl Pts',(-115.90505050505,14.649927849928,-184.90505050505));
#8445=CARTESIAN_POINT('Ctrl Pts',(-116.4,13.9428571428573,-183.4));
#8446=CARTESIAN_POINT('',(-116.4,11.8411722467779,-186.8));
#8447=CARTESIAN_POINT('Origin',(-117.8,9.08571428571428,-186.8));
#8448=CARTESIAN_POINT('',(-116.4,13.9428571428573,-183.4));
#8449=CARTESIAN_POINT('',(-120.,8.8,-187.));
#8450=CARTESIAN_POINT('Origin',(-116.4,11.0857142857143,-185.4));
#8451=CARTESIAN_POINT('Ctrl Pts',(-1.74103574391708,8.43005106273869,0.258964256082918));
#8452=CARTESIAN_POINT('Ctrl Pts',(-0.235985238866578,9.1371217698094,-0.235985238866576));
#8453=CARTESIAN_POINT('Ctrl Pts',(0.258964256082918,8.43005106273869,-1.74103574391708));
#8454=CARTESIAN_POINT('Ctrl Pts',(-5.59999999999999,13.9428571428571,-3.59999999999999));
#8455=CARTESIAN_POINT('Ctrl Pts',(-4.09494949494948,14.6499278499278,-4.09494949494948));
#8456=CARTESIAN_POINT('Ctrl Pts',(-3.59999999999999,13.9428571428571,-5.59999999999998));
#8457=CARTESIAN_POINT('Ctrl Pts',(-12.8,24.2285714285714,-10.8));
#8458=CARTESIAN_POINT('Ctrl Pts',(-11.2949494949495,24.9356421356421,-11.2949494949495));
#8459=CARTESIAN_POINT('Ctrl Pts',(-10.8,24.2285714285714,-12.8));
#8460=CARTESIAN_POINT('Ctrl Pts',(-16.,28.8,-14.));
#8461=CARTESIAN_POINT('Ctrl Pts',(-14.4949494949495,29.5070707070707,-14.4949494949495));
#8462=CARTESIAN_POINT('Ctrl Pts',(-14.,28.8,-16.));
#8463=CARTESIAN_POINT('Origin',(-12.8,24.2285714285714,-12.8));
#8464=CARTESIAN_POINT('Origin',(-11.4,4.79999999999999,-182.8));
#8465=CARTESIAN_POINT('',(-7.4,4.79999999999999,-186.8));
#8466=CARTESIAN_POINT('Origin',(-15.4,28.8,-186.8));
#8467=CARTESIAN_POINT('Origin',(-112.4,4.79999999999999,-182.8));
#8468=CARTESIAN_POINT('',(-116.4,4.79999999999999,-186.8));
#8469=CARTESIAN_POINT('',(-108.4,4.79999999999999,-186.8));
#8470=CARTESIAN_POINT('',(-116.4,4.79999999999999,-186.8));
#8471=CARTESIAN_POINT('Origin',(-116.4,28.8,-178.8));
#8472=CARTESIAN_POINT('',(-116.4,13.9428571428571,-90.4));
#8473=CARTESIAN_POINT('',(-116.4,28.8,-186.8));
#8474=CARTESIAN_POINT('Origin',(-116.4,28.8,-186.8));
#8475=CARTESIAN_POINT('Origin',(-11.4,4.79999999999999,-8.79999999999999));
#8476=CARTESIAN_POINT('',(-15.4,4.79999999999999,-12.8));
#8477=CARTESIAN_POINT('',(-15.4,4.79999999999999,-12.8));
#8478=CARTESIAN_POINT('',(-7.4,4.79999999999999,-12.8));
#8479=CARTESIAN_POINT('Origin',(-15.4,28.8,-12.8));
#8480=CARTESIAN_POINT('',(-15.4,28.8,-12.8));
#8481=CARTESIAN_POINT('Origin',(-15.4,28.8,-4.8));
#8482=CARTESIAN_POINT('Origin',(-112.4,4.79999999999999,-8.79999999999999));
#8483=CARTESIAN_POINT('',(-116.4,4.79999999999999,-12.8));
#8484=CARTESIAN_POINT('',(-108.4,4.79999999999999,-12.8));
#8485=CARTESIAN_POINT('',(-116.4,4.79999999999999,-12.8));
#8486=CARTESIAN_POINT('Origin',(-116.4,28.8,-4.8));
#8487=CARTESIAN_POINT('',(-116.4,13.9428571428571,-12.8));
#8488=CARTESIAN_POINT('',(-116.4,13.9428571428571,-3.4));
#8489=CARTESIAN_POINT('',(-116.4,28.8,-12.8));
#8490=CARTESIAN_POINT('Origin',(-116.4,28.8,-12.8));
#8491=CARTESIAN_POINT('',(-114.710067114094,16.3570469798658,-12.8));
#8492=CARTESIAN_POINT('Origin',(-104.958688876853,26.8,-122.958688876853));
#8493=CARTESIAN_POINT('',(-118.,2.29999999999999,-122.958688876853));
#8494=CARTESIAN_POINT('',(-104.958688876853,2.29999999999999,-122.958688876853));
#8495=CARTESIAN_POINT('',(-118.,13.4,-122.958688876853));
#8496=CARTESIAN_POINT('Origin',(-120.,8.8,-1.99999999999999));
#8497=CARTESIAN_POINT('Origin',(-118.,0.,-187.));
#8498=CARTESIAN_POINT('',(-118.,2.29999999999999,-66.4586888768531));
#8499=CARTESIAN_POINT('',(-118.,2.29999999999999,-154.979344438427));
#8500=CARTESIAN_POINT('',(-118.,8.16955553836179,-66.4586888768531));
#8501=CARTESIAN_POINT('',(-118.,1.15000000000002,-66.4586888768531));
#8502=CARTESIAN_POINT('',(-118.,8.16955553836179,-94.5));
#8503=CARTESIAN_POINT('Origin',(-118.361536158962,7.65307531127334,-1.99999999999999));
#8504=CARTESIAN_POINT('',(-117.415146074955,9.00506114556956,-66.4586888768531));
#8505=CARTESIAN_POINT('Origin',(-104.958688876853,2.29999999999999,-122.958688876853));
#8506=CARTESIAN_POINT('',(-103.458688876853,2.29999999999999,-66.4586888768531));
#8507=CARTESIAN_POINT('Origin',(-104.958688876853,2.29999999999999,-66.4586888768531));
#8508=UNCERTAINTY_MEASURE_WITH_UNIT(LENGTH_MEASURE(0.01),#8512,
'DISTANCE_ACCURACY_VALUE',
'Maximum model space distance between geometric entities at asserted c
onnectivities');
#8509=UNCERTAINTY_MEASURE_WITH_UNIT(LENGTH_MEASURE(0.01),#8512,
'DISTANCE_ACCURACY_VALUE',
'Maximum model space distance between geometric entities at asserted c
onnectivities');
#8510=(
GEOMETRIC_REPRESENTATION_CONTEXT(3)
GLOBAL_UNCERTAINTY_ASSIGNED_CONTEXT((#8508))
GLOBAL_UNIT_ASSIGNED_CONTEXT((#8512,#8514,#8515))
REPRESENTATION_CONTEXT('','3D')
);
#8511=(
GEOMETRIC_REPRESENTATION_CONTEXT(3)
GLOBAL_UNCERTAINTY_ASSIGNED_CONTEXT((#8509))
GLOBAL_UNIT_ASSIGNED_CONTEXT((#8512,#8514,#8515))
REPRESENTATION_CONTEXT('','3D')
);
#8512=(
LENGTH_UNIT()
NAMED_UNIT(*)
SI_UNIT(.MILLI.,.METRE.)
);
#8513=(
LENGTH_UNIT()
NAMED_UNIT(*)
SI_UNIT(.CENTI.,.METRE.)
);
#8514=(
NAMED_UNIT(*)
PLANE_ANGLE_UNIT()
SI_UNIT($,.RADIAN.)
);
#8515=(
NAMED_UNIT(*)
SI_UNIT($,.STERADIAN.)
SOLID_ANGLE_UNIT()
);
#8516=SHAPE_DEFINITION_REPRESENTATION(#8517,#8518);
#8517=PRODUCT_DEFINITION_SHAPE('',$,#8520);
#8518=SHAPE_REPRESENTATION('',(#5410),#8510);
#8519=PRODUCT_DEFINITION_CONTEXT('part definition',#8524,'design');
#8520=PRODUCT_DEFINITION('Back2','Back2',#8521,#8519);
#8521=PRODUCT_DEFINITION_FORMATION('',$,#8526);
#8522=PRODUCT_RELATED_PRODUCT_CATEGORY('Back2','Back2',(#8526));
#8523=APPLICATION_PROTOCOL_DEFINITION('international standard',
'automotive_design',2009,#8524);
#8524=APPLICATION_CONTEXT(
'Core Data for Automotive Mechanical Design Process');
#8525=PRODUCT_CONTEXT('part definition',#8524,'mechanical');
#8526=PRODUCT('Back2','Back2',$,(#8525));
#8527=PRESENTATION_STYLE_ASSIGNMENT((#8529));
#8528=PRESENTATION_STYLE_ASSIGNMENT((#8530));
#8529=SURFACE_STYLE_USAGE(.BOTH.,#8535);
#8530=SURFACE_STYLE_USAGE(.BOTH.,#8536);
#8531=SURFACE_STYLE_RENDERING_WITH_PROPERTIES($,#8543,(#8533));
#8532=SURFACE_STYLE_RENDERING_WITH_PROPERTIES($,#8544,(#8534));
#8533=SURFACE_STYLE_TRANSPARENT(0.);
#8534=SURFACE_STYLE_TRANSPARENT(0.);
#8535=SURFACE_SIDE_STYLE('',(#8537,#8531));
#8536=SURFACE_SIDE_STYLE('',(#8538,#8532));
#8537=SURFACE_STYLE_FILL_AREA(#8539);
#8538=SURFACE_STYLE_FILL_AREA(#8540);
#8539=FILL_AREA_STYLE('',(#8541));
#8540=FILL_AREA_STYLE('',(#8542));
#8541=FILL_AREA_STYLE_COLOUR('',#8543);
#8542=FILL_AREA_STYLE_COLOUR('',#8544);
#8543=COLOUR_RGB('',0.749019607843137,0.749019607843137,0.749019607843137);
#8544=COLOUR_RGB('',0.96078431372549,0.96078431372549,0.96078431372549);
ENDSEC;
END-ISO-10303-21;
