ISO-10303-21;
HEADER;
/* Generated by software containing ST-Developer
 * from STEP Tools, Inc. (www.steptools.com) 
 */

FILE_DESCRIPTION(
/* description */ (''),
/* implementation_level */ '2;1');

FILE_NAME(
/* name */ 
'Front.stp',
/* time_stamp */ '2024-09-01T09:42:01+02:00',
/* author */ ('Harald'),
/* organization */ (''),
/* preprocessor_version */ 'ST-DEVELOPER v18.1',
/* authorisation */ '');

FILE_SCHEMA (('AUTOMOTIVE_DESIGN { 1 0 10303 214 3 1 1 }'));
ENDSEC;

DATA;
#10=MECHANICAL_DESIGN_GEOMETRIC_PRESENTATION_REPRESENTATION('',(#1894,#1895,
#1896,#1897,#1898,#1899,#1900,#1901,#1902,#1903,#1904,#1905,#1906,#1907,
#1908,#1909,#1910,#1911,#1912,#1913,#1914,#1915,#1916,#1917,#1918,#1919,
#1920,#1921,#1922,#1923,#1924,#1925,#1926,#1927,#1928,#1929,#1930,#1931,
#1932,#1933,#1934,#1935,#1936,#1937,#1938,#1939,#1940,#1941,#1942,#1943,
#1944,#1945,#1946,#1947,#1948,#1949,#1950,#1951,#1952,#1953,#1954,#1955,
#1956,#1957,#1958,#1959,#1960,#1961,#1962,#1963,#1964,#1965,#1966,#1967,
#1968,#1969,#1970,#1971,#1972,#1973,#1974,#1975,#1976,#1977,#1978,#1979,
#1980,#1981,#1982,#1983,#1984,#1985,#1986,#1987,#1988,#1989,#1990,#1991,
#1992,#1993,#1994,#1995,#1996),#3341);
#11=SHAPE_REPRESENTATION_RELATIONSHIP('SRR','None',#3348,#12);
#12=ADVANCED_BREP_SHAPE_REPRESENTATION('',(#13),#3340);
#13=MANIFOLD_SOLID_BREP('Volumenk\X\F6rper1',#2099);
#14=FACE_BOUND('',#274,.T.);
#15=FACE_BOUND('',#276,.T.);
#16=FACE_BOUND('',#278,.T.);
#17=FACE_BOUND('',#280,.T.);
#18=FACE_BOUND('',#317,.T.);
#19=FACE_BOUND('',#318,.T.);
#20=FACE_BOUND('',#332,.T.);
#21=FACE_BOUND('',#333,.T.);
#22=FACE_BOUND('',#334,.T.);
#23=FACE_BOUND('',#335,.T.);
#24=FACE_BOUND('',#336,.T.);
#25=FACE_BOUND('',#337,.T.);
#26=FACE_BOUND('',#338,.T.);
#27=FACE_BOUND('',#339,.T.);
#28=PLANE('',#2124);
#29=PLANE('',#2130);
#30=PLANE('',#2136);
#31=PLANE('',#2142);
#32=PLANE('',#2143);
#33=PLANE('',#2144);
#34=PLANE('',#2145);
#35=PLANE('',#2146);
#36=PLANE('',#2147);
#37=PLANE('',#2149);
#38=PLANE('',#2152);
#39=PLANE('',#2155);
#40=PLANE('',#2158);
#41=PLANE('',#2159);
#42=PLANE('',#2160);
#43=PLANE('',#2161);
#44=PLANE('',#2162);
#45=PLANE('',#2163);
#46=PLANE('',#2164);
#47=PLANE('',#2165);
#48=PLANE('',#2166);
#49=PLANE('',#2167);
#50=PLANE('',#2168);
#51=PLANE('',#2169);
#52=PLANE('',#2170);
#53=PLANE('',#2171);
#54=PLANE('',#2172);
#55=PLANE('',#2173);
#56=PLANE('',#2174);
#57=PLANE('',#2175);
#58=PLANE('',#2176);
#59=PLANE('',#2177);
#60=PLANE('',#2178);
#61=PLANE('',#2179);
#62=PLANE('',#2180);
#63=PLANE('',#2181);
#64=PLANE('',#2183);
#65=PLANE('',#2184);
#66=PLANE('',#2188);
#67=PLANE('',#2192);
#68=PLANE('',#2196);
#69=PLANE('',#2200);
#70=PLANE('',#2201);
#71=PLANE('',#2202);
#72=PLANE('',#2203);
#73=PLANE('',#2204);
#74=PLANE('',#2205);
#75=PLANE('',#2206);
#76=PLANE('',#2207);
#77=PLANE('',#2208);
#78=PLANE('',#2209);
#79=PLANE('',#2210);
#80=PLANE('',#2211);
#81=PLANE('',#2212);
#82=PLANE('',#2213);
#83=PLANE('',#2214);
#84=PLANE('',#2215);
#85=PLANE('',#2216);
#86=PLANE('',#2217);
#87=PLANE('',#2218);
#88=PLANE('',#2219);
#89=PLANE('',#2220);
#90=PLANE('',#2221);
#91=PLANE('',#2222);
#92=PLANE('',#2223);
#93=PLANE('',#2224);
#94=PLANE('',#2225);
#95=PLANE('',#2226);
#96=PLANE('',#2227);
#97=PLANE('',#2228);
#98=PLANE('',#2229);
#99=PLANE('',#2230);
#100=PLANE('',#2231);
#101=PLANE('',#2232);
#102=PLANE('',#2233);
#103=PLANE('',#2234);
#104=PLANE('',#2235);
#105=PLANE('',#2236);
#106=PLANE('',#2237);
#107=PLANE('',#2238);
#108=PLANE('',#2239);
#109=PLANE('',#2240);
#110=PLANE('',#2241);
#111=PLANE('',#2242);
#112=PLANE('',#2243);
#113=PLANE('',#2244);
#114=PLANE('',#2245);
#115=PLANE('',#2246);
#116=PLANE('',#2247);
#117=PLANE('',#2248);
#118=PLANE('',#2249);
#119=PLANE('',#2250);
#120=PLANE('',#2251);
#121=PLANE('',#2252);
#122=FACE_OUTER_BOUND('',#224,.T.);
#123=FACE_OUTER_BOUND('',#225,.T.);
#124=FACE_OUTER_BOUND('',#226,.T.);
#125=FACE_OUTER_BOUND('',#227,.T.);
#126=FACE_OUTER_BOUND('',#228,.T.);
#127=FACE_OUTER_BOUND('',#229,.T.);
#128=FACE_OUTER_BOUND('',#230,.T.);
#129=FACE_OUTER_BOUND('',#231,.T.);
#130=FACE_OUTER_BOUND('',#232,.T.);
#131=FACE_OUTER_BOUND('',#233,.T.);
#132=FACE_OUTER_BOUND('',#234,.T.);
#133=FACE_OUTER_BOUND('',#235,.T.);
#134=FACE_OUTER_BOUND('',#236,.T.);
#135=FACE_OUTER_BOUND('',#237,.T.);
#136=FACE_OUTER_BOUND('',#238,.T.);
#137=FACE_OUTER_BOUND('',#239,.T.);
#138=FACE_OUTER_BOUND('',#240,.T.);
#139=FACE_OUTER_BOUND('',#241,.T.);
#140=FACE_OUTER_BOUND('',#242,.T.);
#141=FACE_OUTER_BOUND('',#243,.T.);
#142=FACE_OUTER_BOUND('',#244,.T.);
#143=FACE_OUTER_BOUND('',#245,.T.);
#144=FACE_OUTER_BOUND('',#246,.T.);
#145=FACE_OUTER_BOUND('',#247,.T.);
#146=FACE_OUTER_BOUND('',#248,.T.);
#147=FACE_OUTER_BOUND('',#249,.T.);
#148=FACE_OUTER_BOUND('',#250,.T.);
#149=FACE_OUTER_BOUND('',#251,.T.);
#150=FACE_OUTER_BOUND('',#252,.T.);
#151=FACE_OUTER_BOUND('',#253,.T.);
#152=FACE_OUTER_BOUND('',#254,.T.);
#153=FACE_OUTER_BOUND('',#255,.T.);
#154=FACE_OUTER_BOUND('',#256,.T.);
#155=FACE_OUTER_BOUND('',#257,.T.);
#156=FACE_OUTER_BOUND('',#258,.T.);
#157=FACE_OUTER_BOUND('',#259,.T.);
#158=FACE_OUTER_BOUND('',#260,.T.);
#159=FACE_OUTER_BOUND('',#261,.T.);
#160=FACE_OUTER_BOUND('',#262,.T.);
#161=FACE_OUTER_BOUND('',#263,.T.);
#162=FACE_OUTER_BOUND('',#264,.T.);
#163=FACE_OUTER_BOUND('',#265,.T.);
#164=FACE_OUTER_BOUND('',#266,.T.);
#165=FACE_OUTER_BOUND('',#267,.T.);
#166=FACE_OUTER_BOUND('',#268,.T.);
#167=FACE_OUTER_BOUND('',#269,.T.);
#168=FACE_OUTER_BOUND('',#270,.T.);
#169=FACE_OUTER_BOUND('',#271,.T.);
#170=FACE_OUTER_BOUND('',#272,.T.);
#171=FACE_OUTER_BOUND('',#273,.T.);
#172=FACE_OUTER_BOUND('',#275,.T.);
#173=FACE_OUTER_BOUND('',#277,.T.);
#174=FACE_OUTER_BOUND('',#279,.T.);
#175=FACE_OUTER_BOUND('',#281,.T.);
#176=FACE_OUTER_BOUND('',#282,.T.);
#177=FACE_OUTER_BOUND('',#283,.T.);
#178=FACE_OUTER_BOUND('',#284,.T.);
#179=FACE_OUTER_BOUND('',#285,.T.);
#180=FACE_OUTER_BOUND('',#286,.T.);
#181=FACE_OUTER_BOUND('',#287,.T.);
#182=FACE_OUTER_BOUND('',#288,.T.);
#183=FACE_OUTER_BOUND('',#289,.T.);
#184=FACE_OUTER_BOUND('',#290,.T.);
#185=FACE_OUTER_BOUND('',#291,.T.);
#186=FACE_OUTER_BOUND('',#292,.T.);
#187=FACE_OUTER_BOUND('',#293,.T.);
#188=FACE_OUTER_BOUND('',#294,.T.);
#189=FACE_OUTER_BOUND('',#295,.T.);
#190=FACE_OUTER_BOUND('',#296,.T.);
#191=FACE_OUTER_BOUND('',#297,.T.);
#192=FACE_OUTER_BOUND('',#298,.T.);
#193=FACE_OUTER_BOUND('',#299,.T.);
#194=FACE_OUTER_BOUND('',#300,.T.);
#195=FACE_OUTER_BOUND('',#301,.T.);
#196=FACE_OUTER_BOUND('',#302,.T.);
#197=FACE_OUTER_BOUND('',#303,.T.);
#198=FACE_OUTER_BOUND('',#304,.T.);
#199=FACE_OUTER_BOUND('',#305,.T.);
#200=FACE_OUTER_BOUND('',#306,.T.);
#201=FACE_OUTER_BOUND('',#307,.T.);
#202=FACE_OUTER_BOUND('',#308,.T.);
#203=FACE_OUTER_BOUND('',#309,.T.);
#204=FACE_OUTER_BOUND('',#310,.T.);
#205=FACE_OUTER_BOUND('',#311,.T.);
#206=FACE_OUTER_BOUND('',#312,.T.);
#207=FACE_OUTER_BOUND('',#313,.T.);
#208=FACE_OUTER_BOUND('',#314,.T.);
#209=FACE_OUTER_BOUND('',#315,.T.);
#210=FACE_OUTER_BOUND('',#316,.T.);
#211=FACE_OUTER_BOUND('',#319,.T.);
#212=FACE_OUTER_BOUND('',#320,.T.);
#213=FACE_OUTER_BOUND('',#321,.T.);
#214=FACE_OUTER_BOUND('',#322,.T.);
#215=FACE_OUTER_BOUND('',#323,.T.);
#216=FACE_OUTER_BOUND('',#324,.T.);
#217=FACE_OUTER_BOUND('',#325,.T.);
#218=FACE_OUTER_BOUND('',#326,.T.);
#219=FACE_OUTER_BOUND('',#327,.T.);
#220=FACE_OUTER_BOUND('',#328,.T.);
#221=FACE_OUTER_BOUND('',#329,.T.);
#222=FACE_OUTER_BOUND('',#330,.T.);
#223=FACE_OUTER_BOUND('',#331,.T.);
#224=EDGE_LOOP('',(#1330,#1331,#1332,#1333,#1334,#1335));
#225=EDGE_LOOP('',(#1336,#1337));
#226=EDGE_LOOP('',(#1338,#1339,#1340,#1341,#1342,#1343));
#227=EDGE_LOOP('',(#1344,#1345));
#228=EDGE_LOOP('',(#1346,#1347,#1348,#1349,#1350,#1351));
#229=EDGE_LOOP('',(#1352,#1353));
#230=EDGE_LOOP('',(#1354,#1355,#1356,#1357,#1358,#1359));
#231=EDGE_LOOP('',(#1360,#1361));
#232=EDGE_LOOP('',(#1362,#1363,#1364,#1365));
#233=EDGE_LOOP('',(#1366,#1367,#1368,#1369));
#234=EDGE_LOOP('',(#1370,#1371,#1372,#1373));
#235=EDGE_LOOP('',(#1374,#1375,#1376,#1377));
#236=EDGE_LOOP('',(#1378,#1379,#1380,#1381,#1382,#1383,#1384,#1385,#1386,
#1387,#1388,#1389));
#237=EDGE_LOOP('',(#1390,#1391,#1392,#1393));
#238=EDGE_LOOP('',(#1394,#1395,#1396,#1397));
#239=EDGE_LOOP('',(#1398,#1399,#1400,#1401));
#240=EDGE_LOOP('',(#1402,#1403,#1404,#1405));
#241=EDGE_LOOP('',(#1406,#1407,#1408,#1409));
#242=EDGE_LOOP('',(#1410,#1411,#1412,#1413));
#243=EDGE_LOOP('',(#1414,#1415,#1416,#1417));
#244=EDGE_LOOP('',(#1418,#1419,#1420,#1421));
#245=EDGE_LOOP('',(#1422,#1423,#1424,#1425));
#246=EDGE_LOOP('',(#1426,#1427,#1428,#1429));
#247=EDGE_LOOP('',(#1430,#1431,#1432,#1433));
#248=EDGE_LOOP('',(#1434,#1435,#1436,#1437));
#249=EDGE_LOOP('',(#1438,#1439,#1440,#1441));
#250=EDGE_LOOP('',(#1442,#1443,#1444,#1445));
#251=EDGE_LOOP('',(#1446,#1447,#1448,#1449));
#252=EDGE_LOOP('',(#1450,#1451,#1452,#1453));
#253=EDGE_LOOP('',(#1454,#1455,#1456,#1457));
#254=EDGE_LOOP('',(#1458,#1459,#1460,#1461));
#255=EDGE_LOOP('',(#1462,#1463,#1464,#1465));
#256=EDGE_LOOP('',(#1466,#1467,#1468,#1469));
#257=EDGE_LOOP('',(#1470,#1471,#1472,#1473));
#258=EDGE_LOOP('',(#1474,#1475,#1476,#1477));
#259=EDGE_LOOP('',(#1478,#1479,#1480,#1481));
#260=EDGE_LOOP('',(#1482,#1483,#1484,#1485));
#261=EDGE_LOOP('',(#1486,#1487,#1488,#1489));
#262=EDGE_LOOP('',(#1490,#1491,#1492,#1493));
#263=EDGE_LOOP('',(#1494,#1495,#1496,#1497,#1498,#1499,#1500,#1501,#1502,
#1503,#1504,#1505));
#264=EDGE_LOOP('',(#1506,#1507,#1508,#1509,#1510,#1511));
#265=EDGE_LOOP('',(#1512,#1513,#1514,#1515,#1516,#1517,#1518,#1519));
#266=EDGE_LOOP('',(#1520,#1521,#1522,#1523,#1524,#1525,#1526,#1527));
#267=EDGE_LOOP('',(#1528,#1529,#1530,#1531,#1532,#1533,#1534,#1535));
#268=EDGE_LOOP('',(#1536,#1537,#1538,#1539,#1540,#1541,#1542,#1543));
#269=EDGE_LOOP('',(#1544,#1545,#1546,#1547,#1548,#1549,#1550,#1551));
#270=EDGE_LOOP('',(#1552,#1553,#1554,#1555,#1556,#1557,#1558,#1559));
#271=EDGE_LOOP('',(#1560,#1561,#1562,#1563,#1564,#1565));
#272=EDGE_LOOP('',(#1566,#1567,#1568,#1569,#1570,#1571,#1572,#1573));
#273=EDGE_LOOP('',(#1574,#1575,#1576));
#274=EDGE_LOOP('',(#1577,#1578));
#275=EDGE_LOOP('',(#1579,#1580,#1581));
#276=EDGE_LOOP('',(#1582,#1583));
#277=EDGE_LOOP('',(#1584,#1585,#1586));
#278=EDGE_LOOP('',(#1587,#1588));
#279=EDGE_LOOP('',(#1589,#1590,#1591));
#280=EDGE_LOOP('',(#1592,#1593));
#281=EDGE_LOOP('',(#1594,#1595,#1596,#1597));
#282=EDGE_LOOP('',(#1598,#1599,#1600,#1601));
#283=EDGE_LOOP('',(#1602,#1603,#1604,#1605));
#284=EDGE_LOOP('',(#1606,#1607,#1608,#1609));
#285=EDGE_LOOP('',(#1610,#1611,#1612,#1613));
#286=EDGE_LOOP('',(#1614,#1615,#1616,#1617));
#287=EDGE_LOOP('',(#1618,#1619,#1620,#1621,#1622,#1623));
#288=EDGE_LOOP('',(#1624,#1625,#1626,#1627));
#289=EDGE_LOOP('',(#1628,#1629,#1630,#1631));
#290=EDGE_LOOP('',(#1632,#1633,#1634,#1635));
#291=EDGE_LOOP('',(#1636,#1637,#1638,#1639));
#292=EDGE_LOOP('',(#1640,#1641,#1642,#1643));
#293=EDGE_LOOP('',(#1644,#1645,#1646,#1647));
#294=EDGE_LOOP('',(#1648,#1649,#1650,#1651));
#295=EDGE_LOOP('',(#1652,#1653,#1654,#1655));
#296=EDGE_LOOP('',(#1656,#1657,#1658,#1659));
#297=EDGE_LOOP('',(#1660,#1661,#1662,#1663));
#298=EDGE_LOOP('',(#1664,#1665,#1666,#1667));
#299=EDGE_LOOP('',(#1668,#1669,#1670,#1671,#1672,#1673));
#300=EDGE_LOOP('',(#1674,#1675,#1676,#1677));
#301=EDGE_LOOP('',(#1678,#1679,#1680,#1681));
#302=EDGE_LOOP('',(#1682,#1683,#1684,#1685));
#303=EDGE_LOOP('',(#1686,#1687,#1688,#1689));
#304=EDGE_LOOP('',(#1690,#1691,#1692,#1693));
#305=EDGE_LOOP('',(#1694,#1695,#1696,#1697));
#306=EDGE_LOOP('',(#1698,#1699,#1700,#1701,#1702,#1703));
#307=EDGE_LOOP('',(#1704,#1705,#1706,#1707));
#308=EDGE_LOOP('',(#1708,#1709,#1710,#1711));
#309=EDGE_LOOP('',(#1712,#1713,#1714,#1715));
#310=EDGE_LOOP('',(#1716,#1717,#1718,#1719));
#311=EDGE_LOOP('',(#1720,#1721,#1722,#1723));
#312=EDGE_LOOP('',(#1724,#1725,#1726,#1727));
#313=EDGE_LOOP('',(#1728,#1729,#1730,#1731));
#314=EDGE_LOOP('',(#1732,#1733,#1734,#1735));
#315=EDGE_LOOP('',(#1736,#1737,#1738,#1739));
#316=EDGE_LOOP('',(#1740,#1741,#1742,#1743,#1744,#1745,#1746,#1747,#1748,
#1749,#1750,#1751));
#317=EDGE_LOOP('',(#1752,#1753,#1754,#1755));
#318=EDGE_LOOP('',(#1756,#1757,#1758,#1759));
#319=EDGE_LOOP('',(#1760,#1761,#1762,#1763));
#320=EDGE_LOOP('',(#1764,#1765,#1766,#1767));
#321=EDGE_LOOP('',(#1768,#1769,#1770,#1771));
#322=EDGE_LOOP('',(#1772,#1773,#1774,#1775));
#323=EDGE_LOOP('',(#1776,#1777,#1778,#1779));
#324=EDGE_LOOP('',(#1780,#1781,#1782,#1783));
#325=EDGE_LOOP('',(#1784,#1785,#1786,#1787));
#326=EDGE_LOOP('',(#1788,#1789,#1790,#1791));
#327=EDGE_LOOP('',(#1792,#1793,#1794,#1795));
#328=EDGE_LOOP('',(#1796,#1797,#1798,#1799));
#329=EDGE_LOOP('',(#1800,#1801,#1802,#1803));
#330=EDGE_LOOP('',(#1804,#1805,#1806,#1807));
#331=EDGE_LOOP('',(#1808,#1809,#1810,#1811,#1812,#1813,#1814,#1815,#1816,
#1817,#1818,#1819));
#332=EDGE_LOOP('',(#1820,#1821,#1822,#1823));
#333=EDGE_LOOP('',(#1824,#1825,#1826,#1827,#1828,#1829,#1830,#1831,#1832,
#1833,#1834,#1835,#1836,#1837,#1838,#1839,#1840,#1841,#1842,#1843,#1844,
#1845,#1846,#1847,#1848,#1849,#1850,#1851,#1852,#1853,#1854,#1855));
#334=EDGE_LOOP('',(#1856,#1857,#1858,#1859,#1860,#1861));
#335=EDGE_LOOP('',(#1862,#1863,#1864,#1865));
#336=EDGE_LOOP('',(#1866,#1867,#1868,#1869,#1870,#1871));
#337=EDGE_LOOP('',(#1872,#1873,#1874,#1875,#1876,#1877));
#338=EDGE_LOOP('',(#1878,#1879,#1880,#1881));
#339=EDGE_LOOP('',(#1882,#1883,#1884,#1885));
#340=LINE('',#2776,#586);
#341=LINE('',#2787,#587);
#342=LINE('',#2798,#588);
#343=LINE('',#2809,#589);
#344=LINE('',#2817,#590);
#345=LINE('',#2819,#591);
#346=LINE('',#2821,#592);
#347=LINE('',#2822,#593);
#348=LINE('',#2825,#594);
#349=LINE('',#2827,#595);
#350=LINE('',#2828,#596);
#351=LINE('',#2831,#597);
#352=LINE('',#2833,#598);
#353=LINE('',#2834,#599);
#354=LINE('',#2836,#600);
#355=LINE('',#2837,#601);
#356=LINE('',#2843,#602);
#357=LINE('',#2845,#603);
#358=LINE('',#2847,#604);
#359=LINE('',#2849,#605);
#360=LINE('',#2851,#606);
#361=LINE('',#2853,#607);
#362=LINE('',#2855,#608);
#363=LINE('',#2857,#609);
#364=LINE('',#2859,#610);
#365=LINE('',#2861,#611);
#366=LINE('',#2862,#612);
#367=LINE('',#2868,#613);
#368=LINE('',#2871,#614);
#369=LINE('',#2877,#615);
#370=LINE('',#2880,#616);
#371=LINE('',#2886,#617);
#372=LINE('',#2889,#618);
#373=LINE('',#2892,#619);
#374=LINE('',#2894,#620);
#375=LINE('',#2895,#621);
#376=LINE('',#2899,#622);
#377=LINE('',#2900,#623);
#378=LINE('',#2901,#624);
#379=LINE('',#2904,#625);
#380=LINE('',#2905,#626);
#381=LINE('',#2908,#627);
#382=LINE('',#2909,#628);
#383=LINE('',#2913,#629);
#384=LINE('',#2915,#630);
#385=LINE('',#2917,#631);
#386=LINE('',#2918,#632);
#387=LINE('',#2921,#633);
#388=LINE('',#2923,#634);
#389=LINE('',#2924,#635);
#390=LINE('',#2927,#636);
#391=LINE('',#2929,#637);
#392=LINE('',#2930,#638);
#393=LINE('',#2933,#639);
#394=LINE('',#2935,#640);
#395=LINE('',#2936,#641);
#396=LINE('',#2939,#642);
#397=LINE('',#2941,#643);
#398=LINE('',#2942,#644);
#399=LINE('',#2945,#645);
#400=LINE('',#2947,#646);
#401=LINE('',#2948,#647);
#402=LINE('',#2951,#648);
#403=LINE('',#2953,#649);
#404=LINE('',#2954,#650);
#405=LINE('',#2957,#651);
#406=LINE('',#2959,#652);
#407=LINE('',#2960,#653);
#408=LINE('',#2963,#654);
#409=LINE('',#2965,#655);
#410=LINE('',#2966,#656);
#411=LINE('',#2970,#657);
#412=LINE('',#2971,#658);
#413=LINE('',#2972,#659);
#414=LINE('',#2975,#660);
#415=LINE('',#2977,#661);
#416=LINE('',#2978,#662);
#417=LINE('',#2981,#663);
#418=LINE('',#2983,#664);
#419=LINE('',#2984,#665);
#420=LINE('',#2987,#666);
#421=LINE('',#2989,#667);
#422=LINE('',#2990,#668);
#423=LINE('',#2993,#669);
#424=LINE('',#2994,#670);
#425=LINE('',#2997,#671);
#426=LINE('',#2998,#672);
#427=LINE('',#3001,#673);
#428=LINE('',#3002,#674);
#429=LINE('',#3005,#675);
#430=LINE('',#3006,#676);
#431=LINE('',#3009,#677);
#432=LINE('',#3010,#678);
#433=LINE('',#3012,#679);
#434=LINE('',#3016,#680);
#435=LINE('',#3020,#681);
#436=LINE('',#3022,#682);
#437=LINE('',#3023,#683);
#438=LINE('',#3024,#684);
#439=LINE('',#3027,#685);
#440=LINE('',#3028,#686);
#441=LINE('',#3030,#687);
#442=LINE('',#3032,#688);
#443=LINE('',#3034,#689);
#444=LINE('',#3035,#690);
#445=LINE('',#3041,#691);
#446=LINE('',#3042,#692);
#447=LINE('',#3044,#693);
#448=LINE('',#3046,#694);
#449=LINE('',#3048,#695);
#450=LINE('',#3049,#696);
#451=LINE('',#3055,#697);
#452=LINE('',#3056,#698);
#453=LINE('',#3058,#699);
#454=LINE('',#3060,#700);
#455=LINE('',#3062,#701);
#456=LINE('',#3063,#702);
#457=LINE('',#3069,#703);
#458=LINE('',#3070,#704);
#459=LINE('',#3071,#705);
#460=LINE('',#3082,#706);
#461=LINE('',#3084,#707);
#462=LINE('',#3086,#708);
#463=LINE('',#3087,#709);
#464=LINE('',#3090,#710);
#465=LINE('',#3092,#711);
#466=LINE('',#3093,#712);
#467=LINE('',#3096,#713);
#468=LINE('',#3098,#714);
#469=LINE('',#3099,#715);
#470=LINE('',#3102,#716);
#471=LINE('',#3104,#717);
#472=LINE('',#3105,#718);
#473=LINE('',#3108,#719);
#474=LINE('',#3110,#720);
#475=LINE('',#3111,#721);
#476=LINE('',#3113,#722);
#477=LINE('',#3114,#723);
#478=LINE('',#3119,#724);
#479=LINE('',#3121,#725);
#480=LINE('',#3123,#726);
#481=LINE('',#3124,#727);
#482=LINE('',#3127,#728);
#483=LINE('',#3129,#729);
#484=LINE('',#3130,#730);
#485=LINE('',#3133,#731);
#486=LINE('',#3135,#732);
#487=LINE('',#3136,#733);
#488=LINE('',#3138,#734);
#489=LINE('',#3139,#735);
#490=LINE('',#3144,#736);
#491=LINE('',#3146,#737);
#492=LINE('',#3148,#738);
#493=LINE('',#3149,#739);
#494=LINE('',#3152,#740);
#495=LINE('',#3154,#741);
#496=LINE('',#3155,#742);
#497=LINE('',#3158,#743);
#498=LINE('',#3160,#744);
#499=LINE('',#3161,#745);
#500=LINE('',#3164,#746);
#501=LINE('',#3166,#747);
#502=LINE('',#3167,#748);
#503=LINE('',#3170,#749);
#504=LINE('',#3172,#750);
#505=LINE('',#3173,#751);
#506=LINE('',#3175,#752);
#507=LINE('',#3176,#753);
#508=LINE('',#3181,#754);
#509=LINE('',#3183,#755);
#510=LINE('',#3185,#756);
#511=LINE('',#3186,#757);
#512=LINE('',#3189,#758);
#513=LINE('',#3191,#759);
#514=LINE('',#3192,#760);
#515=LINE('',#3195,#761);
#516=LINE('',#3197,#762);
#517=LINE('',#3198,#763);
#518=LINE('',#3201,#764);
#519=LINE('',#3203,#765);
#520=LINE('',#3204,#766);
#521=LINE('',#3207,#767);
#522=LINE('',#3209,#768);
#523=LINE('',#3210,#769);
#524=LINE('',#3212,#770);
#525=LINE('',#3213,#771);
#526=LINE('',#3218,#772);
#527=LINE('',#3220,#773);
#528=LINE('',#3222,#774);
#529=LINE('',#3223,#775);
#530=LINE('',#3226,#776);
#531=LINE('',#3228,#777);
#532=LINE('',#3229,#778);
#533=LINE('',#3232,#779);
#534=LINE('',#3234,#780);
#535=LINE('',#3235,#781);
#536=LINE('',#3237,#782);
#537=LINE('',#3238,#783);
#538=LINE('',#3243,#784);
#539=LINE('',#3245,#785);
#540=LINE('',#3247,#786);
#541=LINE('',#3248,#787);
#542=LINE('',#3251,#788);
#543=LINE('',#3253,#789);
#544=LINE('',#3254,#790);
#545=LINE('',#3257,#791);
#546=LINE('',#3259,#792);
#547=LINE('',#3260,#793);
#548=LINE('',#3262,#794);
#549=LINE('',#3263,#795);
#550=LINE('',#3267,#796);
#551=LINE('',#3269,#797);
#552=LINE('',#3271,#798);
#553=LINE('',#3273,#799);
#554=LINE('',#3275,#800);
#555=LINE('',#3277,#801);
#556=LINE('',#3279,#802);
#557=LINE('',#3281,#803);
#558=LINE('',#3283,#804);
#559=LINE('',#3285,#805);
#560=LINE('',#3287,#806);
#561=LINE('',#3288,#807);
#562=LINE('',#3291,#808);
#563=LINE('',#3293,#809);
#564=LINE('',#3294,#810);
#565=LINE('',#3297,#811);
#566=LINE('',#3298,#812);
#567=LINE('',#3301,#813);
#568=LINE('',#3302,#814);
#569=LINE('',#3305,#815);
#570=LINE('',#3306,#816);
#571=LINE('',#3309,#817);
#572=LINE('',#3310,#818);
#573=LINE('',#3313,#819);
#574=LINE('',#3314,#820);
#575=LINE('',#3317,#821);
#576=LINE('',#3318,#822);
#577=LINE('',#3321,#823);
#578=LINE('',#3322,#824);
#579=LINE('',#3325,#825);
#580=LINE('',#3326,#826);
#581=LINE('',#3329,#827);
#582=LINE('',#3330,#828);
#583=LINE('',#3333,#829);
#584=LINE('',#3334,#830);
#585=LINE('',#3336,#831);
#586=VECTOR('',#2261,1.7);
#587=VECTOR('',#2274,1.7);
#588=VECTOR('',#2287,1.7);
#589=VECTOR('',#2300,1.7);
#590=VECTOR('',#2309,10.);
#591=VECTOR('',#2310,10.);
#592=VECTOR('',#2311,10.);
#593=VECTOR('',#2312,10.);
#594=VECTOR('',#2315,10.);
#595=VECTOR('',#2316,10.);
#596=VECTOR('',#2317,10.);
#597=VECTOR('',#2320,10.);
#598=VECTOR('',#2321,10.);
#599=VECTOR('',#2322,10.);
#600=VECTOR('',#2325,10.);
#601=VECTOR('',#2326,10.);
#602=VECTOR('',#2331,10.);
#603=VECTOR('',#2332,10.);
#604=VECTOR('',#2333,10.);
#605=VECTOR('',#2334,10.);
#606=VECTOR('',#2335,10.);
#607=VECTOR('',#2336,10.);
#608=VECTOR('',#2337,10.);
#609=VECTOR('',#2338,10.);
#610=VECTOR('',#2339,10.);
#611=VECTOR('',#2340,10.);
#612=VECTOR('',#2341,10.);
#613=VECTOR('',#2346,10.);
#614=VECTOR('',#2349,10.);
#615=VECTOR('',#2354,10.);
#616=VECTOR('',#2357,10.);
#617=VECTOR('',#2362,10.);
#618=VECTOR('',#2365,10.);
#619=VECTOR('',#2368,10.);
#620=VECTOR('',#2369,10.);
#621=VECTOR('',#2370,10.);
#622=VECTOR('',#2373,10.);
#623=VECTOR('',#2374,10.);
#624=VECTOR('',#2375,10.);
#625=VECTOR('',#2378,10.);
#626=VECTOR('',#2379,10.);
#627=VECTOR('',#2382,10.);
#628=VECTOR('',#2383,10.);
#629=VECTOR('',#2386,10.);
#630=VECTOR('',#2387,10.);
#631=VECTOR('',#2388,10.);
#632=VECTOR('',#2389,10.);
#633=VECTOR('',#2392,10.);
#634=VECTOR('',#2393,10.);
#635=VECTOR('',#2394,10.);
#636=VECTOR('',#2397,10.);
#637=VECTOR('',#2398,10.);
#638=VECTOR('',#2399,10.);
#639=VECTOR('',#2402,10.);
#640=VECTOR('',#2403,10.);
#641=VECTOR('',#2404,10.);
#642=VECTOR('',#2407,10.);
#643=VECTOR('',#2408,10.);
#644=VECTOR('',#2409,10.);
#645=VECTOR('',#2412,10.);
#646=VECTOR('',#2413,10.);
#647=VECTOR('',#2414,10.);
#648=VECTOR('',#2417,10.);
#649=VECTOR('',#2418,10.);
#650=VECTOR('',#2419,10.);
#651=VECTOR('',#2422,10.);
#652=VECTOR('',#2423,10.);
#653=VECTOR('',#2424,10.);
#654=VECTOR('',#2427,10.);
#655=VECTOR('',#2428,10.);
#656=VECTOR('',#2429,10.);
#657=VECTOR('',#2432,10.);
#658=VECTOR('',#2433,10.);
#659=VECTOR('',#2434,10.);
#660=VECTOR('',#2437,10.);
#661=VECTOR('',#2438,10.);
#662=VECTOR('',#2439,10.);
#663=VECTOR('',#2442,10.);
#664=VECTOR('',#2443,10.);
#665=VECTOR('',#2444,10.);
#666=VECTOR('',#2447,10.);
#667=VECTOR('',#2448,10.);
#668=VECTOR('',#2449,10.);
#669=VECTOR('',#2452,10.);
#670=VECTOR('',#2453,10.);
#671=VECTOR('',#2456,10.);
#672=VECTOR('',#2457,10.);
#673=VECTOR('',#2460,10.);
#674=VECTOR('',#2461,10.);
#675=VECTOR('',#2464,10.);
#676=VECTOR('',#2465,10.);
#677=VECTOR('',#2468,10.);
#678=VECTOR('',#2469,10.);
#679=VECTOR('',#2472,10.);
#680=VECTOR('',#2477,10.);
#681=VECTOR('',#2480,10.);
#682=VECTOR('',#2481,10.);
#683=VECTOR('',#2482,10.);
#684=VECTOR('',#2483,10.);
#685=VECTOR('',#2486,10.);
#686=VECTOR('',#2487,10.);
#687=VECTOR('',#2488,10.);
#688=VECTOR('',#2489,10.);
#689=VECTOR('',#2490,10.);
#690=VECTOR('',#2491,10.);
#691=VECTOR('',#2500,10.);
#692=VECTOR('',#2501,10.);
#693=VECTOR('',#2502,10.);
#694=VECTOR('',#2503,10.);
#695=VECTOR('',#2504,10.);
#696=VECTOR('',#2505,10.);
#697=VECTOR('',#2514,10.);
#698=VECTOR('',#2515,10.);
#699=VECTOR('',#2516,10.);
#700=VECTOR('',#2517,10.);
#701=VECTOR('',#2518,10.);
#702=VECTOR('',#2519,10.);
#703=VECTOR('',#2528,10.);
#704=VECTOR('',#2529,10.);
#705=VECTOR('',#2530,10.);
#706=VECTOR('',#2547,10.);
#707=VECTOR('',#2548,10.);
#708=VECTOR('',#2549,10.);
#709=VECTOR('',#2550,10.);
#710=VECTOR('',#2553,10.);
#711=VECTOR('',#2554,10.);
#712=VECTOR('',#2555,10.);
#713=VECTOR('',#2558,10.);
#714=VECTOR('',#2559,10.);
#715=VECTOR('',#2560,10.);
#716=VECTOR('',#2563,10.);
#717=VECTOR('',#2564,10.);
#718=VECTOR('',#2565,10.);
#719=VECTOR('',#2568,10.);
#720=VECTOR('',#2569,10.);
#721=VECTOR('',#2570,10.);
#722=VECTOR('',#2573,10.);
#723=VECTOR('',#2574,10.);
#724=VECTOR('',#2579,10.);
#725=VECTOR('',#2580,10.);
#726=VECTOR('',#2581,10.);
#727=VECTOR('',#2582,10.);
#728=VECTOR('',#2585,10.);
#729=VECTOR('',#2586,10.);
#730=VECTOR('',#2587,10.);
#731=VECTOR('',#2590,10.);
#732=VECTOR('',#2591,10.);
#733=VECTOR('',#2592,10.);
#734=VECTOR('',#2595,10.);
#735=VECTOR('',#2596,10.);
#736=VECTOR('',#2601,10.);
#737=VECTOR('',#2602,10.);
#738=VECTOR('',#2603,10.);
#739=VECTOR('',#2604,10.);
#740=VECTOR('',#2607,10.);
#741=VECTOR('',#2608,10.);
#742=VECTOR('',#2609,10.);
#743=VECTOR('',#2612,10.);
#744=VECTOR('',#2613,10.);
#745=VECTOR('',#2614,10.);
#746=VECTOR('',#2617,10.);
#747=VECTOR('',#2618,10.);
#748=VECTOR('',#2619,10.);
#749=VECTOR('',#2622,10.);
#750=VECTOR('',#2623,10.);
#751=VECTOR('',#2624,10.);
#752=VECTOR('',#2627,10.);
#753=VECTOR('',#2628,10.);
#754=VECTOR('',#2633,10.);
#755=VECTOR('',#2634,10.);
#756=VECTOR('',#2635,10.);
#757=VECTOR('',#2636,10.);
#758=VECTOR('',#2639,10.);
#759=VECTOR('',#2640,10.);
#760=VECTOR('',#2641,10.);
#761=VECTOR('',#2644,10.);
#762=VECTOR('',#2645,10.);
#763=VECTOR('',#2646,10.);
#764=VECTOR('',#2649,10.);
#765=VECTOR('',#2650,10.);
#766=VECTOR('',#2651,10.);
#767=VECTOR('',#2654,10.);
#768=VECTOR('',#2655,10.);
#769=VECTOR('',#2656,10.);
#770=VECTOR('',#2659,10.);
#771=VECTOR('',#2660,10.);
#772=VECTOR('',#2665,10.);
#773=VECTOR('',#2666,10.);
#774=VECTOR('',#2667,10.);
#775=VECTOR('',#2668,10.);
#776=VECTOR('',#2671,10.);
#777=VECTOR('',#2672,10.);
#778=VECTOR('',#2673,10.);
#779=VECTOR('',#2676,10.);
#780=VECTOR('',#2677,10.);
#781=VECTOR('',#2678,10.);
#782=VECTOR('',#2681,10.);
#783=VECTOR('',#2682,10.);
#784=VECTOR('',#2687,10.);
#785=VECTOR('',#2688,10.);
#786=VECTOR('',#2689,10.);
#787=VECTOR('',#2690,10.);
#788=VECTOR('',#2693,10.);
#789=VECTOR('',#2694,10.);
#790=VECTOR('',#2695,10.);
#791=VECTOR('',#2698,10.);
#792=VECTOR('',#2699,10.);
#793=VECTOR('',#2700,10.);
#794=VECTOR('',#2703,10.);
#795=VECTOR('',#2704,10.);
#796=VECTOR('',#2707,10.);
#797=VECTOR('',#2708,10.);
#798=VECTOR('',#2709,10.);
#799=VECTOR('',#2710,10.);
#800=VECTOR('',#2711,10.);
#801=VECTOR('',#2712,10.);
#802=VECTOR('',#2713,10.);
#803=VECTOR('',#2714,10.);
#804=VECTOR('',#2715,10.);
#805=VECTOR('',#2716,10.);
#806=VECTOR('',#2717,10.);
#807=VECTOR('',#2718,10.);
#808=VECTOR('',#2721,10.);
#809=VECTOR('',#2722,10.);
#810=VECTOR('',#2723,10.);
#811=VECTOR('',#2726,10.);
#812=VECTOR('',#2727,10.);
#813=VECTOR('',#2730,10.);
#814=VECTOR('',#2731,10.);
#815=VECTOR('',#2734,10.);
#816=VECTOR('',#2735,10.);
#817=VECTOR('',#2738,10.);
#818=VECTOR('',#2739,10.);
#819=VECTOR('',#2742,10.);
#820=VECTOR('',#2743,10.);
#821=VECTOR('',#2746,10.);
#822=VECTOR('',#2747,10.);
#823=VECTOR('',#2750,10.);
#824=VECTOR('',#2751,10.);
#825=VECTOR('',#2754,10.);
#826=VECTOR('',#2755,10.);
#827=VECTOR('',#2758,10.);
#828=VECTOR('',#2759,10.);
#829=VECTOR('',#2762,10.);
#830=VECTOR('',#2763,10.);
#831=VECTOR('',#2766,10.);
#832=CIRCLE('',#2120,1.7);
#833=CIRCLE('',#2121,1.7);
#834=CIRCLE('',#2122,1.7);
#835=CIRCLE('',#2123,1.7);
#836=CIRCLE('',#2126,1.7);
#837=CIRCLE('',#2127,1.7);
#838=CIRCLE('',#2128,1.7);
#839=CIRCLE('',#2129,1.7);
#840=CIRCLE('',#2132,1.7);
#841=CIRCLE('',#2133,1.7);
#842=CIRCLE('',#2134,1.7);
#843=CIRCLE('',#2135,1.7);
#844=CIRCLE('',#2138,1.7);
#845=CIRCLE('',#2139,1.7);
#846=CIRCLE('',#2140,1.7);
#847=CIRCLE('',#2141,1.7);
#848=CIRCLE('',#2148,9.);
#849=CIRCLE('',#2150,9.);
#850=CIRCLE('',#2151,9.);
#851=CIRCLE('',#2153,9.);
#852=CIRCLE('',#2154,9.);
#853=CIRCLE('',#2156,9.);
#854=CIRCLE('',#2157,9.);
#855=CIRCLE('',#2182,9.);
#856=CIRCLE('',#2186,9.);
#857=CIRCLE('',#2187,9.);
#858=CIRCLE('',#2190,9.);
#859=CIRCLE('',#2191,9.);
#860=CIRCLE('',#2194,9.);
#861=CIRCLE('',#2195,9.);
#862=CIRCLE('',#2198,9.);
#863=CIRCLE('',#2199,9.);
#864=VERTEX_POINT('',#2771);
#865=VERTEX_POINT('',#2772);
#866=VERTEX_POINT('',#2775);
#867=VERTEX_POINT('',#2777);
#868=VERTEX_POINT('',#2782);
#869=VERTEX_POINT('',#2783);
#870=VERTEX_POINT('',#2786);
#871=VERTEX_POINT('',#2788);
#872=VERTEX_POINT('',#2793);
#873=VERTEX_POINT('',#2794);
#874=VERTEX_POINT('',#2797);
#875=VERTEX_POINT('',#2799);
#876=VERTEX_POINT('',#2804);
#877=VERTEX_POINT('',#2805);
#878=VERTEX_POINT('',#2808);
#879=VERTEX_POINT('',#2810);
#880=VERTEX_POINT('',#2815);
#881=VERTEX_POINT('',#2816);
#882=VERTEX_POINT('',#2818);
#883=VERTEX_POINT('',#2820);
#884=VERTEX_POINT('',#2824);
#885=VERTEX_POINT('',#2826);
#886=VERTEX_POINT('',#2830);
#887=VERTEX_POINT('',#2832);
#888=VERTEX_POINT('',#2839);
#889=VERTEX_POINT('',#2840);
#890=VERTEX_POINT('',#2842);
#891=VERTEX_POINT('',#2844);
#892=VERTEX_POINT('',#2846);
#893=VERTEX_POINT('',#2848);
#894=VERTEX_POINT('',#2850);
#895=VERTEX_POINT('',#2852);
#896=VERTEX_POINT('',#2854);
#897=VERTEX_POINT('',#2856);
#898=VERTEX_POINT('',#2858);
#899=VERTEX_POINT('',#2860);
#900=VERTEX_POINT('',#2864);
#901=VERTEX_POINT('',#2865);
#902=VERTEX_POINT('',#2867);
#903=VERTEX_POINT('',#2869);
#904=VERTEX_POINT('',#2873);
#905=VERTEX_POINT('',#2874);
#906=VERTEX_POINT('',#2876);
#907=VERTEX_POINT('',#2878);
#908=VERTEX_POINT('',#2882);
#909=VERTEX_POINT('',#2883);
#910=VERTEX_POINT('',#2885);
#911=VERTEX_POINT('',#2887);
#912=VERTEX_POINT('',#2891);
#913=VERTEX_POINT('',#2893);
#914=VERTEX_POINT('',#2897);
#915=VERTEX_POINT('',#2898);
#916=VERTEX_POINT('',#2903);
#917=VERTEX_POINT('',#2907);
#918=VERTEX_POINT('',#2911);
#919=VERTEX_POINT('',#2912);
#920=VERTEX_POINT('',#2914);
#921=VERTEX_POINT('',#2916);
#922=VERTEX_POINT('',#2920);
#923=VERTEX_POINT('',#2922);
#924=VERTEX_POINT('',#2926);
#925=VERTEX_POINT('',#2928);
#926=VERTEX_POINT('',#2932);
#927=VERTEX_POINT('',#2934);
#928=VERTEX_POINT('',#2938);
#929=VERTEX_POINT('',#2940);
#930=VERTEX_POINT('',#2944);
#931=VERTEX_POINT('',#2946);
#932=VERTEX_POINT('',#2950);
#933=VERTEX_POINT('',#2952);
#934=VERTEX_POINT('',#2956);
#935=VERTEX_POINT('',#2958);
#936=VERTEX_POINT('',#2962);
#937=VERTEX_POINT('',#2964);
#938=VERTEX_POINT('',#2968);
#939=VERTEX_POINT('',#2969);
#940=VERTEX_POINT('',#2974);
#941=VERTEX_POINT('',#2976);
#942=VERTEX_POINT('',#2980);
#943=VERTEX_POINT('',#2982);
#944=VERTEX_POINT('',#2986);
#945=VERTEX_POINT('',#2988);
#946=VERTEX_POINT('',#2992);
#947=VERTEX_POINT('',#2996);
#948=VERTEX_POINT('',#3000);
#949=VERTEX_POINT('',#3004);
#950=VERTEX_POINT('',#3008);
#951=VERTEX_POINT('',#3014);
#952=VERTEX_POINT('',#3018);
#953=VERTEX_POINT('',#3019);
#954=VERTEX_POINT('',#3021);
#955=VERTEX_POINT('',#3026);
#956=VERTEX_POINT('',#3029);
#957=VERTEX_POINT('',#3031);
#958=VERTEX_POINT('',#3033);
#959=VERTEX_POINT('',#3040);
#960=VERTEX_POINT('',#3043);
#961=VERTEX_POINT('',#3045);
#962=VERTEX_POINT('',#3047);
#963=VERTEX_POINT('',#3054);
#964=VERTEX_POINT('',#3057);
#965=VERTEX_POINT('',#3059);
#966=VERTEX_POINT('',#3061);
#967=VERTEX_POINT('',#3068);
#968=VERTEX_POINT('',#3080);
#969=VERTEX_POINT('',#3081);
#970=VERTEX_POINT('',#3083);
#971=VERTEX_POINT('',#3085);
#972=VERTEX_POINT('',#3089);
#973=VERTEX_POINT('',#3091);
#974=VERTEX_POINT('',#3095);
#975=VERTEX_POINT('',#3097);
#976=VERTEX_POINT('',#3101);
#977=VERTEX_POINT('',#3103);
#978=VERTEX_POINT('',#3107);
#979=VERTEX_POINT('',#3109);
#980=VERTEX_POINT('',#3117);
#981=VERTEX_POINT('',#3118);
#982=VERTEX_POINT('',#3120);
#983=VERTEX_POINT('',#3122);
#984=VERTEX_POINT('',#3126);
#985=VERTEX_POINT('',#3128);
#986=VERTEX_POINT('',#3132);
#987=VERTEX_POINT('',#3134);
#988=VERTEX_POINT('',#3142);
#989=VERTEX_POINT('',#3143);
#990=VERTEX_POINT('',#3145);
#991=VERTEX_POINT('',#3147);
#992=VERTEX_POINT('',#3151);
#993=VERTEX_POINT('',#3153);
#994=VERTEX_POINT('',#3157);
#995=VERTEX_POINT('',#3159);
#996=VERTEX_POINT('',#3163);
#997=VERTEX_POINT('',#3165);
#998=VERTEX_POINT('',#3169);
#999=VERTEX_POINT('',#3171);
#1000=VERTEX_POINT('',#3179);
#1001=VERTEX_POINT('',#3180);
#1002=VERTEX_POINT('',#3182);
#1003=VERTEX_POINT('',#3184);
#1004=VERTEX_POINT('',#3188);
#1005=VERTEX_POINT('',#3190);
#1006=VERTEX_POINT('',#3194);
#1007=VERTEX_POINT('',#3196);
#1008=VERTEX_POINT('',#3200);
#1009=VERTEX_POINT('',#3202);
#1010=VERTEX_POINT('',#3206);
#1011=VERTEX_POINT('',#3208);
#1012=VERTEX_POINT('',#3216);
#1013=VERTEX_POINT('',#3217);
#1014=VERTEX_POINT('',#3219);
#1015=VERTEX_POINT('',#3221);
#1016=VERTEX_POINT('',#3225);
#1017=VERTEX_POINT('',#3227);
#1018=VERTEX_POINT('',#3231);
#1019=VERTEX_POINT('',#3233);
#1020=VERTEX_POINT('',#3241);
#1021=VERTEX_POINT('',#3242);
#1022=VERTEX_POINT('',#3244);
#1023=VERTEX_POINT('',#3246);
#1024=VERTEX_POINT('',#3250);
#1025=VERTEX_POINT('',#3252);
#1026=VERTEX_POINT('',#3256);
#1027=VERTEX_POINT('',#3258);
#1028=VERTEX_POINT('',#3265);
#1029=VERTEX_POINT('',#3266);
#1030=VERTEX_POINT('',#3268);
#1031=VERTEX_POINT('',#3270);
#1032=VERTEX_POINT('',#3272);
#1033=VERTEX_POINT('',#3274);
#1034=VERTEX_POINT('',#3276);
#1035=VERTEX_POINT('',#3278);
#1036=VERTEX_POINT('',#3280);
#1037=VERTEX_POINT('',#3282);
#1038=VERTEX_POINT('',#3284);
#1039=VERTEX_POINT('',#3286);
#1040=VERTEX_POINT('',#3290);
#1041=VERTEX_POINT('',#3292);
#1042=VERTEX_POINT('',#3296);
#1043=VERTEX_POINT('',#3300);
#1044=VERTEX_POINT('',#3304);
#1045=VERTEX_POINT('',#3308);
#1046=VERTEX_POINT('',#3312);
#1047=VERTEX_POINT('',#3316);
#1048=VERTEX_POINT('',#3320);
#1049=VERTEX_POINT('',#3324);
#1050=VERTEX_POINT('',#3328);
#1051=VERTEX_POINT('',#3332);
#1052=EDGE_CURVE('',#864,#865,#832,.T.);
#1053=EDGE_CURVE('',#865,#864,#833,.T.);
#1054=EDGE_CURVE('',#865,#866,#340,.T.);
#1055=EDGE_CURVE('',#867,#866,#834,.T.);
#1056=EDGE_CURVE('',#866,#867,#835,.T.);
#1057=EDGE_CURVE('',#868,#869,#836,.T.);
#1058=EDGE_CURVE('',#869,#868,#837,.T.);
#1059=EDGE_CURVE('',#869,#870,#341,.T.);
#1060=EDGE_CURVE('',#871,#870,#838,.T.);
#1061=EDGE_CURVE('',#870,#871,#839,.T.);
#1062=EDGE_CURVE('',#872,#873,#840,.T.);
#1063=EDGE_CURVE('',#873,#872,#841,.T.);
#1064=EDGE_CURVE('',#873,#874,#342,.T.);
#1065=EDGE_CURVE('',#875,#874,#842,.T.);
#1066=EDGE_CURVE('',#874,#875,#843,.T.);
#1067=EDGE_CURVE('',#876,#877,#844,.T.);
#1068=EDGE_CURVE('',#877,#876,#845,.T.);
#1069=EDGE_CURVE('',#877,#878,#343,.T.);
#1070=EDGE_CURVE('',#879,#878,#846,.T.);
#1071=EDGE_CURVE('',#878,#879,#847,.T.);
#1072=EDGE_CURVE('',#880,#881,#344,.T.);
#1073=EDGE_CURVE('',#882,#880,#345,.T.);
#1074=EDGE_CURVE('',#883,#882,#346,.T.);
#1075=EDGE_CURVE('',#883,#881,#347,.T.);
#1076=EDGE_CURVE('',#881,#884,#348,.T.);
#1077=EDGE_CURVE('',#885,#883,#349,.T.);
#1078=EDGE_CURVE('',#885,#884,#350,.T.);
#1079=EDGE_CURVE('',#884,#886,#351,.T.);
#1080=EDGE_CURVE('',#887,#885,#352,.T.);
#1081=EDGE_CURVE('',#887,#886,#353,.T.);
#1082=EDGE_CURVE('',#886,#880,#354,.T.);
#1083=EDGE_CURVE('',#882,#887,#355,.T.);
#1084=EDGE_CURVE('',#888,#889,#848,.T.);
#1085=EDGE_CURVE('',#888,#890,#356,.T.);
#1086=EDGE_CURVE('',#890,#891,#357,.T.);
#1087=EDGE_CURVE('',#891,#892,#358,.T.);
#1088=EDGE_CURVE('',#892,#893,#359,.T.);
#1089=EDGE_CURVE('',#893,#894,#360,.T.);
#1090=EDGE_CURVE('',#894,#895,#361,.T.);
#1091=EDGE_CURVE('',#895,#896,#362,.T.);
#1092=EDGE_CURVE('',#896,#897,#363,.T.);
#1093=EDGE_CURVE('',#897,#898,#364,.T.);
#1094=EDGE_CURVE('',#898,#899,#365,.T.);
#1095=EDGE_CURVE('',#899,#889,#366,.T.);
#1096=EDGE_CURVE('',#900,#901,#849,.T.);
#1097=EDGE_CURVE('',#900,#902,#367,.T.);
#1098=EDGE_CURVE('',#903,#902,#850,.T.);
#1099=EDGE_CURVE('',#903,#901,#368,.T.);
#1100=EDGE_CURVE('',#904,#905,#851,.T.);
#1101=EDGE_CURVE('',#904,#906,#369,.T.);
#1102=EDGE_CURVE('',#907,#906,#852,.T.);
#1103=EDGE_CURVE('',#907,#905,#370,.T.);
#1104=EDGE_CURVE('',#908,#909,#853,.T.);
#1105=EDGE_CURVE('',#908,#910,#371,.T.);
#1106=EDGE_CURVE('',#911,#910,#854,.T.);
#1107=EDGE_CURVE('',#911,#909,#372,.T.);
#1108=EDGE_CURVE('',#889,#912,#373,.T.);
#1109=EDGE_CURVE('',#913,#899,#374,.T.);
#1110=EDGE_CURVE('',#912,#913,#375,.T.);
#1111=EDGE_CURVE('',#914,#915,#376,.T.);
#1112=EDGE_CURVE('',#914,#893,#377,.T.);
#1113=EDGE_CURVE('',#915,#892,#378,.T.);
#1114=EDGE_CURVE('',#915,#916,#379,.T.);
#1115=EDGE_CURVE('',#916,#891,#380,.T.);
#1116=EDGE_CURVE('',#916,#917,#381,.T.);
#1117=EDGE_CURVE('',#917,#890,#382,.T.);
#1118=EDGE_CURVE('',#918,#919,#383,.T.);
#1119=EDGE_CURVE('',#918,#920,#384,.T.);
#1120=EDGE_CURVE('',#921,#920,#385,.T.);
#1121=EDGE_CURVE('',#919,#921,#386,.T.);
#1122=EDGE_CURVE('',#919,#922,#387,.T.);
#1123=EDGE_CURVE('',#923,#921,#388,.T.);
#1124=EDGE_CURVE('',#922,#923,#389,.T.);
#1125=EDGE_CURVE('',#922,#924,#390,.T.);
#1126=EDGE_CURVE('',#925,#923,#391,.T.);
#1127=EDGE_CURVE('',#924,#925,#392,.T.);
#1128=EDGE_CURVE('',#924,#926,#393,.T.);
#1129=EDGE_CURVE('',#927,#925,#394,.T.);
#1130=EDGE_CURVE('',#926,#927,#395,.T.);
#1131=EDGE_CURVE('',#926,#928,#396,.T.);
#1132=EDGE_CURVE('',#929,#927,#397,.T.);
#1133=EDGE_CURVE('',#928,#929,#398,.T.);
#1134=EDGE_CURVE('',#928,#930,#399,.T.);
#1135=EDGE_CURVE('',#931,#929,#400,.T.);
#1136=EDGE_CURVE('',#930,#931,#401,.T.);
#1137=EDGE_CURVE('',#930,#932,#402,.T.);
#1138=EDGE_CURVE('',#933,#931,#403,.T.);
#1139=EDGE_CURVE('',#932,#933,#404,.T.);
#1140=EDGE_CURVE('',#932,#934,#405,.T.);
#1141=EDGE_CURVE('',#935,#933,#406,.T.);
#1142=EDGE_CURVE('',#934,#935,#407,.T.);
#1143=EDGE_CURVE('',#934,#936,#408,.T.);
#1144=EDGE_CURVE('',#937,#935,#409,.T.);
#1145=EDGE_CURVE('',#936,#937,#410,.T.);
#1146=EDGE_CURVE('',#938,#939,#411,.T.);
#1147=EDGE_CURVE('',#936,#938,#412,.T.);
#1148=EDGE_CURVE('',#939,#937,#413,.T.);
#1149=EDGE_CURVE('',#909,#940,#414,.T.);
#1150=EDGE_CURVE('',#941,#911,#415,.T.);
#1151=EDGE_CURVE('',#940,#941,#416,.T.);
#1152=EDGE_CURVE('',#905,#942,#417,.T.);
#1153=EDGE_CURVE('',#943,#907,#418,.T.);
#1154=EDGE_CURVE('',#942,#943,#419,.T.);
#1155=EDGE_CURVE('',#901,#944,#420,.T.);
#1156=EDGE_CURVE('',#945,#903,#421,.T.);
#1157=EDGE_CURVE('',#944,#945,#422,.T.);
#1158=EDGE_CURVE('',#913,#946,#423,.T.);
#1159=EDGE_CURVE('',#946,#898,#424,.T.);
#1160=EDGE_CURVE('',#946,#947,#425,.T.);
#1161=EDGE_CURVE('',#947,#897,#426,.T.);
#1162=EDGE_CURVE('',#947,#948,#427,.T.);
#1163=EDGE_CURVE('',#948,#896,#428,.T.);
#1164=EDGE_CURVE('',#948,#949,#429,.T.);
#1165=EDGE_CURVE('',#949,#895,#430,.T.);
#1166=EDGE_CURVE('',#949,#950,#431,.T.);
#1167=EDGE_CURVE('',#950,#894,#432,.T.);
#1168=EDGE_CURVE('',#950,#914,#433,.T.);
#1169=EDGE_CURVE('',#939,#951,#855,.T.);
#1170=EDGE_CURVE('',#920,#951,#434,.T.);
#1171=EDGE_CURVE('',#952,#953,#435,.T.);
#1172=EDGE_CURVE('',#954,#953,#436,.T.);
#1173=EDGE_CURVE('',#951,#954,#437,.T.);
#1174=EDGE_CURVE('',#952,#918,#438,.T.);
#1175=EDGE_CURVE('',#908,#955,#439,.T.);
#1176=EDGE_CURVE('',#953,#955,#440,.T.);
#1177=EDGE_CURVE('',#956,#952,#441,.T.);
#1178=EDGE_CURVE('',#956,#957,#442,.T.);
#1179=EDGE_CURVE('',#958,#957,#443,.T.);
#1180=EDGE_CURVE('',#910,#958,#444,.T.);
#1181=EDGE_CURVE('',#955,#954,#856,.T.);
#1182=EDGE_CURVE('',#938,#940,#857,.T.);
#1183=EDGE_CURVE('',#904,#959,#445,.T.);
#1184=EDGE_CURVE('',#957,#959,#446,.T.);
#1185=EDGE_CURVE('',#960,#956,#447,.T.);
#1186=EDGE_CURVE('',#960,#961,#448,.T.);
#1187=EDGE_CURVE('',#962,#961,#449,.T.);
#1188=EDGE_CURVE('',#906,#962,#450,.T.);
#1189=EDGE_CURVE('',#959,#958,#858,.T.);
#1190=EDGE_CURVE('',#941,#942,#859,.T.);
#1191=EDGE_CURVE('',#900,#963,#451,.T.);
#1192=EDGE_CURVE('',#961,#963,#452,.T.);
#1193=EDGE_CURVE('',#964,#960,#453,.T.);
#1194=EDGE_CURVE('',#964,#965,#454,.T.);
#1195=EDGE_CURVE('',#966,#965,#455,.T.);
#1196=EDGE_CURVE('',#902,#966,#456,.T.);
#1197=EDGE_CURVE('',#963,#962,#860,.T.);
#1198=EDGE_CURVE('',#943,#944,#861,.T.);
#1199=EDGE_CURVE('',#888,#967,#457,.T.);
#1200=EDGE_CURVE('',#965,#967,#458,.T.);
#1201=EDGE_CURVE('',#917,#964,#459,.T.);
#1202=EDGE_CURVE('',#967,#966,#862,.T.);
#1203=EDGE_CURVE('',#945,#912,#863,.T.);
#1204=EDGE_CURVE('',#968,#969,#460,.T.);
#1205=EDGE_CURVE('',#968,#970,#461,.T.);
#1206=EDGE_CURVE('',#971,#970,#462,.T.);
#1207=EDGE_CURVE('',#969,#971,#463,.T.);
#1208=EDGE_CURVE('',#969,#972,#464,.T.);
#1209=EDGE_CURVE('',#973,#971,#465,.T.);
#1210=EDGE_CURVE('',#972,#973,#466,.T.);
#1211=EDGE_CURVE('',#972,#974,#467,.T.);
#1212=EDGE_CURVE('',#975,#973,#468,.T.);
#1213=EDGE_CURVE('',#974,#975,#469,.T.);
#1214=EDGE_CURVE('',#974,#976,#470,.T.);
#1215=EDGE_CURVE('',#977,#975,#471,.T.);
#1216=EDGE_CURVE('',#976,#977,#472,.T.);
#1217=EDGE_CURVE('',#976,#978,#473,.T.);
#1218=EDGE_CURVE('',#979,#977,#474,.T.);
#1219=EDGE_CURVE('',#978,#979,#475,.T.);
#1220=EDGE_CURVE('',#978,#968,#476,.T.);
#1221=EDGE_CURVE('',#970,#979,#477,.T.);
#1222=EDGE_CURVE('',#980,#981,#478,.T.);
#1223=EDGE_CURVE('',#980,#982,#479,.T.);
#1224=EDGE_CURVE('',#983,#982,#480,.T.);
#1225=EDGE_CURVE('',#981,#983,#481,.T.);
#1226=EDGE_CURVE('',#981,#984,#482,.T.);
#1227=EDGE_CURVE('',#985,#983,#483,.T.);
#1228=EDGE_CURVE('',#984,#985,#484,.T.);
#1229=EDGE_CURVE('',#984,#986,#485,.T.);
#1230=EDGE_CURVE('',#987,#985,#486,.T.);
#1231=EDGE_CURVE('',#986,#987,#487,.T.);
#1232=EDGE_CURVE('',#986,#980,#488,.T.);
#1233=EDGE_CURVE('',#982,#987,#489,.T.);
#1234=EDGE_CURVE('',#988,#989,#490,.T.);
#1235=EDGE_CURVE('',#988,#990,#491,.T.);
#1236=EDGE_CURVE('',#991,#990,#492,.T.);
#1237=EDGE_CURVE('',#989,#991,#493,.T.);
#1238=EDGE_CURVE('',#989,#992,#494,.T.);
#1239=EDGE_CURVE('',#993,#991,#495,.T.);
#1240=EDGE_CURVE('',#992,#993,#496,.T.);
#1241=EDGE_CURVE('',#992,#994,#497,.T.);
#1242=EDGE_CURVE('',#995,#993,#498,.T.);
#1243=EDGE_CURVE('',#994,#995,#499,.T.);
#1244=EDGE_CURVE('',#994,#996,#500,.T.);
#1245=EDGE_CURVE('',#997,#995,#501,.T.);
#1246=EDGE_CURVE('',#996,#997,#502,.T.);
#1247=EDGE_CURVE('',#996,#998,#503,.T.);
#1248=EDGE_CURVE('',#999,#997,#504,.T.);
#1249=EDGE_CURVE('',#998,#999,#505,.T.);
#1250=EDGE_CURVE('',#998,#988,#506,.T.);
#1251=EDGE_CURVE('',#990,#999,#507,.T.);
#1252=EDGE_CURVE('',#1000,#1001,#508,.T.);
#1253=EDGE_CURVE('',#1000,#1002,#509,.T.);
#1254=EDGE_CURVE('',#1003,#1002,#510,.T.);
#1255=EDGE_CURVE('',#1001,#1003,#511,.T.);
#1256=EDGE_CURVE('',#1001,#1004,#512,.T.);
#1257=EDGE_CURVE('',#1005,#1003,#513,.T.);
#1258=EDGE_CURVE('',#1004,#1005,#514,.T.);
#1259=EDGE_CURVE('',#1004,#1006,#515,.T.);
#1260=EDGE_CURVE('',#1007,#1005,#516,.T.);
#1261=EDGE_CURVE('',#1006,#1007,#517,.T.);
#1262=EDGE_CURVE('',#1006,#1008,#518,.T.);
#1263=EDGE_CURVE('',#1009,#1007,#519,.T.);
#1264=EDGE_CURVE('',#1008,#1009,#520,.T.);
#1265=EDGE_CURVE('',#1008,#1010,#521,.T.);
#1266=EDGE_CURVE('',#1011,#1009,#522,.T.);
#1267=EDGE_CURVE('',#1010,#1011,#523,.T.);
#1268=EDGE_CURVE('',#1010,#1000,#524,.T.);
#1269=EDGE_CURVE('',#1002,#1011,#525,.T.);
#1270=EDGE_CURVE('',#1012,#1013,#526,.T.);
#1271=EDGE_CURVE('',#1012,#1014,#527,.T.);
#1272=EDGE_CURVE('',#1015,#1014,#528,.T.);
#1273=EDGE_CURVE('',#1013,#1015,#529,.T.);
#1274=EDGE_CURVE('',#1013,#1016,#530,.T.);
#1275=EDGE_CURVE('',#1017,#1015,#531,.T.);
#1276=EDGE_CURVE('',#1016,#1017,#532,.T.);
#1277=EDGE_CURVE('',#1016,#1018,#533,.T.);
#1278=EDGE_CURVE('',#1019,#1017,#534,.T.);
#1279=EDGE_CURVE('',#1018,#1019,#535,.T.);
#1280=EDGE_CURVE('',#1018,#1012,#536,.T.);
#1281=EDGE_CURVE('',#1014,#1019,#537,.T.);
#1282=EDGE_CURVE('',#1020,#1021,#538,.T.);
#1283=EDGE_CURVE('',#1020,#1022,#539,.T.);
#1284=EDGE_CURVE('',#1022,#1023,#540,.T.);
#1285=EDGE_CURVE('',#1023,#1021,#541,.T.);
#1286=EDGE_CURVE('',#1023,#1024,#542,.T.);
#1287=EDGE_CURVE('',#1024,#1025,#543,.T.);
#1288=EDGE_CURVE('',#1021,#1025,#544,.T.);
#1289=EDGE_CURVE('',#1025,#1026,#545,.T.);
#1290=EDGE_CURVE('',#1024,#1027,#546,.T.);
#1291=EDGE_CURVE('',#1027,#1026,#547,.T.);
#1292=EDGE_CURVE('',#1026,#1020,#548,.T.);
#1293=EDGE_CURVE('',#1027,#1022,#549,.T.);
#1294=EDGE_CURVE('',#1028,#1029,#550,.T.);
#1295=EDGE_CURVE('',#1030,#1028,#551,.T.);
#1296=EDGE_CURVE('',#1031,#1030,#552,.T.);
#1297=EDGE_CURVE('',#1032,#1031,#553,.T.);
#1298=EDGE_CURVE('',#1033,#1032,#554,.T.);
#1299=EDGE_CURVE('',#1034,#1033,#555,.T.);
#1300=EDGE_CURVE('',#1035,#1034,#556,.T.);
#1301=EDGE_CURVE('',#1036,#1035,#557,.T.);
#1302=EDGE_CURVE('',#1037,#1036,#558,.T.);
#1303=EDGE_CURVE('',#1038,#1037,#559,.T.);
#1304=EDGE_CURVE('',#1039,#1038,#560,.T.);
#1305=EDGE_CURVE('',#1029,#1039,#561,.T.);
#1306=EDGE_CURVE('',#1028,#1040,#562,.T.);
#1307=EDGE_CURVE('',#1041,#1040,#563,.T.);
#1308=EDGE_CURVE('',#1030,#1041,#564,.T.);
#1309=EDGE_CURVE('',#1042,#1041,#565,.T.);
#1310=EDGE_CURVE('',#1031,#1042,#566,.T.);
#1311=EDGE_CURVE('',#1043,#1042,#567,.T.);
#1312=EDGE_CURVE('',#1032,#1043,#568,.T.);
#1313=EDGE_CURVE('',#1044,#1043,#569,.T.);
#1314=EDGE_CURVE('',#1033,#1044,#570,.T.);
#1315=EDGE_CURVE('',#1045,#1044,#571,.T.);
#1316=EDGE_CURVE('',#1034,#1045,#572,.T.);
#1317=EDGE_CURVE('',#1046,#1045,#573,.T.);
#1318=EDGE_CURVE('',#1035,#1046,#574,.T.);
#1319=EDGE_CURVE('',#1047,#1046,#575,.T.);
#1320=EDGE_CURVE('',#1036,#1047,#576,.T.);
#1321=EDGE_CURVE('',#1048,#1047,#577,.T.);
#1322=EDGE_CURVE('',#1037,#1048,#578,.T.);
#1323=EDGE_CURVE('',#1049,#1048,#579,.T.);
#1324=EDGE_CURVE('',#1038,#1049,#580,.T.);
#1325=EDGE_CURVE('',#1050,#1049,#581,.T.);
#1326=EDGE_CURVE('',#1039,#1050,#582,.T.);
#1327=EDGE_CURVE('',#1051,#1050,#583,.T.);
#1328=EDGE_CURVE('',#1029,#1051,#584,.T.);
#1329=EDGE_CURVE('',#1040,#1051,#585,.T.);
#1330=ORIENTED_EDGE('',*,*,#1052,.F.);
#1331=ORIENTED_EDGE('',*,*,#1053,.F.);
#1332=ORIENTED_EDGE('',*,*,#1054,.T.);
#1333=ORIENTED_EDGE('',*,*,#1055,.F.);
#1334=ORIENTED_EDGE('',*,*,#1056,.F.);
#1335=ORIENTED_EDGE('',*,*,#1054,.F.);
#1336=ORIENTED_EDGE('',*,*,#1055,.T.);
#1337=ORIENTED_EDGE('',*,*,#1056,.T.);
#1338=ORIENTED_EDGE('',*,*,#1057,.F.);
#1339=ORIENTED_EDGE('',*,*,#1058,.F.);
#1340=ORIENTED_EDGE('',*,*,#1059,.T.);
#1341=ORIENTED_EDGE('',*,*,#1060,.F.);
#1342=ORIENTED_EDGE('',*,*,#1061,.F.);
#1343=ORIENTED_EDGE('',*,*,#1059,.F.);
#1344=ORIENTED_EDGE('',*,*,#1060,.T.);
#1345=ORIENTED_EDGE('',*,*,#1061,.T.);
#1346=ORIENTED_EDGE('',*,*,#1062,.F.);
#1347=ORIENTED_EDGE('',*,*,#1063,.F.);
#1348=ORIENTED_EDGE('',*,*,#1064,.T.);
#1349=ORIENTED_EDGE('',*,*,#1065,.F.);
#1350=ORIENTED_EDGE('',*,*,#1066,.F.);
#1351=ORIENTED_EDGE('',*,*,#1064,.F.);
#1352=ORIENTED_EDGE('',*,*,#1065,.T.);
#1353=ORIENTED_EDGE('',*,*,#1066,.T.);
#1354=ORIENTED_EDGE('',*,*,#1067,.F.);
#1355=ORIENTED_EDGE('',*,*,#1068,.F.);
#1356=ORIENTED_EDGE('',*,*,#1069,.T.);
#1357=ORIENTED_EDGE('',*,*,#1070,.F.);
#1358=ORIENTED_EDGE('',*,*,#1071,.F.);
#1359=ORIENTED_EDGE('',*,*,#1069,.F.);
#1360=ORIENTED_EDGE('',*,*,#1070,.T.);
#1361=ORIENTED_EDGE('',*,*,#1071,.T.);
#1362=ORIENTED_EDGE('',*,*,#1072,.F.);
#1363=ORIENTED_EDGE('',*,*,#1073,.F.);
#1364=ORIENTED_EDGE('',*,*,#1074,.F.);
#1365=ORIENTED_EDGE('',*,*,#1075,.T.);
#1366=ORIENTED_EDGE('',*,*,#1076,.F.);
#1367=ORIENTED_EDGE('',*,*,#1075,.F.);
#1368=ORIENTED_EDGE('',*,*,#1077,.F.);
#1369=ORIENTED_EDGE('',*,*,#1078,.T.);
#1370=ORIENTED_EDGE('',*,*,#1079,.F.);
#1371=ORIENTED_EDGE('',*,*,#1078,.F.);
#1372=ORIENTED_EDGE('',*,*,#1080,.F.);
#1373=ORIENTED_EDGE('',*,*,#1081,.T.);
#1374=ORIENTED_EDGE('',*,*,#1082,.F.);
#1375=ORIENTED_EDGE('',*,*,#1081,.F.);
#1376=ORIENTED_EDGE('',*,*,#1083,.F.);
#1377=ORIENTED_EDGE('',*,*,#1073,.T.);
#1378=ORIENTED_EDGE('',*,*,#1084,.F.);
#1379=ORIENTED_EDGE('',*,*,#1085,.T.);
#1380=ORIENTED_EDGE('',*,*,#1086,.T.);
#1381=ORIENTED_EDGE('',*,*,#1087,.T.);
#1382=ORIENTED_EDGE('',*,*,#1088,.T.);
#1383=ORIENTED_EDGE('',*,*,#1089,.T.);
#1384=ORIENTED_EDGE('',*,*,#1090,.T.);
#1385=ORIENTED_EDGE('',*,*,#1091,.T.);
#1386=ORIENTED_EDGE('',*,*,#1092,.T.);
#1387=ORIENTED_EDGE('',*,*,#1093,.T.);
#1388=ORIENTED_EDGE('',*,*,#1094,.T.);
#1389=ORIENTED_EDGE('',*,*,#1095,.T.);
#1390=ORIENTED_EDGE('',*,*,#1096,.F.);
#1391=ORIENTED_EDGE('',*,*,#1097,.T.);
#1392=ORIENTED_EDGE('',*,*,#1098,.F.);
#1393=ORIENTED_EDGE('',*,*,#1099,.T.);
#1394=ORIENTED_EDGE('',*,*,#1100,.F.);
#1395=ORIENTED_EDGE('',*,*,#1101,.T.);
#1396=ORIENTED_EDGE('',*,*,#1102,.F.);
#1397=ORIENTED_EDGE('',*,*,#1103,.T.);
#1398=ORIENTED_EDGE('',*,*,#1104,.F.);
#1399=ORIENTED_EDGE('',*,*,#1105,.T.);
#1400=ORIENTED_EDGE('',*,*,#1106,.F.);
#1401=ORIENTED_EDGE('',*,*,#1107,.T.);
#1402=ORIENTED_EDGE('',*,*,#1108,.F.);
#1403=ORIENTED_EDGE('',*,*,#1095,.F.);
#1404=ORIENTED_EDGE('',*,*,#1109,.F.);
#1405=ORIENTED_EDGE('',*,*,#1110,.F.);
#1406=ORIENTED_EDGE('',*,*,#1111,.F.);
#1407=ORIENTED_EDGE('',*,*,#1112,.T.);
#1408=ORIENTED_EDGE('',*,*,#1088,.F.);
#1409=ORIENTED_EDGE('',*,*,#1113,.F.);
#1410=ORIENTED_EDGE('',*,*,#1114,.F.);
#1411=ORIENTED_EDGE('',*,*,#1113,.T.);
#1412=ORIENTED_EDGE('',*,*,#1087,.F.);
#1413=ORIENTED_EDGE('',*,*,#1115,.F.);
#1414=ORIENTED_EDGE('',*,*,#1116,.F.);
#1415=ORIENTED_EDGE('',*,*,#1115,.T.);
#1416=ORIENTED_EDGE('',*,*,#1086,.F.);
#1417=ORIENTED_EDGE('',*,*,#1117,.F.);
#1418=ORIENTED_EDGE('',*,*,#1118,.F.);
#1419=ORIENTED_EDGE('',*,*,#1119,.T.);
#1420=ORIENTED_EDGE('',*,*,#1120,.F.);
#1421=ORIENTED_EDGE('',*,*,#1121,.F.);
#1422=ORIENTED_EDGE('',*,*,#1122,.F.);
#1423=ORIENTED_EDGE('',*,*,#1121,.T.);
#1424=ORIENTED_EDGE('',*,*,#1123,.F.);
#1425=ORIENTED_EDGE('',*,*,#1124,.F.);
#1426=ORIENTED_EDGE('',*,*,#1125,.F.);
#1427=ORIENTED_EDGE('',*,*,#1124,.T.);
#1428=ORIENTED_EDGE('',*,*,#1126,.F.);
#1429=ORIENTED_EDGE('',*,*,#1127,.F.);
#1430=ORIENTED_EDGE('',*,*,#1128,.F.);
#1431=ORIENTED_EDGE('',*,*,#1127,.T.);
#1432=ORIENTED_EDGE('',*,*,#1129,.F.);
#1433=ORIENTED_EDGE('',*,*,#1130,.F.);
#1434=ORIENTED_EDGE('',*,*,#1131,.F.);
#1435=ORIENTED_EDGE('',*,*,#1130,.T.);
#1436=ORIENTED_EDGE('',*,*,#1132,.F.);
#1437=ORIENTED_EDGE('',*,*,#1133,.F.);
#1438=ORIENTED_EDGE('',*,*,#1134,.F.);
#1439=ORIENTED_EDGE('',*,*,#1133,.T.);
#1440=ORIENTED_EDGE('',*,*,#1135,.F.);
#1441=ORIENTED_EDGE('',*,*,#1136,.F.);
#1442=ORIENTED_EDGE('',*,*,#1137,.F.);
#1443=ORIENTED_EDGE('',*,*,#1136,.T.);
#1444=ORIENTED_EDGE('',*,*,#1138,.F.);
#1445=ORIENTED_EDGE('',*,*,#1139,.F.);
#1446=ORIENTED_EDGE('',*,*,#1140,.F.);
#1447=ORIENTED_EDGE('',*,*,#1139,.T.);
#1448=ORIENTED_EDGE('',*,*,#1141,.F.);
#1449=ORIENTED_EDGE('',*,*,#1142,.F.);
#1450=ORIENTED_EDGE('',*,*,#1143,.F.);
#1451=ORIENTED_EDGE('',*,*,#1142,.T.);
#1452=ORIENTED_EDGE('',*,*,#1144,.F.);
#1453=ORIENTED_EDGE('',*,*,#1145,.F.);
#1454=ORIENTED_EDGE('',*,*,#1146,.F.);
#1455=ORIENTED_EDGE('',*,*,#1147,.F.);
#1456=ORIENTED_EDGE('',*,*,#1145,.T.);
#1457=ORIENTED_EDGE('',*,*,#1148,.F.);
#1458=ORIENTED_EDGE('',*,*,#1149,.F.);
#1459=ORIENTED_EDGE('',*,*,#1107,.F.);
#1460=ORIENTED_EDGE('',*,*,#1150,.F.);
#1461=ORIENTED_EDGE('',*,*,#1151,.F.);
#1462=ORIENTED_EDGE('',*,*,#1152,.F.);
#1463=ORIENTED_EDGE('',*,*,#1103,.F.);
#1464=ORIENTED_EDGE('',*,*,#1153,.F.);
#1465=ORIENTED_EDGE('',*,*,#1154,.F.);
#1466=ORIENTED_EDGE('',*,*,#1155,.F.);
#1467=ORIENTED_EDGE('',*,*,#1099,.F.);
#1468=ORIENTED_EDGE('',*,*,#1156,.F.);
#1469=ORIENTED_EDGE('',*,*,#1157,.F.);
#1470=ORIENTED_EDGE('',*,*,#1158,.F.);
#1471=ORIENTED_EDGE('',*,*,#1109,.T.);
#1472=ORIENTED_EDGE('',*,*,#1094,.F.);
#1473=ORIENTED_EDGE('',*,*,#1159,.F.);
#1474=ORIENTED_EDGE('',*,*,#1160,.F.);
#1475=ORIENTED_EDGE('',*,*,#1159,.T.);
#1476=ORIENTED_EDGE('',*,*,#1093,.F.);
#1477=ORIENTED_EDGE('',*,*,#1161,.F.);
#1478=ORIENTED_EDGE('',*,*,#1162,.F.);
#1479=ORIENTED_EDGE('',*,*,#1161,.T.);
#1480=ORIENTED_EDGE('',*,*,#1092,.F.);
#1481=ORIENTED_EDGE('',*,*,#1163,.F.);
#1482=ORIENTED_EDGE('',*,*,#1164,.F.);
#1483=ORIENTED_EDGE('',*,*,#1163,.T.);
#1484=ORIENTED_EDGE('',*,*,#1091,.F.);
#1485=ORIENTED_EDGE('',*,*,#1165,.F.);
#1486=ORIENTED_EDGE('',*,*,#1166,.F.);
#1487=ORIENTED_EDGE('',*,*,#1165,.T.);
#1488=ORIENTED_EDGE('',*,*,#1090,.F.);
#1489=ORIENTED_EDGE('',*,*,#1167,.F.);
#1490=ORIENTED_EDGE('',*,*,#1168,.F.);
#1491=ORIENTED_EDGE('',*,*,#1167,.T.);
#1492=ORIENTED_EDGE('',*,*,#1089,.F.);
#1493=ORIENTED_EDGE('',*,*,#1112,.F.);
#1494=ORIENTED_EDGE('',*,*,#1169,.F.);
#1495=ORIENTED_EDGE('',*,*,#1148,.T.);
#1496=ORIENTED_EDGE('',*,*,#1144,.T.);
#1497=ORIENTED_EDGE('',*,*,#1141,.T.);
#1498=ORIENTED_EDGE('',*,*,#1138,.T.);
#1499=ORIENTED_EDGE('',*,*,#1135,.T.);
#1500=ORIENTED_EDGE('',*,*,#1132,.T.);
#1501=ORIENTED_EDGE('',*,*,#1129,.T.);
#1502=ORIENTED_EDGE('',*,*,#1126,.T.);
#1503=ORIENTED_EDGE('',*,*,#1123,.T.);
#1504=ORIENTED_EDGE('',*,*,#1120,.T.);
#1505=ORIENTED_EDGE('',*,*,#1170,.T.);
#1506=ORIENTED_EDGE('',*,*,#1171,.T.);
#1507=ORIENTED_EDGE('',*,*,#1172,.F.);
#1508=ORIENTED_EDGE('',*,*,#1173,.F.);
#1509=ORIENTED_EDGE('',*,*,#1170,.F.);
#1510=ORIENTED_EDGE('',*,*,#1119,.F.);
#1511=ORIENTED_EDGE('',*,*,#1174,.F.);
#1512=ORIENTED_EDGE('',*,*,#1175,.T.);
#1513=ORIENTED_EDGE('',*,*,#1176,.F.);
#1514=ORIENTED_EDGE('',*,*,#1171,.F.);
#1515=ORIENTED_EDGE('',*,*,#1177,.F.);
#1516=ORIENTED_EDGE('',*,*,#1178,.T.);
#1517=ORIENTED_EDGE('',*,*,#1179,.F.);
#1518=ORIENTED_EDGE('',*,*,#1180,.F.);
#1519=ORIENTED_EDGE('',*,*,#1105,.F.);
#1520=ORIENTED_EDGE('',*,*,#1146,.T.);
#1521=ORIENTED_EDGE('',*,*,#1169,.T.);
#1522=ORIENTED_EDGE('',*,*,#1173,.T.);
#1523=ORIENTED_EDGE('',*,*,#1181,.F.);
#1524=ORIENTED_EDGE('',*,*,#1175,.F.);
#1525=ORIENTED_EDGE('',*,*,#1104,.T.);
#1526=ORIENTED_EDGE('',*,*,#1149,.T.);
#1527=ORIENTED_EDGE('',*,*,#1182,.F.);
#1528=ORIENTED_EDGE('',*,*,#1183,.T.);
#1529=ORIENTED_EDGE('',*,*,#1184,.F.);
#1530=ORIENTED_EDGE('',*,*,#1178,.F.);
#1531=ORIENTED_EDGE('',*,*,#1185,.F.);
#1532=ORIENTED_EDGE('',*,*,#1186,.T.);
#1533=ORIENTED_EDGE('',*,*,#1187,.F.);
#1534=ORIENTED_EDGE('',*,*,#1188,.F.);
#1535=ORIENTED_EDGE('',*,*,#1101,.F.);
#1536=ORIENTED_EDGE('',*,*,#1150,.T.);
#1537=ORIENTED_EDGE('',*,*,#1106,.T.);
#1538=ORIENTED_EDGE('',*,*,#1180,.T.);
#1539=ORIENTED_EDGE('',*,*,#1189,.F.);
#1540=ORIENTED_EDGE('',*,*,#1183,.F.);
#1541=ORIENTED_EDGE('',*,*,#1100,.T.);
#1542=ORIENTED_EDGE('',*,*,#1152,.T.);
#1543=ORIENTED_EDGE('',*,*,#1190,.F.);
#1544=ORIENTED_EDGE('',*,*,#1191,.T.);
#1545=ORIENTED_EDGE('',*,*,#1192,.F.);
#1546=ORIENTED_EDGE('',*,*,#1186,.F.);
#1547=ORIENTED_EDGE('',*,*,#1193,.F.);
#1548=ORIENTED_EDGE('',*,*,#1194,.T.);
#1549=ORIENTED_EDGE('',*,*,#1195,.F.);
#1550=ORIENTED_EDGE('',*,*,#1196,.F.);
#1551=ORIENTED_EDGE('',*,*,#1097,.F.);
#1552=ORIENTED_EDGE('',*,*,#1153,.T.);
#1553=ORIENTED_EDGE('',*,*,#1102,.T.);
#1554=ORIENTED_EDGE('',*,*,#1188,.T.);
#1555=ORIENTED_EDGE('',*,*,#1197,.F.);
#1556=ORIENTED_EDGE('',*,*,#1191,.F.);
#1557=ORIENTED_EDGE('',*,*,#1096,.T.);
#1558=ORIENTED_EDGE('',*,*,#1155,.T.);
#1559=ORIENTED_EDGE('',*,*,#1198,.F.);
#1560=ORIENTED_EDGE('',*,*,#1199,.T.);
#1561=ORIENTED_EDGE('',*,*,#1200,.F.);
#1562=ORIENTED_EDGE('',*,*,#1194,.F.);
#1563=ORIENTED_EDGE('',*,*,#1201,.F.);
#1564=ORIENTED_EDGE('',*,*,#1117,.T.);
#1565=ORIENTED_EDGE('',*,*,#1085,.F.);
#1566=ORIENTED_EDGE('',*,*,#1156,.T.);
#1567=ORIENTED_EDGE('',*,*,#1098,.T.);
#1568=ORIENTED_EDGE('',*,*,#1196,.T.);
#1569=ORIENTED_EDGE('',*,*,#1202,.F.);
#1570=ORIENTED_EDGE('',*,*,#1199,.F.);
#1571=ORIENTED_EDGE('',*,*,#1084,.T.);
#1572=ORIENTED_EDGE('',*,*,#1108,.T.);
#1573=ORIENTED_EDGE('',*,*,#1203,.F.);
#1574=ORIENTED_EDGE('',*,*,#1195,.T.);
#1575=ORIENTED_EDGE('',*,*,#1200,.T.);
#1576=ORIENTED_EDGE('',*,*,#1202,.T.);
#1577=ORIENTED_EDGE('',*,*,#1062,.T.);
#1578=ORIENTED_EDGE('',*,*,#1063,.T.);
#1579=ORIENTED_EDGE('',*,*,#1181,.T.);
#1580=ORIENTED_EDGE('',*,*,#1172,.T.);
#1581=ORIENTED_EDGE('',*,*,#1176,.T.);
#1582=ORIENTED_EDGE('',*,*,#1057,.T.);
#1583=ORIENTED_EDGE('',*,*,#1058,.T.);
#1584=ORIENTED_EDGE('',*,*,#1187,.T.);
#1585=ORIENTED_EDGE('',*,*,#1192,.T.);
#1586=ORIENTED_EDGE('',*,*,#1197,.T.);
#1587=ORIENTED_EDGE('',*,*,#1052,.T.);
#1588=ORIENTED_EDGE('',*,*,#1053,.T.);
#1589=ORIENTED_EDGE('',*,*,#1179,.T.);
#1590=ORIENTED_EDGE('',*,*,#1184,.T.);
#1591=ORIENTED_EDGE('',*,*,#1189,.T.);
#1592=ORIENTED_EDGE('',*,*,#1067,.T.);
#1593=ORIENTED_EDGE('',*,*,#1068,.T.);
#1594=ORIENTED_EDGE('',*,*,#1204,.F.);
#1595=ORIENTED_EDGE('',*,*,#1205,.T.);
#1596=ORIENTED_EDGE('',*,*,#1206,.F.);
#1597=ORIENTED_EDGE('',*,*,#1207,.F.);
#1598=ORIENTED_EDGE('',*,*,#1208,.F.);
#1599=ORIENTED_EDGE('',*,*,#1207,.T.);
#1600=ORIENTED_EDGE('',*,*,#1209,.F.);
#1601=ORIENTED_EDGE('',*,*,#1210,.F.);
#1602=ORIENTED_EDGE('',*,*,#1211,.F.);
#1603=ORIENTED_EDGE('',*,*,#1210,.T.);
#1604=ORIENTED_EDGE('',*,*,#1212,.F.);
#1605=ORIENTED_EDGE('',*,*,#1213,.F.);
#1606=ORIENTED_EDGE('',*,*,#1214,.F.);
#1607=ORIENTED_EDGE('',*,*,#1213,.T.);
#1608=ORIENTED_EDGE('',*,*,#1215,.F.);
#1609=ORIENTED_EDGE('',*,*,#1216,.F.);
#1610=ORIENTED_EDGE('',*,*,#1217,.F.);
#1611=ORIENTED_EDGE('',*,*,#1216,.T.);
#1612=ORIENTED_EDGE('',*,*,#1218,.F.);
#1613=ORIENTED_EDGE('',*,*,#1219,.F.);
#1614=ORIENTED_EDGE('',*,*,#1220,.F.);
#1615=ORIENTED_EDGE('',*,*,#1219,.T.);
#1616=ORIENTED_EDGE('',*,*,#1221,.F.);
#1617=ORIENTED_EDGE('',*,*,#1205,.F.);
#1618=ORIENTED_EDGE('',*,*,#1221,.T.);
#1619=ORIENTED_EDGE('',*,*,#1218,.T.);
#1620=ORIENTED_EDGE('',*,*,#1215,.T.);
#1621=ORIENTED_EDGE('',*,*,#1212,.T.);
#1622=ORIENTED_EDGE('',*,*,#1209,.T.);
#1623=ORIENTED_EDGE('',*,*,#1206,.T.);
#1624=ORIENTED_EDGE('',*,*,#1222,.F.);
#1625=ORIENTED_EDGE('',*,*,#1223,.T.);
#1626=ORIENTED_EDGE('',*,*,#1224,.F.);
#1627=ORIENTED_EDGE('',*,*,#1225,.F.);
#1628=ORIENTED_EDGE('',*,*,#1226,.F.);
#1629=ORIENTED_EDGE('',*,*,#1225,.T.);
#1630=ORIENTED_EDGE('',*,*,#1227,.F.);
#1631=ORIENTED_EDGE('',*,*,#1228,.F.);
#1632=ORIENTED_EDGE('',*,*,#1229,.F.);
#1633=ORIENTED_EDGE('',*,*,#1228,.T.);
#1634=ORIENTED_EDGE('',*,*,#1230,.F.);
#1635=ORIENTED_EDGE('',*,*,#1231,.F.);
#1636=ORIENTED_EDGE('',*,*,#1232,.F.);
#1637=ORIENTED_EDGE('',*,*,#1231,.T.);
#1638=ORIENTED_EDGE('',*,*,#1233,.F.);
#1639=ORIENTED_EDGE('',*,*,#1223,.F.);
#1640=ORIENTED_EDGE('',*,*,#1233,.T.);
#1641=ORIENTED_EDGE('',*,*,#1230,.T.);
#1642=ORIENTED_EDGE('',*,*,#1227,.T.);
#1643=ORIENTED_EDGE('',*,*,#1224,.T.);
#1644=ORIENTED_EDGE('',*,*,#1234,.F.);
#1645=ORIENTED_EDGE('',*,*,#1235,.T.);
#1646=ORIENTED_EDGE('',*,*,#1236,.F.);
#1647=ORIENTED_EDGE('',*,*,#1237,.F.);
#1648=ORIENTED_EDGE('',*,*,#1238,.F.);
#1649=ORIENTED_EDGE('',*,*,#1237,.T.);
#1650=ORIENTED_EDGE('',*,*,#1239,.F.);
#1651=ORIENTED_EDGE('',*,*,#1240,.F.);
#1652=ORIENTED_EDGE('',*,*,#1241,.F.);
#1653=ORIENTED_EDGE('',*,*,#1240,.T.);
#1654=ORIENTED_EDGE('',*,*,#1242,.F.);
#1655=ORIENTED_EDGE('',*,*,#1243,.F.);
#1656=ORIENTED_EDGE('',*,*,#1244,.F.);
#1657=ORIENTED_EDGE('',*,*,#1243,.T.);
#1658=ORIENTED_EDGE('',*,*,#1245,.F.);
#1659=ORIENTED_EDGE('',*,*,#1246,.F.);
#1660=ORIENTED_EDGE('',*,*,#1247,.F.);
#1661=ORIENTED_EDGE('',*,*,#1246,.T.);
#1662=ORIENTED_EDGE('',*,*,#1248,.F.);
#1663=ORIENTED_EDGE('',*,*,#1249,.F.);
#1664=ORIENTED_EDGE('',*,*,#1250,.F.);
#1665=ORIENTED_EDGE('',*,*,#1249,.T.);
#1666=ORIENTED_EDGE('',*,*,#1251,.F.);
#1667=ORIENTED_EDGE('',*,*,#1235,.F.);
#1668=ORIENTED_EDGE('',*,*,#1251,.T.);
#1669=ORIENTED_EDGE('',*,*,#1248,.T.);
#1670=ORIENTED_EDGE('',*,*,#1245,.T.);
#1671=ORIENTED_EDGE('',*,*,#1242,.T.);
#1672=ORIENTED_EDGE('',*,*,#1239,.T.);
#1673=ORIENTED_EDGE('',*,*,#1236,.T.);
#1674=ORIENTED_EDGE('',*,*,#1252,.F.);
#1675=ORIENTED_EDGE('',*,*,#1253,.T.);
#1676=ORIENTED_EDGE('',*,*,#1254,.F.);
#1677=ORIENTED_EDGE('',*,*,#1255,.F.);
#1678=ORIENTED_EDGE('',*,*,#1256,.F.);
#1679=ORIENTED_EDGE('',*,*,#1255,.T.);
#1680=ORIENTED_EDGE('',*,*,#1257,.F.);
#1681=ORIENTED_EDGE('',*,*,#1258,.F.);
#1682=ORIENTED_EDGE('',*,*,#1259,.F.);
#1683=ORIENTED_EDGE('',*,*,#1258,.T.);
#1684=ORIENTED_EDGE('',*,*,#1260,.F.);
#1685=ORIENTED_EDGE('',*,*,#1261,.F.);
#1686=ORIENTED_EDGE('',*,*,#1262,.F.);
#1687=ORIENTED_EDGE('',*,*,#1261,.T.);
#1688=ORIENTED_EDGE('',*,*,#1263,.F.);
#1689=ORIENTED_EDGE('',*,*,#1264,.F.);
#1690=ORIENTED_EDGE('',*,*,#1265,.F.);
#1691=ORIENTED_EDGE('',*,*,#1264,.T.);
#1692=ORIENTED_EDGE('',*,*,#1266,.F.);
#1693=ORIENTED_EDGE('',*,*,#1267,.F.);
#1694=ORIENTED_EDGE('',*,*,#1268,.F.);
#1695=ORIENTED_EDGE('',*,*,#1267,.T.);
#1696=ORIENTED_EDGE('',*,*,#1269,.F.);
#1697=ORIENTED_EDGE('',*,*,#1253,.F.);
#1698=ORIENTED_EDGE('',*,*,#1269,.T.);
#1699=ORIENTED_EDGE('',*,*,#1266,.T.);
#1700=ORIENTED_EDGE('',*,*,#1263,.T.);
#1701=ORIENTED_EDGE('',*,*,#1260,.T.);
#1702=ORIENTED_EDGE('',*,*,#1257,.T.);
#1703=ORIENTED_EDGE('',*,*,#1254,.T.);
#1704=ORIENTED_EDGE('',*,*,#1270,.F.);
#1705=ORIENTED_EDGE('',*,*,#1271,.T.);
#1706=ORIENTED_EDGE('',*,*,#1272,.F.);
#1707=ORIENTED_EDGE('',*,*,#1273,.F.);
#1708=ORIENTED_EDGE('',*,*,#1274,.F.);
#1709=ORIENTED_EDGE('',*,*,#1273,.T.);
#1710=ORIENTED_EDGE('',*,*,#1275,.F.);
#1711=ORIENTED_EDGE('',*,*,#1276,.F.);
#1712=ORIENTED_EDGE('',*,*,#1277,.F.);
#1713=ORIENTED_EDGE('',*,*,#1276,.T.);
#1714=ORIENTED_EDGE('',*,*,#1278,.F.);
#1715=ORIENTED_EDGE('',*,*,#1279,.F.);
#1716=ORIENTED_EDGE('',*,*,#1280,.F.);
#1717=ORIENTED_EDGE('',*,*,#1279,.T.);
#1718=ORIENTED_EDGE('',*,*,#1281,.F.);
#1719=ORIENTED_EDGE('',*,*,#1271,.F.);
#1720=ORIENTED_EDGE('',*,*,#1281,.T.);
#1721=ORIENTED_EDGE('',*,*,#1278,.T.);
#1722=ORIENTED_EDGE('',*,*,#1275,.T.);
#1723=ORIENTED_EDGE('',*,*,#1272,.T.);
#1724=ORIENTED_EDGE('',*,*,#1282,.F.);
#1725=ORIENTED_EDGE('',*,*,#1283,.T.);
#1726=ORIENTED_EDGE('',*,*,#1284,.T.);
#1727=ORIENTED_EDGE('',*,*,#1285,.T.);
#1728=ORIENTED_EDGE('',*,*,#1286,.T.);
#1729=ORIENTED_EDGE('',*,*,#1287,.T.);
#1730=ORIENTED_EDGE('',*,*,#1288,.F.);
#1731=ORIENTED_EDGE('',*,*,#1285,.F.);
#1732=ORIENTED_EDGE('',*,*,#1289,.F.);
#1733=ORIENTED_EDGE('',*,*,#1287,.F.);
#1734=ORIENTED_EDGE('',*,*,#1290,.T.);
#1735=ORIENTED_EDGE('',*,*,#1291,.T.);
#1736=ORIENTED_EDGE('',*,*,#1292,.F.);
#1737=ORIENTED_EDGE('',*,*,#1291,.F.);
#1738=ORIENTED_EDGE('',*,*,#1293,.T.);
#1739=ORIENTED_EDGE('',*,*,#1283,.F.);
#1740=ORIENTED_EDGE('',*,*,#1294,.F.);
#1741=ORIENTED_EDGE('',*,*,#1295,.F.);
#1742=ORIENTED_EDGE('',*,*,#1296,.F.);
#1743=ORIENTED_EDGE('',*,*,#1297,.F.);
#1744=ORIENTED_EDGE('',*,*,#1298,.F.);
#1745=ORIENTED_EDGE('',*,*,#1299,.F.);
#1746=ORIENTED_EDGE('',*,*,#1300,.F.);
#1747=ORIENTED_EDGE('',*,*,#1301,.F.);
#1748=ORIENTED_EDGE('',*,*,#1302,.F.);
#1749=ORIENTED_EDGE('',*,*,#1303,.F.);
#1750=ORIENTED_EDGE('',*,*,#1304,.F.);
#1751=ORIENTED_EDGE('',*,*,#1305,.F.);
#1752=ORIENTED_EDGE('',*,*,#1074,.T.);
#1753=ORIENTED_EDGE('',*,*,#1083,.T.);
#1754=ORIENTED_EDGE('',*,*,#1080,.T.);
#1755=ORIENTED_EDGE('',*,*,#1077,.T.);
#1756=ORIENTED_EDGE('',*,*,#1284,.F.);
#1757=ORIENTED_EDGE('',*,*,#1293,.F.);
#1758=ORIENTED_EDGE('',*,*,#1290,.F.);
#1759=ORIENTED_EDGE('',*,*,#1286,.F.);
#1760=ORIENTED_EDGE('',*,*,#1295,.T.);
#1761=ORIENTED_EDGE('',*,*,#1306,.T.);
#1762=ORIENTED_EDGE('',*,*,#1307,.F.);
#1763=ORIENTED_EDGE('',*,*,#1308,.F.);
#1764=ORIENTED_EDGE('',*,*,#1296,.T.);
#1765=ORIENTED_EDGE('',*,*,#1308,.T.);
#1766=ORIENTED_EDGE('',*,*,#1309,.F.);
#1767=ORIENTED_EDGE('',*,*,#1310,.F.);
#1768=ORIENTED_EDGE('',*,*,#1297,.T.);
#1769=ORIENTED_EDGE('',*,*,#1310,.T.);
#1770=ORIENTED_EDGE('',*,*,#1311,.F.);
#1771=ORIENTED_EDGE('',*,*,#1312,.F.);
#1772=ORIENTED_EDGE('',*,*,#1298,.T.);
#1773=ORIENTED_EDGE('',*,*,#1312,.T.);
#1774=ORIENTED_EDGE('',*,*,#1313,.F.);
#1775=ORIENTED_EDGE('',*,*,#1314,.F.);
#1776=ORIENTED_EDGE('',*,*,#1299,.T.);
#1777=ORIENTED_EDGE('',*,*,#1314,.T.);
#1778=ORIENTED_EDGE('',*,*,#1315,.F.);
#1779=ORIENTED_EDGE('',*,*,#1316,.F.);
#1780=ORIENTED_EDGE('',*,*,#1300,.T.);
#1781=ORIENTED_EDGE('',*,*,#1316,.T.);
#1782=ORIENTED_EDGE('',*,*,#1317,.F.);
#1783=ORIENTED_EDGE('',*,*,#1318,.F.);
#1784=ORIENTED_EDGE('',*,*,#1301,.T.);
#1785=ORIENTED_EDGE('',*,*,#1318,.T.);
#1786=ORIENTED_EDGE('',*,*,#1319,.F.);
#1787=ORIENTED_EDGE('',*,*,#1320,.F.);
#1788=ORIENTED_EDGE('',*,*,#1302,.T.);
#1789=ORIENTED_EDGE('',*,*,#1320,.T.);
#1790=ORIENTED_EDGE('',*,*,#1321,.F.);
#1791=ORIENTED_EDGE('',*,*,#1322,.F.);
#1792=ORIENTED_EDGE('',*,*,#1303,.T.);
#1793=ORIENTED_EDGE('',*,*,#1322,.T.);
#1794=ORIENTED_EDGE('',*,*,#1323,.F.);
#1795=ORIENTED_EDGE('',*,*,#1324,.F.);
#1796=ORIENTED_EDGE('',*,*,#1304,.T.);
#1797=ORIENTED_EDGE('',*,*,#1324,.T.);
#1798=ORIENTED_EDGE('',*,*,#1325,.F.);
#1799=ORIENTED_EDGE('',*,*,#1326,.F.);
#1800=ORIENTED_EDGE('',*,*,#1305,.T.);
#1801=ORIENTED_EDGE('',*,*,#1326,.T.);
#1802=ORIENTED_EDGE('',*,*,#1327,.F.);
#1803=ORIENTED_EDGE('',*,*,#1328,.F.);
#1804=ORIENTED_EDGE('',*,*,#1294,.T.);
#1805=ORIENTED_EDGE('',*,*,#1328,.T.);
#1806=ORIENTED_EDGE('',*,*,#1329,.F.);
#1807=ORIENTED_EDGE('',*,*,#1306,.F.);
#1808=ORIENTED_EDGE('',*,*,#1329,.T.);
#1809=ORIENTED_EDGE('',*,*,#1327,.T.);
#1810=ORIENTED_EDGE('',*,*,#1325,.T.);
#1811=ORIENTED_EDGE('',*,*,#1323,.T.);
#1812=ORIENTED_EDGE('',*,*,#1321,.T.);
#1813=ORIENTED_EDGE('',*,*,#1319,.T.);
#1814=ORIENTED_EDGE('',*,*,#1317,.T.);
#1815=ORIENTED_EDGE('',*,*,#1315,.T.);
#1816=ORIENTED_EDGE('',*,*,#1313,.T.);
#1817=ORIENTED_EDGE('',*,*,#1311,.T.);
#1818=ORIENTED_EDGE('',*,*,#1309,.T.);
#1819=ORIENTED_EDGE('',*,*,#1307,.T.);
#1820=ORIENTED_EDGE('',*,*,#1072,.T.);
#1821=ORIENTED_EDGE('',*,*,#1076,.T.);
#1822=ORIENTED_EDGE('',*,*,#1079,.T.);
#1823=ORIENTED_EDGE('',*,*,#1082,.T.);
#1824=ORIENTED_EDGE('',*,*,#1147,.T.);
#1825=ORIENTED_EDGE('',*,*,#1182,.T.);
#1826=ORIENTED_EDGE('',*,*,#1151,.T.);
#1827=ORIENTED_EDGE('',*,*,#1190,.T.);
#1828=ORIENTED_EDGE('',*,*,#1154,.T.);
#1829=ORIENTED_EDGE('',*,*,#1198,.T.);
#1830=ORIENTED_EDGE('',*,*,#1157,.T.);
#1831=ORIENTED_EDGE('',*,*,#1203,.T.);
#1832=ORIENTED_EDGE('',*,*,#1110,.T.);
#1833=ORIENTED_EDGE('',*,*,#1158,.T.);
#1834=ORIENTED_EDGE('',*,*,#1160,.T.);
#1835=ORIENTED_EDGE('',*,*,#1162,.T.);
#1836=ORIENTED_EDGE('',*,*,#1164,.T.);
#1837=ORIENTED_EDGE('',*,*,#1166,.T.);
#1838=ORIENTED_EDGE('',*,*,#1168,.T.);
#1839=ORIENTED_EDGE('',*,*,#1111,.T.);
#1840=ORIENTED_EDGE('',*,*,#1114,.T.);
#1841=ORIENTED_EDGE('',*,*,#1116,.T.);
#1842=ORIENTED_EDGE('',*,*,#1201,.T.);
#1843=ORIENTED_EDGE('',*,*,#1193,.T.);
#1844=ORIENTED_EDGE('',*,*,#1185,.T.);
#1845=ORIENTED_EDGE('',*,*,#1177,.T.);
#1846=ORIENTED_EDGE('',*,*,#1174,.T.);
#1847=ORIENTED_EDGE('',*,*,#1118,.T.);
#1848=ORIENTED_EDGE('',*,*,#1122,.T.);
#1849=ORIENTED_EDGE('',*,*,#1125,.T.);
#1850=ORIENTED_EDGE('',*,*,#1128,.T.);
#1851=ORIENTED_EDGE('',*,*,#1131,.T.);
#1852=ORIENTED_EDGE('',*,*,#1134,.T.);
#1853=ORIENTED_EDGE('',*,*,#1137,.T.);
#1854=ORIENTED_EDGE('',*,*,#1140,.T.);
#1855=ORIENTED_EDGE('',*,*,#1143,.T.);
#1856=ORIENTED_EDGE('',*,*,#1204,.T.);
#1857=ORIENTED_EDGE('',*,*,#1208,.T.);
#1858=ORIENTED_EDGE('',*,*,#1211,.T.);
#1859=ORIENTED_EDGE('',*,*,#1214,.T.);
#1860=ORIENTED_EDGE('',*,*,#1217,.T.);
#1861=ORIENTED_EDGE('',*,*,#1220,.T.);
#1862=ORIENTED_EDGE('',*,*,#1222,.T.);
#1863=ORIENTED_EDGE('',*,*,#1226,.T.);
#1864=ORIENTED_EDGE('',*,*,#1229,.T.);
#1865=ORIENTED_EDGE('',*,*,#1232,.T.);
#1866=ORIENTED_EDGE('',*,*,#1234,.T.);
#1867=ORIENTED_EDGE('',*,*,#1238,.T.);
#1868=ORIENTED_EDGE('',*,*,#1241,.T.);
#1869=ORIENTED_EDGE('',*,*,#1244,.T.);
#1870=ORIENTED_EDGE('',*,*,#1247,.T.);
#1871=ORIENTED_EDGE('',*,*,#1250,.T.);
#1872=ORIENTED_EDGE('',*,*,#1252,.T.);
#1873=ORIENTED_EDGE('',*,*,#1256,.T.);
#1874=ORIENTED_EDGE('',*,*,#1259,.T.);
#1875=ORIENTED_EDGE('',*,*,#1262,.T.);
#1876=ORIENTED_EDGE('',*,*,#1265,.T.);
#1877=ORIENTED_EDGE('',*,*,#1268,.T.);
#1878=ORIENTED_EDGE('',*,*,#1270,.T.);
#1879=ORIENTED_EDGE('',*,*,#1274,.T.);
#1880=ORIENTED_EDGE('',*,*,#1277,.T.);
#1881=ORIENTED_EDGE('',*,*,#1280,.T.);
#1882=ORIENTED_EDGE('',*,*,#1282,.T.);
#1883=ORIENTED_EDGE('',*,*,#1288,.T.);
#1884=ORIENTED_EDGE('',*,*,#1289,.T.);
#1885=ORIENTED_EDGE('',*,*,#1292,.T.);
#1886=CYLINDRICAL_SURFACE('',#2119,1.7);
#1887=CYLINDRICAL_SURFACE('',#2125,1.7);
#1888=CYLINDRICAL_SURFACE('',#2131,1.7);
#1889=CYLINDRICAL_SURFACE('',#2137,1.7);
#1890=CYLINDRICAL_SURFACE('',#2185,9.);
#1891=CYLINDRICAL_SURFACE('',#2189,9.);
#1892=CYLINDRICAL_SURFACE('',#2193,9.);
#1893=CYLINDRICAL_SURFACE('',#2197,9.);
#1894=STYLED_ITEM('',(#3358),#1997);
#1895=STYLED_ITEM('',(#3358),#1998);
#1896=STYLED_ITEM('',(#3358),#1999);
#1897=STYLED_ITEM('',(#3358),#2000);
#1898=STYLED_ITEM('',(#3358),#2001);
#1899=STYLED_ITEM('',(#3358),#2002);
#1900=STYLED_ITEM('',(#3358),#2003);
#1901=STYLED_ITEM('',(#3358),#2004);
#1902=STYLED_ITEM('',(#3358),#2005);
#1903=STYLED_ITEM('',(#3358),#2006);
#1904=STYLED_ITEM('',(#3358),#2007);
#1905=STYLED_ITEM('',(#3358),#2008);
#1906=STYLED_ITEM('',(#3358),#2009);
#1907=STYLED_ITEM('',(#3358),#2010);
#1908=STYLED_ITEM('',(#3358),#2011);
#1909=STYLED_ITEM('',(#3358),#2012);
#1910=STYLED_ITEM('',(#3358),#2013);
#1911=STYLED_ITEM('',(#3358),#2014);
#1912=STYLED_ITEM('',(#3358),#2015);
#1913=STYLED_ITEM('',(#3358),#2016);
#1914=STYLED_ITEM('',(#3358),#2017);
#1915=STYLED_ITEM('',(#3358),#2018);
#1916=STYLED_ITEM('',(#3358),#2019);
#1917=STYLED_ITEM('',(#3358),#2020);
#1918=STYLED_ITEM('',(#3358),#2021);
#1919=STYLED_ITEM('',(#3358),#2022);
#1920=STYLED_ITEM('',(#3358),#2023);
#1921=STYLED_ITEM('',(#3358),#2024);
#1922=STYLED_ITEM('',(#3358),#2025);
#1923=STYLED_ITEM('',(#3358),#2026);
#1924=STYLED_ITEM('',(#3358),#2027);
#1925=STYLED_ITEM('',(#3358),#2028);
#1926=STYLED_ITEM('',(#3358),#2029);
#1927=STYLED_ITEM('',(#3358),#2030);
#1928=STYLED_ITEM('',(#3358),#2031);
#1929=STYLED_ITEM('',(#3358),#2032);
#1930=STYLED_ITEM('',(#3358),#2033);
#1931=STYLED_ITEM('',(#3358),#2034);
#1932=STYLED_ITEM('',(#3358),#2035);
#1933=STYLED_ITEM('',(#3358),#2036);
#1934=STYLED_ITEM('',(#3358),#2037);
#1935=STYLED_ITEM('',(#3358),#2038);
#1936=STYLED_ITEM('',(#3358),#2039);
#1937=STYLED_ITEM('',(#3358),#2040);
#1938=STYLED_ITEM('',(#3358),#2041);
#1939=STYLED_ITEM('',(#3358),#2042);
#1940=STYLED_ITEM('',(#3358),#2043);
#1941=STYLED_ITEM('',(#3358),#2044);
#1942=STYLED_ITEM('',(#3358),#2045);
#1943=STYLED_ITEM('',(#3358),#2046);
#1944=STYLED_ITEM('',(#3358),#2047);
#1945=STYLED_ITEM('',(#3358),#2048);
#1946=STYLED_ITEM('',(#3358),#2049);
#1947=STYLED_ITEM('',(#3358),#2050);
#1948=STYLED_ITEM('',(#3358),#2051);
#1949=STYLED_ITEM('',(#3358),#2052);
#1950=STYLED_ITEM('',(#3358),#2053);
#1951=STYLED_ITEM('',(#3358),#2054);
#1952=STYLED_ITEM('',(#3358),#2055);
#1953=STYLED_ITEM('',(#3358),#2056);
#1954=STYLED_ITEM('',(#3358),#2057);
#1955=STYLED_ITEM('',(#3358),#2058);
#1956=STYLED_ITEM('',(#3358),#2059);
#1957=STYLED_ITEM('',(#3358),#2060);
#1958=STYLED_ITEM('',(#3358),#2061);
#1959=STYLED_ITEM('',(#3358),#2062);
#1960=STYLED_ITEM('',(#3358),#2063);
#1961=STYLED_ITEM('',(#3358),#2064);
#1962=STYLED_ITEM('',(#3358),#2065);
#1963=STYLED_ITEM('',(#3358),#2066);
#1964=STYLED_ITEM('',(#3358),#2067);
#1965=STYLED_ITEM('',(#3358),#2068);
#1966=STYLED_ITEM('',(#3358),#2069);
#1967=STYLED_ITEM('',(#3358),#2070);
#1968=STYLED_ITEM('',(#3358),#2071);
#1969=STYLED_ITEM('',(#3358),#2072);
#1970=STYLED_ITEM('',(#3358),#2073);
#1971=STYLED_ITEM('',(#3358),#2074);
#1972=STYLED_ITEM('',(#3358),#2075);
#1973=STYLED_ITEM('',(#3358),#2076);
#1974=STYLED_ITEM('',(#3358),#2077);
#1975=STYLED_ITEM('',(#3358),#2078);
#1976=STYLED_ITEM('',(#3358),#2079);
#1977=STYLED_ITEM('',(#3358),#2080);
#1978=STYLED_ITEM('',(#3358),#2081);
#1979=STYLED_ITEM('',(#3358),#2082);
#1980=STYLED_ITEM('',(#3358),#2083);
#1981=STYLED_ITEM('',(#3358),#2084);
#1982=STYLED_ITEM('',(#3358),#2085);
#1983=STYLED_ITEM('',(#3358),#2086);
#1984=STYLED_ITEM('',(#3358),#2087);
#1985=STYLED_ITEM('',(#3358),#2088);
#1986=STYLED_ITEM('',(#3358),#2089);
#1987=STYLED_ITEM('',(#3358),#2090);
#1988=STYLED_ITEM('',(#3358),#2091);
#1989=STYLED_ITEM('',(#3358),#2092);
#1990=STYLED_ITEM('',(#3358),#2093);
#1991=STYLED_ITEM('',(#3358),#2094);
#1992=STYLED_ITEM('',(#3358),#2095);
#1993=STYLED_ITEM('',(#3358),#2096);
#1994=STYLED_ITEM('',(#3358),#2097);
#1995=STYLED_ITEM('',(#3358),#2098);
#1996=STYLED_ITEM('',(#3357),#13);
#1997=ADVANCED_FACE('',(#122),#1886,.F.);
#1998=ADVANCED_FACE('',(#123),#28,.T.);
#1999=ADVANCED_FACE('',(#124),#1887,.F.);
#2000=ADVANCED_FACE('',(#125),#29,.T.);
#2001=ADVANCED_FACE('',(#126),#1888,.F.);
#2002=ADVANCED_FACE('',(#127),#30,.T.);
#2003=ADVANCED_FACE('',(#128),#1889,.F.);
#2004=ADVANCED_FACE('',(#129),#31,.T.);
#2005=ADVANCED_FACE('',(#130),#32,.F.);
#2006=ADVANCED_FACE('',(#131),#33,.F.);
#2007=ADVANCED_FACE('',(#132),#34,.F.);
#2008=ADVANCED_FACE('',(#133),#35,.F.);
#2009=ADVANCED_FACE('',(#134),#36,.T.);
#2010=ADVANCED_FACE('',(#135),#37,.T.);
#2011=ADVANCED_FACE('',(#136),#38,.T.);
#2012=ADVANCED_FACE('',(#137),#39,.T.);
#2013=ADVANCED_FACE('',(#138),#40,.T.);
#2014=ADVANCED_FACE('',(#139),#41,.T.);
#2015=ADVANCED_FACE('',(#140),#42,.T.);
#2016=ADVANCED_FACE('',(#141),#43,.T.);
#2017=ADVANCED_FACE('',(#142),#44,.T.);
#2018=ADVANCED_FACE('',(#143),#45,.T.);
#2019=ADVANCED_FACE('',(#144),#46,.T.);
#2020=ADVANCED_FACE('',(#145),#47,.T.);
#2021=ADVANCED_FACE('',(#146),#48,.T.);
#2022=ADVANCED_FACE('',(#147),#49,.T.);
#2023=ADVANCED_FACE('',(#148),#50,.T.);
#2024=ADVANCED_FACE('',(#149),#51,.T.);
#2025=ADVANCED_FACE('',(#150),#52,.T.);
#2026=ADVANCED_FACE('',(#151),#53,.T.);
#2027=ADVANCED_FACE('',(#152),#54,.T.);
#2028=ADVANCED_FACE('',(#153),#55,.T.);
#2029=ADVANCED_FACE('',(#154),#56,.T.);
#2030=ADVANCED_FACE('',(#155),#57,.T.);
#2031=ADVANCED_FACE('',(#156),#58,.T.);
#2032=ADVANCED_FACE('',(#157),#59,.T.);
#2033=ADVANCED_FACE('',(#158),#60,.T.);
#2034=ADVANCED_FACE('',(#159),#61,.T.);
#2035=ADVANCED_FACE('',(#160),#62,.T.);
#2036=ADVANCED_FACE('',(#161),#63,.T.);
#2037=ADVANCED_FACE('',(#162),#64,.T.);
#2038=ADVANCED_FACE('',(#163),#65,.T.);
#2039=ADVANCED_FACE('',(#164),#1890,.T.);
#2040=ADVANCED_FACE('',(#165),#66,.T.);
#2041=ADVANCED_FACE('',(#166),#1891,.T.);
#2042=ADVANCED_FACE('',(#167),#67,.T.);
#2043=ADVANCED_FACE('',(#168),#1892,.T.);
#2044=ADVANCED_FACE('',(#169),#68,.T.);
#2045=ADVANCED_FACE('',(#170),#1893,.T.);
#2046=ADVANCED_FACE('',(#171,#14),#69,.T.);
#2047=ADVANCED_FACE('',(#172,#15),#70,.T.);
#2048=ADVANCED_FACE('',(#173,#16),#71,.T.);
#2049=ADVANCED_FACE('',(#174,#17),#72,.T.);
#2050=ADVANCED_FACE('',(#175),#73,.T.);
#2051=ADVANCED_FACE('',(#176),#74,.T.);
#2052=ADVANCED_FACE('',(#177),#75,.T.);
#2053=ADVANCED_FACE('',(#178),#76,.T.);
#2054=ADVANCED_FACE('',(#179),#77,.T.);
#2055=ADVANCED_FACE('',(#180),#78,.T.);
#2056=ADVANCED_FACE('',(#181),#79,.T.);
#2057=ADVANCED_FACE('',(#182),#80,.T.);
#2058=ADVANCED_FACE('',(#183),#81,.T.);
#2059=ADVANCED_FACE('',(#184),#82,.T.);
#2060=ADVANCED_FACE('',(#185),#83,.T.);
#2061=ADVANCED_FACE('',(#186),#84,.T.);
#2062=ADVANCED_FACE('',(#187),#85,.T.);
#2063=ADVANCED_FACE('',(#188),#86,.T.);
#2064=ADVANCED_FACE('',(#189),#87,.T.);
#2065=ADVANCED_FACE('',(#190),#88,.T.);
#2066=ADVANCED_FACE('',(#191),#89,.T.);
#2067=ADVANCED_FACE('',(#192),#90,.T.);
#2068=ADVANCED_FACE('',(#193),#91,.T.);
#2069=ADVANCED_FACE('',(#194),#92,.T.);
#2070=ADVANCED_FACE('',(#195),#93,.T.);
#2071=ADVANCED_FACE('',(#196),#94,.T.);
#2072=ADVANCED_FACE('',(#197),#95,.T.);
#2073=ADVANCED_FACE('',(#198),#96,.T.);
#2074=ADVANCED_FACE('',(#199),#97,.T.);
#2075=ADVANCED_FACE('',(#200),#98,.T.);
#2076=ADVANCED_FACE('',(#201),#99,.T.);
#2077=ADVANCED_FACE('',(#202),#100,.T.);
#2078=ADVANCED_FACE('',(#203),#101,.T.);
#2079=ADVANCED_FACE('',(#204),#102,.T.);
#2080=ADVANCED_FACE('',(#205),#103,.T.);
#2081=ADVANCED_FACE('',(#206),#104,.T.);
#2082=ADVANCED_FACE('',(#207),#105,.T.);
#2083=ADVANCED_FACE('',(#208),#106,.T.);
#2084=ADVANCED_FACE('',(#209),#107,.T.);
#2085=ADVANCED_FACE('',(#210,#18,#19),#108,.F.);
#2086=ADVANCED_FACE('',(#211),#109,.T.);
#2087=ADVANCED_FACE('',(#212),#110,.T.);
#2088=ADVANCED_FACE('',(#213),#111,.T.);
#2089=ADVANCED_FACE('',(#214),#112,.T.);
#2090=ADVANCED_FACE('',(#215),#113,.T.);
#2091=ADVANCED_FACE('',(#216),#114,.T.);
#2092=ADVANCED_FACE('',(#217),#115,.T.);
#2093=ADVANCED_FACE('',(#218),#116,.T.);
#2094=ADVANCED_FACE('',(#219),#117,.T.);
#2095=ADVANCED_FACE('',(#220),#118,.T.);
#2096=ADVANCED_FACE('',(#221),#119,.T.);
#2097=ADVANCED_FACE('',(#222),#120,.T.);
#2098=ADVANCED_FACE('',(#223,#20,#21,#22,#23,#24,#25,#26,#27),#121,.T.);
#2099=CLOSED_SHELL('',(#1997,#1998,#1999,#2000,#2001,#2002,#2003,#2004,
#2005,#2006,#2007,#2008,#2009,#2010,#2011,#2012,#2013,#2014,#2015,#2016,
#2017,#2018,#2019,#2020,#2021,#2022,#2023,#2024,#2025,#2026,#2027,#2028,
#2029,#2030,#2031,#2032,#2033,#2034,#2035,#2036,#2037,#2038,#2039,#2040,
#2041,#2042,#2043,#2044,#2045,#2046,#2047,#2048,#2049,#2050,#2051,#2052,
#2053,#2054,#2055,#2056,#2057,#2058,#2059,#2060,#2061,#2062,#2063,#2064,
#2065,#2066,#2067,#2068,#2069,#2070,#2071,#2072,#2073,#2074,#2075,#2076,
#2077,#2078,#2079,#2080,#2081,#2082,#2083,#2084,#2085,#2086,#2087,#2088,
#2089,#2090,#2091,#2092,#2093,#2094,#2095,#2096,#2097,#2098));
#2100=DERIVED_UNIT_ELEMENT(#2102,1.);
#2101=DERIVED_UNIT_ELEMENT(#3343,3.);
#2102=(
MASS_UNIT()
NAMED_UNIT(*)
SI_UNIT($,.GRAM.)
);
#2103=DERIVED_UNIT((#2100,#2101));
#2104=MEASURE_REPRESENTATION_ITEM('density measure',
POSITIVE_RATIO_MEASURE(1.),#2103);
#2105=PROPERTY_DEFINITION_REPRESENTATION(#2110,#2107);
#2106=PROPERTY_DEFINITION_REPRESENTATION(#2111,#2108);
#2107=REPRESENTATION('material name',(#2109),#3340);
#2108=REPRESENTATION('density',(#2104),#3340);
#2109=DESCRIPTIVE_REPRESENTATION_ITEM('Generisch','Generisch');
#2110=PROPERTY_DEFINITION('material property','material name',#3350);
#2111=PROPERTY_DEFINITION('material property','density of part',#3350);
#2112=DATE_TIME_ROLE('creation_date');
#2113=APPLIED_DATE_AND_TIME_ASSIGNMENT(#2114,#2112,(#3350));
#2114=DATE_AND_TIME(#2115,#2116);
#2115=CALENDAR_DATE(2023,3,6);
#2116=LOCAL_TIME(0,0,0.,#2117);
#2117=COORDINATED_UNIVERSAL_TIME_OFFSET(0,0,.BEHIND.);
#2118=AXIS2_PLACEMENT_3D('placement',#2769,#2253,#2254);
#2119=AXIS2_PLACEMENT_3D('',#2770,#2255,#2256);
#2120=AXIS2_PLACEMENT_3D('',#2773,#2257,#2258);
#2121=AXIS2_PLACEMENT_3D('',#2774,#2259,#2260);
#2122=AXIS2_PLACEMENT_3D('',#2778,#2262,#2263);
#2123=AXIS2_PLACEMENT_3D('',#2779,#2264,#2265);
#2124=AXIS2_PLACEMENT_3D('',#2780,#2266,#2267);
#2125=AXIS2_PLACEMENT_3D('',#2781,#2268,#2269);
#2126=AXIS2_PLACEMENT_3D('',#2784,#2270,#2271);
#2127=AXIS2_PLACEMENT_3D('',#2785,#2272,#2273);
#2128=AXIS2_PLACEMENT_3D('',#2789,#2275,#2276);
#2129=AXIS2_PLACEMENT_3D('',#2790,#2277,#2278);
#2130=AXIS2_PLACEMENT_3D('',#2791,#2279,#2280);
#2131=AXIS2_PLACEMENT_3D('',#2792,#2281,#2282);
#2132=AXIS2_PLACEMENT_3D('',#2795,#2283,#2284);
#2133=AXIS2_PLACEMENT_3D('',#2796,#2285,#2286);
#2134=AXIS2_PLACEMENT_3D('',#2800,#2288,#2289);
#2135=AXIS2_PLACEMENT_3D('',#2801,#2290,#2291);
#2136=AXIS2_PLACEMENT_3D('',#2802,#2292,#2293);
#2137=AXIS2_PLACEMENT_3D('',#2803,#2294,#2295);
#2138=AXIS2_PLACEMENT_3D('',#2806,#2296,#2297);
#2139=AXIS2_PLACEMENT_3D('',#2807,#2298,#2299);
#2140=AXIS2_PLACEMENT_3D('',#2811,#2301,#2302);
#2141=AXIS2_PLACEMENT_3D('',#2812,#2303,#2304);
#2142=AXIS2_PLACEMENT_3D('',#2813,#2305,#2306);
#2143=AXIS2_PLACEMENT_3D('',#2814,#2307,#2308);
#2144=AXIS2_PLACEMENT_3D('',#2823,#2313,#2314);
#2145=AXIS2_PLACEMENT_3D('',#2829,#2318,#2319);
#2146=AXIS2_PLACEMENT_3D('',#2835,#2323,#2324);
#2147=AXIS2_PLACEMENT_3D('',#2838,#2327,#2328);
#2148=AXIS2_PLACEMENT_3D('',#2841,#2329,#2330);
#2149=AXIS2_PLACEMENT_3D('',#2863,#2342,#2343);
#2150=AXIS2_PLACEMENT_3D('',#2866,#2344,#2345);
#2151=AXIS2_PLACEMENT_3D('',#2870,#2347,#2348);
#2152=AXIS2_PLACEMENT_3D('',#2872,#2350,#2351);
#2153=AXIS2_PLACEMENT_3D('',#2875,#2352,#2353);
#2154=AXIS2_PLACEMENT_3D('',#2879,#2355,#2356);
#2155=AXIS2_PLACEMENT_3D('',#2881,#2358,#2359);
#2156=AXIS2_PLACEMENT_3D('',#2884,#2360,#2361);
#2157=AXIS2_PLACEMENT_3D('',#2888,#2363,#2364);
#2158=AXIS2_PLACEMENT_3D('',#2890,#2366,#2367);
#2159=AXIS2_PLACEMENT_3D('',#2896,#2371,#2372);
#2160=AXIS2_PLACEMENT_3D('',#2902,#2376,#2377);
#2161=AXIS2_PLACEMENT_3D('',#2906,#2380,#2381);
#2162=AXIS2_PLACEMENT_3D('',#2910,#2384,#2385);
#2163=AXIS2_PLACEMENT_3D('',#2919,#2390,#2391);
#2164=AXIS2_PLACEMENT_3D('',#2925,#2395,#2396);
#2165=AXIS2_PLACEMENT_3D('',#2931,#2400,#2401);
#2166=AXIS2_PLACEMENT_3D('',#2937,#2405,#2406);
#2167=AXIS2_PLACEMENT_3D('',#2943,#2410,#2411);
#2168=AXIS2_PLACEMENT_3D('',#2949,#2415,#2416);
#2169=AXIS2_PLACEMENT_3D('',#2955,#2420,#2421);
#2170=AXIS2_PLACEMENT_3D('',#2961,#2425,#2426);
#2171=AXIS2_PLACEMENT_3D('',#2967,#2430,#2431);
#2172=AXIS2_PLACEMENT_3D('',#2973,#2435,#2436);
#2173=AXIS2_PLACEMENT_3D('',#2979,#2440,#2441);
#2174=AXIS2_PLACEMENT_3D('',#2985,#2445,#2446);
#2175=AXIS2_PLACEMENT_3D('',#2991,#2450,#2451);
#2176=AXIS2_PLACEMENT_3D('',#2995,#2454,#2455);
#2177=AXIS2_PLACEMENT_3D('',#2999,#2458,#2459);
#2178=AXIS2_PLACEMENT_3D('',#3003,#2462,#2463);
#2179=AXIS2_PLACEMENT_3D('',#3007,#2466,#2467);
#2180=AXIS2_PLACEMENT_3D('',#3011,#2470,#2471);
#2181=AXIS2_PLACEMENT_3D('',#3013,#2473,#2474);
#2182=AXIS2_PLACEMENT_3D('',#3015,#2475,#2476);
#2183=AXIS2_PLACEMENT_3D('',#3017,#2478,#2479);
#2184=AXIS2_PLACEMENT_3D('',#3025,#2484,#2485);
#2185=AXIS2_PLACEMENT_3D('',#3036,#2492,#2493);
#2186=AXIS2_PLACEMENT_3D('',#3037,#2494,#2495);
#2187=AXIS2_PLACEMENT_3D('',#3038,#2496,#2497);
#2188=AXIS2_PLACEMENT_3D('',#3039,#2498,#2499);
#2189=AXIS2_PLACEMENT_3D('',#3050,#2506,#2507);
#2190=AXIS2_PLACEMENT_3D('',#3051,#2508,#2509);
#2191=AXIS2_PLACEMENT_3D('',#3052,#2510,#2511);
#2192=AXIS2_PLACEMENT_3D('',#3053,#2512,#2513);
#2193=AXIS2_PLACEMENT_3D('',#3064,#2520,#2521);
#2194=AXIS2_PLACEMENT_3D('',#3065,#2522,#2523);
#2195=AXIS2_PLACEMENT_3D('',#3066,#2524,#2525);
#2196=AXIS2_PLACEMENT_3D('',#3067,#2526,#2527);
#2197=AXIS2_PLACEMENT_3D('',#3072,#2531,#2532);
#2198=AXIS2_PLACEMENT_3D('',#3073,#2533,#2534);
#2199=AXIS2_PLACEMENT_3D('',#3074,#2535,#2536);
#2200=AXIS2_PLACEMENT_3D('',#3075,#2537,#2538);
#2201=AXIS2_PLACEMENT_3D('',#3076,#2539,#2540);
#2202=AXIS2_PLACEMENT_3D('',#3077,#2541,#2542);
#2203=AXIS2_PLACEMENT_3D('',#3078,#2543,#2544);
#2204=AXIS2_PLACEMENT_3D('',#3079,#2545,#2546);
#2205=AXIS2_PLACEMENT_3D('',#3088,#2551,#2552);
#2206=AXIS2_PLACEMENT_3D('',#3094,#2556,#2557);
#2207=AXIS2_PLACEMENT_3D('',#3100,#2561,#2562);
#2208=AXIS2_PLACEMENT_3D('',#3106,#2566,#2567);
#2209=AXIS2_PLACEMENT_3D('',#3112,#2571,#2572);
#2210=AXIS2_PLACEMENT_3D('',#3115,#2575,#2576);
#2211=AXIS2_PLACEMENT_3D('',#3116,#2577,#2578);
#2212=AXIS2_PLACEMENT_3D('',#3125,#2583,#2584);
#2213=AXIS2_PLACEMENT_3D('',#3131,#2588,#2589);
#2214=AXIS2_PLACEMENT_3D('',#3137,#2593,#2594);
#2215=AXIS2_PLACEMENT_3D('',#3140,#2597,#2598);
#2216=AXIS2_PLACEMENT_3D('',#3141,#2599,#2600);
#2217=AXIS2_PLACEMENT_3D('',#3150,#2605,#2606);
#2218=AXIS2_PLACEMENT_3D('',#3156,#2610,#2611);
#2219=AXIS2_PLACEMENT_3D('',#3162,#2615,#2616);
#2220=AXIS2_PLACEMENT_3D('',#3168,#2620,#2621);
#2221=AXIS2_PLACEMENT_3D('',#3174,#2625,#2626);
#2222=AXIS2_PLACEMENT_3D('',#3177,#2629,#2630);
#2223=AXIS2_PLACEMENT_3D('',#3178,#2631,#2632);
#2224=AXIS2_PLACEMENT_3D('',#3187,#2637,#2638);
#2225=AXIS2_PLACEMENT_3D('',#3193,#2642,#2643);
#2226=AXIS2_PLACEMENT_3D('',#3199,#2647,#2648);
#2227=AXIS2_PLACEMENT_3D('',#3205,#2652,#2653);
#2228=AXIS2_PLACEMENT_3D('',#3211,#2657,#2658);
#2229=AXIS2_PLACEMENT_3D('',#3214,#2661,#2662);
#2230=AXIS2_PLACEMENT_3D('',#3215,#2663,#2664);
#2231=AXIS2_PLACEMENT_3D('',#3224,#2669,#2670);
#2232=AXIS2_PLACEMENT_3D('',#3230,#2674,#2675);
#2233=AXIS2_PLACEMENT_3D('',#3236,#2679,#2680);
#2234=AXIS2_PLACEMENT_3D('',#3239,#2683,#2684);
#2235=AXIS2_PLACEMENT_3D('',#3240,#2685,#2686);
#2236=AXIS2_PLACEMENT_3D('',#3249,#2691,#2692);
#2237=AXIS2_PLACEMENT_3D('',#3255,#2696,#2697);
#2238=AXIS2_PLACEMENT_3D('',#3261,#2701,#2702);
#2239=AXIS2_PLACEMENT_3D('',#3264,#2705,#2706);
#2240=AXIS2_PLACEMENT_3D('',#3289,#2719,#2720);
#2241=AXIS2_PLACEMENT_3D('',#3295,#2724,#2725);
#2242=AXIS2_PLACEMENT_3D('',#3299,#2728,#2729);
#2243=AXIS2_PLACEMENT_3D('',#3303,#2732,#2733);
#2244=AXIS2_PLACEMENT_3D('',#3307,#2736,#2737);
#2245=AXIS2_PLACEMENT_3D('',#3311,#2740,#2741);
#2246=AXIS2_PLACEMENT_3D('',#3315,#2744,#2745);
#2247=AXIS2_PLACEMENT_3D('',#3319,#2748,#2749);
#2248=AXIS2_PLACEMENT_3D('',#3323,#2752,#2753);
#2249=AXIS2_PLACEMENT_3D('',#3327,#2756,#2757);
#2250=AXIS2_PLACEMENT_3D('',#3331,#2760,#2761);
#2251=AXIS2_PLACEMENT_3D('',#3335,#2764,#2765);
#2252=AXIS2_PLACEMENT_3D('',#3337,#2767,#2768);
#2253=DIRECTION('axis',(0.,0.,1.));
#2254=DIRECTION('refdir',(1.,0.,0.));
#2255=DIRECTION('center_axis',(0.,1.,0.));
#2256=DIRECTION('ref_axis',(1.,0.,0.));
#2257=DIRECTION('center_axis',(0.,-1.,0.));
#2258=DIRECTION('ref_axis',(1.,0.,0.));
#2259=DIRECTION('center_axis',(0.,-1.,0.));
#2260=DIRECTION('ref_axis',(1.,0.,0.));
#2261=DIRECTION('',(0.,-1.,0.));
#2262=DIRECTION('center_axis',(0.,1.,0.));
#2263=DIRECTION('ref_axis',(1.,0.,0.));
#2264=DIRECTION('center_axis',(0.,1.,0.));
#2265=DIRECTION('ref_axis',(1.,0.,0.));
#2266=DIRECTION('center_axis',(0.,1.,0.));
#2267=DIRECTION('ref_axis',(1.,0.,0.));
#2268=DIRECTION('center_axis',(0.,1.,0.));
#2269=DIRECTION('ref_axis',(1.,0.,0.));
#2270=DIRECTION('center_axis',(0.,-1.,0.));
#2271=DIRECTION('ref_axis',(1.,0.,0.));
#2272=DIRECTION('center_axis',(0.,-1.,0.));
#2273=DIRECTION('ref_axis',(1.,0.,0.));
#2274=DIRECTION('',(0.,-1.,0.));
#2275=DIRECTION('center_axis',(0.,1.,0.));
#2276=DIRECTION('ref_axis',(1.,0.,0.));
#2277=DIRECTION('center_axis',(0.,1.,0.));
#2278=DIRECTION('ref_axis',(1.,0.,0.));
#2279=DIRECTION('center_axis',(0.,1.,0.));
#2280=DIRECTION('ref_axis',(1.,0.,0.));
#2281=DIRECTION('center_axis',(0.,1.,0.));
#2282=DIRECTION('ref_axis',(1.,0.,0.));
#2283=DIRECTION('center_axis',(0.,-1.,0.));
#2284=DIRECTION('ref_axis',(1.,0.,0.));
#2285=DIRECTION('center_axis',(0.,-1.,0.));
#2286=DIRECTION('ref_axis',(1.,0.,0.));
#2287=DIRECTION('',(0.,-1.,0.));
#2288=DIRECTION('center_axis',(0.,1.,0.));
#2289=DIRECTION('ref_axis',(1.,0.,0.));
#2290=DIRECTION('center_axis',(0.,1.,0.));
#2291=DIRECTION('ref_axis',(1.,0.,0.));
#2292=DIRECTION('center_axis',(0.,1.,0.));
#2293=DIRECTION('ref_axis',(1.,0.,0.));
#2294=DIRECTION('center_axis',(0.,1.,0.));
#2295=DIRECTION('ref_axis',(1.,0.,0.));
#2296=DIRECTION('center_axis',(0.,-1.,0.));
#2297=DIRECTION('ref_axis',(1.,0.,0.));
#2298=DIRECTION('center_axis',(0.,-1.,0.));
#2299=DIRECTION('ref_axis',(1.,0.,0.));
#2300=DIRECTION('',(0.,-1.,0.));
#2301=DIRECTION('center_axis',(0.,1.,0.));
#2302=DIRECTION('ref_axis',(1.,0.,0.));
#2303=DIRECTION('center_axis',(0.,1.,0.));
#2304=DIRECTION('ref_axis',(1.,0.,0.));
#2305=DIRECTION('center_axis',(0.,1.,0.));
#2306=DIRECTION('ref_axis',(1.,0.,0.));
#2307=DIRECTION('center_axis',(0.,0.,-1.));
#2308=DIRECTION('ref_axis',(-1.,0.,0.));
#2309=DIRECTION('',(1.,0.,0.));
#2310=DIRECTION('',(0.,1.,0.));
#2311=DIRECTION('',(-1.,0.,0.));
#2312=DIRECTION('',(0.,1.,0.));
#2313=DIRECTION('center_axis',(1.,0.,1.85037170770859E-16));
#2314=DIRECTION('ref_axis',(1.85037170770859E-16,0.,-1.));
#2315=DIRECTION('',(-1.85037170770859E-16,0.,1.));
#2316=DIRECTION('',(1.85037170770859E-16,0.,-1.));
#2317=DIRECTION('',(0.,1.,0.));
#2318=DIRECTION('center_axis',(0.,0.,1.));
#2319=DIRECTION('ref_axis',(1.,0.,0.));
#2320=DIRECTION('',(-1.,0.,0.));
#2321=DIRECTION('',(1.,0.,0.));
#2322=DIRECTION('',(0.,1.,0.));
#2323=DIRECTION('center_axis',(-1.,0.,-2.96059473233375E-16));
#2324=DIRECTION('ref_axis',(-2.96059473233375E-16,0.,1.));
#2325=DIRECTION('',(2.96059473233375E-16,0.,-1.));
#2326=DIRECTION('',(-2.96059473233375E-16,0.,1.));
#2327=DIRECTION('center_axis',(0.,1.,0.));
#2328=DIRECTION('ref_axis',(0.,0.,1.));
#2329=DIRECTION('center_axis',(0.,1.,0.));
#2330=DIRECTION('ref_axis',(0.,0.,-1.));
#2331=DIRECTION('',(-3.12250225675825E-16,0.,-1.));
#2332=DIRECTION('',(1.,0.,0.));
#2333=DIRECTION('',(-1.95921710227969E-16,0.,-1.));
#2334=DIRECTION('',(-1.,0.,0.));
#2335=DIRECTION('',(0.,0.,-1.));
#2336=DIRECTION('',(-1.,0.,0.));
#2337=DIRECTION('',(-1.29526019539602E-16,0.,1.));
#2338=DIRECTION('',(1.,0.,0.));
#2339=DIRECTION('',(1.8897413185109E-16,0.,1.));
#2340=DIRECTION('',(-1.,0.,0.));
#2341=DIRECTION('',(3.23815048849004E-16,0.,1.));
#2342=DIRECTION('center_axis',(0.,1.,0.));
#2343=DIRECTION('ref_axis',(0.,0.,1.));
#2344=DIRECTION('center_axis',(0.,1.,0.));
#2345=DIRECTION('ref_axis',(1.,0.,0.));
#2346=DIRECTION('',(1.,0.,-9.71323731080627E-17));
#2347=DIRECTION('center_axis',(0.,1.,0.));
#2348=DIRECTION('ref_axis',(0.,0.,-1.));
#2349=DIRECTION('',(-1.,0.,1.13691583109433E-16));
#2350=DIRECTION('center_axis',(0.,1.,0.));
#2351=DIRECTION('ref_axis',(0.,0.,1.));
#2352=DIRECTION('center_axis',(0.,1.,0.));
#2353=DIRECTION('ref_axis',(0.,0.,1.));
#2354=DIRECTION('',(0.,0.,1.));
#2355=DIRECTION('center_axis',(0.,1.,0.));
#2356=DIRECTION('ref_axis',(1.,0.,0.));
#2357=DIRECTION('',(0.,0.,-1.));
#2358=DIRECTION('center_axis',(0.,1.,0.));
#2359=DIRECTION('ref_axis',(0.,0.,1.));
#2360=DIRECTION('center_axis',(0.,1.,0.));
#2361=DIRECTION('ref_axis',(-1.,0.,0.));
#2362=DIRECTION('',(-1.,0.,0.));
#2363=DIRECTION('center_axis',(0.,1.,0.));
#2364=DIRECTION('ref_axis',(0.,0.,1.));
#2365=DIRECTION('',(1.,0.,0.));
#2366=DIRECTION('center_axis',(-1.,0.,3.23815048849004E-16));
#2367=DIRECTION('ref_axis',(3.23815048849004E-16,0.,1.));
#2368=DIRECTION('',(0.,-1.,0.));
#2369=DIRECTION('',(0.,1.,0.));
#2370=DIRECTION('',(-3.23815048849004E-16,0.,-1.));
#2371=DIRECTION('center_axis',(0.,0.,-1.));
#2372=DIRECTION('ref_axis',(-1.,0.,0.));
#2373=DIRECTION('',(1.,0.,0.));
#2374=DIRECTION('',(0.,1.,0.));
#2375=DIRECTION('',(0.,1.,0.));
#2376=DIRECTION('center_axis',(1.,0.,-1.95921710227969E-16));
#2377=DIRECTION('ref_axis',(-1.95921710227969E-16,0.,-1.));
#2378=DIRECTION('',(1.95921710227969E-16,0.,1.));
#2379=DIRECTION('',(0.,1.,0.));
#2380=DIRECTION('center_axis',(0.,0.,1.));
#2381=DIRECTION('ref_axis',(1.,0.,0.));
#2382=DIRECTION('',(-1.,0.,0.));
#2383=DIRECTION('',(0.,1.,0.));
#2384=DIRECTION('center_axis',(0.,0.,-1.));
#2385=DIRECTION('ref_axis',(-1.,0.,0.));
#2386=DIRECTION('',(1.,0.,0.));
#2387=DIRECTION('',(0.,1.,0.));
#2388=DIRECTION('',(-1.,0.,0.));
#2389=DIRECTION('',(0.,1.,0.));
#2390=DIRECTION('center_axis',(1.,0.,-4.57150657198594E-16));
#2391=DIRECTION('ref_axis',(-4.57150657198594E-16,0.,-1.));
#2392=DIRECTION('',(4.57150657198594E-16,0.,1.));
#2393=DIRECTION('',(-4.57150657198594E-16,0.,-1.));
#2394=DIRECTION('',(0.,1.,0.));
#2395=DIRECTION('center_axis',(0.,0.,1.));
#2396=DIRECTION('ref_axis',(1.,0.,0.));
#2397=DIRECTION('',(-1.,0.,0.));
#2398=DIRECTION('',(1.,0.,0.));
#2399=DIRECTION('',(0.,1.,0.));
#2400=DIRECTION('center_axis',(1.,0.,-5.15870870924965E-15));
#2401=DIRECTION('ref_axis',(-5.15870870924965E-15,0.,-1.));
#2402=DIRECTION('',(5.15870870924965E-15,0.,1.));
#2403=DIRECTION('',(-5.15870870924965E-15,0.,-1.));
#2404=DIRECTION('',(0.,1.,0.));
#2405=DIRECTION('center_axis',(0.,0.,1.));
#2406=DIRECTION('ref_axis',(1.,0.,0.));
#2407=DIRECTION('',(-1.,0.,0.));
#2408=DIRECTION('',(1.,0.,0.));
#2409=DIRECTION('',(0.,1.,0.));
#2410=DIRECTION('center_axis',(-1.,0.,2.1094237467878E-15));
#2411=DIRECTION('ref_axis',(2.1094237467878E-15,0.,1.));
#2412=DIRECTION('',(-2.1094237467878E-15,0.,-1.));
#2413=DIRECTION('',(2.1094237467878E-15,0.,1.));
#2414=DIRECTION('',(0.,1.,0.));
#2415=DIRECTION('center_axis',(0.,0.,-1.));
#2416=DIRECTION('ref_axis',(-1.,0.,0.));
#2417=DIRECTION('',(1.,0.,0.));
#2418=DIRECTION('',(-1.,0.,0.));
#2419=DIRECTION('',(0.,1.,0.));
#2420=DIRECTION('center_axis',(-1.,0.,3.30704730739408E-16));
#2421=DIRECTION('ref_axis',(3.30704730739408E-16,0.,1.));
#2422=DIRECTION('',(-3.30704730739408E-16,0.,-1.));
#2423=DIRECTION('',(3.30704730739408E-16,0.,1.));
#2424=DIRECTION('',(0.,1.,0.));
#2425=DIRECTION('center_axis',(0.,0.,1.));
#2426=DIRECTION('ref_axis',(1.,0.,0.));
#2427=DIRECTION('',(-1.,0.,0.));
#2428=DIRECTION('',(1.,0.,0.));
#2429=DIRECTION('',(0.,1.,0.));
#2430=DIRECTION('center_axis',(-1.,0.,-7.40148683083439E-16));
#2431=DIRECTION('ref_axis',(-7.40148683083439E-16,0.,1.));
#2432=DIRECTION('',(0.,1.,0.));
#2433=DIRECTION('',(7.40148683083439E-16,0.,-1.));
#2434=DIRECTION('',(-7.40148683083439E-16,0.,1.));
#2435=DIRECTION('center_axis',(0.,0.,1.));
#2436=DIRECTION('ref_axis',(1.,0.,0.));
#2437=DIRECTION('',(0.,-1.,0.));
#2438=DIRECTION('',(0.,1.,0.));
#2439=DIRECTION('',(-1.,0.,0.));
#2440=DIRECTION('center_axis',(1.,0.,0.));
#2441=DIRECTION('ref_axis',(0.,0.,-1.));
#2442=DIRECTION('',(0.,-1.,0.));
#2443=DIRECTION('',(0.,1.,0.));
#2444=DIRECTION('',(0.,0.,1.));
#2445=DIRECTION('center_axis',(-1.13691583109433E-16,0.,-1.));
#2446=DIRECTION('ref_axis',(-1.,0.,1.13691583109433E-16));
#2447=DIRECTION('',(0.,-1.,0.));
#2448=DIRECTION('',(0.,1.,0.));
#2449=DIRECTION('',(1.,0.,-1.13691583109433E-16));
#2450=DIRECTION('center_axis',(0.,0.,-1.));
#2451=DIRECTION('ref_axis',(-1.,0.,0.));
#2452=DIRECTION('',(1.,0.,0.));
#2453=DIRECTION('',(0.,1.,0.));
#2454=DIRECTION('center_axis',(-1.,0.,1.8897413185109E-16));
#2455=DIRECTION('ref_axis',(1.8897413185109E-16,0.,1.));
#2456=DIRECTION('',(-1.8897413185109E-16,0.,-1.));
#2457=DIRECTION('',(0.,1.,0.));
#2458=DIRECTION('center_axis',(0.,0.,1.));
#2459=DIRECTION('ref_axis',(1.,0.,0.));
#2460=DIRECTION('',(-1.,0.,0.));
#2461=DIRECTION('',(0.,1.,0.));
#2462=DIRECTION('center_axis',(-1.,0.,-1.29526019539602E-16));
#2463=DIRECTION('ref_axis',(-1.29526019539602E-16,0.,1.));
#2464=DIRECTION('',(1.29526019539602E-16,0.,-1.));
#2465=DIRECTION('',(0.,1.,0.));
#2466=DIRECTION('center_axis',(0.,0.,-1.));
#2467=DIRECTION('ref_axis',(-1.,0.,0.));
#2468=DIRECTION('',(1.,0.,0.));
#2469=DIRECTION('',(0.,1.,0.));
#2470=DIRECTION('center_axis',(1.,0.,0.));
#2471=DIRECTION('ref_axis',(0.,0.,-1.));
#2472=DIRECTION('',(0.,0.,1.));
#2473=DIRECTION('center_axis',(0.,1.,0.));
#2474=DIRECTION('ref_axis',(0.,0.,1.));
#2475=DIRECTION('center_axis',(0.,1.,0.));
#2476=DIRECTION('ref_axis',(-1.,0.,0.));
#2477=DIRECTION('',(8.67361737988404E-16,0.,-1.));
#2478=DIRECTION('center_axis',(1.,0.,9.56025382316109E-16));
#2479=DIRECTION('ref_axis',(9.56025382316109E-16,0.,-1.));
#2480=DIRECTION('',(0.,1.,0.));
#2481=DIRECTION('',(9.56025382316109E-16,0.,-1.));
#2482=DIRECTION('',(0.,1.,0.));
#2483=DIRECTION('',(-9.56025382316109E-16,0.,1.));
#2484=DIRECTION('center_axis',(0.,0.,-1.));
#2485=DIRECTION('ref_axis',(-1.,0.,0.));
#2486=DIRECTION('',(0.,1.,0.));
#2487=DIRECTION('',(-1.,0.,0.));
#2488=DIRECTION('',(1.,0.,0.));
#2489=DIRECTION('',(0.,1.,0.));
#2490=DIRECTION('',(-1.,0.,0.));
#2491=DIRECTION('',(0.,1.,0.));
#2492=DIRECTION('center_axis',(0.,1.,0.));
#2493=DIRECTION('ref_axis',(-1.,0.,0.));
#2494=DIRECTION('center_axis',(0.,1.,0.));
#2495=DIRECTION('ref_axis',(-1.,0.,0.));
#2496=DIRECTION('center_axis',(0.,-1.,0.));
#2497=DIRECTION('ref_axis',(-1.,0.,0.));
#2498=DIRECTION('center_axis',(-1.,0.,0.));
#2499=DIRECTION('ref_axis',(0.,0.,1.));
#2500=DIRECTION('',(0.,1.,0.));
#2501=DIRECTION('',(0.,0.,1.));
#2502=DIRECTION('',(0.,0.,-1.));
#2503=DIRECTION('',(0.,1.,0.));
#2504=DIRECTION('',(0.,0.,1.));
#2505=DIRECTION('',(0.,1.,0.));
#2506=DIRECTION('center_axis',(0.,1.,0.));
#2507=DIRECTION('ref_axis',(0.,0.,1.));
#2508=DIRECTION('center_axis',(0.,1.,0.));
#2509=DIRECTION('ref_axis',(0.,0.,1.));
#2510=DIRECTION('center_axis',(0.,-1.,0.));
#2511=DIRECTION('ref_axis',(0.,0.,1.));
#2512=DIRECTION('center_axis',(0.,0.,1.));
#2513=DIRECTION('ref_axis',(1.,0.,0.));
#2514=DIRECTION('',(0.,1.,0.));
#2515=DIRECTION('',(1.,0.,0.));
#2516=DIRECTION('',(-1.,0.,9.71323731080627E-17));
#2517=DIRECTION('',(0.,1.,0.));
#2518=DIRECTION('',(1.,0.,0.));
#2519=DIRECTION('',(0.,1.,0.));
#2520=DIRECTION('center_axis',(0.,1.,0.));
#2521=DIRECTION('ref_axis',(1.,0.,0.));
#2522=DIRECTION('center_axis',(0.,1.,0.));
#2523=DIRECTION('ref_axis',(1.,0.,0.));
#2524=DIRECTION('center_axis',(0.,-1.,0.));
#2525=DIRECTION('ref_axis',(1.,0.,0.));
#2526=DIRECTION('center_axis',(1.,0.,0.));
#2527=DIRECTION('ref_axis',(0.,0.,-1.));
#2528=DIRECTION('',(0.,1.,0.));
#2529=DIRECTION('',(0.,0.,-1.));
#2530=DIRECTION('',(3.12250225675825E-16,0.,1.));
#2531=DIRECTION('center_axis',(0.,1.,0.));
#2532=DIRECTION('ref_axis',(0.,0.,-1.));
#2533=DIRECTION('center_axis',(0.,1.,0.));
#2534=DIRECTION('ref_axis',(0.,0.,-1.));
#2535=DIRECTION('center_axis',(0.,-1.,0.));
#2536=DIRECTION('ref_axis',(0.,0.,-1.));
#2537=DIRECTION('center_axis',(0.,1.,0.));
#2538=DIRECTION('ref_axis',(0.,0.,1.));
#2539=DIRECTION('center_axis',(0.,1.,0.));
#2540=DIRECTION('ref_axis',(0.,0.,1.));
#2541=DIRECTION('center_axis',(0.,1.,0.));
#2542=DIRECTION('ref_axis',(0.,0.,1.));
#2543=DIRECTION('center_axis',(0.,1.,0.));
#2544=DIRECTION('ref_axis',(0.,0.,1.));
#2545=DIRECTION('center_axis',(-1.,0.,0.));
#2546=DIRECTION('ref_axis',(0.,0.,1.));
#2547=DIRECTION('',(0.,0.,-1.));
#2548=DIRECTION('',(0.,1.,0.));
#2549=DIRECTION('',(0.,0.,1.));
#2550=DIRECTION('',(0.,1.,0.));
#2551=DIRECTION('center_axis',(0.,0.,-1.));
#2552=DIRECTION('ref_axis',(-1.,0.,0.));
#2553=DIRECTION('',(1.,0.,0.));
#2554=DIRECTION('',(-1.,0.,0.));
#2555=DIRECTION('',(0.,1.,0.));
#2556=DIRECTION('center_axis',(-1.,0.,0.));
#2557=DIRECTION('ref_axis',(0.,0.,1.));
#2558=DIRECTION('',(0.,0.,-1.));
#2559=DIRECTION('',(0.,0.,1.));
#2560=DIRECTION('',(0.,1.,0.));
#2561=DIRECTION('center_axis',(0.,0.,-1.));
#2562=DIRECTION('ref_axis',(-1.,0.,0.));
#2563=DIRECTION('',(1.,0.,0.));
#2564=DIRECTION('',(-1.,0.,0.));
#2565=DIRECTION('',(0.,1.,0.));
#2566=DIRECTION('center_axis',(1.,0.,-2.01858731750028E-16));
#2567=DIRECTION('ref_axis',(-2.01858731750028E-16,0.,-1.));
#2568=DIRECTION('',(2.01858731750028E-16,0.,1.));
#2569=DIRECTION('',(-2.01858731750028E-16,0.,-1.));
#2570=DIRECTION('',(0.,1.,0.));
#2571=DIRECTION('center_axis',(2.01858731750028E-16,0.,1.));
#2572=DIRECTION('ref_axis',(1.,0.,-2.01858731750028E-16));
#2573=DIRECTION('',(-1.,0.,2.01858731750028E-16));
#2574=DIRECTION('',(1.,0.,-2.01858731750028E-16));
#2575=DIRECTION('center_axis',(0.,1.,0.));
#2576=DIRECTION('ref_axis',(0.,0.,1.));
#2577=DIRECTION('center_axis',(1.,0.,0.));
#2578=DIRECTION('ref_axis',(0.,0.,-1.));
#2579=DIRECTION('',(0.,0.,1.));
#2580=DIRECTION('',(0.,1.,0.));
#2581=DIRECTION('',(0.,0.,-1.));
#2582=DIRECTION('',(0.,1.,0.));
#2583=DIRECTION('center_axis',(0.,0.,1.));
#2584=DIRECTION('ref_axis',(1.,0.,0.));
#2585=DIRECTION('',(-1.,0.,0.));
#2586=DIRECTION('',(1.,0.,0.));
#2587=DIRECTION('',(0.,1.,0.));
#2588=DIRECTION('center_axis',(-1.,0.,0.));
#2589=DIRECTION('ref_axis',(0.,0.,1.));
#2590=DIRECTION('',(0.,0.,-1.));
#2591=DIRECTION('',(0.,0.,1.));
#2592=DIRECTION('',(0.,1.,0.));
#2593=DIRECTION('center_axis',(0.,0.,-1.));
#2594=DIRECTION('ref_axis',(-1.,0.,0.));
#2595=DIRECTION('',(1.,0.,0.));
#2596=DIRECTION('',(-1.,0.,0.));
#2597=DIRECTION('center_axis',(0.,1.,0.));
#2598=DIRECTION('ref_axis',(0.,0.,1.));
#2599=DIRECTION('center_axis',(0.,0.,1.));
#2600=DIRECTION('ref_axis',(1.,0.,0.));
#2601=DIRECTION('',(-1.,0.,0.));
#2602=DIRECTION('',(0.,1.,0.));
#2603=DIRECTION('',(1.,0.,0.));
#2604=DIRECTION('',(0.,1.,0.));
#2605=DIRECTION('center_axis',(-1.,0.,6.66133814775094E-16));
#2606=DIRECTION('ref_axis',(6.66133814775094E-16,0.,1.));
#2607=DIRECTION('',(-6.66133814775094E-16,0.,-1.));
#2608=DIRECTION('',(6.66133814775094E-16,0.,1.));
#2609=DIRECTION('',(0.,1.,0.));
#2610=DIRECTION('center_axis',(0.,0.,1.));
#2611=DIRECTION('ref_axis',(1.,0.,0.));
#2612=DIRECTION('',(-1.,0.,0.));
#2613=DIRECTION('',(1.,0.,0.));
#2614=DIRECTION('',(0.,1.,0.));
#2615=DIRECTION('center_axis',(-1.,0.,0.));
#2616=DIRECTION('ref_axis',(0.,0.,1.));
#2617=DIRECTION('',(0.,0.,-1.));
#2618=DIRECTION('',(0.,0.,1.));
#2619=DIRECTION('',(0.,1.,0.));
#2620=DIRECTION('center_axis',(0.,0.,-1.));
#2621=DIRECTION('ref_axis',(-1.,0.,0.));
#2622=DIRECTION('',(1.,0.,0.));
#2623=DIRECTION('',(-1.,0.,0.));
#2624=DIRECTION('',(0.,1.,0.));
#2625=DIRECTION('center_axis',(1.,0.,-6.05576195250085E-16));
#2626=DIRECTION('ref_axis',(-6.05576195250085E-16,0.,-1.));
#2627=DIRECTION('',(6.05576195250085E-16,0.,1.));
#2628=DIRECTION('',(-6.05576195250085E-16,0.,-1.));
#2629=DIRECTION('center_axis',(0.,1.,0.));
#2630=DIRECTION('ref_axis',(0.,0.,1.));
#2631=DIRECTION('center_axis',(0.,0.,-1.));
#2632=DIRECTION('ref_axis',(-1.,0.,0.));
#2633=DIRECTION('',(1.,0.,0.));
#2634=DIRECTION('',(0.,1.,0.));
#2635=DIRECTION('',(-1.,0.,0.));
#2636=DIRECTION('',(0.,1.,0.));
#2637=DIRECTION('center_axis',(1.,0.,0.));
#2638=DIRECTION('ref_axis',(0.,0.,-1.));
#2639=DIRECTION('',(0.,0.,1.));
#2640=DIRECTION('',(0.,0.,-1.));
#2641=DIRECTION('',(0.,1.,0.));
#2642=DIRECTION('center_axis',(-4.44089209850063E-16,0.,-1.));
#2643=DIRECTION('ref_axis',(-1.,0.,4.44089209850063E-16));
#2644=DIRECTION('',(1.,0.,-4.44089209850063E-16));
#2645=DIRECTION('',(-1.,0.,4.44089209850063E-16));
#2646=DIRECTION('',(0.,1.,0.));
#2647=DIRECTION('center_axis',(1.,0.,0.));
#2648=DIRECTION('ref_axis',(0.,0.,-1.));
#2649=DIRECTION('',(0.,0.,1.));
#2650=DIRECTION('',(0.,0.,-1.));
#2651=DIRECTION('',(0.,1.,0.));
#2652=DIRECTION('center_axis',(4.03717463500057E-16,0.,1.));
#2653=DIRECTION('ref_axis',(1.,0.,-4.03717463500057E-16));
#2654=DIRECTION('',(-1.,0.,4.03717463500057E-16));
#2655=DIRECTION('',(1.,0.,-4.03717463500057E-16));
#2656=DIRECTION('',(0.,1.,0.));
#2657=DIRECTION('center_axis',(-1.,0.,0.));
#2658=DIRECTION('ref_axis',(0.,0.,1.));
#2659=DIRECTION('',(0.,0.,-1.));
#2660=DIRECTION('',(0.,0.,1.));
#2661=DIRECTION('center_axis',(0.,1.,0.));
#2662=DIRECTION('ref_axis',(0.,0.,1.));
#2663=DIRECTION('center_axis',(0.,0.,1.));
#2664=DIRECTION('ref_axis',(1.,0.,0.));
#2665=DIRECTION('',(-1.,0.,0.));
#2666=DIRECTION('',(0.,1.,0.));
#2667=DIRECTION('',(1.,0.,0.));
#2668=DIRECTION('',(0.,1.,0.));
#2669=DIRECTION('center_axis',(-1.,0.,0.));
#2670=DIRECTION('ref_axis',(0.,0.,1.));
#2671=DIRECTION('',(0.,0.,-1.));
#2672=DIRECTION('',(0.,0.,1.));
#2673=DIRECTION('',(0.,1.,0.));
#2674=DIRECTION('center_axis',(0.,0.,-1.));
#2675=DIRECTION('ref_axis',(-1.,0.,0.));
#2676=DIRECTION('',(1.,0.,0.));
#2677=DIRECTION('',(-1.,0.,0.));
#2678=DIRECTION('',(0.,1.,0.));
#2679=DIRECTION('center_axis',(1.,0.,0.));
#2680=DIRECTION('ref_axis',(0.,0.,-1.));
#2681=DIRECTION('',(0.,0.,1.));
#2682=DIRECTION('',(0.,0.,-1.));
#2683=DIRECTION('center_axis',(0.,1.,0.));
#2684=DIRECTION('ref_axis',(0.,0.,1.));
#2685=DIRECTION('center_axis',(0.707106781186549,-0.707106781186546,0.));
#2686=DIRECTION('ref_axis',(0.,0.,-1.));
#2687=DIRECTION('',(0.,0.,-1.));
#2688=DIRECTION('',(-0.577350269189625,-0.577350269189627,0.577350269189625));
#2689=DIRECTION('',(0.,0.,-1.));
#2690=DIRECTION('',(0.577350269189625,0.577350269189627,0.577350269189625));
#2691=DIRECTION('center_axis',(0.,-0.707106781186546,0.707106781186549));
#2692=DIRECTION('ref_axis',(1.,0.,0.));
#2693=DIRECTION('',(1.,0.,0.));
#2694=DIRECTION('',(-0.577350269189627,0.577350269189626,0.577350269189624));
#2695=DIRECTION('',(1.,0.,0.));
#2696=DIRECTION('center_axis',(-0.707106781186547,-0.707106781186548,9.86858867808783E-18));
#2697=DIRECTION('ref_axis',(1.39562919500334E-17,0.,1.));
#2698=DIRECTION('',(1.39562919500334E-17,0.,1.));
#2699=DIRECTION('',(1.39562919500334E-17,0.,1.));
#2700=DIRECTION('',(-0.577350269189627,0.577350269189626,-0.577350269189624));
#2701=DIRECTION('center_axis',(0.,-0.707106781186549,-0.707106781186546));
#2702=DIRECTION('ref_axis',(-1.,0.,0.));
#2703=DIRECTION('',(-1.,0.,0.));
#2704=DIRECTION('',(-1.,0.,0.));
#2705=DIRECTION('center_axis',(0.,1.,0.));
#2706=DIRECTION('ref_axis',(0.,0.,1.));
#2707=DIRECTION('',(-1.,0.,0.));
#2708=DIRECTION('',(0.,0.,-1.));
#2709=DIRECTION('',(-1.,0.,0.));
#2710=DIRECTION('',(-1.85037170770859E-16,0.,-1.));
#2711=DIRECTION('',(1.,0.,0.));
#2712=DIRECTION('',(0.,0.,-1.));
#2713=DIRECTION('',(-1.,0.,0.));
#2714=DIRECTION('',(-5.55111512312578E-17,0.,-1.));
#2715=DIRECTION('',(1.,0.,0.));
#2716=DIRECTION('',(0.,0.,-1.));
#2717=DIRECTION('',(1.,0.,0.));
#2718=DIRECTION('',(0.,0.,1.));
#2719=DIRECTION('center_axis',(1.,0.,0.));
#2720=DIRECTION('ref_axis',(0.,0.,-1.));
#2721=DIRECTION('',(0.,1.,0.));
#2722=DIRECTION('',(0.,0.,-1.));
#2723=DIRECTION('',(0.,1.,0.));
#2724=DIRECTION('center_axis',(0.,0.,-1.));
#2725=DIRECTION('ref_axis',(-1.,0.,0.));
#2726=DIRECTION('',(-1.,0.,0.));
#2727=DIRECTION('',(0.,1.,0.));
#2728=DIRECTION('center_axis',(1.,0.,-1.85037170770859E-16));
#2729=DIRECTION('ref_axis',(-1.85037170770859E-16,0.,-1.));
#2730=DIRECTION('',(-1.85037170770859E-16,0.,-1.));
#2731=DIRECTION('',(0.,1.,0.));
#2732=DIRECTION('center_axis',(0.,0.,1.));
#2733=DIRECTION('ref_axis',(1.,0.,0.));
#2734=DIRECTION('',(1.,0.,0.));
#2735=DIRECTION('',(0.,1.,0.));
#2736=DIRECTION('center_axis',(1.,0.,0.));
#2737=DIRECTION('ref_axis',(0.,0.,-1.));
#2738=DIRECTION('',(0.,0.,-1.));
#2739=DIRECTION('',(0.,1.,0.));
#2740=DIRECTION('center_axis',(0.,0.,-1.));
#2741=DIRECTION('ref_axis',(-1.,0.,0.));
#2742=DIRECTION('',(-1.,0.,0.));
#2743=DIRECTION('',(0.,1.,0.));
#2744=DIRECTION('center_axis',(1.,0.,-5.55111512312578E-17));
#2745=DIRECTION('ref_axis',(-5.55111512312578E-17,0.,-1.));
#2746=DIRECTION('',(-5.55111512312578E-17,0.,-1.));
#2747=DIRECTION('',(0.,1.,0.));
#2748=DIRECTION('center_axis',(0.,0.,1.));
#2749=DIRECTION('ref_axis',(1.,0.,0.));
#2750=DIRECTION('',(1.,0.,0.));
#2751=DIRECTION('',(0.,1.,0.));
#2752=DIRECTION('center_axis',(1.,0.,0.));
#2753=DIRECTION('ref_axis',(0.,0.,-1.));
#2754=DIRECTION('',(0.,0.,-1.));
#2755=DIRECTION('',(0.,1.,0.));
#2756=DIRECTION('center_axis',(0.,0.,1.));
#2757=DIRECTION('ref_axis',(1.,0.,0.));
#2758=DIRECTION('',(1.,0.,0.));
#2759=DIRECTION('',(0.,1.,0.));
#2760=DIRECTION('center_axis',(-1.,0.,0.));
#2761=DIRECTION('ref_axis',(0.,0.,1.));
#2762=DIRECTION('',(0.,0.,1.));
#2763=DIRECTION('',(0.,1.,0.));
#2764=DIRECTION('center_axis',(0.,0.,-1.));
#2765=DIRECTION('ref_axis',(-1.,0.,0.));
#2766=DIRECTION('',(-1.,0.,0.));
#2767=DIRECTION('center_axis',(0.,1.,0.));
#2768=DIRECTION('ref_axis',(0.,0.,1.));
#2769=CARTESIAN_POINT('',(0.,0.,0.));
#2770=CARTESIAN_POINT('Origin',(-113.05,11.,-5.75));
#2771=CARTESIAN_POINT('',(-111.35,14.,-5.75));
#2772=CARTESIAN_POINT('',(-114.75,14.,-5.75));
#2773=CARTESIAN_POINT('Origin',(-113.05,14.,-5.75));
#2774=CARTESIAN_POINT('Origin',(-113.05,14.,-5.75));
#2775=CARTESIAN_POINT('',(-114.75,8.,-5.75));
#2776=CARTESIAN_POINT('',(-114.75,11.,-5.75));
#2777=CARTESIAN_POINT('',(-111.35,8.,-5.75));
#2778=CARTESIAN_POINT('Origin',(-113.05,8.,-5.75));
#2779=CARTESIAN_POINT('Origin',(-113.05,8.,-5.75));
#2780=CARTESIAN_POINT('Origin',(-113.05,8.,-5.75));
#2781=CARTESIAN_POINT('Origin',(-5.75000000000001,11.,-181.35));
#2782=CARTESIAN_POINT('',(-4.05000000000001,14.,-181.35));
#2783=CARTESIAN_POINT('',(-7.45000000000001,14.,-181.35));
#2784=CARTESIAN_POINT('Origin',(-5.75000000000001,14.,-181.35));
#2785=CARTESIAN_POINT('Origin',(-5.75000000000001,14.,-181.35));
#2786=CARTESIAN_POINT('',(-7.45000000000001,8.,-181.35));
#2787=CARTESIAN_POINT('',(-7.45000000000001,11.,-181.35));
#2788=CARTESIAN_POINT('',(-4.05000000000001,8.,-181.35));
#2789=CARTESIAN_POINT('Origin',(-5.75000000000001,8.,-181.35));
#2790=CARTESIAN_POINT('Origin',(-5.75000000000001,8.,-181.35));
#2791=CARTESIAN_POINT('Origin',(-5.75000000000001,8.,-181.35));
#2792=CARTESIAN_POINT('Origin',(-5.75,11.,-5.75));
#2793=CARTESIAN_POINT('',(-4.05,14.,-5.75));
#2794=CARTESIAN_POINT('',(-7.45,14.,-5.75));
#2795=CARTESIAN_POINT('Origin',(-5.75,14.,-5.75));
#2796=CARTESIAN_POINT('Origin',(-5.75,14.,-5.75));
#2797=CARTESIAN_POINT('',(-7.45,8.,-5.75));
#2798=CARTESIAN_POINT('',(-7.45,11.,-5.75));
#2799=CARTESIAN_POINT('',(-4.05,8.,-5.75));
#2800=CARTESIAN_POINT('Origin',(-5.75,8.,-5.75));
#2801=CARTESIAN_POINT('Origin',(-5.75,8.,-5.75));
#2802=CARTESIAN_POINT('Origin',(-5.75,8.,-5.75));
#2803=CARTESIAN_POINT('Origin',(-113.05,11.,-181.35));
#2804=CARTESIAN_POINT('',(-111.35,14.,-181.35));
#2805=CARTESIAN_POINT('',(-114.75,14.,-181.35));
#2806=CARTESIAN_POINT('Origin',(-113.05,14.,-181.35));
#2807=CARTESIAN_POINT('Origin',(-113.05,14.,-181.35));
#2808=CARTESIAN_POINT('',(-114.75,8.,-181.35));
#2809=CARTESIAN_POINT('',(-114.75,11.,-181.35));
#2810=CARTESIAN_POINT('',(-111.35,8.,-181.35));
#2811=CARTESIAN_POINT('Origin',(-113.05,8.,-181.35));
#2812=CARTESIAN_POINT('Origin',(-113.05,8.,-181.35));
#2813=CARTESIAN_POINT('Origin',(-113.05,8.,-181.35));
#2814=CARTESIAN_POINT('Origin',(0.999999999999922,0.,-46.5));
#2815=CARTESIAN_POINT('',(-8.00000000000009,2.,-46.5));
#2816=CARTESIAN_POINT('',(0.999999999999922,2.,-46.5));
#2817=CARTESIAN_POINT('',(-29.2,2.,-46.5));
#2818=CARTESIAN_POINT('',(-8.00000000000009,0.,-46.5));
#2819=CARTESIAN_POINT('',(-8.00000000000009,0.,-46.5));
#2820=CARTESIAN_POINT('',(0.999999999999922,0.,-46.5));
#2821=CARTESIAN_POINT('',(-29.2,0.,-46.5));
#2822=CARTESIAN_POINT('',(0.999999999999922,0.,-46.5));
#2823=CARTESIAN_POINT('Origin',(0.999999999999919,0.,-31.5));
#2824=CARTESIAN_POINT('',(0.999999999999919,2.,-31.5));
#2825=CARTESIAN_POINT('',(0.999999999999921,2.,-62.525));
#2826=CARTESIAN_POINT('',(0.999999999999919,0.,-31.5));
#2827=CARTESIAN_POINT('',(0.999999999999921,0.,-62.525));
#2828=CARTESIAN_POINT('',(0.999999999999919,0.,-31.5));
#2829=CARTESIAN_POINT('Origin',(-8.00000000000009,0.,-31.5));
#2830=CARTESIAN_POINT('',(-8.00000000000009,2.,-31.5));
#2831=CARTESIAN_POINT('',(-33.7000000000001,2.,-31.5));
#2832=CARTESIAN_POINT('',(-8.00000000000009,0.,-31.5));
#2833=CARTESIAN_POINT('',(-33.7000000000001,0.,-31.5));
#2834=CARTESIAN_POINT('',(-8.00000000000009,0.,-31.5));
#2835=CARTESIAN_POINT('Origin',(-8.00000000000009,0.,-46.5));
#2836=CARTESIAN_POINT('',(-8.00000000000008,2.,-70.025));
#2837=CARTESIAN_POINT('',(-8.00000000000008,0.,-70.025));
#2838=CARTESIAN_POINT('Origin',(-56.9,7.,-93.55));
#2839=CARTESIAN_POINT('',(-2.25,7.,-11.25));
#2840=CARTESIAN_POINT('',(-3.25,7.,-11.1942719099992));
#2841=CARTESIAN_POINT('Origin',(-2.25,7.,-2.25));
#2842=CARTESIAN_POINT('',(-2.25000000000001,7.,-26.25));
#2843=CARTESIAN_POINT('',(-2.25,7.,-2.25000000000001));
#2844=CARTESIAN_POINT('',(2.74999999999999,7.,-26.25));
#2845=CARTESIAN_POINT('',(-2.25000000000001,7.,-26.25));
#2846=CARTESIAN_POINT('',(2.74999999999999,7.,-51.75));
#2847=CARTESIAN_POINT('',(2.74999999999999,7.,-26.25));
#2848=CARTESIAN_POINT('',(-2.25000000000014,7.,-51.75));
#2849=CARTESIAN_POINT('',(2.74999999999999,7.,-51.75));
#2850=CARTESIAN_POINT('',(-2.25000000000014,7.,-80.75));
#2851=CARTESIAN_POINT('',(-2.25000000000014,7.,-51.75));
#2852=CARTESIAN_POINT('',(-3.25000000000021,7.,-80.75));
#2853=CARTESIAN_POINT('',(-2.25000000000014,7.,-80.75));
#2854=CARTESIAN_POINT('',(-3.25000000000021,7.,-50.75));
#2855=CARTESIAN_POINT('',(-3.25000000000021,7.,-80.75));
#2856=CARTESIAN_POINT('',(1.74999999999999,7.,-50.75));
#2857=CARTESIAN_POINT('',(-3.25000000000021,7.,-50.75));
#2858=CARTESIAN_POINT('',(1.74999999999999,7.,-27.25));
#2859=CARTESIAN_POINT('',(1.74999999999999,7.,-50.75));
#2860=CARTESIAN_POINT('',(-3.25000000000001,7.,-27.25));
#2861=CARTESIAN_POINT('',(1.74999999999999,7.,-27.25));
#2862=CARTESIAN_POINT('',(-3.25000000000001,7.,-27.25));
#2863=CARTESIAN_POINT('Origin',(-56.9,7.,-93.55));
#2864=CARTESIAN_POINT('',(-107.55,7.,-2.25));
#2865=CARTESIAN_POINT('',(-107.605728090001,7.,-3.24999999999999));
#2866=CARTESIAN_POINT('Origin',(-116.55,7.,-2.25));
#2867=CARTESIAN_POINT('',(-11.25,7.,-2.25000000000001));
#2868=CARTESIAN_POINT('',(-116.55,7.,-2.25));
#2869=CARTESIAN_POINT('',(-11.1942719099992,7.,-3.25000000000001));
#2870=CARTESIAN_POINT('Origin',(-2.25,7.,-2.25));
#2871=CARTESIAN_POINT('',(-3.25,7.,-3.25000000000001));
#2872=CARTESIAN_POINT('Origin',(-56.9,7.,-93.55));
#2873=CARTESIAN_POINT('',(-116.55,7.,-175.85));
#2874=CARTESIAN_POINT('',(-115.55,7.,-175.905728090001));
#2875=CARTESIAN_POINT('Origin',(-116.55,7.,-184.85));
#2876=CARTESIAN_POINT('',(-116.55,7.,-11.25));
#2877=CARTESIAN_POINT('',(-116.55,7.,-184.85));
#2878=CARTESIAN_POINT('',(-115.55,7.,-11.1942719099992));
#2879=CARTESIAN_POINT('Origin',(-116.55,7.,-2.25));
#2880=CARTESIAN_POINT('',(-115.55,7.,-3.24999999999999));
#2881=CARTESIAN_POINT('Origin',(-56.9,7.,-93.55));
#2882=CARTESIAN_POINT('',(-11.25,7.,-184.85));
#2883=CARTESIAN_POINT('',(-11.1942719099992,7.,-183.85));
#2884=CARTESIAN_POINT('Origin',(-2.25,7.,-184.85));
#2885=CARTESIAN_POINT('',(-107.55,7.,-184.85));
#2886=CARTESIAN_POINT('',(-2.25000000000001,7.,-184.85));
#2887=CARTESIAN_POINT('',(-107.605728090001,7.,-183.85));
#2888=CARTESIAN_POINT('Origin',(-116.55,7.,-184.85));
#2889=CARTESIAN_POINT('',(-115.55,7.,-183.85));
#2890=CARTESIAN_POINT('Origin',(-3.25000000000001,2.,-27.25));
#2891=CARTESIAN_POINT('',(-3.25,2.,-11.1942719099992));
#2892=CARTESIAN_POINT('',(-3.25,2.,-11.1942719099992));
#2893=CARTESIAN_POINT('',(-3.25000000000001,2.,-27.25));
#2894=CARTESIAN_POINT('',(-3.25000000000001,2.,-27.25));
#2895=CARTESIAN_POINT('',(-3.25000000000002,2.,-60.4));
#2896=CARTESIAN_POINT('Origin',(2.74999999999999,2.,-51.75));
#2897=CARTESIAN_POINT('',(-2.25000000000014,2.,-51.75));
#2898=CARTESIAN_POINT('',(2.74999999999999,2.,-51.75));
#2899=CARTESIAN_POINT('',(-28.325,2.,-51.75));
#2900=CARTESIAN_POINT('',(-2.25000000000014,2.,-51.75));
#2901=CARTESIAN_POINT('',(2.74999999999999,2.,-51.75));
#2902=CARTESIAN_POINT('Origin',(2.74999999999999,2.,-26.25));
#2903=CARTESIAN_POINT('',(2.74999999999999,2.,-26.25));
#2904=CARTESIAN_POINT('',(2.74999999999999,2.,-59.9));
#2905=CARTESIAN_POINT('',(2.74999999999999,2.,-26.25));
#2906=CARTESIAN_POINT('Origin',(-2.25000000000001,2.,-26.25));
#2907=CARTESIAN_POINT('',(-2.25000000000001,2.,-26.25));
#2908=CARTESIAN_POINT('',(-30.825,2.,-26.25));
#2909=CARTESIAN_POINT('',(-2.25000000000001,2.,-26.25));
#2910=CARTESIAN_POINT('Origin',(2.74999999999992,2.,-160.85));
#2911=CARTESIAN_POINT('',(-2.25000000000003,2.,-160.85));
#2912=CARTESIAN_POINT('',(2.74999999999992,2.,-160.85));
#2913=CARTESIAN_POINT('',(-28.325,2.,-160.85));
#2914=CARTESIAN_POINT('',(-2.25000000000003,7.,-160.85));
#2915=CARTESIAN_POINT('',(-2.25000000000003,2.,-160.85));
#2916=CARTESIAN_POINT('',(2.74999999999992,7.,-160.85));
#2917=CARTESIAN_POINT('',(2.74999999999992,7.,-160.85));
#2918=CARTESIAN_POINT('',(2.74999999999992,2.,-160.85));
#2919=CARTESIAN_POINT('Origin',(2.74999999999994,2.,-135.35));
#2920=CARTESIAN_POINT('',(2.74999999999994,2.,-135.35));
#2921=CARTESIAN_POINT('',(2.74999999999994,2.,-114.45));
#2922=CARTESIAN_POINT('',(2.74999999999994,7.,-135.35));
#2923=CARTESIAN_POINT('',(2.74999999999994,7.,-135.35));
#2924=CARTESIAN_POINT('',(2.74999999999994,2.,-135.35));
#2925=CARTESIAN_POINT('Origin',(-2.25000000000035,2.,-135.35));
#2926=CARTESIAN_POINT('',(-2.25000000000035,2.,-135.35));
#2927=CARTESIAN_POINT('',(-30.8250000000002,2.,-135.35));
#2928=CARTESIAN_POINT('',(-2.25000000000035,7.,-135.35));
#2929=CARTESIAN_POINT('',(-2.25000000000035,7.,-135.35));
#2930=CARTESIAN_POINT('',(-2.25000000000035,2.,-135.35));
#2931=CARTESIAN_POINT('Origin',(-2.2500000000002,2.,-106.35));
#2932=CARTESIAN_POINT('',(-2.2500000000002,2.,-106.35));
#2933=CARTESIAN_POINT('',(-2.25000000000017,2.,-99.9500000000002));
#2934=CARTESIAN_POINT('',(-2.2500000000002,7.,-106.35));
#2935=CARTESIAN_POINT('',(-2.2500000000002,7.,-106.35));
#2936=CARTESIAN_POINT('',(-2.2500000000002,2.,-106.35));
#2937=CARTESIAN_POINT('Origin',(-3.25000000000021,2.,-106.35));
#2938=CARTESIAN_POINT('',(-3.25000000000021,2.,-106.35));
#2939=CARTESIAN_POINT('',(-31.3250000000001,2.,-106.35));
#2940=CARTESIAN_POINT('',(-3.25000000000021,7.,-106.35));
#2941=CARTESIAN_POINT('',(-3.25000000000021,7.,-106.35));
#2942=CARTESIAN_POINT('',(-3.25000000000021,2.,-106.35));
#2943=CARTESIAN_POINT('Origin',(-3.25000000000027,2.,-136.35));
#2944=CARTESIAN_POINT('',(-3.25000000000027,2.,-136.35));
#2945=CARTESIAN_POINT('',(-3.25000000000022,2.,-114.95));
#2946=CARTESIAN_POINT('',(-3.25000000000027,7.,-136.35));
#2947=CARTESIAN_POINT('',(-3.25000000000027,7.,-136.35));
#2948=CARTESIAN_POINT('',(-3.25000000000027,2.,-136.35));
#2949=CARTESIAN_POINT('Origin',(1.74999999999994,2.,-136.35));
#2950=CARTESIAN_POINT('',(1.74999999999994,2.,-136.35));
#2951=CARTESIAN_POINT('',(-28.825,2.,-136.35));
#2952=CARTESIAN_POINT('',(1.74999999999994,7.,-136.35));
#2953=CARTESIAN_POINT('',(1.74999999999994,7.,-136.35));
#2954=CARTESIAN_POINT('',(1.74999999999994,2.,-136.35));
#2955=CARTESIAN_POINT('Origin',(1.74999999999993,2.,-159.85));
#2956=CARTESIAN_POINT('',(1.74999999999993,2.,-159.85));
#2957=CARTESIAN_POINT('',(1.74999999999994,2.,-126.7));
#2958=CARTESIAN_POINT('',(1.74999999999993,7.,-159.85));
#2959=CARTESIAN_POINT('',(1.74999999999993,7.,-159.85));
#2960=CARTESIAN_POINT('',(1.74999999999993,2.,-159.85));
#2961=CARTESIAN_POINT('Origin',(-3.25000000000025,2.,-159.85));
#2962=CARTESIAN_POINT('',(-3.25000000000025,2.,-159.85));
#2963=CARTESIAN_POINT('',(-31.3250000000001,2.,-159.85));
#2964=CARTESIAN_POINT('',(-3.25000000000025,7.,-159.85));
#2965=CARTESIAN_POINT('',(-3.25000000000025,7.,-159.85));
#2966=CARTESIAN_POINT('',(-3.25000000000025,2.,-159.85));
#2967=CARTESIAN_POINT('Origin',(-3.25000000000023,2.,-183.85));
#2968=CARTESIAN_POINT('',(-3.25000000000024,2.,-175.905728090001));
#2969=CARTESIAN_POINT('',(-3.25000000000024,7.,-175.905728090001));
#2970=CARTESIAN_POINT('',(-3.25000000000024,2.,-175.905728090001));
#2971=CARTESIAN_POINT('',(-3.25000000000027,2.,-138.7));
#2972=CARTESIAN_POINT('',(-3.25000000000023,7.,-183.85));
#2973=CARTESIAN_POINT('Origin',(-115.55,2.,-183.85));
#2974=CARTESIAN_POINT('',(-11.1942719099992,2.,-183.85));
#2975=CARTESIAN_POINT('',(-11.1942719099992,2.,-183.85));
#2976=CARTESIAN_POINT('',(-107.605728090001,2.,-183.85));
#2977=CARTESIAN_POINT('',(-107.605728090001,2.,-183.85));
#2978=CARTESIAN_POINT('',(-87.475,2.,-183.85));
#2979=CARTESIAN_POINT('Origin',(-115.55,2.,-3.24999999999999));
#2980=CARTESIAN_POINT('',(-115.55,2.,-175.905728090001));
#2981=CARTESIAN_POINT('',(-115.55,2.,-175.905728090001));
#2982=CARTESIAN_POINT('',(-115.55,2.,-11.1942719099992));
#2983=CARTESIAN_POINT('',(-115.55,2.,-11.1942719099992));
#2984=CARTESIAN_POINT('',(-115.55,2.,-48.4));
#2985=CARTESIAN_POINT('Origin',(-3.25,2.,-3.25000000000001));
#2986=CARTESIAN_POINT('',(-107.605728090001,2.,-3.24999999999999));
#2987=CARTESIAN_POINT('',(-107.605728090001,2.,-3.24999999999999));
#2988=CARTESIAN_POINT('',(-11.1942719099992,2.,-3.25000000000001));
#2989=CARTESIAN_POINT('',(-11.1942719099992,2.,-3.25000000000001));
#2990=CARTESIAN_POINT('',(-31.325,2.,-3.25000000000001));
#2991=CARTESIAN_POINT('Origin',(1.74999999999999,2.,-27.25));
#2992=CARTESIAN_POINT('',(1.74999999999999,2.,-27.25));
#2993=CARTESIAN_POINT('',(-28.825,2.,-27.25));
#2994=CARTESIAN_POINT('',(1.74999999999999,2.,-27.25));
#2995=CARTESIAN_POINT('Origin',(1.74999999999999,2.,-50.75));
#2996=CARTESIAN_POINT('',(1.74999999999999,2.,-50.75));
#2997=CARTESIAN_POINT('',(1.74999999999998,2.,-72.15));
#2998=CARTESIAN_POINT('',(1.74999999999999,2.,-50.75));
#2999=CARTESIAN_POINT('Origin',(-3.25000000000021,2.,-50.75));
#3000=CARTESIAN_POINT('',(-3.25000000000021,2.,-50.75));
#3001=CARTESIAN_POINT('',(-31.3250000000001,2.,-50.75));
#3002=CARTESIAN_POINT('',(-3.25000000000021,2.,-50.75));
#3003=CARTESIAN_POINT('Origin',(-3.25000000000021,2.,-80.75));
#3004=CARTESIAN_POINT('',(-3.25000000000021,2.,-80.75));
#3005=CARTESIAN_POINT('',(-3.25000000000021,2.,-87.15));
#3006=CARTESIAN_POINT('',(-3.25000000000021,2.,-80.75));
#3007=CARTESIAN_POINT('Origin',(-2.25000000000014,2.,-80.75));
#3008=CARTESIAN_POINT('',(-2.25000000000014,2.,-80.75));
#3009=CARTESIAN_POINT('',(-30.8250000000001,2.,-80.75));
#3010=CARTESIAN_POINT('',(-2.25000000000014,2.,-80.75));
#3011=CARTESIAN_POINT('Origin',(-2.25000000000014,2.,-51.75));
#3012=CARTESIAN_POINT('',(-2.25000000000015,2.,-72.65));
#3013=CARTESIAN_POINT('Origin',(-56.9,7.,-93.55));
#3014=CARTESIAN_POINT('',(-2.25000000000001,7.,-175.85));
#3015=CARTESIAN_POINT('Origin',(-2.25,7.,-184.85));
#3016=CARTESIAN_POINT('',(-2.25000000000003,7.,-160.85));
#3017=CARTESIAN_POINT('Origin',(-2.25000000000001,2.,-175.85));
#3018=CARTESIAN_POINT('',(-2.25,2.,-184.85));
#3019=CARTESIAN_POINT('',(-2.25,14.,-184.85));
#3020=CARTESIAN_POINT('',(-2.25,2.,-184.85));
#3021=CARTESIAN_POINT('',(-2.25000000000001,14.,-175.85));
#3022=CARTESIAN_POINT('',(-2.25000000000001,14.,-175.85));
#3023=CARTESIAN_POINT('',(-2.25000000000001,2.,-175.85));
#3024=CARTESIAN_POINT('',(-2.25000000000005,2.,-134.7));
#3025=CARTESIAN_POINT('Origin',(-2.25,2.,-184.85));
#3026=CARTESIAN_POINT('',(-11.25,14.,-184.85));
#3027=CARTESIAN_POINT('',(-11.25,2.,-184.85));
#3028=CARTESIAN_POINT('',(-2.25,14.,-184.85));
#3029=CARTESIAN_POINT('',(-116.55,2.,-184.85));
#3030=CARTESIAN_POINT('',(-30.825,2.,-184.85));
#3031=CARTESIAN_POINT('',(-116.55,14.,-184.85));
#3032=CARTESIAN_POINT('',(-116.55,2.,-184.85));
#3033=CARTESIAN_POINT('',(-107.55,14.,-184.85));
#3034=CARTESIAN_POINT('',(-107.55,14.,-184.85));
#3035=CARTESIAN_POINT('',(-107.55,2.,-184.85));
#3036=CARTESIAN_POINT('Origin',(-2.25,2.,-184.85));
#3037=CARTESIAN_POINT('Origin',(-2.25,14.,-184.85));
#3038=CARTESIAN_POINT('Origin',(-2.25,2.,-184.85));
#3039=CARTESIAN_POINT('Origin',(-116.55,2.,-184.85));
#3040=CARTESIAN_POINT('',(-116.55,14.,-175.85));
#3041=CARTESIAN_POINT('',(-116.55,2.,-175.85));
#3042=CARTESIAN_POINT('',(-116.55,14.,-184.85));
#3043=CARTESIAN_POINT('',(-116.55,2.,-2.25));
#3044=CARTESIAN_POINT('',(-116.55,2.,-139.2));
#3045=CARTESIAN_POINT('',(-116.55,14.,-2.25));
#3046=CARTESIAN_POINT('',(-116.55,2.,-2.25));
#3047=CARTESIAN_POINT('',(-116.55,14.,-11.25));
#3048=CARTESIAN_POINT('',(-116.55,14.,-11.25));
#3049=CARTESIAN_POINT('',(-116.55,2.,-11.25));
#3050=CARTESIAN_POINT('Origin',(-116.55,2.,-184.85));
#3051=CARTESIAN_POINT('Origin',(-116.55,14.,-184.85));
#3052=CARTESIAN_POINT('Origin',(-116.55,2.,-184.85));
#3053=CARTESIAN_POINT('Origin',(-116.55,2.,-2.25));
#3054=CARTESIAN_POINT('',(-107.55,14.,-2.25));
#3055=CARTESIAN_POINT('',(-107.55,2.,-2.25));
#3056=CARTESIAN_POINT('',(-116.55,14.,-2.25));
#3057=CARTESIAN_POINT('',(-2.25,2.,-2.25));
#3058=CARTESIAN_POINT('',(-87.975,2.,-2.25));
#3059=CARTESIAN_POINT('',(-2.25,14.,-2.25));
#3060=CARTESIAN_POINT('',(-2.25,2.,-2.25));
#3061=CARTESIAN_POINT('',(-11.25,14.,-2.25));
#3062=CARTESIAN_POINT('',(-11.25,14.,-2.25));
#3063=CARTESIAN_POINT('',(-11.25,2.,-2.25));
#3064=CARTESIAN_POINT('Origin',(-116.55,2.,-2.25));
#3065=CARTESIAN_POINT('Origin',(-116.55,14.,-2.25));
#3066=CARTESIAN_POINT('Origin',(-116.55,2.,-2.25));
#3067=CARTESIAN_POINT('Origin',(-2.25,2.,-2.25));
#3068=CARTESIAN_POINT('',(-2.25,14.,-11.25));
#3069=CARTESIAN_POINT('',(-2.25,2.,-11.25));
#3070=CARTESIAN_POINT('',(-2.25,14.,-2.25));
#3071=CARTESIAN_POINT('',(-2.25000000000001,2.,-47.9));
#3072=CARTESIAN_POINT('Origin',(-2.25,2.,-2.25));
#3073=CARTESIAN_POINT('Origin',(-2.25,14.,-2.25));
#3074=CARTESIAN_POINT('Origin',(-2.25,2.,-2.25));
#3075=CARTESIAN_POINT('Origin',(-6.75,14.,-6.75));
#3076=CARTESIAN_POINT('Origin',(-6.75,14.,-180.35));
#3077=CARTESIAN_POINT('Origin',(-112.05,14.,-6.75));
#3078=CARTESIAN_POINT('Origin',(-112.05,14.,-180.35));
#3079=CARTESIAN_POINT('Origin',(-21.35,2.,-12.15));
#3080=CARTESIAN_POINT('',(-21.35,2.,-11.15));
#3081=CARTESIAN_POINT('',(-21.35,2.,-12.15));
#3082=CARTESIAN_POINT('',(-21.35,2.,-52.85));
#3083=CARTESIAN_POINT('',(-21.35,7.,-11.15));
#3084=CARTESIAN_POINT('',(-21.35,2.,-11.15));
#3085=CARTESIAN_POINT('',(-21.35,7.,-12.15));
#3086=CARTESIAN_POINT('',(-21.35,7.,-12.15));
#3087=CARTESIAN_POINT('',(-21.35,2.,-12.15));
#3088=CARTESIAN_POINT('Origin',(-11.35,2.,-12.15));
#3089=CARTESIAN_POINT('',(-11.35,2.,-12.15));
#3090=CARTESIAN_POINT('',(-35.375,2.,-12.15));
#3091=CARTESIAN_POINT('',(-11.35,7.,-12.15));
#3092=CARTESIAN_POINT('',(-11.35,7.,-12.15));
#3093=CARTESIAN_POINT('',(-11.35,2.,-12.15));
#3094=CARTESIAN_POINT('Origin',(-11.35,2.,-22.15));
#3095=CARTESIAN_POINT('',(-11.35,2.,-22.15));
#3096=CARTESIAN_POINT('',(-11.35,2.,-57.85));
#3097=CARTESIAN_POINT('',(-11.35,7.,-22.15));
#3098=CARTESIAN_POINT('',(-11.35,7.,-22.15));
#3099=CARTESIAN_POINT('',(-11.35,2.,-22.15));
#3100=CARTESIAN_POINT('Origin',(-10.35,2.,-22.15));
#3101=CARTESIAN_POINT('',(-10.35,2.,-22.15));
#3102=CARTESIAN_POINT('',(-34.875,2.,-22.15));
#3103=CARTESIAN_POINT('',(-10.35,7.,-22.15));
#3104=CARTESIAN_POINT('',(-10.35,7.,-22.15));
#3105=CARTESIAN_POINT('',(-10.35,2.,-22.15));
#3106=CARTESIAN_POINT('Origin',(-10.35,2.,-11.15));
#3107=CARTESIAN_POINT('',(-10.35,2.,-11.15));
#3108=CARTESIAN_POINT('',(-10.35,2.,-52.35));
#3109=CARTESIAN_POINT('',(-10.35,7.,-11.15));
#3110=CARTESIAN_POINT('',(-10.35,7.,-11.15));
#3111=CARTESIAN_POINT('',(-10.35,2.,-11.15));
#3112=CARTESIAN_POINT('Origin',(-21.35,2.,-11.15));
#3113=CARTESIAN_POINT('',(-40.375,2.,-11.15));
#3114=CARTESIAN_POINT('',(-21.35,7.,-11.15));
#3115=CARTESIAN_POINT('Origin',(-15.85,7.,-16.65));
#3116=CARTESIAN_POINT('Origin',(-91.35,2.,-177.65));
#3117=CARTESIAN_POINT('',(-91.35,2.,-178.65));
#3118=CARTESIAN_POINT('',(-91.35,2.,-177.65));
#3119=CARTESIAN_POINT('',(-91.35,2.,-135.6));
#3120=CARTESIAN_POINT('',(-91.35,7.,-178.65));
#3121=CARTESIAN_POINT('',(-91.35,2.,-178.65));
#3122=CARTESIAN_POINT('',(-91.35,7.,-177.65));
#3123=CARTESIAN_POINT('',(-91.35,7.,-177.65));
#3124=CARTESIAN_POINT('',(-91.35,2.,-177.65));
#3125=CARTESIAN_POINT('Origin',(-101.35,2.,-177.65));
#3126=CARTESIAN_POINT('',(-101.35,2.,-177.65));
#3127=CARTESIAN_POINT('',(-80.375,2.,-177.65));
#3128=CARTESIAN_POINT('',(-101.35,7.,-177.65));
#3129=CARTESIAN_POINT('',(-101.35,7.,-177.65));
#3130=CARTESIAN_POINT('',(-101.35,2.,-177.65));
#3131=CARTESIAN_POINT('Origin',(-101.35,2.,-178.65));
#3132=CARTESIAN_POINT('',(-101.35,2.,-178.65));
#3133=CARTESIAN_POINT('',(-101.35,2.,-136.1));
#3134=CARTESIAN_POINT('',(-101.35,7.,-178.65));
#3135=CARTESIAN_POINT('',(-101.35,7.,-178.65));
#3136=CARTESIAN_POINT('',(-101.35,2.,-178.65));
#3137=CARTESIAN_POINT('Origin',(-91.35,2.,-178.65));
#3138=CARTESIAN_POINT('',(-75.375,2.,-178.65));
#3139=CARTESIAN_POINT('',(-91.35,7.,-178.65));
#3140=CARTESIAN_POINT('Origin',(-96.35,7.,-178.15));
#3141=CARTESIAN_POINT('Origin',(-11.35,2.,-167.65));
#3142=CARTESIAN_POINT('',(-10.35,2.,-167.65));
#3143=CARTESIAN_POINT('',(-11.35,2.,-167.65));
#3144=CARTESIAN_POINT('',(-35.375,2.,-167.65));
#3145=CARTESIAN_POINT('',(-10.35,7.,-167.65));
#3146=CARTESIAN_POINT('',(-10.35,2.,-167.65));
#3147=CARTESIAN_POINT('',(-11.35,7.,-167.65));
#3148=CARTESIAN_POINT('',(-11.35,7.,-167.65));
#3149=CARTESIAN_POINT('',(-11.35,2.,-167.65));
#3150=CARTESIAN_POINT('Origin',(-11.35,2.,-177.65));
#3151=CARTESIAN_POINT('',(-11.35,2.,-177.65));
#3152=CARTESIAN_POINT('',(-11.35,2.,-135.6));
#3153=CARTESIAN_POINT('',(-11.35,7.,-177.65));
#3154=CARTESIAN_POINT('',(-11.35,7.,-177.65));
#3155=CARTESIAN_POINT('',(-11.35,2.,-177.65));
#3156=CARTESIAN_POINT('Origin',(-21.35,2.,-177.65));
#3157=CARTESIAN_POINT('',(-21.35,2.,-177.65));
#3158=CARTESIAN_POINT('',(-40.375,2.,-177.65));
#3159=CARTESIAN_POINT('',(-21.35,7.,-177.65));
#3160=CARTESIAN_POINT('',(-21.35,7.,-177.65));
#3161=CARTESIAN_POINT('',(-21.35,2.,-177.65));
#3162=CARTESIAN_POINT('Origin',(-21.35,2.,-178.65));
#3163=CARTESIAN_POINT('',(-21.35,2.,-178.65));
#3164=CARTESIAN_POINT('',(-21.35,2.,-136.1));
#3165=CARTESIAN_POINT('',(-21.35,7.,-178.65));
#3166=CARTESIAN_POINT('',(-21.35,7.,-178.65));
#3167=CARTESIAN_POINT('',(-21.35,2.,-178.65));
#3168=CARTESIAN_POINT('Origin',(-10.35,2.,-178.65));
#3169=CARTESIAN_POINT('',(-10.35,2.,-178.65));
#3170=CARTESIAN_POINT('',(-34.875,2.,-178.65));
#3171=CARTESIAN_POINT('',(-10.35,7.,-178.65));
#3172=CARTESIAN_POINT('',(-10.35,7.,-178.65));
#3173=CARTESIAN_POINT('',(-10.35,2.,-178.65));
#3174=CARTESIAN_POINT('Origin',(-10.35,2.,-167.65));
#3175=CARTESIAN_POINT('',(-10.35,2.,-130.6));
#3176=CARTESIAN_POINT('',(-10.35,7.,-167.65));
#3177=CARTESIAN_POINT('Origin',(-15.85,7.,-173.15));
#3178=CARTESIAN_POINT('Origin',(-111.85,2.,-22.15));
#3179=CARTESIAN_POINT('',(-112.85,2.,-22.15));
#3180=CARTESIAN_POINT('',(-111.85,2.,-22.15));
#3181=CARTESIAN_POINT('',(-85.625,2.,-22.15));
#3182=CARTESIAN_POINT('',(-112.85,7.,-22.15));
#3183=CARTESIAN_POINT('',(-112.85,2.,-22.15));
#3184=CARTESIAN_POINT('',(-111.85,7.,-22.15));
#3185=CARTESIAN_POINT('',(-111.85,7.,-22.15));
#3186=CARTESIAN_POINT('',(-111.85,2.,-22.15));
#3187=CARTESIAN_POINT('Origin',(-111.85,2.,-12.15));
#3188=CARTESIAN_POINT('',(-111.85,2.,-12.15));
#3189=CARTESIAN_POINT('',(-111.85,2.,-52.85));
#3190=CARTESIAN_POINT('',(-111.85,7.,-12.15));
#3191=CARTESIAN_POINT('',(-111.85,7.,-12.15));
#3192=CARTESIAN_POINT('',(-111.85,2.,-12.15));
#3193=CARTESIAN_POINT('Origin',(-101.85,2.,-12.15));
#3194=CARTESIAN_POINT('',(-101.85,2.,-12.15));
#3195=CARTESIAN_POINT('',(-80.625,2.,-12.15));
#3196=CARTESIAN_POINT('',(-101.85,7.,-12.15));
#3197=CARTESIAN_POINT('',(-101.85,7.,-12.15));
#3198=CARTESIAN_POINT('',(-101.85,2.,-12.15));
#3199=CARTESIAN_POINT('Origin',(-101.85,2.,-11.15));
#3200=CARTESIAN_POINT('',(-101.85,2.,-11.15));
#3201=CARTESIAN_POINT('',(-101.85,2.,-52.35));
#3202=CARTESIAN_POINT('',(-101.85,7.,-11.15));
#3203=CARTESIAN_POINT('',(-101.85,7.,-11.15));
#3204=CARTESIAN_POINT('',(-101.85,2.,-11.15));
#3205=CARTESIAN_POINT('Origin',(-112.85,2.,-11.15));
#3206=CARTESIAN_POINT('',(-112.85,2.,-11.15));
#3207=CARTESIAN_POINT('',(-86.125,2.,-11.15));
#3208=CARTESIAN_POINT('',(-112.85,7.,-11.15));
#3209=CARTESIAN_POINT('',(-112.85,7.,-11.15));
#3210=CARTESIAN_POINT('',(-112.85,2.,-11.15));
#3211=CARTESIAN_POINT('Origin',(-112.85,2.,-22.15));
#3212=CARTESIAN_POINT('',(-112.85,2.,-57.85));
#3213=CARTESIAN_POINT('',(-112.85,7.,-22.15));
#3214=CARTESIAN_POINT('Origin',(-107.35,7.,-16.65));
#3215=CARTESIAN_POINT('Origin',(-112.85,2.,-123.1));
#3216=CARTESIAN_POINT('',(-111.85,2.,-123.1));
#3217=CARTESIAN_POINT('',(-112.85,2.,-123.1));
#3218=CARTESIAN_POINT('',(-86.125,2.,-123.1));
#3219=CARTESIAN_POINT('',(-111.85,7.,-123.1));
#3220=CARTESIAN_POINT('',(-111.85,2.,-123.1));
#3221=CARTESIAN_POINT('',(-112.85,7.,-123.1));
#3222=CARTESIAN_POINT('',(-112.85,7.,-123.1));
#3223=CARTESIAN_POINT('',(-112.85,2.,-123.1));
#3224=CARTESIAN_POINT('Origin',(-112.85,2.,-133.1));
#3225=CARTESIAN_POINT('',(-112.85,2.,-133.1));
#3226=CARTESIAN_POINT('',(-112.85,2.,-113.325));
#3227=CARTESIAN_POINT('',(-112.85,7.,-133.1));
#3228=CARTESIAN_POINT('',(-112.85,7.,-133.1));
#3229=CARTESIAN_POINT('',(-112.85,2.,-133.1));
#3230=CARTESIAN_POINT('Origin',(-111.85,2.,-133.1));
#3231=CARTESIAN_POINT('',(-111.85,2.,-133.1));
#3232=CARTESIAN_POINT('',(-85.625,2.,-133.1));
#3233=CARTESIAN_POINT('',(-111.85,7.,-133.1));
#3234=CARTESIAN_POINT('',(-111.85,7.,-133.1));
#3235=CARTESIAN_POINT('',(-111.85,2.,-133.1));
#3236=CARTESIAN_POINT('Origin',(-111.85,2.,-123.1));
#3237=CARTESIAN_POINT('',(-111.85,2.,-108.325));
#3238=CARTESIAN_POINT('',(-111.85,7.,-123.1));
#3239=CARTESIAN_POINT('Origin',(-112.35,7.,-128.1));
#3240=CARTESIAN_POINT('Origin',(-105.8,1.,-53.775));
#3241=CARTESIAN_POINT('',(-104.8,2.,-14.));
#3242=CARTESIAN_POINT('',(-104.8,2.,-173.1));
#3243=CARTESIAN_POINT('',(-104.8,2.,-14.));
#3244=CARTESIAN_POINT('',(-106.8,0.,-12.));
#3245=CARTESIAN_POINT('',(-104.8,2.,-14.));
#3246=CARTESIAN_POINT('',(-106.8,0.,-175.1));
#3247=CARTESIAN_POINT('',(-106.8,0.,-53.775));
#3248=CARTESIAN_POINT('',(-106.8,0.,-175.1));
#3249=CARTESIAN_POINT('Origin',(-82.1,1.,-174.1));
#3250=CARTESIAN_POINT('',(-12.,0.,-175.1));
#3251=CARTESIAN_POINT('',(-82.1,0.,-175.1));
#3252=CARTESIAN_POINT('',(-14.,2.,-173.1));
#3253=CARTESIAN_POINT('',(-12.,0.,-175.1));
#3254=CARTESIAN_POINT('',(-104.8,2.,-173.1));
#3255=CARTESIAN_POINT('Origin',(-13.,1.,-133.325));
#3256=CARTESIAN_POINT('',(-14.,2.,-14.));
#3257=CARTESIAN_POINT('',(-14.,2.,-173.1));
#3258=CARTESIAN_POINT('',(-12.,0.,-12.));
#3259=CARTESIAN_POINT('',(-12.,0.,-133.325));
#3260=CARTESIAN_POINT('',(-12.,0.,-12.));
#3261=CARTESIAN_POINT('Origin',(-36.7,1.,-13.));
#3262=CARTESIAN_POINT('',(-14.,2.,-14.));
#3263=CARTESIAN_POINT('',(-36.7,0.,-12.));
#3264=CARTESIAN_POINT('Origin',(-59.4,0.,-93.55));
#3265=CARTESIAN_POINT('',(0.,0.,-187.1));
#3266=CARTESIAN_POINT('',(-118.8,0.,-187.1));
#3267=CARTESIAN_POINT('',(0.,0.,-187.1));
#3268=CARTESIAN_POINT('',(-2.66453525910038E-14,0.,-163.1));
#3269=CARTESIAN_POINT('',(0.,0.,0.));
#3270=CARTESIAN_POINT('',(4.99999999999993,0.,-163.1));
#3271=CARTESIAN_POINT('',(4.99999999999993,0.,-163.1));
#3272=CARTESIAN_POINT('',(4.99999999999993,0.,-133.1));
#3273=CARTESIAN_POINT('',(4.99999999999993,0.,-133.1));
#3274=CARTESIAN_POINT('',(-2.22044604925031E-14,0.,-133.1));
#3275=CARTESIAN_POINT('',(-2.22044604925031E-14,0.,-133.1));
#3276=CARTESIAN_POINT('',(-9.99200722162641E-15,0.,-54.));
#3277=CARTESIAN_POINT('',(0.,0.,0.));
#3278=CARTESIAN_POINT('',(4.99999999999999,0.,-54.));
#3279=CARTESIAN_POINT('',(4.99999999999999,0.,-54.));
#3280=CARTESIAN_POINT('',(4.99999999999999,0.,-24.));
#3281=CARTESIAN_POINT('',(4.99999999999999,0.,-24.));
#3282=CARTESIAN_POINT('',(-4.40872847693047E-15,0.,-24.));
#3283=CARTESIAN_POINT('',(-4.40872847693047E-15,0.,-24.));
#3284=CARTESIAN_POINT('',(0.,0.,0.));
#3285=CARTESIAN_POINT('',(0.,0.,0.));
#3286=CARTESIAN_POINT('',(-118.8,0.,0.));
#3287=CARTESIAN_POINT('',(-118.8,0.,0.));
#3288=CARTESIAN_POINT('',(-118.8,0.,-187.1));
#3289=CARTESIAN_POINT('Origin',(0.,0.,-163.1));
#3290=CARTESIAN_POINT('',(0.,2.,-187.1));
#3291=CARTESIAN_POINT('',(0.,0.,-187.1));
#3292=CARTESIAN_POINT('',(-2.66453525910038E-14,2.,-163.1));
#3293=CARTESIAN_POINT('',(0.,2.,0.));
#3294=CARTESIAN_POINT('',(-2.66453525910038E-14,0.,-163.1));
#3295=CARTESIAN_POINT('Origin',(4.99999999999993,0.,-163.1));
#3296=CARTESIAN_POINT('',(4.99999999999993,2.,-163.1));
#3297=CARTESIAN_POINT('',(4.99999999999993,2.,-163.1));
#3298=CARTESIAN_POINT('',(4.99999999999993,0.,-163.1));
#3299=CARTESIAN_POINT('Origin',(4.99999999999993,0.,-133.1));
#3300=CARTESIAN_POINT('',(4.99999999999993,2.,-133.1));
#3301=CARTESIAN_POINT('',(4.99999999999993,2.,-133.1));
#3302=CARTESIAN_POINT('',(4.99999999999993,0.,-133.1));
#3303=CARTESIAN_POINT('Origin',(-2.22044604925031E-14,0.,-133.1));
#3304=CARTESIAN_POINT('',(-2.22044604925031E-14,2.,-133.1));
#3305=CARTESIAN_POINT('',(-2.22044604925031E-14,2.,-133.1));
#3306=CARTESIAN_POINT('',(-2.22044604925031E-14,0.,-133.1));
#3307=CARTESIAN_POINT('Origin',(0.,0.,-54.));
#3308=CARTESIAN_POINT('',(-9.99200722162641E-15,2.,-54.));
#3309=CARTESIAN_POINT('',(0.,2.,0.));
#3310=CARTESIAN_POINT('',(-9.99200722162641E-15,0.,-54.));
#3311=CARTESIAN_POINT('Origin',(4.99999999999999,0.,-54.));
#3312=CARTESIAN_POINT('',(4.99999999999999,2.,-54.));
#3313=CARTESIAN_POINT('',(4.99999999999999,2.,-54.));
#3314=CARTESIAN_POINT('',(4.99999999999999,0.,-54.));
#3315=CARTESIAN_POINT('Origin',(4.99999999999999,0.,-24.));
#3316=CARTESIAN_POINT('',(4.99999999999999,2.,-24.));
#3317=CARTESIAN_POINT('',(4.99999999999999,2.,-24.));
#3318=CARTESIAN_POINT('',(4.99999999999999,0.,-24.));
#3319=CARTESIAN_POINT('Origin',(-4.40872847693047E-15,0.,-24.));
#3320=CARTESIAN_POINT('',(-4.40872847693047E-15,2.,-24.));
#3321=CARTESIAN_POINT('',(-4.40872847693047E-15,2.,-24.));
#3322=CARTESIAN_POINT('',(-4.40872847693047E-15,0.,-24.));
#3323=CARTESIAN_POINT('Origin',(0.,0.,0.));
#3324=CARTESIAN_POINT('',(0.,2.,0.));
#3325=CARTESIAN_POINT('',(0.,2.,0.));
#3326=CARTESIAN_POINT('',(0.,0.,0.));
#3327=CARTESIAN_POINT('Origin',(-118.8,0.,0.));
#3328=CARTESIAN_POINT('',(-118.8,2.,0.));
#3329=CARTESIAN_POINT('',(-118.8,2.,0.));
#3330=CARTESIAN_POINT('',(-118.8,0.,0.));
#3331=CARTESIAN_POINT('Origin',(-118.8,0.,-187.1));
#3332=CARTESIAN_POINT('',(-118.8,2.,-187.1));
#3333=CARTESIAN_POINT('',(-118.8,2.,-187.1));
#3334=CARTESIAN_POINT('',(-118.8,0.,-187.1));
#3335=CARTESIAN_POINT('Origin',(0.,0.,-187.1));
#3336=CARTESIAN_POINT('',(0.,2.,-187.1));
#3337=CARTESIAN_POINT('Origin',(-59.4,2.,-93.55));
#3338=UNCERTAINTY_MEASURE_WITH_UNIT(LENGTH_MEASURE(0.01),#3342,
'DISTANCE_ACCURACY_VALUE',
'Maximum model space distance between geometric entities at asserted c
onnectivities');
#3339=UNCERTAINTY_MEASURE_WITH_UNIT(LENGTH_MEASURE(0.01),#3342,
'DISTANCE_ACCURACY_VALUE',
'Maximum model space distance between geometric entities at asserted c
onnectivities');
#3340=(
GEOMETRIC_REPRESENTATION_CONTEXT(3)
GLOBAL_UNCERTAINTY_ASSIGNED_CONTEXT((#3338))
GLOBAL_UNIT_ASSIGNED_CONTEXT((#3342,#3344,#3345))
REPRESENTATION_CONTEXT('','3D')
);
#3341=(
GEOMETRIC_REPRESENTATION_CONTEXT(3)
GLOBAL_UNCERTAINTY_ASSIGNED_CONTEXT((#3339))
GLOBAL_UNIT_ASSIGNED_CONTEXT((#3342,#3344,#3345))
REPRESENTATION_CONTEXT('','3D')
);
#3342=(
LENGTH_UNIT()
NAMED_UNIT(*)
SI_UNIT(.MILLI.,.METRE.)
);
#3343=(
LENGTH_UNIT()
NAMED_UNIT(*)
SI_UNIT(.CENTI.,.METRE.)
);
#3344=(
NAMED_UNIT(*)
PLANE_ANGLE_UNIT()
SI_UNIT($,.RADIAN.)
);
#3345=(
NAMED_UNIT(*)
SI_UNIT($,.STERADIAN.)
SOLID_ANGLE_UNIT()
);
#3346=SHAPE_DEFINITION_REPRESENTATION(#3347,#3348);
#3347=PRODUCT_DEFINITION_SHAPE('',$,#3350);
#3348=SHAPE_REPRESENTATION('',(#2118),#3340);
#3349=PRODUCT_DEFINITION_CONTEXT('part definition',#3354,'design');
#3350=PRODUCT_DEFINITION('Front','Front',#3351,#3349);
#3351=PRODUCT_DEFINITION_FORMATION('',$,#3356);
#3352=PRODUCT_RELATED_PRODUCT_CATEGORY('Front','Front',(#3356));
#3353=APPLICATION_PROTOCOL_DEFINITION('international standard',
'automotive_design',2009,#3354);
#3354=APPLICATION_CONTEXT(
'Core Data for Automotive Mechanical Design Process');
#3355=PRODUCT_CONTEXT('part definition',#3354,'mechanical');
#3356=PRODUCT('Front','Front',$,(#3355));
#3357=PRESENTATION_STYLE_ASSIGNMENT((#3359));
#3358=PRESENTATION_STYLE_ASSIGNMENT((#3360));
#3359=SURFACE_STYLE_USAGE(.BOTH.,#3365);
#3360=SURFACE_STYLE_USAGE(.BOTH.,#3366);
#3361=SURFACE_STYLE_RENDERING_WITH_PROPERTIES($,#3373,(#3363));
#3362=SURFACE_STYLE_RENDERING_WITH_PROPERTIES($,#3374,(#3364));
#3363=SURFACE_STYLE_TRANSPARENT(0.);
#3364=SURFACE_STYLE_TRANSPARENT(0.);
#3365=SURFACE_SIDE_STYLE('',(#3367,#3361));
#3366=SURFACE_SIDE_STYLE('',(#3368,#3362));
#3367=SURFACE_STYLE_FILL_AREA(#3369);
#3368=SURFACE_STYLE_FILL_AREA(#3370);
#3369=FILL_AREA_STYLE('',(#3371));
#3370=FILL_AREA_STYLE('',(#3372));
#3371=FILL_AREA_STYLE_COLOUR('',#3373);
#3372=FILL_AREA_STYLE_COLOUR('',#3374);
#3373=COLOUR_RGB('',0.749019607843137,0.749019607843137,0.749019607843137);
#3374=COLOUR_RGB('',0.396078431372549,0.764705882352941,0.92156862745098);
ENDSEC;
END-ISO-10303-21;
