ISO-10303-21;
HEADER;
/* Generated by software containing ST-Developer
 * from STEP Tools, Inc. (www.steptools.com) 
 */

FILE_DESCRIPTION(
/* description */ (''),
/* implementation_level */ '2;1');

FILE_NAME(
/* name */ 
'C:\\Users\\Harald\\Documents\\Projekte\\Wetterstation-2.0\\Inventor\\
Gehaeuse-Outdoor_2_Panels.stp',
/* time_stamp */ '2024-07-23T23:50:25+02:00',
/* author */ ('Harald'),
/* organization */ (''),
/* preprocessor_version */ 'ST-DEVELOPER v18.1',
/* originating_system */ 'Autodesk Inventor 2021',
/* authorisation */ '');

FILE_SCHEMA (('AUTOMOTIVE_DESIGN { 1 0 10303 214 3 1 1 }'));
ENDSEC;

DATA;
#10=MECHANICAL_DESIGN_GEOMETRIC_PRESENTATION_REPRESENTATION('',(#3576,#3577,
#3578,#3579,#3580,#3581,#3582,#3583,#3584,#3585,#3586,#3587,#3588,#3589,
#3590,#3591,#3592,#3593,#3594,#3595,#3596,#3597,#3598,#3599,#3600,#3601,
#3602,#3603,#3604,#3605,#3606,#3607,#3608,#3609,#3610,#3611,#3612,#3613,
#3614,#3615,#3616,#3617,#3618,#3619,#3620,#3621,#3622,#3623,#3624,#3625,
#3626,#3627,#3628,#3629,#3630,#3631,#3632,#3633,#3634,#3635,#3636,#3637,
#3638,#3639,#3640,#3641,#3642,#3643,#3644,#3645,#3646,#3647,#3648,#3649,
#3650,#3651,#3652,#3653,#3654,#3655,#3656,#3657,#3658,#3659,#3660,#3661,
#3662,#3663,#3664,#3665,#3666,#3667,#3668,#3669,#3670,#3671,#3672,#3673,
#3674,#3675,#3676,#3677,#3678,#3679,#3680,#3681,#3682,#3683,#3684,#3685,
#3686,#3687,#3688,#3689,#3690,#3691,#3692,#3693,#3694,#3695,#3696,#3697,
#3698,#3699,#3700,#3701,#3702,#3703,#3704,#3705,#3706,#3707,#3708,#3709,
#3710,#3711,#3712,#3713,#3714,#3715,#3716,#3717,#3718,#3719,#3720,#3721,
#3722,#3723,#3724,#3725,#3726,#3727,#3728,#3729,#3730,#3731,#3732,#3733,
#3734,#3735,#3736,#3737,#3738,#3739,#3740,#3741,#3742,#3743,#3744,#3745,
#3746,#3747,#3748,#3749,#3750,#3751,#3752,#3753,#3754,#3755,#3756,#3757,
#3758,#3759,#3760,#3761,#3762,#3763,#3764,#3765,#3766,#3767,#3768,#3769,
#3770,#3771,#3772,#3773,#3774,#3775,#3776,#3777,#3778,#3779,#3780,#3781,
#3782),#6707);
#11=SHAPE_REPRESENTATION_RELATIONSHIP('SRR','None',#6714,#12);
#12=ADVANCED_BREP_SHAPE_REPRESENTATION('',(#13),#6706);
#13=MANIFOLD_SOLID_BREP('Volumenk\X\F6rper1',#3989);
#14=B_SPLINE_SURFACE_WITH_KNOTS('',3,3,((#6444,#6445,#6446,#6447,#6448,
#6449),(#6450,#6451,#6452,#6453,#6454,#6455),(#6456,#6457,#6458,#6459,#6460,
#6461),(#6462,#6463,#6464,#6465,#6466,#6467),(#6468,#6469,#6470,#6471,#6472,
#6473)),.UNSPECIFIED.,.F.,.F.,.F.,(4,1,4),(4,1,1,4),(0.,0.571428571428571,
1.),(-1.5707963267949,-0.897597901025656,-0.448798950512828,4.36734533478084E-16),
 .UNSPECIFIED.);
#15=B_SPLINE_SURFACE_WITH_KNOTS('',3,3,((#6477,#6478,#6479,#6480,#6481,
#6482),(#6483,#6484,#6485,#6486,#6487,#6488),(#6489,#6490,#6491,#6492,#6493,
#6494),(#6495,#6496,#6497,#6498,#6499,#6500),(#6501,#6502,#6503,#6504,#6505,
#6506)),.UNSPECIFIED.,.F.,.F.,.F.,(4,1,4),(4,1,1,4),(0.,0.571428571428571,
1.),(-1.5707963267949,-0.897597901025656,-0.448798950512828,4.36734533478071E-16),
 .UNSPECIFIED.);
#16=B_SPLINE_SURFACE_WITH_KNOTS('',3,3,((#6510,#6511,#6512,#6513,#6514,
#6515),(#6516,#6517,#6518,#6519,#6520,#6521),(#6522,#6523,#6524,#6525,#6526,
#6527),(#6528,#6529,#6530,#6531,#6532,#6533),(#6534,#6535,#6536,#6537,#6538,
#6539)),.UNSPECIFIED.,.F.,.F.,.F.,(4,1,4),(4,1,1,4),(0.,0.571428571428571,
1.),(-1.5707963267949,-0.897597901025656,-0.448798950512828,4.3673453347808E-16),
 .UNSPECIFIED.);
#17=B_SPLINE_SURFACE_WITH_KNOTS('',3,3,((#6543,#6544,#6545,#6546,#6547,
#6548),(#6549,#6550,#6551,#6552,#6553,#6554),(#6555,#6556,#6557,#6558,#6559,
#6560),(#6561,#6562,#6563,#6564,#6565,#6566),(#6567,#6568,#6569,#6570,#6571,
#6572)),.UNSPECIFIED.,.F.,.F.,.F.,(4,1,4),(4,1,1,4),(0.,0.571428571428571,
1.),(-1.5707963267949,-0.897597901025656,-0.448798950512828,4.36734533478069E-16),
 .UNSPECIFIED.);
#18=B_SPLINE_CURVE_WITH_KNOTS('',3,(#6313,#6314,#6315,#6316,#6317,#6318),
 .UNSPECIFIED.,.F.,.F.,(4,2,4),(0.607340350128165,0.668563826286777,0.801224912965881),
 .UNSPECIFIED.);
#19=B_SPLINE_CURVE_WITH_KNOTS('',3,(#6321,#6322,#6323,#6324,#6325,#6326),
 .UNSPECIFIED.,.F.,.F.,(4,2,4),(0.801224912965881,0.933885999644986,0.995109475803597),
 .UNSPECIFIED.);
#20=B_SPLINE_CURVE_WITH_KNOTS('',3,(#6359,#6360,#6361,#6362,#6363,#6364),
 .UNSPECIFIED.,.F.,.F.,(4,2,4),(0.607340350128165,0.668563826286776,0.80122491296588),
 .UNSPECIFIED.);
#21=B_SPLINE_CURVE_WITH_KNOTS('',3,(#6365,#6366,#6367,#6368,#6369,#6370),
 .UNSPECIFIED.,.F.,.F.,(4,2,4),(0.80122491296588,0.933885999644985,0.995109475803595),
 .UNSPECIFIED.);
#22=TOROIDAL_SURFACE('',#4254,4.5,1.);
#23=TOROIDAL_SURFACE('',#4269,4.5,1.);
#24=TOROIDAL_SURFACE('',#4282,4.5,1.);
#25=TOROIDAL_SURFACE('',#4290,4.5,1.);
#26=ELLIPSE('',#4224,2.91547594742264,2.5);
#27=ELLIPSE('',#4225,2.91547594742265,2.5);
#28=ELLIPSE('',#4228,2.82842712474619,2.);
#29=ELLIPSE('',#4229,2.82842712474619,2.);
#30=ELLIPSE('',#4306,2.91547594742264,2.5);
#31=ELLIPSE('',#4309,2.91547594742265,2.5);
#32=ELLIPSE('',#4312,2.91547594742264,2.5);
#33=ELLIPSE('',#4313,2.91547594742264,2.5);
#34=ELLIPSE('',#4314,2.91547594742264,2.5);
#35=ELLIPSE('',#4315,2.91547594742265,2.5);
#36=ELLIPSE('',#4356,2.82842712474619,2.);
#37=ELLIPSE('',#4357,2.82842712474619,2.);
#38=SPHERICAL_SURFACE('',#4156,1.);
#39=SPHERICAL_SURFACE('',#4161,1.);
#40=SPHERICAL_SURFACE('',#4166,1.);
#41=SPHERICAL_SURFACE('',#4168,1.);
#42=FACE_BOUND('',#585,.T.);
#43=FACE_BOUND('',#586,.T.);
#44=FACE_BOUND('',#597,.T.);
#45=FACE_BOUND('',#598,.T.);
#46=FACE_BOUND('',#601,.T.);
#47=FACE_BOUND('',#602,.T.);
#48=FACE_BOUND('',#603,.T.);
#49=FACE_BOUND('',#604,.T.);
#50=FACE_BOUND('',#605,.T.);
#51=FACE_BOUND('',#607,.T.);
#52=FACE_BOUND('',#608,.T.);
#53=FACE_BOUND('',#626,.T.);
#54=FACE_BOUND('',#627,.T.);
#55=FACE_BOUND('',#650,.T.);
#56=FACE_BOUND('',#651,.T.);
#57=FACE_BOUND('',#652,.T.);
#58=FACE_BOUND('',#653,.T.);
#59=FACE_BOUND('',#657,.T.);
#60=FACE_BOUND('',#658,.T.);
#61=FACE_BOUND('',#659,.T.);
#62=FACE_BOUND('',#660,.T.);
#63=FACE_BOUND('',#661,.T.);
#64=FACE_BOUND('',#698,.T.);
#65=FACE_BOUND('',#700,.T.);
#66=FACE_BOUND('',#702,.T.);
#67=FACE_BOUND('',#704,.T.);
#68=FACE_BOUND('',#715,.T.);
#69=FACE_BOUND('',#718,.T.);
#70=FACE_BOUND('',#724,.T.);
#71=FACE_BOUND('',#725,.T.);
#72=CYLINDRICAL_SURFACE('',#4051,0.5);
#73=CYLINDRICAL_SURFACE('',#4057,0.5);
#74=CYLINDRICAL_SURFACE('',#4059,0.5);
#75=CYLINDRICAL_SURFACE('',#4065,0.5);
#76=CYLINDRICAL_SURFACE('',#4073,0.7);
#77=CYLINDRICAL_SURFACE('',#4079,0.7);
#78=CYLINDRICAL_SURFACE('',#4081,0.7);
#79=CYLINDRICAL_SURFACE('',#4087,0.7);
#80=CYLINDRICAL_SURFACE('',#4089,0.7);
#81=CYLINDRICAL_SURFACE('',#4095,0.7);
#82=CYLINDRICAL_SURFACE('',#4097,0.7);
#83=CYLINDRICAL_SURFACE('',#4103,0.7);
#84=CYLINDRICAL_SURFACE('',#4117,0.5);
#85=CYLINDRICAL_SURFACE('',#4123,0.5);
#86=CYLINDRICAL_SURFACE('',#4125,0.5);
#87=CYLINDRICAL_SURFACE('',#4131,0.5);
#88=CYLINDRICAL_SURFACE('',#4150,1.);
#89=CYLINDRICAL_SURFACE('',#4153,1.);
#90=CYLINDRICAL_SURFACE('',#4158,1.);
#91=CYLINDRICAL_SURFACE('',#4163,1.);
#92=CYLINDRICAL_SURFACE('',#4170,1.);
#93=CYLINDRICAL_SURFACE('',#4177,1.);
#94=CYLINDRICAL_SURFACE('',#4197,2.);
#95=CYLINDRICAL_SURFACE('',#4199,2.);
#96=CYLINDRICAL_SURFACE('',#4201,2.);
#97=CYLINDRICAL_SURFACE('',#4203,2.);
#98=CYLINDRICAL_SURFACE('',#4206,2.);
#99=CYLINDRICAL_SURFACE('',#4209,2.);
#100=CYLINDRICAL_SURFACE('',#4214,2.);
#101=CYLINDRICAL_SURFACE('',#4217,2.);
#102=CYLINDRICAL_SURFACE('',#4223,2.5);
#103=CYLINDRICAL_SURFACE('',#4227,2.);
#104=CYLINDRICAL_SURFACE('',#4231,2.);
#105=CYLINDRICAL_SURFACE('',#4234,2.);
#106=CYLINDRICAL_SURFACE('',#4237,2.);
#107=CYLINDRICAL_SURFACE('',#4240,2.);
#108=CYLINDRICAL_SURFACE('',#4243,2.);
#109=CYLINDRICAL_SURFACE('',#4246,2.);
#110=CYLINDRICAL_SURFACE('',#4249,2.);
#111=CYLINDRICAL_SURFACE('',#4252,1.99999999999999);
#112=CYLINDRICAL_SURFACE('',#4266,3.5);
#113=CYLINDRICAL_SURFACE('',#4279,3.5);
#114=CYLINDRICAL_SURFACE('',#4287,3.5);
#115=CYLINDRICAL_SURFACE('',#4295,3.5);
#116=CYLINDRICAL_SURFACE('',#4298,2.);
#117=CYLINDRICAL_SURFACE('',#4300,2.);
#118=CYLINDRICAL_SURFACE('',#4302,2.);
#119=CYLINDRICAL_SURFACE('',#4304,2.);
#120=CYLINDRICAL_SURFACE('',#4307,1.);
#121=CYLINDRICAL_SURFACE('',#4310,1.);
#122=CYLINDRICAL_SURFACE('',#4316,2.);
#123=CYLINDRICAL_SURFACE('',#4318,4.);
#124=CYLINDRICAL_SURFACE('',#4320,4.);
#125=CYLINDRICAL_SURFACE('',#4322,2.);
#126=CYLINDRICAL_SURFACE('',#4324,0.95);
#127=CYLINDRICAL_SURFACE('',#4330,0.95);
#128=CYLINDRICAL_SURFACE('',#4336,0.95);
#129=CYLINDRICAL_SURFACE('',#4342,0.95);
#130=CYLINDRICAL_SURFACE('',#4352,2.5);
#131=CYLINDRICAL_SURFACE('',#4355,2.);
#132=CYLINDRICAL_SURFACE('',#4358,2.5);
#133=CYLINDRICAL_SURFACE('',#4361,2.);
#134=CYLINDRICAL_SURFACE('',#4367,2.5);
#135=CYLINDRICAL_SURFACE('',#4369,2.);
#136=CIRCLE('',#4036,4.);
#137=CIRCLE('',#4037,2.);
#138=CIRCLE('',#4038,4.);
#139=CIRCLE('',#4040,4.);
#140=CIRCLE('',#4042,4.);
#141=CIRCLE('',#4044,4.);
#142=CIRCLE('',#4046,4.);
#143=CIRCLE('',#4048,4.);
#144=CIRCLE('',#4049,2.);
#145=CIRCLE('',#4050,4.);
#146=CIRCLE('',#4052,0.5);
#147=CIRCLE('',#4053,0.5);
#148=CIRCLE('',#4055,0.5);
#149=CIRCLE('',#4058,0.5);
#150=CIRCLE('',#4060,0.5);
#151=CIRCLE('',#4061,0.5);
#152=CIRCLE('',#4063,0.5);
#153=CIRCLE('',#4066,0.5);
#154=CIRCLE('',#4074,0.7);
#155=CIRCLE('',#4075,0.7);
#156=CIRCLE('',#4077,0.7);
#157=CIRCLE('',#4080,0.7);
#158=CIRCLE('',#4082,0.7);
#159=CIRCLE('',#4083,0.7);
#160=CIRCLE('',#4085,0.7);
#161=CIRCLE('',#4088,0.7);
#162=CIRCLE('',#4090,0.7);
#163=CIRCLE('',#4091,0.7);
#164=CIRCLE('',#4093,0.7);
#165=CIRCLE('',#4096,0.7);
#166=CIRCLE('',#4098,0.7);
#167=CIRCLE('',#4099,0.7);
#168=CIRCLE('',#4101,0.7);
#169=CIRCLE('',#4104,0.7);
#170=CIRCLE('',#4118,0.5);
#171=CIRCLE('',#4119,0.5);
#172=CIRCLE('',#4122,0.5);
#173=CIRCLE('',#4124,0.5);
#174=CIRCLE('',#4126,0.5);
#175=CIRCLE('',#4127,0.5);
#176=CIRCLE('',#4129,0.5);
#177=CIRCLE('',#4132,0.5);
#178=CIRCLE('',#4146,2.);
#179=CIRCLE('',#4147,2.);
#180=CIRCLE('',#4148,2.);
#181=CIRCLE('',#4149,2.);
#182=CIRCLE('',#4151,0.999999999999996);
#183=CIRCLE('',#4152,1.);
#184=CIRCLE('',#4154,1.00000000000001);
#185=CIRCLE('',#4155,1.);
#186=CIRCLE('',#4157,1.);
#187=CIRCLE('',#4159,0.999999999999996);
#188=CIRCLE('',#4160,1.);
#189=CIRCLE('',#4162,0.999999999999998);
#190=CIRCLE('',#4164,0.999999999999996);
#191=CIRCLE('',#4165,1.);
#192=CIRCLE('',#4167,1.);
#193=CIRCLE('',#4169,1.);
#194=CIRCLE('',#4171,0.999999999999961);
#195=CIRCLE('',#4173,2.);
#196=CIRCLE('',#4174,2.);
#197=CIRCLE('',#4175,2.);
#198=CIRCLE('',#4176,2.);
#199=CIRCLE('',#4178,0.999999999999961);
#200=CIRCLE('',#4180,2.);
#201=CIRCLE('',#4181,2.);
#202=CIRCLE('',#4182,2.);
#203=CIRCLE('',#4183,2.);
#204=CIRCLE('',#4184,2.);
#205=CIRCLE('',#4185,1.99999999999999);
#206=CIRCLE('',#4186,2.);
#207=CIRCLE('',#4187,2.);
#208=CIRCLE('',#4188,2.);
#209=CIRCLE('',#4189,2.);
#210=CIRCLE('',#4190,2.);
#211=CIRCLE('',#4191,2.);
#212=CIRCLE('',#4193,4.);
#213=CIRCLE('',#4194,2.);
#214=CIRCLE('',#4195,2.);
#215=CIRCLE('',#4196,4.);
#216=CIRCLE('',#4207,2.);
#217=CIRCLE('',#4208,2.);
#218=CIRCLE('',#4210,2.);
#219=CIRCLE('',#4211,2.);
#220=CIRCLE('',#4215,2.);
#221=CIRCLE('',#4216,2.);
#222=CIRCLE('',#4218,2.);
#223=CIRCLE('',#4219,2.);
#224=CIRCLE('',#4232,2.);
#225=CIRCLE('',#4235,2.);
#226=CIRCLE('',#4238,2.);
#227=CIRCLE('',#4241,2.);
#228=CIRCLE('',#4244,2.);
#229=CIRCLE('',#4247,2.);
#230=CIRCLE('',#4250,2.);
#231=CIRCLE('',#4253,1.99999999999999);
#232=CIRCLE('',#4255,3.5);
#233=CIRCLE('',#4256,1.);
#234=CIRCLE('',#4257,4.5);
#235=CIRCLE('',#4258,3.5);
#236=CIRCLE('',#4259,3.5);
#237=CIRCLE('',#4261,4.5);
#238=CIRCLE('',#4262,4.5);
#239=CIRCLE('',#4263,4.5);
#240=CIRCLE('',#4264,4.5);
#241=CIRCLE('',#4265,4.5);
#242=CIRCLE('',#4267,3.5);
#243=CIRCLE('',#4268,3.5);
#244=CIRCLE('',#4270,3.5);
#245=CIRCLE('',#4271,1.);
#246=CIRCLE('',#4272,3.5);
#247=CIRCLE('',#4273,3.5);
#248=CIRCLE('',#4275,2.);
#249=CIRCLE('',#4276,2.);
#250=CIRCLE('',#4277,2.);
#251=CIRCLE('',#4278,2.);
#252=CIRCLE('',#4280,3.5);
#253=CIRCLE('',#4281,3.5);
#254=CIRCLE('',#4283,3.5);
#255=CIRCLE('',#4284,1.);
#256=CIRCLE('',#4285,3.5);
#257=CIRCLE('',#4286,3.5);
#258=CIRCLE('',#4288,3.5);
#259=CIRCLE('',#4289,3.5);
#260=CIRCLE('',#4291,3.5);
#261=CIRCLE('',#4292,1.);
#262=CIRCLE('',#4293,3.5);
#263=CIRCLE('',#4294,3.5);
#264=CIRCLE('',#4296,3.5);
#265=CIRCLE('',#4297,3.5);
#266=CIRCLE('',#4308,0.999999999999961);
#267=CIRCLE('',#4311,0.999999999999962);
#268=CIRCLE('',#4325,0.95);
#269=CIRCLE('',#4326,0.95);
#270=CIRCLE('',#4327,0.95);
#271=CIRCLE('',#4328,0.95);
#272=CIRCLE('',#4331,0.95);
#273=CIRCLE('',#4332,0.95);
#274=CIRCLE('',#4333,0.95);
#275=CIRCLE('',#4334,0.95);
#276=CIRCLE('',#4337,0.95);
#277=CIRCLE('',#4338,0.95);
#278=CIRCLE('',#4339,0.95);
#279=CIRCLE('',#4340,0.95);
#280=CIRCLE('',#4343,0.95);
#281=CIRCLE('',#4344,0.95);
#282=CIRCLE('',#4345,0.95);
#283=CIRCLE('',#4346,0.95);
#284=FACE_OUTER_BOUND('',#490,.T.);
#285=FACE_OUTER_BOUND('',#491,.T.);
#286=FACE_OUTER_BOUND('',#492,.T.);
#287=FACE_OUTER_BOUND('',#493,.T.);
#288=FACE_OUTER_BOUND('',#494,.T.);
#289=FACE_OUTER_BOUND('',#495,.T.);
#290=FACE_OUTER_BOUND('',#496,.T.);
#291=FACE_OUTER_BOUND('',#497,.T.);
#292=FACE_OUTER_BOUND('',#498,.T.);
#293=FACE_OUTER_BOUND('',#499,.T.);
#294=FACE_OUTER_BOUND('',#500,.T.);
#295=FACE_OUTER_BOUND('',#501,.T.);
#296=FACE_OUTER_BOUND('',#502,.T.);
#297=FACE_OUTER_BOUND('',#503,.T.);
#298=FACE_OUTER_BOUND('',#504,.T.);
#299=FACE_OUTER_BOUND('',#505,.T.);
#300=FACE_OUTER_BOUND('',#506,.T.);
#301=FACE_OUTER_BOUND('',#507,.T.);
#302=FACE_OUTER_BOUND('',#508,.T.);
#303=FACE_OUTER_BOUND('',#509,.T.);
#304=FACE_OUTER_BOUND('',#510,.T.);
#305=FACE_OUTER_BOUND('',#511,.T.);
#306=FACE_OUTER_BOUND('',#512,.T.);
#307=FACE_OUTER_BOUND('',#513,.T.);
#308=FACE_OUTER_BOUND('',#514,.T.);
#309=FACE_OUTER_BOUND('',#515,.T.);
#310=FACE_OUTER_BOUND('',#516,.T.);
#311=FACE_OUTER_BOUND('',#517,.T.);
#312=FACE_OUTER_BOUND('',#518,.T.);
#313=FACE_OUTER_BOUND('',#519,.T.);
#314=FACE_OUTER_BOUND('',#520,.T.);
#315=FACE_OUTER_BOUND('',#521,.T.);
#316=FACE_OUTER_BOUND('',#522,.T.);
#317=FACE_OUTER_BOUND('',#523,.T.);
#318=FACE_OUTER_BOUND('',#524,.T.);
#319=FACE_OUTER_BOUND('',#525,.T.);
#320=FACE_OUTER_BOUND('',#526,.T.);
#321=FACE_OUTER_BOUND('',#527,.T.);
#322=FACE_OUTER_BOUND('',#528,.T.);
#323=FACE_OUTER_BOUND('',#529,.T.);
#324=FACE_OUTER_BOUND('',#530,.T.);
#325=FACE_OUTER_BOUND('',#531,.T.);
#326=FACE_OUTER_BOUND('',#532,.T.);
#327=FACE_OUTER_BOUND('',#533,.T.);
#328=FACE_OUTER_BOUND('',#534,.T.);
#329=FACE_OUTER_BOUND('',#535,.T.);
#330=FACE_OUTER_BOUND('',#536,.T.);
#331=FACE_OUTER_BOUND('',#537,.T.);
#332=FACE_OUTER_BOUND('',#538,.T.);
#333=FACE_OUTER_BOUND('',#539,.T.);
#334=FACE_OUTER_BOUND('',#540,.T.);
#335=FACE_OUTER_BOUND('',#541,.T.);
#336=FACE_OUTER_BOUND('',#542,.T.);
#337=FACE_OUTER_BOUND('',#543,.T.);
#338=FACE_OUTER_BOUND('',#544,.T.);
#339=FACE_OUTER_BOUND('',#545,.T.);
#340=FACE_OUTER_BOUND('',#546,.T.);
#341=FACE_OUTER_BOUND('',#547,.T.);
#342=FACE_OUTER_BOUND('',#548,.T.);
#343=FACE_OUTER_BOUND('',#549,.T.);
#344=FACE_OUTER_BOUND('',#550,.T.);
#345=FACE_OUTER_BOUND('',#551,.T.);
#346=FACE_OUTER_BOUND('',#552,.T.);
#347=FACE_OUTER_BOUND('',#553,.T.);
#348=FACE_OUTER_BOUND('',#554,.T.);
#349=FACE_OUTER_BOUND('',#555,.T.);
#350=FACE_OUTER_BOUND('',#556,.T.);
#351=FACE_OUTER_BOUND('',#557,.T.);
#352=FACE_OUTER_BOUND('',#558,.T.);
#353=FACE_OUTER_BOUND('',#559,.T.);
#354=FACE_OUTER_BOUND('',#560,.T.);
#355=FACE_OUTER_BOUND('',#561,.T.);
#356=FACE_OUTER_BOUND('',#562,.T.);
#357=FACE_OUTER_BOUND('',#563,.T.);
#358=FACE_OUTER_BOUND('',#564,.T.);
#359=FACE_OUTER_BOUND('',#565,.T.);
#360=FACE_OUTER_BOUND('',#566,.T.);
#361=FACE_OUTER_BOUND('',#567,.T.);
#362=FACE_OUTER_BOUND('',#568,.T.);
#363=FACE_OUTER_BOUND('',#569,.T.);
#364=FACE_OUTER_BOUND('',#570,.T.);
#365=FACE_OUTER_BOUND('',#571,.T.);
#366=FACE_OUTER_BOUND('',#572,.T.);
#367=FACE_OUTER_BOUND('',#573,.T.);
#368=FACE_OUTER_BOUND('',#574,.T.);
#369=FACE_OUTER_BOUND('',#575,.T.);
#370=FACE_OUTER_BOUND('',#576,.T.);
#371=FACE_OUTER_BOUND('',#577,.T.);
#372=FACE_OUTER_BOUND('',#578,.T.);
#373=FACE_OUTER_BOUND('',#579,.T.);
#374=FACE_OUTER_BOUND('',#580,.T.);
#375=FACE_OUTER_BOUND('',#581,.T.);
#376=FACE_OUTER_BOUND('',#582,.T.);
#377=FACE_OUTER_BOUND('',#583,.T.);
#378=FACE_OUTER_BOUND('',#584,.T.);
#379=FACE_OUTER_BOUND('',#587,.T.);
#380=FACE_OUTER_BOUND('',#588,.T.);
#381=FACE_OUTER_BOUND('',#589,.T.);
#382=FACE_OUTER_BOUND('',#590,.T.);
#383=FACE_OUTER_BOUND('',#591,.T.);
#384=FACE_OUTER_BOUND('',#592,.T.);
#385=FACE_OUTER_BOUND('',#593,.T.);
#386=FACE_OUTER_BOUND('',#594,.T.);
#387=FACE_OUTER_BOUND('',#595,.T.);
#388=FACE_OUTER_BOUND('',#596,.T.);
#389=FACE_OUTER_BOUND('',#599,.T.);
#390=FACE_OUTER_BOUND('',#600,.T.);
#391=FACE_OUTER_BOUND('',#606,.T.);
#392=FACE_OUTER_BOUND('',#609,.T.);
#393=FACE_OUTER_BOUND('',#610,.T.);
#394=FACE_OUTER_BOUND('',#611,.T.);
#395=FACE_OUTER_BOUND('',#612,.T.);
#396=FACE_OUTER_BOUND('',#613,.T.);
#397=FACE_OUTER_BOUND('',#614,.T.);
#398=FACE_OUTER_BOUND('',#615,.T.);
#399=FACE_OUTER_BOUND('',#616,.T.);
#400=FACE_OUTER_BOUND('',#617,.T.);
#401=FACE_OUTER_BOUND('',#618,.T.);
#402=FACE_OUTER_BOUND('',#619,.T.);
#403=FACE_OUTER_BOUND('',#620,.T.);
#404=FACE_OUTER_BOUND('',#621,.T.);
#405=FACE_OUTER_BOUND('',#622,.T.);
#406=FACE_OUTER_BOUND('',#623,.T.);
#407=FACE_OUTER_BOUND('',#624,.T.);
#408=FACE_OUTER_BOUND('',#625,.T.);
#409=FACE_OUTER_BOUND('',#628,.T.);
#410=FACE_OUTER_BOUND('',#629,.T.);
#411=FACE_OUTER_BOUND('',#630,.T.);
#412=FACE_OUTER_BOUND('',#631,.T.);
#413=FACE_OUTER_BOUND('',#632,.T.);
#414=FACE_OUTER_BOUND('',#633,.T.);
#415=FACE_OUTER_BOUND('',#634,.T.);
#416=FACE_OUTER_BOUND('',#635,.T.);
#417=FACE_OUTER_BOUND('',#636,.T.);
#418=FACE_OUTER_BOUND('',#637,.T.);
#419=FACE_OUTER_BOUND('',#638,.T.);
#420=FACE_OUTER_BOUND('',#639,.T.);
#421=FACE_OUTER_BOUND('',#640,.T.);
#422=FACE_OUTER_BOUND('',#641,.T.);
#423=FACE_OUTER_BOUND('',#642,.T.);
#424=FACE_OUTER_BOUND('',#643,.T.);
#425=FACE_OUTER_BOUND('',#644,.T.);
#426=FACE_OUTER_BOUND('',#645,.T.);
#427=FACE_OUTER_BOUND('',#646,.T.);
#428=FACE_OUTER_BOUND('',#647,.T.);
#429=FACE_OUTER_BOUND('',#648,.T.);
#430=FACE_OUTER_BOUND('',#649,.T.);
#431=FACE_OUTER_BOUND('',#654,.T.);
#432=FACE_OUTER_BOUND('',#655,.T.);
#433=FACE_OUTER_BOUND('',#656,.T.);
#434=FACE_OUTER_BOUND('',#662,.T.);
#435=FACE_OUTER_BOUND('',#663,.T.);
#436=FACE_OUTER_BOUND('',#664,.T.);
#437=FACE_OUTER_BOUND('',#665,.T.);
#438=FACE_OUTER_BOUND('',#666,.T.);
#439=FACE_OUTER_BOUND('',#667,.T.);
#440=FACE_OUTER_BOUND('',#668,.T.);
#441=FACE_OUTER_BOUND('',#669,.T.);
#442=FACE_OUTER_BOUND('',#670,.T.);
#443=FACE_OUTER_BOUND('',#671,.T.);
#444=FACE_OUTER_BOUND('',#672,.T.);
#445=FACE_OUTER_BOUND('',#673,.T.);
#446=FACE_OUTER_BOUND('',#674,.T.);
#447=FACE_OUTER_BOUND('',#675,.T.);
#448=FACE_OUTER_BOUND('',#676,.T.);
#449=FACE_OUTER_BOUND('',#677,.T.);
#450=FACE_OUTER_BOUND('',#678,.T.);
#451=FACE_OUTER_BOUND('',#679,.T.);
#452=FACE_OUTER_BOUND('',#680,.T.);
#453=FACE_OUTER_BOUND('',#681,.T.);
#454=FACE_OUTER_BOUND('',#682,.T.);
#455=FACE_OUTER_BOUND('',#683,.T.);
#456=FACE_OUTER_BOUND('',#684,.T.);
#457=FACE_OUTER_BOUND('',#685,.T.);
#458=FACE_OUTER_BOUND('',#686,.T.);
#459=FACE_OUTER_BOUND('',#687,.T.);
#460=FACE_OUTER_BOUND('',#688,.T.);
#461=FACE_OUTER_BOUND('',#689,.T.);
#462=FACE_OUTER_BOUND('',#690,.T.);
#463=FACE_OUTER_BOUND('',#691,.T.);
#464=FACE_OUTER_BOUND('',#692,.T.);
#465=FACE_OUTER_BOUND('',#693,.T.);
#466=FACE_OUTER_BOUND('',#694,.T.);
#467=FACE_OUTER_BOUND('',#695,.T.);
#468=FACE_OUTER_BOUND('',#696,.T.);
#469=FACE_OUTER_BOUND('',#697,.T.);
#470=FACE_OUTER_BOUND('',#699,.T.);
#471=FACE_OUTER_BOUND('',#701,.T.);
#472=FACE_OUTER_BOUND('',#703,.T.);
#473=FACE_OUTER_BOUND('',#705,.T.);
#474=FACE_OUTER_BOUND('',#706,.T.);
#475=FACE_OUTER_BOUND('',#707,.T.);
#476=FACE_OUTER_BOUND('',#708,.T.);
#477=FACE_OUTER_BOUND('',#709,.T.);
#478=FACE_OUTER_BOUND('',#710,.T.);
#479=FACE_OUTER_BOUND('',#711,.T.);
#480=FACE_OUTER_BOUND('',#712,.T.);
#481=FACE_OUTER_BOUND('',#713,.T.);
#482=FACE_OUTER_BOUND('',#714,.T.);
#483=FACE_OUTER_BOUND('',#716,.T.);
#484=FACE_OUTER_BOUND('',#717,.T.);
#485=FACE_OUTER_BOUND('',#719,.T.);
#486=FACE_OUTER_BOUND('',#720,.T.);
#487=FACE_OUTER_BOUND('',#721,.T.);
#488=FACE_OUTER_BOUND('',#722,.T.);
#489=FACE_OUTER_BOUND('',#723,.T.);
#490=EDGE_LOOP('',(#2366,#2367,#2368,#2369));
#491=EDGE_LOOP('',(#2370,#2371,#2372,#2373));
#492=EDGE_LOOP('',(#2374,#2375,#2376,#2377));
#493=EDGE_LOOP('',(#2378,#2379,#2380,#2381));
#494=EDGE_LOOP('',(#2382,#2383,#2384,#2385));
#495=EDGE_LOOP('',(#2386,#2387,#2388,#2389,#2390,#2391));
#496=EDGE_LOOP('',(#2392,#2393,#2394,#2395));
#497=EDGE_LOOP('',(#2396,#2397,#2398,#2399));
#498=EDGE_LOOP('',(#2400,#2401,#2402,#2403,#2404,#2405));
#499=EDGE_LOOP('',(#2406,#2407,#2408,#2409));
#500=EDGE_LOOP('',(#2410,#2411,#2412,#2413,#2414));
#501=EDGE_LOOP('',(#2415,#2416,#2417,#2418,#2419));
#502=EDGE_LOOP('',(#2420,#2421,#2422,#2423,#2424));
#503=EDGE_LOOP('',(#2425,#2426,#2427,#2428));
#504=EDGE_LOOP('',(#2429,#2430,#2431,#2432));
#505=EDGE_LOOP('',(#2433,#2434,#2435,#2436));
#506=EDGE_LOOP('',(#2437,#2438,#2439,#2440));
#507=EDGE_LOOP('',(#2441,#2442,#2443,#2444));
#508=EDGE_LOOP('',(#2445,#2446,#2447,#2448));
#509=EDGE_LOOP('',(#2449,#2450,#2451,#2452,#2453));
#510=EDGE_LOOP('',(#2454,#2455,#2456,#2457,#2458));
#511=EDGE_LOOP('',(#2459,#2460,#2461,#2462,#2463));
#512=EDGE_LOOP('',(#2464,#2465,#2466,#2467));
#513=EDGE_LOOP('',(#2468,#2469,#2470,#2471));
#514=EDGE_LOOP('',(#2472,#2473,#2474,#2475));
#515=EDGE_LOOP('',(#2476,#2477,#2478,#2479));
#516=EDGE_LOOP('',(#2480,#2481,#2482,#2483,#2484,#2485,#2486,#2487));
#517=EDGE_LOOP('',(#2488,#2489,#2490));
#518=EDGE_LOOP('',(#2491,#2492,#2493));
#519=EDGE_LOOP('',(#2494,#2495,#2496));
#520=EDGE_LOOP('',(#2497,#2498,#2499));
#521=EDGE_LOOP('',(#2500,#2501,#2502,#2503,#2504,#2505,#2506,#2507));
#522=EDGE_LOOP('',(#2508,#2509,#2510,#2511));
#523=EDGE_LOOP('',(#2512,#2513,#2514,#2515,#2516,#2517));
#524=EDGE_LOOP('',(#2518,#2519,#2520,#2521));
#525=EDGE_LOOP('',(#2522,#2523,#2524,#2525));
#526=EDGE_LOOP('',(#2526,#2527,#2528,#2529));
#527=EDGE_LOOP('',(#2530,#2531,#2532,#2533,#2534,#2535));
#528=EDGE_LOOP('',(#2536,#2537,#2538,#2539));
#529=EDGE_LOOP('',(#2540,#2541,#2542,#2543));
#530=EDGE_LOOP('',(#2544,#2545,#2546,#2547));
#531=EDGE_LOOP('',(#2548,#2549,#2550,#2551));
#532=EDGE_LOOP('',(#2552,#2553,#2554,#2555,#2556,#2557));
#533=EDGE_LOOP('',(#2558,#2559,#2560,#2561));
#534=EDGE_LOOP('',(#2562,#2563,#2564,#2565));
#535=EDGE_LOOP('',(#2566,#2567,#2568,#2569,#2570,#2571));
#536=EDGE_LOOP('',(#2572,#2573,#2574,#2575));
#537=EDGE_LOOP('',(#2576,#2577,#2578,#2579,#2580,#2581));
#538=EDGE_LOOP('',(#2582,#2583,#2584,#2585));
#539=EDGE_LOOP('',(#2586,#2587,#2588,#2589));
#540=EDGE_LOOP('',(#2590,#2591,#2592,#2593));
#541=EDGE_LOOP('',(#2594,#2595,#2596,#2597,#2598,#2599));
#542=EDGE_LOOP('',(#2600,#2601,#2602,#2603));
#543=EDGE_LOOP('',(#2604,#2605,#2606,#2607));
#544=EDGE_LOOP('',(#2608,#2609,#2610,#2611));
#545=EDGE_LOOP('',(#2612,#2613,#2614,#2615,#2616,#2617));
#546=EDGE_LOOP('',(#2618,#2619,#2620,#2621));
#547=EDGE_LOOP('',(#2622,#2623,#2624,#2625));
#548=EDGE_LOOP('',(#2626,#2627,#2628,#2629));
#549=EDGE_LOOP('',(#2630,#2631,#2632,#2633,#2634,#2635));
#550=EDGE_LOOP('',(#2636,#2637,#2638,#2639));
#551=EDGE_LOOP('',(#2640,#2641,#2642,#2643));
#552=EDGE_LOOP('',(#2644,#2645,#2646,#2647));
#553=EDGE_LOOP('',(#2648,#2649,#2650,#2651));
#554=EDGE_LOOP('',(#2652,#2653,#2654,#2655,#2656,#2657));
#555=EDGE_LOOP('',(#2658,#2659,#2660,#2661));
#556=EDGE_LOOP('',(#2662,#2663,#2664,#2665));
#557=EDGE_LOOP('',(#2666,#2667,#2668,#2669,#2670,#2671));
#558=EDGE_LOOP('',(#2672,#2673,#2674,#2675));
#559=EDGE_LOOP('',(#2676,#2677,#2678,#2679));
#560=EDGE_LOOP('',(#2680,#2681,#2682,#2683,#2684,#2685));
#561=EDGE_LOOP('',(#2686,#2687,#2688,#2689));
#562=EDGE_LOOP('',(#2690,#2691,#2692,#2693));
#563=EDGE_LOOP('',(#2694,#2695,#2696,#2697,#2698,#2699));
#564=EDGE_LOOP('',(#2700,#2701,#2702,#2703));
#565=EDGE_LOOP('',(#2704,#2705,#2706,#2707));
#566=EDGE_LOOP('',(#2708,#2709,#2710,#2711));
#567=EDGE_LOOP('',(#2712,#2713,#2714,#2715));
#568=EDGE_LOOP('',(#2716,#2717,#2718,#2719));
#569=EDGE_LOOP('',(#2720,#2721,#2722,#2723));
#570=EDGE_LOOP('',(#2724,#2725,#2726,#2727));
#571=EDGE_LOOP('',(#2728,#2729,#2730,#2731));
#572=EDGE_LOOP('',(#2732,#2733,#2734,#2735,#2736,#2737,#2738,#2739));
#573=EDGE_LOOP('',(#2740,#2741,#2742,#2743));
#574=EDGE_LOOP('',(#2744,#2745,#2746,#2747));
#575=EDGE_LOOP('',(#2748,#2749,#2750,#2751));
#576=EDGE_LOOP('',(#2752,#2753,#2754,#2755));
#577=EDGE_LOOP('',(#2756,#2757,#2758,#2759,#2760,#2761,#2762,#2763));
#578=EDGE_LOOP('',(#2764,#2765,#2766,#2767,#2768,#2769,#2770,#2771));
#579=EDGE_LOOP('',(#2772,#2773,#2774,#2775,#2776,#2777,#2778,#2779));
#580=EDGE_LOOP('',(#2780,#2781,#2782,#2783));
#581=EDGE_LOOP('',(#2784,#2785,#2786,#2787));
#582=EDGE_LOOP('',(#2788,#2789,#2790,#2791));
#583=EDGE_LOOP('',(#2792,#2793,#2794,#2795));
#584=EDGE_LOOP('',(#2796,#2797,#2798,#2799,#2800,#2801,#2802,#2803,#2804,
#2805,#2806,#2807));
#585=EDGE_LOOP('',(#2808,#2809,#2810,#2811));
#586=EDGE_LOOP('',(#2812,#2813,#2814,#2815));
#587=EDGE_LOOP('',(#2816,#2817,#2818,#2819));
#588=EDGE_LOOP('',(#2820,#2821,#2822,#2823));
#589=EDGE_LOOP('',(#2824,#2825,#2826));
#590=EDGE_LOOP('',(#2827,#2828,#2829,#2830));
#591=EDGE_LOOP('',(#2831,#2832,#2833));
#592=EDGE_LOOP('',(#2834,#2835,#2836,#2837));
#593=EDGE_LOOP('',(#2838,#2839,#2840));
#594=EDGE_LOOP('',(#2841,#2842,#2843));
#595=EDGE_LOOP('',(#2844,#2845,#2846,#2847));
#596=EDGE_LOOP('',(#2848,#2849,#2850,#2851));
#597=EDGE_LOOP('',(#2852,#2853,#2854,#2855));
#598=EDGE_LOOP('',(#2856,#2857,#2858,#2859));
#599=EDGE_LOOP('',(#2860,#2861,#2862,#2863));
#600=EDGE_LOOP('',(#2864,#2865,#2866,#2867));
#601=EDGE_LOOP('',(#2868,#2869,#2870,#2871,#2872,#2873,#2874,#2875));
#602=EDGE_LOOP('',(#2876,#2877,#2878,#2879));
#603=EDGE_LOOP('',(#2880,#2881,#2882,#2883));
#604=EDGE_LOOP('',(#2884,#2885,#2886,#2887));
#605=EDGE_LOOP('',(#2888,#2889,#2890,#2891));
#606=EDGE_LOOP('',(#2892,#2893,#2894,#2895));
#607=EDGE_LOOP('',(#2896,#2897,#2898,#2899));
#608=EDGE_LOOP('',(#2900,#2901,#2902,#2903));
#609=EDGE_LOOP('',(#2904,#2905,#2906,#2907));
#610=EDGE_LOOP('',(#2908,#2909,#2910,#2911));
#611=EDGE_LOOP('',(#2912,#2913,#2914,#2915));
#612=EDGE_LOOP('',(#2916,#2917,#2918,#2919));
#613=EDGE_LOOP('',(#2920,#2921,#2922,#2923));
#614=EDGE_LOOP('',(#2924,#2925,#2926,#2927));
#615=EDGE_LOOP('',(#2928,#2929,#2930,#2931));
#616=EDGE_LOOP('',(#2932,#2933,#2934,#2935));
#617=EDGE_LOOP('',(#2936,#2937,#2938,#2939));
#618=EDGE_LOOP('',(#2940,#2941,#2942,#2943));
#619=EDGE_LOOP('',(#2944,#2945,#2946,#2947));
#620=EDGE_LOOP('',(#2948,#2949,#2950,#2951));
#621=EDGE_LOOP('',(#2952,#2953,#2954,#2955));
#622=EDGE_LOOP('',(#2956,#2957,#2958,#2959));
#623=EDGE_LOOP('',(#2960,#2961,#2962,#2963));
#624=EDGE_LOOP('',(#2964,#2965,#2966,#2967));
#625=EDGE_LOOP('',(#2968,#2969,#2970,#2971));
#626=EDGE_LOOP('',(#2972,#2973,#2974,#2975));
#627=EDGE_LOOP('',(#2976,#2977,#2978,#2979));
#628=EDGE_LOOP('',(#2980,#2981,#2982,#2983));
#629=EDGE_LOOP('',(#2984,#2985,#2986,#2987,#2988,#2989,#2990,#2991));
#630=EDGE_LOOP('',(#2992,#2993,#2994,#2995));
#631=EDGE_LOOP('',(#2996,#2997,#2998,#2999));
#632=EDGE_LOOP('',(#3000,#3001,#3002,#3003));
#633=EDGE_LOOP('',(#3004,#3005,#3006,#3007));
#634=EDGE_LOOP('',(#3008,#3009,#3010,#3011));
#635=EDGE_LOOP('',(#3012,#3013,#3014,#3015));
#636=EDGE_LOOP('',(#3016,#3017,#3018,#3019));
#637=EDGE_LOOP('',(#3020,#3021,#3022,#3023));
#638=EDGE_LOOP('',(#3024,#3025,#3026,#3027));
#639=EDGE_LOOP('',(#3028,#3029,#3030,#3031));
#640=EDGE_LOOP('',(#3032,#3033,#3034,#3035));
#641=EDGE_LOOP('',(#3036,#3037,#3038,#3039));
#642=EDGE_LOOP('',(#3040,#3041,#3042,#3043));
#643=EDGE_LOOP('',(#3044,#3045,#3046,#3047));
#644=EDGE_LOOP('',(#3048,#3049,#3050,#3051));
#645=EDGE_LOOP('',(#3052,#3053,#3054,#3055));
#646=EDGE_LOOP('',(#3056,#3057,#3058,#3059));
#647=EDGE_LOOP('',(#3060,#3061,#3062,#3063));
#648=EDGE_LOOP('',(#3064,#3065,#3066,#3067,#3068,#3069,#3070,#3071));
#649=EDGE_LOOP('',(#3072,#3073,#3074,#3075,#3076,#3077,#3078,#3079,#3080,
#3081,#3082,#3083,#3084,#3085,#3086,#3087,#3088,#3089,#3090,#3091,#3092,
#3093,#3094,#3095));
#650=EDGE_LOOP('',(#3096,#3097,#3098,#3099));
#651=EDGE_LOOP('',(#3100,#3101,#3102,#3103));
#652=EDGE_LOOP('',(#3104,#3105));
#653=EDGE_LOOP('',(#3106,#3107));
#654=EDGE_LOOP('',(#3108,#3109,#3110,#3111,#3112,#3113,#3114));
#655=EDGE_LOOP('',(#3115,#3116,#3117,#3118,#3119,#3120,#3121,#3122));
#656=EDGE_LOOP('',(#3123,#3124,#3125,#3126,#3127,#3128,#3129,#3130,#3131,
#3132));
#657=EDGE_LOOP('',(#3133,#3134,#3135,#3136));
#658=EDGE_LOOP('',(#3137,#3138,#3139,#3140));
#659=EDGE_LOOP('',(#3141,#3142,#3143,#3144));
#660=EDGE_LOOP('',(#3145,#3146,#3147,#3148));
#661=EDGE_LOOP('',(#3149,#3150,#3151,#3152,#3153,#3154,#3155,#3156));
#662=EDGE_LOOP('',(#3157,#3158,#3159,#3160,#3161,#3162,#3163));
#663=EDGE_LOOP('',(#3164,#3165,#3166,#3167,#3168,#3169,#3170));
#664=EDGE_LOOP('',(#3171,#3172,#3173,#3174,#3175,#3176,#3177));
#665=EDGE_LOOP('',(#3178,#3179,#3180,#3181,#3182,#3183,#3184));
#666=EDGE_LOOP('',(#3185,#3186,#3187,#3188,#3189,#3190,#3191));
#667=EDGE_LOOP('',(#3192,#3193,#3194,#3195));
#668=EDGE_LOOP('',(#3196,#3197,#3198,#3199));
#669=EDGE_LOOP('',(#3200,#3201,#3202,#3203));
#670=EDGE_LOOP('',(#3204,#3205,#3206,#3207));
#671=EDGE_LOOP('',(#3208,#3209,#3210,#3211));
#672=EDGE_LOOP('',(#3212,#3213,#3214,#3215));
#673=EDGE_LOOP('',(#3216,#3217,#3218,#3219));
#674=EDGE_LOOP('',(#3220,#3221,#3222,#3223));
#675=EDGE_LOOP('',(#3224,#3225,#3226));
#676=EDGE_LOOP('',(#3227,#3228,#3229,#3230));
#677=EDGE_LOOP('',(#3231,#3232,#3233));
#678=EDGE_LOOP('',(#3234,#3235,#3236,#3237));
#679=EDGE_LOOP('',(#3238,#3239,#3240));
#680=EDGE_LOOP('',(#3241,#3242,#3243));
#681=EDGE_LOOP('',(#3244,#3245,#3246,#3247));
#682=EDGE_LOOP('',(#3248,#3249,#3250,#3251));
#683=EDGE_LOOP('',(#3252,#3253,#3254,#3255,#3256,#3257,#3258));
#684=EDGE_LOOP('',(#3259,#3260,#3261,#3262));
#685=EDGE_LOOP('',(#3263,#3264,#3265,#3266,#3267,#3268,#3269));
#686=EDGE_LOOP('',(#3270,#3271,#3272,#3273));
#687=EDGE_LOOP('',(#3274,#3275,#3276,#3277));
#688=EDGE_LOOP('',(#3278,#3279,#3280,#3281));
#689=EDGE_LOOP('',(#3282,#3283,#3284,#3285,#3286,#3287));
#690=EDGE_LOOP('',(#3288,#3289));
#691=EDGE_LOOP('',(#3290,#3291,#3292,#3293,#3294,#3295));
#692=EDGE_LOOP('',(#3296,#3297));
#693=EDGE_LOOP('',(#3298,#3299,#3300,#3301,#3302,#3303));
#694=EDGE_LOOP('',(#3304,#3305));
#695=EDGE_LOOP('',(#3306,#3307,#3308,#3309,#3310,#3311));
#696=EDGE_LOOP('',(#3312,#3313));
#697=EDGE_LOOP('',(#3314,#3315));
#698=EDGE_LOOP('',(#3316,#3317));
#699=EDGE_LOOP('',(#3318,#3319));
#700=EDGE_LOOP('',(#3320,#3321));
#701=EDGE_LOOP('',(#3322,#3323));
#702=EDGE_LOOP('',(#3324,#3325));
#703=EDGE_LOOP('',(#3326,#3327));
#704=EDGE_LOOP('',(#3328,#3329));
#705=EDGE_LOOP('',(#3330,#3331,#3332,#3333,#3334,#3335,#3336,#3337,#3338,
#3339,#3340,#3341));
#706=EDGE_LOOP('',(#3342,#3343,#3344,#3345,#3346,#3347,#3348,#3349,#3350,
#3351,#3352,#3353,#3354,#3355,#3356,#3357,#3358,#3359,#3360,#3361));
#707=EDGE_LOOP('',(#3362,#3363,#3364,#3365));
#708=EDGE_LOOP('',(#3366,#3367,#3368,#3369));
#709=EDGE_LOOP('',(#3370,#3371,#3372,#3373));
#710=EDGE_LOOP('',(#3374,#3375,#3376,#3377));
#711=EDGE_LOOP('',(#3378,#3379,#3380,#3381));
#712=EDGE_LOOP('',(#3382,#3383,#3384,#3385));
#713=EDGE_LOOP('',(#3386,#3387,#3388,#3389,#3390,#3391,#3392,#3393,#3394,
#3395,#3396,#3397));
#714=EDGE_LOOP('',(#3398,#3399,#3400,#3401));
#715=EDGE_LOOP('',(#3402,#3403,#3404,#3405));
#716=EDGE_LOOP('',(#3406,#3407,#3408,#3409));
#717=EDGE_LOOP('',(#3410,#3411,#3412,#3413));
#718=EDGE_LOOP('',(#3414,#3415,#3416,#3417));
#719=EDGE_LOOP('',(#3418,#3419,#3420,#3421));
#720=EDGE_LOOP('',(#3422,#3423,#3424,#3425));
#721=EDGE_LOOP('',(#3426,#3427,#3428,#3429));
#722=EDGE_LOOP('',(#3430,#3431,#3432,#3433));
#723=EDGE_LOOP('',(#3434,#3435,#3436,#3437));
#724=EDGE_LOOP('',(#3438,#3439,#3440,#3441));
#725=EDGE_LOOP('',(#3442,#3443,#3444,#3445));
#726=LINE('',#5477,#1102);
#727=LINE('',#5479,#1103);
#728=LINE('',#5481,#1104);
#729=LINE('',#5482,#1105);
#730=LINE('',#5486,#1106);
#731=LINE('',#5488,#1107);
#732=LINE('',#5490,#1108);
#733=LINE('',#5491,#1109);
#734=LINE('',#5495,#1110);
#735=LINE('',#5497,#1111);
#736=LINE('',#5499,#1112);
#737=LINE('',#5500,#1113);
#738=LINE('',#5504,#1114);
#739=LINE('',#5506,#1115);
#740=LINE('',#5508,#1116);
#741=LINE('',#5509,#1117);
#742=LINE('',#5513,#1118);
#743=LINE('',#5515,#1119);
#744=LINE('',#5517,#1120);
#745=LINE('',#5518,#1121);
#746=LINE('',#5521,#1122);
#747=LINE('',#5523,#1123);
#748=LINE('',#5525,#1124);
#749=LINE('',#5527,#1125);
#750=LINE('',#5528,#1126);
#751=LINE('',#5531,#1127);
#752=LINE('',#5533,#1128);
#753=LINE('',#5534,#1129);
#754=LINE('',#5538,#1130);
#755=LINE('',#5540,#1131);
#756=LINE('',#5542,#1132);
#757=LINE('',#5543,#1133);
#758=LINE('',#5546,#1134);
#759=LINE('',#5548,#1135);
#760=LINE('',#5550,#1136);
#761=LINE('',#5552,#1137);
#762=LINE('',#5553,#1138);
#763=LINE('',#5556,#1139);
#764=LINE('',#5558,#1140);
#765=LINE('',#5559,#1141);
#766=LINE('',#5563,#1142);
#767=LINE('',#5565,#1143);
#768=LINE('',#5566,#1144);
#769=LINE('',#5567,#1145);
#770=LINE('',#5571,#1146);
#771=LINE('',#5572,#1147);
#772=LINE('',#5573,#1148);
#773=LINE('',#5577,#1149);
#774=LINE('',#5578,#1150);
#775=LINE('',#5579,#1151);
#776=LINE('',#5581,#1152);
#777=LINE('',#5585,#1153);
#778=LINE('',#5586,#1154);
#779=LINE('',#5587,#1155);
#780=LINE('',#5590,#1156);
#781=LINE('',#5591,#1157);
#782=LINE('',#5594,#1158);
#783=LINE('',#5595,#1159);
#784=LINE('',#5597,#1160);
#785=LINE('',#5601,#1161);
#786=LINE('',#5602,#1162);
#787=LINE('',#5603,#1163);
#788=LINE('',#5607,#1164);
#789=LINE('',#5608,#1165);
#790=LINE('',#5609,#1166);
#791=LINE('',#5613,#1167);
#792=LINE('',#5614,#1168);
#793=LINE('',#5615,#1169);
#794=LINE('',#5618,#1170);
#795=LINE('',#5619,#1171);
#796=LINE('',#5623,#1172);
#797=LINE('',#5624,#1173);
#798=LINE('',#5625,#1174);
#799=LINE('',#5628,#1175);
#800=LINE('',#5629,#1176);
#801=LINE('',#5632,#1177);
#802=LINE('',#5633,#1178);
#803=LINE('',#5635,#1179);
#804=LINE('',#5640,#1180);
#805=LINE('',#5644,#1181);
#806=LINE('',#5658,#1182);
#807=LINE('',#5662,#1183);
#808=LINE('',#5669,#1184);
#809=LINE('',#5672,#1185);
#810=LINE('',#5675,#1186);
#811=LINE('',#5679,#1187);
#812=LINE('',#5681,#1188);
#813=LINE('',#5682,#1189);
#814=LINE('',#5685,#1190);
#815=LINE('',#5686,#1191);
#816=LINE('',#5690,#1192);
#817=LINE('',#5696,#1193);
#818=LINE('',#5699,#1194);
#819=LINE('',#5702,#1195);
#820=LINE('',#5706,#1196);
#821=LINE('',#5708,#1197);
#822=LINE('',#5709,#1198);
#823=LINE('',#5712,#1199);
#824=LINE('',#5713,#1200);
#825=LINE('',#5717,#1201);
#826=LINE('',#5720,#1202);
#827=LINE('',#5721,#1203);
#828=LINE('',#5724,#1204);
#829=LINE('',#5725,#1205);
#830=LINE('',#5727,#1206);
#831=LINE('',#5730,#1207);
#832=LINE('',#5731,#1208);
#833=LINE('',#5734,#1209);
#834=LINE('',#5735,#1210);
#835=LINE('',#5737,#1211);
#836=LINE('',#5743,#1212);
#837=LINE('',#5746,#1213);
#838=LINE('',#5749,#1214);
#839=LINE('',#5753,#1215);
#840=LINE('',#5755,#1216);
#841=LINE('',#5756,#1217);
#842=LINE('',#5759,#1218);
#843=LINE('',#5760,#1219);
#844=LINE('',#5764,#1220);
#845=LINE('',#5770,#1221);
#846=LINE('',#5773,#1222);
#847=LINE('',#5776,#1223);
#848=LINE('',#5780,#1224);
#849=LINE('',#5782,#1225);
#850=LINE('',#5783,#1226);
#851=LINE('',#5786,#1227);
#852=LINE('',#5787,#1228);
#853=LINE('',#5791,#1229);
#854=LINE('',#5797,#1230);
#855=LINE('',#5800,#1231);
#856=LINE('',#5803,#1232);
#857=LINE('',#5807,#1233);
#858=LINE('',#5809,#1234);
#859=LINE('',#5810,#1235);
#860=LINE('',#5813,#1236);
#861=LINE('',#5814,#1237);
#862=LINE('',#5818,#1238);
#863=LINE('',#5824,#1239);
#864=LINE('',#5827,#1240);
#865=LINE('',#5830,#1241);
#866=LINE('',#5834,#1242);
#867=LINE('',#5836,#1243);
#868=LINE('',#5837,#1244);
#869=LINE('',#5840,#1245);
#870=LINE('',#5841,#1246);
#871=LINE('',#5845,#1247);
#872=LINE('',#5848,#1248);
#873=LINE('',#5849,#1249);
#874=LINE('',#5852,#1250);
#875=LINE('',#5853,#1251);
#876=LINE('',#5855,#1252);
#877=LINE('',#5858,#1253);
#878=LINE('',#5859,#1254);
#879=LINE('',#5862,#1255);
#880=LINE('',#5863,#1256);
#881=LINE('',#5865,#1257);
#882=LINE('',#5868,#1258);
#883=LINE('',#5869,#1259);
#884=LINE('',#5872,#1260);
#885=LINE('',#5873,#1261);
#886=LINE('',#5875,#1262);
#887=LINE('',#5878,#1263);
#888=LINE('',#5879,#1264);
#889=LINE('',#5882,#1265);
#890=LINE('',#5883,#1266);
#891=LINE('',#5885,#1267);
#892=LINE('',#5891,#1268);
#893=LINE('',#5894,#1269);
#894=LINE('',#5897,#1270);
#895=LINE('',#5899,#1271);
#896=LINE('',#5900,#1272);
#897=LINE('',#5903,#1273);
#898=LINE('',#5908,#1274);
#899=LINE('',#5914,#1275);
#900=LINE('',#5917,#1276);
#901=LINE('',#5920,#1277);
#902=LINE('',#5923,#1278);
#903=LINE('',#5926,#1279);
#904=LINE('',#5927,#1280);
#905=LINE('',#5931,#1281);
#906=LINE('',#5933,#1282);
#907=LINE('',#5935,#1283);
#908=LINE('',#5937,#1284);
#909=LINE('',#5938,#1285);
#910=LINE('',#5940,#1286);
#911=LINE('',#5943,#1287);
#912=LINE('',#5944,#1288);
#913=LINE('',#5947,#1289);
#914=LINE('',#5948,#1290);
#915=LINE('',#5951,#1291);
#916=LINE('',#5952,#1292);
#917=LINE('',#5955,#1293);
#918=LINE('',#5956,#1294);
#919=LINE('',#5959,#1295);
#920=LINE('',#5961,#1296);
#921=LINE('',#5962,#1297);
#922=LINE('',#5963,#1298);
#923=LINE('',#5966,#1299);
#924=LINE('',#5967,#1300);
#925=LINE('',#5970,#1301);
#926=LINE('',#5971,#1302);
#927=LINE('',#5974,#1303);
#928=LINE('',#5975,#1304);
#929=LINE('',#5978,#1305);
#930=LINE('',#5979,#1306);
#931=LINE('',#5981,#1307);
#932=LINE('',#5983,#1308);
#933=LINE('',#5985,#1309);
#934=LINE('',#5987,#1310);
#935=LINE('',#5989,#1311);
#936=LINE('',#5991,#1312);
#937=LINE('',#5992,#1313);
#938=LINE('',#5997,#1314);
#939=LINE('',#6000,#1315);
#940=LINE('',#6005,#1316);
#941=LINE('',#6008,#1317);
#942=LINE('',#6014,#1318);
#943=LINE('',#6017,#1319);
#944=LINE('',#6022,#1320);
#945=LINE('',#6025,#1321);
#946=LINE('',#6032,#1322);
#947=LINE('',#6035,#1323);
#948=LINE('',#6041,#1324);
#949=LINE('',#6044,#1325);
#950=LINE('',#6051,#1326);
#951=LINE('',#6054,#1327);
#952=LINE('',#6057,#1328);
#953=LINE('',#6058,#1329);
#954=LINE('',#6063,#1330);
#955=LINE('',#6066,#1331);
#956=LINE('',#6071,#1332);
#957=LINE('',#6074,#1333);
#958=LINE('',#6077,#1334);
#959=LINE('',#6081,#1335);
#960=LINE('',#6082,#1336);
#961=LINE('',#6085,#1337);
#962=LINE('',#6089,#1338);
#963=LINE('',#6093,#1339);
#964=LINE('',#6097,#1340);
#965=LINE('',#6101,#1341);
#966=LINE('',#6105,#1342);
#967=LINE('',#6109,#1343);
#968=LINE('',#6113,#1344);
#969=LINE('',#6117,#1345);
#970=LINE('',#6121,#1346);
#971=LINE('',#6125,#1347);
#972=LINE('',#6129,#1348);
#973=LINE('',#6136,#1349);
#974=LINE('',#6139,#1350);
#975=LINE('',#6144,#1351);
#976=LINE('',#6147,#1352);
#977=LINE('',#6149,#1353);
#978=LINE('',#6150,#1354);
#979=LINE('',#6152,#1355);
#980=LINE('',#6154,#1356);
#981=LINE('',#6157,#1357);
#982=LINE('',#6158,#1358);
#983=LINE('',#6160,#1359);
#984=LINE('',#6162,#1360);
#985=LINE('',#6167,#1361);
#986=LINE('',#6169,#1362);
#987=LINE('',#6171,#1363);
#988=LINE('',#6172,#1364);
#989=LINE('',#6178,#1365);
#990=LINE('',#6183,#1366);
#991=LINE('',#6186,#1367);
#992=LINE('',#6187,#1368);
#993=LINE('',#6191,#1369);
#994=LINE('',#6193,#1370);
#995=LINE('',#6195,#1371);
#996=LINE('',#6196,#1372);
#997=LINE('',#6202,#1373);
#998=LINE('',#6207,#1374);
#999=LINE('',#6210,#1375);
#1000=LINE('',#6211,#1376);
#1001=LINE('',#6214,#1377);
#1002=LINE('',#6216,#1378);
#1003=LINE('',#6217,#1379);
#1004=LINE('',#6220,#1380);
#1005=LINE('',#6221,#1381);
#1006=LINE('',#6227,#1382);
#1007=LINE('',#6228,#1383);
#1008=LINE('',#6229,#1384);
#1009=LINE('',#6232,#1385);
#1010=LINE('',#6234,#1386);
#1011=LINE('',#6235,#1387);
#1012=LINE('',#6240,#1388);
#1013=LINE('',#6245,#1389);
#1014=LINE('',#6246,#1390);
#1015=LINE('',#6247,#1391);
#1016=LINE('',#6251,#1392);
#1017=LINE('',#6254,#1393);
#1018=LINE('',#6255,#1394);
#1019=LINE('',#6261,#1395);
#1020=LINE('',#6262,#1396);
#1021=LINE('',#6263,#1397);
#1022=LINE('',#6267,#1398);
#1023=LINE('',#6270,#1399);
#1024=LINE('',#6271,#1400);
#1025=LINE('',#6277,#1401);
#1026=LINE('',#6278,#1402);
#1027=LINE('',#6279,#1403);
#1028=LINE('',#6283,#1404);
#1029=LINE('',#6286,#1405);
#1030=LINE('',#6287,#1406);
#1031=LINE('',#6293,#1407);
#1032=LINE('',#6294,#1408);
#1033=LINE('',#6295,#1409);
#1034=LINE('',#6299,#1410);
#1035=LINE('',#6302,#1411);
#1036=LINE('',#6303,#1412);
#1037=LINE('',#6331,#1413);
#1038=LINE('',#6333,#1414);
#1039=LINE('',#6337,#1415);
#1040=LINE('',#6338,#1416);
#1041=LINE('',#6352,#1417);
#1042=LINE('',#6376,#1418);
#1043=LINE('',#6377,#1419);
#1044=LINE('',#6380,#1420);
#1045=LINE('',#6384,#1421);
#1046=LINE('',#6388,#1422);
#1047=LINE('',#6392,#1423);
#1048=LINE('',#6399,#1424);
#1049=LINE('',#6413,#1425);
#1050=LINE('',#6427,#1426);
#1051=LINE('',#6429,#1427);
#1052=LINE('',#6430,#1428);
#1053=LINE('',#6432,#1429);
#1054=LINE('',#6434,#1430);
#1055=LINE('',#6435,#1431);
#1056=LINE('',#6438,#1432);
#1057=LINE('',#6439,#1433);
#1058=LINE('',#6442,#1434);
#1059=LINE('',#6577,#1435);
#1060=LINE('',#6578,#1436);
#1061=LINE('',#6580,#1437);
#1062=LINE('',#6582,#1438);
#1063=LINE('',#6585,#1439);
#1064=LINE('',#6586,#1440);
#1065=LINE('',#6588,#1441);
#1066=LINE('',#6590,#1442);
#1067=LINE('',#6598,#1443);
#1068=LINE('',#6609,#1444);
#1069=LINE('',#6620,#1445);
#1070=LINE('',#6631,#1446);
#1071=LINE('',#6641,#1447);
#1072=LINE('',#6642,#1448);
#1073=LINE('',#6643,#1449);
#1074=LINE('',#6644,#1450);
#1075=LINE('',#6645,#1451);
#1076=LINE('',#6648,#1452);
#1077=LINE('',#6650,#1453);
#1078=LINE('',#6651,#1454);
#1079=LINE('',#6655,#1455);
#1080=LINE('',#6657,#1456);
#1081=LINE('',#6659,#1457);
#1082=LINE('',#6660,#1458);
#1083=LINE('',#6665,#1459);
#1084=LINE('',#6668,#1460);
#1085=LINE('',#6671,#1461);
#1086=LINE('',#6672,#1462);
#1087=LINE('',#6676,#1463);
#1088=LINE('',#6677,#1464);
#1089=LINE('',#6678,#1465);
#1090=LINE('',#6680,#1466);
#1091=LINE('',#6683,#1467);
#1092=LINE('',#6684,#1468);
#1093=LINE('',#6686,#1469);
#1094=LINE('',#6688,#1470);
#1095=LINE('',#6689,#1471);
#1096=LINE('',#6692,#1472);
#1097=LINE('',#6693,#1473);
#1098=LINE('',#6695,#1474);
#1099=LINE('',#6696,#1475);
#1100=LINE('',#6698,#1476);
#1101=LINE('',#6702,#1477);
#1102=VECTOR('',#4375,10.);
#1103=VECTOR('',#4376,10.);
#1104=VECTOR('',#4377,10.);
#1105=VECTOR('',#4378,10.);
#1106=VECTOR('',#4381,10.);
#1107=VECTOR('',#4382,10.);
#1108=VECTOR('',#4383,10.);
#1109=VECTOR('',#4384,10.);
#1110=VECTOR('',#4387,10.);
#1111=VECTOR('',#4388,10.);
#1112=VECTOR('',#4389,10.);
#1113=VECTOR('',#4390,10.);
#1114=VECTOR('',#4393,10.);
#1115=VECTOR('',#4394,10.);
#1116=VECTOR('',#4395,10.);
#1117=VECTOR('',#4396,10.);
#1118=VECTOR('',#4399,10.);
#1119=VECTOR('',#4400,10.);
#1120=VECTOR('',#4401,10.);
#1121=VECTOR('',#4402,10.);
#1122=VECTOR('',#4405,10.);
#1123=VECTOR('',#4406,10.);
#1124=VECTOR('',#4407,10.);
#1125=VECTOR('',#4408,10.);
#1126=VECTOR('',#4409,10.);
#1127=VECTOR('',#4412,10.);
#1128=VECTOR('',#4413,10.);
#1129=VECTOR('',#4414,10.);
#1130=VECTOR('',#4417,10.);
#1131=VECTOR('',#4418,10.);
#1132=VECTOR('',#4419,10.);
#1133=VECTOR('',#4420,10.);
#1134=VECTOR('',#4423,10.);
#1135=VECTOR('',#4424,10.);
#1136=VECTOR('',#4425,10.);
#1137=VECTOR('',#4426,10.);
#1138=VECTOR('',#4427,10.);
#1139=VECTOR('',#4430,10.);
#1140=VECTOR('',#4431,10.);
#1141=VECTOR('',#4432,10.);
#1142=VECTOR('',#4435,10.);
#1143=VECTOR('',#4436,10.);
#1144=VECTOR('',#4437,10.);
#1145=VECTOR('',#4438,10.);
#1146=VECTOR('',#4441,10.);
#1147=VECTOR('',#4442,10.);
#1148=VECTOR('',#4443,10.);
#1149=VECTOR('',#4446,10.);
#1150=VECTOR('',#4447,10.);
#1151=VECTOR('',#4448,10.);
#1152=VECTOR('',#4451,10.);
#1153=VECTOR('',#4454,10.);
#1154=VECTOR('',#4455,10.);
#1155=VECTOR('',#4456,10.);
#1156=VECTOR('',#4459,10.);
#1157=VECTOR('',#4460,10.);
#1158=VECTOR('',#4463,10.);
#1159=VECTOR('',#4464,10.);
#1160=VECTOR('',#4467,10.);
#1161=VECTOR('',#4470,10.);
#1162=VECTOR('',#4471,10.);
#1163=VECTOR('',#4472,10.);
#1164=VECTOR('',#4475,10.);
#1165=VECTOR('',#4476,10.);
#1166=VECTOR('',#4477,10.);
#1167=VECTOR('',#4480,10.);
#1168=VECTOR('',#4481,10.);
#1169=VECTOR('',#4482,10.);
#1170=VECTOR('',#4485,10.);
#1171=VECTOR('',#4486,10.);
#1172=VECTOR('',#4489,10.);
#1173=VECTOR('',#4490,10.);
#1174=VECTOR('',#4491,10.);
#1175=VECTOR('',#4494,10.);
#1176=VECTOR('',#4495,10.);
#1177=VECTOR('',#4498,10.);
#1178=VECTOR('',#4499,10.);
#1179=VECTOR('',#4502,10.);
#1180=VECTOR('',#4507,10.);
#1181=VECTOR('',#4510,10.);
#1182=VECTOR('',#4533,10.);
#1183=VECTOR('',#4536,10.);
#1184=VECTOR('',#4543,10.);
#1185=VECTOR('',#4546,10.);
#1186=VECTOR('',#4549,10.);
#1187=VECTOR('',#4552,10.);
#1188=VECTOR('',#4553,10.);
#1189=VECTOR('',#4554,10.);
#1190=VECTOR('',#4557,10.);
#1191=VECTOR('',#4558,10.);
#1192=VECTOR('',#4563,10.);
#1193=VECTOR('',#4568,10.);
#1194=VECTOR('',#4571,10.);
#1195=VECTOR('',#4574,10.);
#1196=VECTOR('',#4577,10.);
#1197=VECTOR('',#4578,10.);
#1198=VECTOR('',#4579,10.);
#1199=VECTOR('',#4582,10.);
#1200=VECTOR('',#4583,10.);
#1201=VECTOR('',#4588,10.);
#1202=VECTOR('',#4591,10.);
#1203=VECTOR('',#4592,10.);
#1204=VECTOR('',#4595,10.);
#1205=VECTOR('',#4596,10.);
#1206=VECTOR('',#4599,10.);
#1207=VECTOR('',#4602,10.);
#1208=VECTOR('',#4603,10.);
#1209=VECTOR('',#4606,10.);
#1210=VECTOR('',#4607,10.);
#1211=VECTOR('',#4610,10.);
#1212=VECTOR('',#4615,10.);
#1213=VECTOR('',#4618,10.);
#1214=VECTOR('',#4621,10.);
#1215=VECTOR('',#4624,10.);
#1216=VECTOR('',#4625,10.);
#1217=VECTOR('',#4626,10.);
#1218=VECTOR('',#4629,10.);
#1219=VECTOR('',#4630,10.);
#1220=VECTOR('',#4635,10.);
#1221=VECTOR('',#4640,10.);
#1222=VECTOR('',#4643,10.);
#1223=VECTOR('',#4646,10.);
#1224=VECTOR('',#4649,10.);
#1225=VECTOR('',#4650,10.);
#1226=VECTOR('',#4651,10.);
#1227=VECTOR('',#4654,10.);
#1228=VECTOR('',#4655,10.);
#1229=VECTOR('',#4660,10.);
#1230=VECTOR('',#4665,10.);
#1231=VECTOR('',#4668,10.);
#1232=VECTOR('',#4671,10.);
#1233=VECTOR('',#4674,10.);
#1234=VECTOR('',#4675,10.);
#1235=VECTOR('',#4676,10.);
#1236=VECTOR('',#4679,10.);
#1237=VECTOR('',#4680,10.);
#1238=VECTOR('',#4685,10.);
#1239=VECTOR('',#4690,10.);
#1240=VECTOR('',#4693,10.);
#1241=VECTOR('',#4696,10.);
#1242=VECTOR('',#4699,10.);
#1243=VECTOR('',#4700,10.);
#1244=VECTOR('',#4701,10.);
#1245=VECTOR('',#4704,10.);
#1246=VECTOR('',#4705,10.);
#1247=VECTOR('',#4710,10.);
#1248=VECTOR('',#4713,10.);
#1249=VECTOR('',#4714,10.);
#1250=VECTOR('',#4717,10.);
#1251=VECTOR('',#4718,10.);
#1252=VECTOR('',#4721,10.);
#1253=VECTOR('',#4724,10.);
#1254=VECTOR('',#4725,10.);
#1255=VECTOR('',#4728,10.);
#1256=VECTOR('',#4729,10.);
#1257=VECTOR('',#4732,10.);
#1258=VECTOR('',#4735,10.);
#1259=VECTOR('',#4736,10.);
#1260=VECTOR('',#4739,10.);
#1261=VECTOR('',#4740,10.);
#1262=VECTOR('',#4743,10.);
#1263=VECTOR('',#4746,10.);
#1264=VECTOR('',#4747,10.);
#1265=VECTOR('',#4750,10.);
#1266=VECTOR('',#4751,10.);
#1267=VECTOR('',#4754,10.);
#1268=VECTOR('',#4759,10.);
#1269=VECTOR('',#4762,10.);
#1270=VECTOR('',#4765,10.);
#1271=VECTOR('',#4766,10.);
#1272=VECTOR('',#4767,10.);
#1273=VECTOR('',#4770,10.);
#1274=VECTOR('',#4777,10.);
#1275=VECTOR('',#4782,10.);
#1276=VECTOR('',#4785,10.);
#1277=VECTOR('',#4788,10.);
#1278=VECTOR('',#4791,10.);
#1279=VECTOR('',#4794,10.);
#1280=VECTOR('',#4795,10.);
#1281=VECTOR('',#4800,10.);
#1282=VECTOR('',#4803,10.);
#1283=VECTOR('',#4804,10.);
#1284=VECTOR('',#4805,10.);
#1285=VECTOR('',#4806,10.);
#1286=VECTOR('',#4809,10.);
#1287=VECTOR('',#4812,10.);
#1288=VECTOR('',#4813,10.);
#1289=VECTOR('',#4816,10.);
#1290=VECTOR('',#4817,10.);
#1291=VECTOR('',#4820,10.);
#1292=VECTOR('',#4821,10.);
#1293=VECTOR('',#4824,10.);
#1294=VECTOR('',#4825,10.);
#1295=VECTOR('',#4828,10.);
#1296=VECTOR('',#4829,10.);
#1297=VECTOR('',#4830,10.);
#1298=VECTOR('',#4831,10.);
#1299=VECTOR('',#4834,10.);
#1300=VECTOR('',#4835,10.);
#1301=VECTOR('',#4838,10.);
#1302=VECTOR('',#4839,10.);
#1303=VECTOR('',#4842,10.);
#1304=VECTOR('',#4843,10.);
#1305=VECTOR('',#4846,10.);
#1306=VECTOR('',#4847,10.);
#1307=VECTOR('',#4850,10.);
#1308=VECTOR('',#4853,10.);
#1309=VECTOR('',#4854,10.);
#1310=VECTOR('',#4855,10.);
#1311=VECTOR('',#4856,10.);
#1312=VECTOR('',#4857,10.);
#1313=VECTOR('',#4858,10.);
#1314=VECTOR('',#4861,10.);
#1315=VECTOR('',#4864,10.);
#1316=VECTOR('',#4867,10.);
#1317=VECTOR('',#4870,10.);
#1318=VECTOR('',#4875,10.);
#1319=VECTOR('',#4878,10.);
#1320=VECTOR('',#4883,10.);
#1321=VECTOR('',#4886,10.);
#1322=VECTOR('',#4895,10.);
#1323=VECTOR('',#4898,10.);
#1324=VECTOR('',#4907,10.);
#1325=VECTOR('',#4910,10.);
#1326=VECTOR('',#4921,10.);
#1327=VECTOR('',#4924,10.);
#1328=VECTOR('',#4927,10.);
#1329=VECTOR('',#4928,10.);
#1330=VECTOR('',#4931,10.);
#1331=VECTOR('',#4934,10.);
#1332=VECTOR('',#4937,10.);
#1333=VECTOR('',#4940,10.);
#1334=VECTOR('',#4943,10.);
#1335=VECTOR('',#4948,10.);
#1336=VECTOR('',#4949,10.);
#1337=VECTOR('',#4950,10.);
#1338=VECTOR('',#4953,10.);
#1339=VECTOR('',#4956,10.);
#1340=VECTOR('',#4959,10.);
#1341=VECTOR('',#4962,10.);
#1342=VECTOR('',#4965,10.);
#1343=VECTOR('',#4968,10.);
#1344=VECTOR('',#4971,10.);
#1345=VECTOR('',#4974,10.);
#1346=VECTOR('',#4977,10.);
#1347=VECTOR('',#4980,10.);
#1348=VECTOR('',#4983,10.);
#1349=VECTOR('',#4990,10.);
#1350=VECTOR('',#4993,10.);
#1351=VECTOR('',#4996,10.);
#1352=VECTOR('',#4999,10.);
#1353=VECTOR('',#5002,10.);
#1354=VECTOR('',#5003,10.);
#1355=VECTOR('',#5006,10.);
#1356=VECTOR('',#5009,10.);
#1357=VECTOR('',#5014,10.);
#1358=VECTOR('',#5015,10.);
#1359=VECTOR('',#5018,10.);
#1360=VECTOR('',#5021,10.);
#1361=VECTOR('',#5026,10.);
#1362=VECTOR('',#5027,10.);
#1363=VECTOR('',#5028,10.);
#1364=VECTOR('',#5029,10.);
#1365=VECTOR('',#5036,10.);
#1366=VECTOR('',#5041,10.);
#1367=VECTOR('',#5046,10.);
#1368=VECTOR('',#5047,10.);
#1369=VECTOR('',#5050,10.);
#1370=VECTOR('',#5051,10.);
#1371=VECTOR('',#5052,10.);
#1372=VECTOR('',#5053,10.);
#1373=VECTOR('',#5060,10.);
#1374=VECTOR('',#5065,10.);
#1375=VECTOR('',#5070,10.);
#1376=VECTOR('',#5071,10.);
#1377=VECTOR('',#5074,10.);
#1378=VECTOR('',#5075,10.);
#1379=VECTOR('',#5076,10.);
#1380=VECTOR('',#5079,10.);
#1381=VECTOR('',#5080,10.);
#1382=VECTOR('',#5087,10.);
#1383=VECTOR('',#5088,10.);
#1384=VECTOR('',#5089,10.);
#1385=VECTOR('',#5092,10.);
#1386=VECTOR('',#5093,10.);
#1387=VECTOR('',#5094,10.);
#1388=VECTOR('',#5099,10.);
#1389=VECTOR('',#5104,10.);
#1390=VECTOR('',#5105,10.);
#1391=VECTOR('',#5106,10.);
#1392=VECTOR('',#5111,10.);
#1393=VECTOR('',#5114,10.);
#1394=VECTOR('',#5115,10.);
#1395=VECTOR('',#5122,10.);
#1396=VECTOR('',#5123,10.);
#1397=VECTOR('',#5124,10.);
#1398=VECTOR('',#5129,10.);
#1399=VECTOR('',#5132,10.);
#1400=VECTOR('',#5133,10.);
#1401=VECTOR('',#5140,10.);
#1402=VECTOR('',#5141,10.);
#1403=VECTOR('',#5142,10.);
#1404=VECTOR('',#5147,10.);
#1405=VECTOR('',#5150,10.);
#1406=VECTOR('',#5151,10.);
#1407=VECTOR('',#5158,10.);
#1408=VECTOR('',#5159,10.);
#1409=VECTOR('',#5160,10.);
#1410=VECTOR('',#5165,10.);
#1411=VECTOR('',#5168,10.);
#1412=VECTOR('',#5169,10.);
#1413=VECTOR('',#5188,10.);
#1414=VECTOR('',#5189,10.);
#1415=VECTOR('',#5192,10.);
#1416=VECTOR('',#5193,10.);
#1417=VECTOR('',#5208,3.5);
#1418=VECTOR('',#5221,10.);
#1419=VECTOR('',#5222,10.);
#1420=VECTOR('',#5223,10.);
#1421=VECTOR('',#5226,10.);
#1422=VECTOR('',#5229,10.);
#1423=VECTOR('',#5232,10.);
#1424=VECTOR('',#5241,3.5);
#1425=VECTOR('',#5258,3.5);
#1426=VECTOR('',#5275,3.5);
#1427=VECTOR('',#5278,10.);
#1428=VECTOR('',#5279,10.);
#1429=VECTOR('',#5282,10.);
#1430=VECTOR('',#5285,10.);
#1431=VECTOR('',#5286,10.);
#1432=VECTOR('',#5291,10.);
#1433=VECTOR('',#5292,10.);
#1434=VECTOR('',#5297,10.);
#1435=VECTOR('',#5322,10.);
#1436=VECTOR('',#5323,10.);
#1437=VECTOR('',#5326,10.);
#1438=VECTOR('',#5329,10.);
#1439=VECTOR('',#5334,10.);
#1440=VECTOR('',#5335,10.);
#1441=VECTOR('',#5338,10.);
#1442=VECTOR('',#5341,10.);
#1443=VECTOR('',#5350,0.95);
#1444=VECTOR('',#5363,0.95);
#1445=VECTOR('',#5376,0.95);
#1446=VECTOR('',#5389,0.95);
#1447=VECTOR('',#5406,10.);
#1448=VECTOR('',#5407,10.);
#1449=VECTOR('',#5408,10.);
#1450=VECTOR('',#5409,10.);
#1451=VECTOR('',#5410,10.);
#1452=VECTOR('',#5413,10.);
#1453=VECTOR('',#5414,10.);
#1454=VECTOR('',#5415,10.);
#1455=VECTOR('',#5418,10.);
#1456=VECTOR('',#5419,10.);
#1457=VECTOR('',#5420,10.);
#1458=VECTOR('',#5421,10.);
#1459=VECTOR('',#5426,10.);
#1460=VECTOR('',#5431,10.);
#1461=VECTOR('',#5434,10.);
#1462=VECTOR('',#5435,10.);
#1463=VECTOR('',#5438,10.);
#1464=VECTOR('',#5439,10.);
#1465=VECTOR('',#5440,10.);
#1466=VECTOR('',#5443,10.);
#1467=VECTOR('',#5446,10.);
#1468=VECTOR('',#5447,10.);
#1469=VECTOR('',#5450,10.);
#1470=VECTOR('',#5451,10.);
#1471=VECTOR('',#5452,10.);
#1472=VECTOR('',#5455,10.);
#1473=VECTOR('',#5456,10.);
#1474=VECTOR('',#5459,10.);
#1475=VECTOR('',#5460,10.);
#1476=VECTOR('',#5463,10.);
#1477=VECTOR('',#5470,10.);
#1478=VERTEX_POINT('',#5475);
#1479=VERTEX_POINT('',#5476);
#1480=VERTEX_POINT('',#5478);
#1481=VERTEX_POINT('',#5480);
#1482=VERTEX_POINT('',#5484);
#1483=VERTEX_POINT('',#5485);
#1484=VERTEX_POINT('',#5487);
#1485=VERTEX_POINT('',#5489);
#1486=VERTEX_POINT('',#5493);
#1487=VERTEX_POINT('',#5494);
#1488=VERTEX_POINT('',#5496);
#1489=VERTEX_POINT('',#5498);
#1490=VERTEX_POINT('',#5502);
#1491=VERTEX_POINT('',#5503);
#1492=VERTEX_POINT('',#5505);
#1493=VERTEX_POINT('',#5507);
#1494=VERTEX_POINT('',#5511);
#1495=VERTEX_POINT('',#5512);
#1496=VERTEX_POINT('',#5514);
#1497=VERTEX_POINT('',#5516);
#1498=VERTEX_POINT('',#5520);
#1499=VERTEX_POINT('',#5522);
#1500=VERTEX_POINT('',#5524);
#1501=VERTEX_POINT('',#5526);
#1502=VERTEX_POINT('',#5530);
#1503=VERTEX_POINT('',#5532);
#1504=VERTEX_POINT('',#5536);
#1505=VERTEX_POINT('',#5537);
#1506=VERTEX_POINT('',#5539);
#1507=VERTEX_POINT('',#5541);
#1508=VERTEX_POINT('',#5545);
#1509=VERTEX_POINT('',#5547);
#1510=VERTEX_POINT('',#5549);
#1511=VERTEX_POINT('',#5551);
#1512=VERTEX_POINT('',#5555);
#1513=VERTEX_POINT('',#5557);
#1514=VERTEX_POINT('',#5561);
#1515=VERTEX_POINT('',#5562);
#1516=VERTEX_POINT('',#5564);
#1517=VERTEX_POINT('',#5569);
#1518=VERTEX_POINT('',#5570);
#1519=VERTEX_POINT('',#5575);
#1520=VERTEX_POINT('',#5576);
#1521=VERTEX_POINT('',#5583);
#1522=VERTEX_POINT('',#5584);
#1523=VERTEX_POINT('',#5589);
#1524=VERTEX_POINT('',#5593);
#1525=VERTEX_POINT('',#5599);
#1526=VERTEX_POINT('',#5600);
#1527=VERTEX_POINT('',#5605);
#1528=VERTEX_POINT('',#5606);
#1529=VERTEX_POINT('',#5611);
#1530=VERTEX_POINT('',#5612);
#1531=VERTEX_POINT('',#5617);
#1532=VERTEX_POINT('',#5621);
#1533=VERTEX_POINT('',#5622);
#1534=VERTEX_POINT('',#5627);
#1535=VERTEX_POINT('',#5631);
#1536=VERTEX_POINT('',#5637);
#1537=VERTEX_POINT('',#5639);
#1538=VERTEX_POINT('',#5641);
#1539=VERTEX_POINT('',#5643);
#1540=VERTEX_POINT('',#5655);
#1541=VERTEX_POINT('',#5657);
#1542=VERTEX_POINT('',#5659);
#1543=VERTEX_POINT('',#5661);
#1544=VERTEX_POINT('',#5665);
#1545=VERTEX_POINT('',#5666);
#1546=VERTEX_POINT('',#5668);
#1547=VERTEX_POINT('',#5670);
#1548=VERTEX_POINT('',#5674);
#1549=VERTEX_POINT('',#5676);
#1550=VERTEX_POINT('',#5678);
#1551=VERTEX_POINT('',#5680);
#1552=VERTEX_POINT('',#5684);
#1553=VERTEX_POINT('',#5688);
#1554=VERTEX_POINT('',#5692);
#1555=VERTEX_POINT('',#5693);
#1556=VERTEX_POINT('',#5695);
#1557=VERTEX_POINT('',#5697);
#1558=VERTEX_POINT('',#5701);
#1559=VERTEX_POINT('',#5703);
#1560=VERTEX_POINT('',#5705);
#1561=VERTEX_POINT('',#5707);
#1562=VERTEX_POINT('',#5711);
#1563=VERTEX_POINT('',#5715);
#1564=VERTEX_POINT('',#5719);
#1565=VERTEX_POINT('',#5723);
#1566=VERTEX_POINT('',#5729);
#1567=VERTEX_POINT('',#5733);
#1568=VERTEX_POINT('',#5739);
#1569=VERTEX_POINT('',#5740);
#1570=VERTEX_POINT('',#5742);
#1571=VERTEX_POINT('',#5744);
#1572=VERTEX_POINT('',#5748);
#1573=VERTEX_POINT('',#5750);
#1574=VERTEX_POINT('',#5752);
#1575=VERTEX_POINT('',#5754);
#1576=VERTEX_POINT('',#5758);
#1577=VERTEX_POINT('',#5762);
#1578=VERTEX_POINT('',#5766);
#1579=VERTEX_POINT('',#5767);
#1580=VERTEX_POINT('',#5769);
#1581=VERTEX_POINT('',#5771);
#1582=VERTEX_POINT('',#5775);
#1583=VERTEX_POINT('',#5777);
#1584=VERTEX_POINT('',#5779);
#1585=VERTEX_POINT('',#5781);
#1586=VERTEX_POINT('',#5785);
#1587=VERTEX_POINT('',#5789);
#1588=VERTEX_POINT('',#5793);
#1589=VERTEX_POINT('',#5794);
#1590=VERTEX_POINT('',#5796);
#1591=VERTEX_POINT('',#5798);
#1592=VERTEX_POINT('',#5802);
#1593=VERTEX_POINT('',#5804);
#1594=VERTEX_POINT('',#5806);
#1595=VERTEX_POINT('',#5808);
#1596=VERTEX_POINT('',#5812);
#1597=VERTEX_POINT('',#5816);
#1598=VERTEX_POINT('',#5820);
#1599=VERTEX_POINT('',#5821);
#1600=VERTEX_POINT('',#5823);
#1601=VERTEX_POINT('',#5825);
#1602=VERTEX_POINT('',#5829);
#1603=VERTEX_POINT('',#5831);
#1604=VERTEX_POINT('',#5833);
#1605=VERTEX_POINT('',#5835);
#1606=VERTEX_POINT('',#5839);
#1607=VERTEX_POINT('',#5843);
#1608=VERTEX_POINT('',#5847);
#1609=VERTEX_POINT('',#5851);
#1610=VERTEX_POINT('',#5857);
#1611=VERTEX_POINT('',#5861);
#1612=VERTEX_POINT('',#5867);
#1613=VERTEX_POINT('',#5871);
#1614=VERTEX_POINT('',#5877);
#1615=VERTEX_POINT('',#5881);
#1616=VERTEX_POINT('',#5887);
#1617=VERTEX_POINT('',#5888);
#1618=VERTEX_POINT('',#5890);
#1619=VERTEX_POINT('',#5892);
#1620=VERTEX_POINT('',#5896);
#1621=VERTEX_POINT('',#5898);
#1622=VERTEX_POINT('',#5902);
#1623=VERTEX_POINT('',#5906);
#1624=VERTEX_POINT('',#5910);
#1625=VERTEX_POINT('',#5911);
#1626=VERTEX_POINT('',#5913);
#1627=VERTEX_POINT('',#5915);
#1628=VERTEX_POINT('',#5919);
#1629=VERTEX_POINT('',#5921);
#1630=VERTEX_POINT('',#5925);
#1631=VERTEX_POINT('',#5929);
#1632=VERTEX_POINT('',#5934);
#1633=VERTEX_POINT('',#5936);
#1634=VERTEX_POINT('',#5942);
#1635=VERTEX_POINT('',#5946);
#1636=VERTEX_POINT('',#5950);
#1637=VERTEX_POINT('',#5954);
#1638=VERTEX_POINT('',#5958);
#1639=VERTEX_POINT('',#5960);
#1640=VERTEX_POINT('',#5965);
#1641=VERTEX_POINT('',#5969);
#1642=VERTEX_POINT('',#5973);
#1643=VERTEX_POINT('',#5977);
#1644=VERTEX_POINT('',#5984);
#1645=VERTEX_POINT('',#5986);
#1646=VERTEX_POINT('',#5988);
#1647=VERTEX_POINT('',#5990);
#1648=VERTEX_POINT('',#5993);
#1649=VERTEX_POINT('',#5994);
#1650=VERTEX_POINT('',#5996);
#1651=VERTEX_POINT('',#5998);
#1652=VERTEX_POINT('',#6001);
#1653=VERTEX_POINT('',#6002);
#1654=VERTEX_POINT('',#6004);
#1655=VERTEX_POINT('',#6006);
#1656=VERTEX_POINT('',#6010);
#1657=VERTEX_POINT('',#6011);
#1658=VERTEX_POINT('',#6013);
#1659=VERTEX_POINT('',#6015);
#1660=VERTEX_POINT('',#6019);
#1661=VERTEX_POINT('',#6021);
#1662=VERTEX_POINT('',#6023);
#1663=VERTEX_POINT('',#6029);
#1664=VERTEX_POINT('',#6031);
#1665=VERTEX_POINT('',#6033);
#1666=VERTEX_POINT('',#6039);
#1667=VERTEX_POINT('',#6042);
#1668=VERTEX_POINT('',#6050);
#1669=VERTEX_POINT('',#6052);
#1670=VERTEX_POINT('',#6056);
#1671=VERTEX_POINT('',#6059);
#1672=VERTEX_POINT('',#6060);
#1673=VERTEX_POINT('',#6062);
#1674=VERTEX_POINT('',#6064);
#1675=VERTEX_POINT('',#6067);
#1676=VERTEX_POINT('',#6068);
#1677=VERTEX_POINT('',#6070);
#1678=VERTEX_POINT('',#6072);
#1679=VERTEX_POINT('',#6076);
#1680=VERTEX_POINT('',#6080);
#1681=VERTEX_POINT('',#6083);
#1682=VERTEX_POINT('',#6084);
#1683=VERTEX_POINT('',#6086);
#1684=VERTEX_POINT('',#6088);
#1685=VERTEX_POINT('',#6090);
#1686=VERTEX_POINT('',#6092);
#1687=VERTEX_POINT('',#6094);
#1688=VERTEX_POINT('',#6096);
#1689=VERTEX_POINT('',#6099);
#1690=VERTEX_POINT('',#6100);
#1691=VERTEX_POINT('',#6102);
#1692=VERTEX_POINT('',#6104);
#1693=VERTEX_POINT('',#6107);
#1694=VERTEX_POINT('',#6108);
#1695=VERTEX_POINT('',#6110);
#1696=VERTEX_POINT('',#6112);
#1697=VERTEX_POINT('',#6115);
#1698=VERTEX_POINT('',#6116);
#1699=VERTEX_POINT('',#6118);
#1700=VERTEX_POINT('',#6120);
#1701=VERTEX_POINT('',#6123);
#1702=VERTEX_POINT('',#6124);
#1703=VERTEX_POINT('',#6126);
#1704=VERTEX_POINT('',#6128);
#1705=VERTEX_POINT('',#6132);
#1706=VERTEX_POINT('',#6133);
#1707=VERTEX_POINT('',#6135);
#1708=VERTEX_POINT('',#6137);
#1709=VERTEX_POINT('',#6140);
#1710=VERTEX_POINT('',#6141);
#1711=VERTEX_POINT('',#6143);
#1712=VERTEX_POINT('',#6145);
#1713=VERTEX_POINT('',#6165);
#1714=VERTEX_POINT('',#6166);
#1715=VERTEX_POINT('',#6168);
#1716=VERTEX_POINT('',#6170);
#1717=VERTEX_POINT('',#6174);
#1718=VERTEX_POINT('',#6176);
#1719=VERTEX_POINT('',#6180);
#1720=VERTEX_POINT('',#6182);
#1721=VERTEX_POINT('',#6189);
#1722=VERTEX_POINT('',#6190);
#1723=VERTEX_POINT('',#6192);
#1724=VERTEX_POINT('',#6194);
#1725=VERTEX_POINT('',#6198);
#1726=VERTEX_POINT('',#6200);
#1727=VERTEX_POINT('',#6204);
#1728=VERTEX_POINT('',#6206);
#1729=VERTEX_POINT('',#6213);
#1730=VERTEX_POINT('',#6215);
#1731=VERTEX_POINT('',#6219);
#1732=VERTEX_POINT('',#6223);
#1733=VERTEX_POINT('',#6225);
#1734=VERTEX_POINT('',#6231);
#1735=VERTEX_POINT('',#6233);
#1736=VERTEX_POINT('',#6237);
#1737=VERTEX_POINT('',#6239);
#1738=VERTEX_POINT('',#6243);
#1739=VERTEX_POINT('',#6244);
#1740=VERTEX_POINT('',#6249);
#1741=VERTEX_POINT('',#6253);
#1742=VERTEX_POINT('',#6259);
#1743=VERTEX_POINT('',#6260);
#1744=VERTEX_POINT('',#6265);
#1745=VERTEX_POINT('',#6269);
#1746=VERTEX_POINT('',#6275);
#1747=VERTEX_POINT('',#6276);
#1748=VERTEX_POINT('',#6281);
#1749=VERTEX_POINT('',#6285);
#1750=VERTEX_POINT('',#6291);
#1751=VERTEX_POINT('',#6292);
#1752=VERTEX_POINT('',#6297);
#1753=VERTEX_POINT('',#6301);
#1754=VERTEX_POINT('',#6307);
#1755=VERTEX_POINT('',#6308);
#1756=VERTEX_POINT('',#6310);
#1757=VERTEX_POINT('',#6312);
#1758=VERTEX_POINT('',#6319);
#1759=VERTEX_POINT('',#6327);
#1760=VERTEX_POINT('',#6332);
#1761=VERTEX_POINT('',#6334);
#1762=VERTEX_POINT('',#6336);
#1763=VERTEX_POINT('',#6339);
#1764=VERTEX_POINT('',#6340);
#1765=VERTEX_POINT('',#6343);
#1766=VERTEX_POINT('',#6344);
#1767=VERTEX_POINT('',#6348);
#1768=VERTEX_POINT('',#6349);
#1769=VERTEX_POINT('',#6354);
#1770=VERTEX_POINT('',#6355);
#1771=VERTEX_POINT('',#6357);
#1772=VERTEX_POINT('',#6371);
#1773=VERTEX_POINT('',#6375);
#1774=VERTEX_POINT('',#6378);
#1775=VERTEX_POINT('',#6379);
#1776=VERTEX_POINT('',#6381);
#1777=VERTEX_POINT('',#6383);
#1778=VERTEX_POINT('',#6385);
#1779=VERTEX_POINT('',#6387);
#1780=VERTEX_POINT('',#6389);
#1781=VERTEX_POINT('',#6391);
#1782=VERTEX_POINT('',#6395);
#1783=VERTEX_POINT('',#6396);
#1784=VERTEX_POINT('',#6401);
#1785=VERTEX_POINT('',#6402);
#1786=VERTEX_POINT('',#6405);
#1787=VERTEX_POINT('',#6409);
#1788=VERTEX_POINT('',#6410);
#1789=VERTEX_POINT('',#6415);
#1790=VERTEX_POINT('',#6416);
#1791=VERTEX_POINT('',#6419);
#1792=VERTEX_POINT('',#6423);
#1793=VERTEX_POINT('',#6424);
#1794=VERTEX_POINT('',#6540);
#1795=VERTEX_POINT('',#6573);
#1796=VERTEX_POINT('',#6593);
#1797=VERTEX_POINT('',#6594);
#1798=VERTEX_POINT('',#6597);
#1799=VERTEX_POINT('',#6599);
#1800=VERTEX_POINT('',#6604);
#1801=VERTEX_POINT('',#6605);
#1802=VERTEX_POINT('',#6608);
#1803=VERTEX_POINT('',#6610);
#1804=VERTEX_POINT('',#6615);
#1805=VERTEX_POINT('',#6616);
#1806=VERTEX_POINT('',#6619);
#1807=VERTEX_POINT('',#6621);
#1808=VERTEX_POINT('',#6626);
#1809=VERTEX_POINT('',#6627);
#1810=VERTEX_POINT('',#6630);
#1811=VERTEX_POINT('',#6632);
#1812=VERTEX_POINT('',#6647);
#1813=VERTEX_POINT('',#6649);
#1814=VERTEX_POINT('',#6653);
#1815=VERTEX_POINT('',#6654);
#1816=VERTEX_POINT('',#6656);
#1817=VERTEX_POINT('',#6658);
#1818=VERTEX_POINT('',#6662);
#1819=VERTEX_POINT('',#6664);
#1820=VERTEX_POINT('',#6670);
#1821=VERTEX_POINT('',#6674);
#1822=VERTEX_POINT('',#6675);
#1823=VERTEX_POINT('',#6682);
#1824=VERTEX_POINT('',#6687);
#1825=VERTEX_POINT('',#6691);
#1826=EDGE_CURVE('',#1478,#1479,#726,.T.);
#1827=EDGE_CURVE('',#1479,#1480,#727,.T.);
#1828=EDGE_CURVE('',#1480,#1481,#728,.T.);
#1829=EDGE_CURVE('',#1481,#1478,#729,.T.);
#1830=EDGE_CURVE('',#1482,#1483,#730,.T.);
#1831=EDGE_CURVE('',#1483,#1484,#731,.T.);
#1832=EDGE_CURVE('',#1484,#1485,#732,.T.);
#1833=EDGE_CURVE('',#1485,#1482,#733,.T.);
#1834=EDGE_CURVE('',#1486,#1487,#734,.T.);
#1835=EDGE_CURVE('',#1487,#1488,#735,.T.);
#1836=EDGE_CURVE('',#1488,#1489,#736,.T.);
#1837=EDGE_CURVE('',#1489,#1486,#737,.T.);
#1838=EDGE_CURVE('',#1490,#1491,#738,.T.);
#1839=EDGE_CURVE('',#1491,#1492,#739,.T.);
#1840=EDGE_CURVE('',#1492,#1493,#740,.T.);
#1841=EDGE_CURVE('',#1493,#1490,#741,.T.);
#1842=EDGE_CURVE('',#1494,#1495,#742,.T.);
#1843=EDGE_CURVE('',#1495,#1496,#743,.T.);
#1844=EDGE_CURVE('',#1496,#1497,#744,.T.);
#1845=EDGE_CURVE('',#1497,#1494,#745,.T.);
#1846=EDGE_CURVE('',#1495,#1498,#746,.T.);
#1847=EDGE_CURVE('',#1499,#1498,#747,.T.);
#1848=EDGE_CURVE('',#1499,#1500,#748,.T.);
#1849=EDGE_CURVE('',#1500,#1501,#749,.T.);
#1850=EDGE_CURVE('',#1501,#1496,#750,.T.);
#1851=EDGE_CURVE('',#1502,#1494,#751,.T.);
#1852=EDGE_CURVE('',#1503,#1502,#752,.T.);
#1853=EDGE_CURVE('',#1503,#1495,#753,.T.);
#1854=EDGE_CURVE('',#1504,#1505,#754,.T.);
#1855=EDGE_CURVE('',#1505,#1506,#755,.T.);
#1856=EDGE_CURVE('',#1506,#1507,#756,.T.);
#1857=EDGE_CURVE('',#1507,#1504,#757,.T.);
#1858=EDGE_CURVE('',#1505,#1508,#758,.T.);
#1859=EDGE_CURVE('',#1508,#1509,#759,.T.);
#1860=EDGE_CURVE('',#1509,#1510,#760,.T.);
#1861=EDGE_CURVE('',#1511,#1510,#761,.T.);
#1862=EDGE_CURVE('',#1511,#1506,#762,.T.);
#1863=EDGE_CURVE('',#1512,#1504,#763,.T.);
#1864=EDGE_CURVE('',#1513,#1512,#764,.T.);
#1865=EDGE_CURVE('',#1513,#1505,#765,.T.);
#1866=EDGE_CURVE('',#1514,#1515,#766,.T.);
#1867=EDGE_CURVE('',#1516,#1514,#767,.T.);
#1868=EDGE_CURVE('',#1516,#1479,#768,.T.);
#1869=EDGE_CURVE('',#1515,#1478,#769,.T.);
#1870=EDGE_CURVE('',#1517,#1518,#770,.T.);
#1871=EDGE_CURVE('',#1515,#1517,#771,.T.);
#1872=EDGE_CURVE('',#1518,#1481,#772,.T.);
#1873=EDGE_CURVE('',#1519,#1520,#773,.T.);
#1874=EDGE_CURVE('',#1518,#1519,#774,.T.);
#1875=EDGE_CURVE('',#1520,#1480,#775,.T.);
#1876=EDGE_CURVE('',#1520,#1516,#776,.T.);
#1877=EDGE_CURVE('',#1521,#1522,#777,.T.);
#1878=EDGE_CURVE('',#1521,#1485,#778,.T.);
#1879=EDGE_CURVE('',#1522,#1484,#779,.T.);
#1880=EDGE_CURVE('',#1522,#1523,#780,.T.);
#1881=EDGE_CURVE('',#1523,#1483,#781,.T.);
#1882=EDGE_CURVE('',#1523,#1524,#782,.T.);
#1883=EDGE_CURVE('',#1524,#1482,#783,.T.);
#1884=EDGE_CURVE('',#1524,#1521,#784,.T.);
#1885=EDGE_CURVE('',#1525,#1526,#785,.T.);
#1886=EDGE_CURVE('',#1525,#1487,#786,.T.);
#1887=EDGE_CURVE('',#1526,#1486,#787,.T.);
#1888=EDGE_CURVE('',#1527,#1528,#788,.T.);
#1889=EDGE_CURVE('',#1526,#1527,#789,.T.);
#1890=EDGE_CURVE('',#1528,#1489,#790,.T.);
#1891=EDGE_CURVE('',#1529,#1530,#791,.T.);
#1892=EDGE_CURVE('',#1528,#1529,#792,.T.);
#1893=EDGE_CURVE('',#1530,#1488,#793,.T.);
#1894=EDGE_CURVE('',#1531,#1525,#794,.T.);
#1895=EDGE_CURVE('',#1530,#1531,#795,.T.);
#1896=EDGE_CURVE('',#1532,#1533,#796,.T.);
#1897=EDGE_CURVE('',#1532,#1491,#797,.T.);
#1898=EDGE_CURVE('',#1533,#1490,#798,.T.);
#1899=EDGE_CURVE('',#1533,#1534,#799,.T.);
#1900=EDGE_CURVE('',#1534,#1493,#800,.T.);
#1901=EDGE_CURVE('',#1534,#1535,#801,.T.);
#1902=EDGE_CURVE('',#1535,#1492,#802,.T.);
#1903=EDGE_CURVE('',#1535,#1532,#803,.T.);
#1904=EDGE_CURVE('',#1527,#1536,#136,.T.);
#1905=EDGE_CURVE('',#1536,#1537,#804,.T.);
#1906=EDGE_CURVE('',#1537,#1538,#137,.T.);
#1907=EDGE_CURVE('',#1538,#1539,#805,.T.);
#1908=EDGE_CURVE('',#1539,#1531,#138,.T.);
#1909=EDGE_CURVE('',#1529,#1527,#139,.T.);
#1910=EDGE_CURVE('',#1531,#1529,#140,.T.);
#1911=EDGE_CURVE('',#1517,#1514,#141,.T.);
#1912=EDGE_CURVE('',#1519,#1517,#142,.T.);
#1913=EDGE_CURVE('',#1514,#1540,#143,.T.);
#1914=EDGE_CURVE('',#1540,#1541,#806,.T.);
#1915=EDGE_CURVE('',#1541,#1542,#144,.T.);
#1916=EDGE_CURVE('',#1542,#1543,#807,.T.);
#1917=EDGE_CURVE('',#1543,#1519,#145,.T.);
#1918=EDGE_CURVE('',#1544,#1545,#146,.T.);
#1919=EDGE_CURVE('',#1545,#1546,#808,.T.);
#1920=EDGE_CURVE('',#1546,#1547,#147,.T.);
#1921=EDGE_CURVE('',#1547,#1544,#809,.T.);
#1922=EDGE_CURVE('',#1548,#1546,#810,.T.);
#1923=EDGE_CURVE('',#1549,#1548,#148,.T.);
#1924=EDGE_CURVE('',#1550,#1549,#811,.T.);
#1925=EDGE_CURVE('',#1551,#1550,#812,.T.);
#1926=EDGE_CURVE('',#1551,#1547,#813,.T.);
#1927=EDGE_CURVE('',#1545,#1552,#814,.T.);
#1928=EDGE_CURVE('',#1548,#1552,#815,.T.);
#1929=EDGE_CURVE('',#1552,#1553,#149,.T.);
#1930=EDGE_CURVE('',#1553,#1549,#816,.T.);
#1931=EDGE_CURVE('',#1554,#1555,#150,.T.);
#1932=EDGE_CURVE('',#1555,#1556,#817,.T.);
#1933=EDGE_CURVE('',#1556,#1557,#151,.T.);
#1934=EDGE_CURVE('',#1557,#1554,#818,.T.);
#1935=EDGE_CURVE('',#1558,#1556,#819,.T.);
#1936=EDGE_CURVE('',#1559,#1558,#152,.T.);
#1937=EDGE_CURVE('',#1560,#1559,#820,.T.);
#1938=EDGE_CURVE('',#1561,#1560,#821,.T.);
#1939=EDGE_CURVE('',#1561,#1557,#822,.T.);
#1940=EDGE_CURVE('',#1555,#1562,#823,.T.);
#1941=EDGE_CURVE('',#1558,#1562,#824,.T.);
#1942=EDGE_CURVE('',#1562,#1563,#153,.T.);
#1943=EDGE_CURVE('',#1563,#1559,#825,.T.);
#1944=EDGE_CURVE('',#1564,#1561,#826,.T.);
#1945=EDGE_CURVE('',#1564,#1554,#827,.T.);
#1946=EDGE_CURVE('',#1565,#1563,#828,.T.);
#1947=EDGE_CURVE('',#1565,#1560,#829,.T.);
#1948=EDGE_CURVE('',#1565,#1564,#830,.T.);
#1949=EDGE_CURVE('',#1566,#1551,#831,.T.);
#1950=EDGE_CURVE('',#1566,#1544,#832,.T.);
#1951=EDGE_CURVE('',#1567,#1553,#833,.T.);
#1952=EDGE_CURVE('',#1567,#1550,#834,.T.);
#1953=EDGE_CURVE('',#1567,#1566,#835,.T.);
#1954=EDGE_CURVE('',#1568,#1569,#154,.T.);
#1955=EDGE_CURVE('',#1569,#1570,#836,.T.);
#1956=EDGE_CURVE('',#1570,#1571,#155,.T.);
#1957=EDGE_CURVE('',#1571,#1568,#837,.T.);
#1958=EDGE_CURVE('',#1572,#1570,#838,.T.);
#1959=EDGE_CURVE('',#1573,#1572,#156,.T.);
#1960=EDGE_CURVE('',#1574,#1573,#839,.T.);
#1961=EDGE_CURVE('',#1575,#1574,#840,.T.);
#1962=EDGE_CURVE('',#1575,#1571,#841,.T.);
#1963=EDGE_CURVE('',#1569,#1576,#842,.T.);
#1964=EDGE_CURVE('',#1572,#1576,#843,.T.);
#1965=EDGE_CURVE('',#1576,#1577,#157,.T.);
#1966=EDGE_CURVE('',#1577,#1573,#844,.T.);
#1967=EDGE_CURVE('',#1578,#1579,#158,.T.);
#1968=EDGE_CURVE('',#1579,#1580,#845,.T.);
#1969=EDGE_CURVE('',#1580,#1581,#159,.T.);
#1970=EDGE_CURVE('',#1581,#1578,#846,.T.);
#1971=EDGE_CURVE('',#1582,#1580,#847,.T.);
#1972=EDGE_CURVE('',#1583,#1582,#160,.T.);
#1973=EDGE_CURVE('',#1584,#1583,#848,.T.);
#1974=EDGE_CURVE('',#1585,#1584,#849,.T.);
#1975=EDGE_CURVE('',#1585,#1581,#850,.T.);
#1976=EDGE_CURVE('',#1579,#1586,#851,.T.);
#1977=EDGE_CURVE('',#1582,#1586,#852,.T.);
#1978=EDGE_CURVE('',#1586,#1587,#161,.T.);
#1979=EDGE_CURVE('',#1587,#1583,#853,.T.);
#1980=EDGE_CURVE('',#1588,#1589,#162,.T.);
#1981=EDGE_CURVE('',#1589,#1590,#854,.T.);
#1982=EDGE_CURVE('',#1590,#1591,#163,.T.);
#1983=EDGE_CURVE('',#1591,#1588,#855,.T.);
#1984=EDGE_CURVE('',#1592,#1590,#856,.T.);
#1985=EDGE_CURVE('',#1593,#1592,#164,.T.);
#1986=EDGE_CURVE('',#1594,#1593,#857,.T.);
#1987=EDGE_CURVE('',#1595,#1594,#858,.T.);
#1988=EDGE_CURVE('',#1595,#1591,#859,.T.);
#1989=EDGE_CURVE('',#1589,#1596,#860,.T.);
#1990=EDGE_CURVE('',#1592,#1596,#861,.T.);
#1991=EDGE_CURVE('',#1596,#1597,#165,.T.);
#1992=EDGE_CURVE('',#1597,#1593,#862,.T.);
#1993=EDGE_CURVE('',#1598,#1599,#166,.T.);
#1994=EDGE_CURVE('',#1599,#1600,#863,.T.);
#1995=EDGE_CURVE('',#1600,#1601,#167,.T.);
#1996=EDGE_CURVE('',#1601,#1598,#864,.T.);
#1997=EDGE_CURVE('',#1602,#1600,#865,.T.);
#1998=EDGE_CURVE('',#1603,#1602,#168,.T.);
#1999=EDGE_CURVE('',#1604,#1603,#866,.T.);
#2000=EDGE_CURVE('',#1605,#1604,#867,.T.);
#2001=EDGE_CURVE('',#1605,#1601,#868,.T.);
#2002=EDGE_CURVE('',#1599,#1606,#869,.T.);
#2003=EDGE_CURVE('',#1602,#1606,#870,.T.);
#2004=EDGE_CURVE('',#1606,#1607,#169,.T.);
#2005=EDGE_CURVE('',#1607,#1603,#871,.T.);
#2006=EDGE_CURVE('',#1608,#1605,#872,.T.);
#2007=EDGE_CURVE('',#1608,#1598,#873,.T.);
#2008=EDGE_CURVE('',#1609,#1607,#874,.T.);
#2009=EDGE_CURVE('',#1609,#1604,#875,.T.);
#2010=EDGE_CURVE('',#1609,#1608,#876,.T.);
#2011=EDGE_CURVE('',#1610,#1575,#877,.T.);
#2012=EDGE_CURVE('',#1610,#1568,#878,.T.);
#2013=EDGE_CURVE('',#1611,#1577,#879,.T.);
#2014=EDGE_CURVE('',#1611,#1574,#880,.T.);
#2015=EDGE_CURVE('',#1611,#1610,#881,.T.);
#2016=EDGE_CURVE('',#1612,#1595,#882,.T.);
#2017=EDGE_CURVE('',#1612,#1588,#883,.T.);
#2018=EDGE_CURVE('',#1613,#1597,#884,.T.);
#2019=EDGE_CURVE('',#1613,#1594,#885,.T.);
#2020=EDGE_CURVE('',#1613,#1612,#886,.T.);
#2021=EDGE_CURVE('',#1614,#1585,#887,.T.);
#2022=EDGE_CURVE('',#1614,#1578,#888,.T.);
#2023=EDGE_CURVE('',#1615,#1587,#889,.T.);
#2024=EDGE_CURVE('',#1615,#1584,#890,.T.);
#2025=EDGE_CURVE('',#1615,#1614,#891,.T.);
#2026=EDGE_CURVE('',#1616,#1617,#170,.T.);
#2027=EDGE_CURVE('',#1617,#1618,#892,.T.);
#2028=EDGE_CURVE('',#1618,#1619,#171,.T.);
#2029=EDGE_CURVE('',#1616,#1619,#893,.T.);
#2030=EDGE_CURVE('',#1617,#1620,#894,.T.);
#2031=EDGE_CURVE('',#1621,#1620,#895,.T.);
#2032=EDGE_CURVE('',#1621,#1618,#896,.T.);
#2033=EDGE_CURVE('',#1622,#1616,#897,.T.);
#2034=EDGE_CURVE('',#1620,#1622,#172,.T.);
#2035=EDGE_CURVE('',#1623,#1621,#173,.T.);
#2036=EDGE_CURVE('',#1623,#1622,#898,.T.);
#2037=EDGE_CURVE('',#1624,#1625,#174,.T.);
#2038=EDGE_CURVE('',#1625,#1626,#899,.T.);
#2039=EDGE_CURVE('',#1626,#1627,#175,.T.);
#2040=EDGE_CURVE('',#1624,#1627,#900,.T.);
#2041=EDGE_CURVE('',#1628,#1626,#901,.T.);
#2042=EDGE_CURVE('',#1629,#1628,#176,.T.);
#2043=EDGE_CURVE('',#1627,#1629,#902,.T.);
#2044=EDGE_CURVE('',#1625,#1630,#903,.T.);
#2045=EDGE_CURVE('',#1628,#1630,#904,.T.);
#2046=EDGE_CURVE('',#1630,#1631,#177,.T.);
#2047=EDGE_CURVE('',#1629,#1631,#905,.T.);
#2048=EDGE_CURVE('',#1623,#1509,#906,.T.);
#2049=EDGE_CURVE('',#1632,#1508,#907,.T.);
#2050=EDGE_CURVE('',#1633,#1632,#908,.T.);
#2051=EDGE_CURVE('',#1633,#1619,#909,.T.);
#2052=EDGE_CURVE('',#1632,#1513,#910,.T.);
#2053=EDGE_CURVE('',#1634,#1507,#911,.T.);
#2054=EDGE_CURVE('',#1512,#1634,#912,.T.);
#2055=EDGE_CURVE('',#1635,#1506,#913,.T.);
#2056=EDGE_CURVE('',#1634,#1635,#914,.T.);
#2057=EDGE_CURVE('',#1635,#1636,#915,.T.);
#2058=EDGE_CURVE('',#1636,#1511,#916,.T.);
#2059=EDGE_CURVE('',#1637,#1633,#917,.T.);
#2060=EDGE_CURVE('',#1510,#1637,#918,.T.);
#2061=EDGE_CURVE('',#1638,#1624,#919,.T.);
#2062=EDGE_CURVE('',#1639,#1638,#920,.T.);
#2063=EDGE_CURVE('',#1639,#1501,#921,.T.);
#2064=EDGE_CURVE('',#1631,#1500,#922,.T.);
#2065=EDGE_CURVE('',#1640,#1499,#923,.T.);
#2066=EDGE_CURVE('',#1638,#1640,#924,.T.);
#2067=EDGE_CURVE('',#1641,#1503,#925,.T.);
#2068=EDGE_CURVE('',#1498,#1641,#926,.T.);
#2069=EDGE_CURVE('',#1642,#1497,#927,.T.);
#2070=EDGE_CURVE('',#1502,#1642,#928,.T.);
#2071=EDGE_CURVE('',#1643,#1496,#929,.T.);
#2072=EDGE_CURVE('',#1642,#1643,#930,.T.);
#2073=EDGE_CURVE('',#1643,#1639,#931,.T.);
#2074=EDGE_CURVE('',#1640,#1637,#932,.T.);
#2075=EDGE_CURVE('',#1644,#1641,#933,.T.);
#2076=EDGE_CURVE('',#1644,#1645,#934,.T.);
#2077=EDGE_CURVE('',#1645,#1646,#935,.T.);
#2078=EDGE_CURVE('',#1647,#1646,#936,.T.);
#2079=EDGE_CURVE('',#1636,#1647,#937,.T.);
#2080=EDGE_CURVE('',#1648,#1649,#178,.T.);
#2081=EDGE_CURVE('',#1649,#1650,#938,.T.);
#2082=EDGE_CURVE('',#1650,#1651,#179,.T.);
#2083=EDGE_CURVE('',#1651,#1648,#939,.T.);
#2084=EDGE_CURVE('',#1652,#1653,#180,.T.);
#2085=EDGE_CURVE('',#1653,#1654,#940,.T.);
#2086=EDGE_CURVE('',#1654,#1655,#181,.T.);
#2087=EDGE_CURVE('',#1655,#1652,#941,.T.);
#2088=EDGE_CURVE('',#1656,#1657,#182,.T.);
#2089=EDGE_CURVE('',#1657,#1658,#942,.T.);
#2090=EDGE_CURVE('',#1658,#1659,#183,.T.);
#2091=EDGE_CURVE('',#1659,#1656,#943,.T.);
#2092=EDGE_CURVE('',#1660,#1658,#184,.T.);
#2093=EDGE_CURVE('',#1658,#1661,#944,.T.);
#2094=EDGE_CURVE('',#1661,#1662,#185,.T.);
#2095=EDGE_CURVE('',#1662,#1660,#945,.T.);
#2096=EDGE_CURVE('',#1660,#1659,#186,.T.);
#2097=EDGE_CURVE('',#1663,#1661,#187,.T.);
#2098=EDGE_CURVE('',#1661,#1664,#946,.T.);
#2099=EDGE_CURVE('',#1664,#1665,#188,.T.);
#2100=EDGE_CURVE('',#1665,#1663,#947,.T.);
#2101=EDGE_CURVE('',#1663,#1662,#189,.T.);
#2102=EDGE_CURVE('',#1666,#1664,#190,.T.);
#2103=EDGE_CURVE('',#1664,#1657,#948,.T.);
#2104=EDGE_CURVE('',#1657,#1667,#191,.T.);
#2105=EDGE_CURVE('',#1667,#1666,#949,.T.);
#2106=EDGE_CURVE('',#1666,#1665,#192,.T.);
#2107=EDGE_CURVE('',#1656,#1667,#193,.T.);
#2108=EDGE_CURVE('',#1663,#1668,#950,.T.);
#2109=EDGE_CURVE('',#1668,#1669,#194,.T.);
#2110=EDGE_CURVE('',#1669,#1662,#951,.T.);
#2111=EDGE_CURVE('',#1670,#1665,#952,.T.);
#2112=EDGE_CURVE('',#1668,#1670,#953,.T.);
#2113=EDGE_CURVE('',#1671,#1672,#195,.T.);
#2114=EDGE_CURVE('',#1672,#1673,#954,.T.);
#2115=EDGE_CURVE('',#1673,#1674,#196,.T.);
#2116=EDGE_CURVE('',#1674,#1671,#955,.T.);
#2117=EDGE_CURVE('',#1675,#1676,#197,.T.);
#2118=EDGE_CURVE('',#1676,#1677,#956,.T.);
#2119=EDGE_CURVE('',#1677,#1678,#198,.T.);
#2120=EDGE_CURVE('',#1678,#1675,#957,.T.);
#2121=EDGE_CURVE('',#1666,#1679,#958,.T.);
#2122=EDGE_CURVE('',#1679,#1670,#199,.T.);
#2123=EDGE_CURVE('',#1680,#1667,#959,.T.);
#2124=EDGE_CURVE('',#1679,#1680,#960,.T.);
#2125=EDGE_CURVE('',#1681,#1682,#961,.T.);
#2126=EDGE_CURVE('',#1683,#1682,#200,.T.);
#2127=EDGE_CURVE('',#1683,#1684,#962,.T.);
#2128=EDGE_CURVE('',#1685,#1684,#201,.T.);
#2129=EDGE_CURVE('',#1685,#1686,#963,.T.);
#2130=EDGE_CURVE('',#1687,#1686,#202,.T.);
#2131=EDGE_CURVE('',#1687,#1688,#964,.T.);
#2132=EDGE_CURVE('',#1681,#1688,#203,.T.);
#2133=EDGE_CURVE('',#1689,#1690,#965,.T.);
#2134=EDGE_CURVE('',#1690,#1691,#204,.T.);
#2135=EDGE_CURVE('',#1691,#1692,#966,.T.);
#2136=EDGE_CURVE('',#1692,#1689,#205,.T.);
#2137=EDGE_CURVE('',#1693,#1694,#967,.T.);
#2138=EDGE_CURVE('',#1694,#1695,#206,.T.);
#2139=EDGE_CURVE('',#1695,#1696,#968,.T.);
#2140=EDGE_CURVE('',#1696,#1693,#207,.T.);
#2141=EDGE_CURVE('',#1697,#1698,#969,.T.);
#2142=EDGE_CURVE('',#1698,#1699,#208,.T.);
#2143=EDGE_CURVE('',#1699,#1700,#970,.T.);
#2144=EDGE_CURVE('',#1700,#1697,#209,.T.);
#2145=EDGE_CURVE('',#1701,#1702,#971,.T.);
#2146=EDGE_CURVE('',#1702,#1703,#210,.T.);
#2147=EDGE_CURVE('',#1703,#1704,#972,.T.);
#2148=EDGE_CURVE('',#1704,#1701,#211,.T.);
#2149=EDGE_CURVE('',#1705,#1706,#212,.T.);
#2150=EDGE_CURVE('',#1706,#1707,#973,.T.);
#2151=EDGE_CURVE('',#1707,#1708,#213,.T.);
#2152=EDGE_CURVE('',#1708,#1705,#974,.T.);
#2153=EDGE_CURVE('',#1709,#1710,#214,.T.);
#2154=EDGE_CURVE('',#1710,#1711,#975,.T.);
#2155=EDGE_CURVE('',#1711,#1712,#215,.T.);
#2156=EDGE_CURVE('',#1712,#1709,#976,.T.);
#2157=EDGE_CURVE('',#1678,#1654,#977,.T.);
#2158=EDGE_CURVE('',#1677,#1655,#978,.T.);
#2159=EDGE_CURVE('',#1676,#1652,#979,.T.);
#2160=EDGE_CURVE('',#1675,#1653,#980,.T.);
#2161=EDGE_CURVE('',#1674,#1650,#981,.T.);
#2162=EDGE_CURVE('',#1673,#1651,#982,.T.);
#2163=EDGE_CURVE('',#1672,#1648,#983,.T.);
#2164=EDGE_CURVE('',#1671,#1649,#984,.T.);
#2165=EDGE_CURVE('',#1713,#1714,#985,.T.);
#2166=EDGE_CURVE('',#1713,#1715,#986,.T.);
#2167=EDGE_CURVE('',#1716,#1715,#987,.T.);
#2168=EDGE_CURVE('',#1716,#1714,#988,.T.);
#2169=EDGE_CURVE('',#1714,#1717,#216,.T.);
#2170=EDGE_CURVE('',#1718,#1716,#217,.T.);
#2171=EDGE_CURVE('',#1718,#1717,#989,.T.);
#2172=EDGE_CURVE('',#1719,#1713,#218,.T.);
#2173=EDGE_CURVE('',#1720,#1719,#990,.T.);
#2174=EDGE_CURVE('',#1715,#1720,#219,.T.);
#2175=EDGE_CURVE('',#1717,#1719,#991,.T.);
#2176=EDGE_CURVE('',#1720,#1718,#992,.T.);
#2177=EDGE_CURVE('',#1721,#1722,#993,.T.);
#2178=EDGE_CURVE('',#1721,#1723,#994,.T.);
#2179=EDGE_CURVE('',#1724,#1723,#995,.T.);
#2180=EDGE_CURVE('',#1724,#1722,#996,.T.);
#2181=EDGE_CURVE('',#1722,#1725,#220,.T.);
#2182=EDGE_CURVE('',#1726,#1724,#221,.T.);
#2183=EDGE_CURVE('',#1726,#1725,#997,.T.);
#2184=EDGE_CURVE('',#1727,#1721,#222,.T.);
#2185=EDGE_CURVE('',#1728,#1727,#998,.T.);
#2186=EDGE_CURVE('',#1723,#1728,#223,.T.);
#2187=EDGE_CURVE('',#1725,#1727,#999,.T.);
#2188=EDGE_CURVE('',#1728,#1726,#1000,.T.);
#2189=EDGE_CURVE('',#1729,#1659,#1001,.T.);
#2190=EDGE_CURVE('',#1729,#1730,#1002,.T.);
#2191=EDGE_CURVE('',#1656,#1730,#1003,.T.);
#2192=EDGE_CURVE('',#1731,#1669,#1004,.T.);
#2193=EDGE_CURVE('',#1660,#1731,#1005,.T.);
#2194=EDGE_CURVE('',#1731,#1732,#26,.T.);
#2195=EDGE_CURVE('',#1733,#1669,#27,.T.);
#2196=EDGE_CURVE('',#1550,#1733,#1006,.T.);
#2197=EDGE_CURVE('',#1560,#1567,#1007,.T.);
#2198=EDGE_CURVE('',#1732,#1565,#1008,.T.);
#2199=EDGE_CURVE('',#1734,#1645,#1009,.T.);
#2200=EDGE_CURVE('',#1735,#1644,#1010,.T.);
#2201=EDGE_CURVE('',#1735,#1734,#1011,.T.);
#2202=EDGE_CURVE('',#1734,#1736,#28,.T.);
#2203=EDGE_CURVE('',#1736,#1737,#1012,.T.);
#2204=EDGE_CURVE('',#1645,#1737,#29,.T.);
#2205=EDGE_CURVE('',#1738,#1739,#1013,.T.);
#2206=EDGE_CURVE('',#1704,#1738,#1014,.T.);
#2207=EDGE_CURVE('',#1703,#1739,#1015,.T.);
#2208=EDGE_CURVE('',#1739,#1740,#224,.T.);
#2209=EDGE_CURVE('',#1702,#1740,#1016,.T.);
#2210=EDGE_CURVE('',#1740,#1741,#1017,.T.);
#2211=EDGE_CURVE('',#1701,#1741,#1018,.T.);
#2212=EDGE_CURVE('',#1741,#1738,#225,.T.);
#2213=EDGE_CURVE('',#1742,#1743,#1019,.T.);
#2214=EDGE_CURVE('',#1700,#1742,#1020,.T.);
#2215=EDGE_CURVE('',#1699,#1743,#1021,.T.);
#2216=EDGE_CURVE('',#1743,#1744,#226,.T.);
#2217=EDGE_CURVE('',#1698,#1744,#1022,.T.);
#2218=EDGE_CURVE('',#1744,#1745,#1023,.T.);
#2219=EDGE_CURVE('',#1697,#1745,#1024,.T.);
#2220=EDGE_CURVE('',#1745,#1742,#227,.T.);
#2221=EDGE_CURVE('',#1746,#1747,#1025,.T.);
#2222=EDGE_CURVE('',#1696,#1746,#1026,.T.);
#2223=EDGE_CURVE('',#1695,#1747,#1027,.T.);
#2224=EDGE_CURVE('',#1747,#1748,#228,.T.);
#2225=EDGE_CURVE('',#1694,#1748,#1028,.T.);
#2226=EDGE_CURVE('',#1748,#1749,#1029,.T.);
#2227=EDGE_CURVE('',#1693,#1749,#1030,.T.);
#2228=EDGE_CURVE('',#1749,#1746,#229,.T.);
#2229=EDGE_CURVE('',#1750,#1751,#1031,.T.);
#2230=EDGE_CURVE('',#1692,#1750,#1032,.T.);
#2231=EDGE_CURVE('',#1691,#1751,#1033,.T.);
#2232=EDGE_CURVE('',#1751,#1752,#230,.T.);
#2233=EDGE_CURVE('',#1690,#1752,#1034,.T.);
#2234=EDGE_CURVE('',#1752,#1753,#1035,.T.);
#2235=EDGE_CURVE('',#1689,#1753,#1036,.T.);
#2236=EDGE_CURVE('',#1753,#1750,#231,.T.);
#2237=EDGE_CURVE('',#1754,#1755,#232,.T.);
#2238=EDGE_CURVE('',#1755,#1756,#233,.T.);
#2239=EDGE_CURVE('',#1757,#1756,#18,.T.);
#2240=EDGE_CURVE('',#1757,#1758,#234,.T.);
#2241=EDGE_CURVE('',#1756,#1758,#19,.T.);
#2242=EDGE_CURVE('',#1755,#1759,#235,.T.);
#2243=EDGE_CURVE('',#1759,#1754,#236,.T.);
#2244=EDGE_CURVE('',#1647,#1758,#1037,.T.);
#2245=EDGE_CURVE('',#1757,#1760,#1038,.T.);
#2246=EDGE_CURVE('',#1761,#1760,#237,.T.);
#2247=EDGE_CURVE('',#1761,#1762,#1039,.T.);
#2248=EDGE_CURVE('',#1762,#1735,#1040,.T.);
#2249=EDGE_CURVE('',#1763,#1764,#238,.T.);
#2250=EDGE_CURVE('',#1764,#1763,#239,.T.);
#2251=EDGE_CURVE('',#1765,#1766,#240,.T.);
#2252=EDGE_CURVE('',#1766,#1765,#241,.T.);
#2253=EDGE_CURVE('',#1767,#1768,#242,.T.);
#2254=EDGE_CURVE('',#1768,#1767,#243,.T.);
#2255=EDGE_CURVE('',#1768,#1759,#1041,.T.);
#2256=EDGE_CURVE('',#1769,#1770,#244,.T.);
#2257=EDGE_CURVE('',#1770,#1771,#245,.T.);
#2258=EDGE_CURVE('',#1761,#1771,#20,.T.);
#2259=EDGE_CURVE('',#1771,#1760,#21,.T.);
#2260=EDGE_CURVE('',#1770,#1772,#246,.T.);
#2261=EDGE_CURVE('',#1772,#1769,#247,.T.);
#2262=EDGE_CURVE('',#1646,#1773,#1042,.T.);
#2263=EDGE_CURVE('',#1762,#1773,#1043,.T.);
#2264=EDGE_CURVE('',#1774,#1775,#1044,.T.);
#2265=EDGE_CURVE('',#1776,#1775,#248,.T.);
#2266=EDGE_CURVE('',#1776,#1777,#1045,.T.);
#2267=EDGE_CURVE('',#1778,#1777,#249,.T.);
#2268=EDGE_CURVE('',#1778,#1779,#1046,.T.);
#2269=EDGE_CURVE('',#1780,#1779,#250,.T.);
#2270=EDGE_CURVE('',#1780,#1781,#1047,.T.);
#2271=EDGE_CURVE('',#1774,#1781,#251,.T.);
#2272=EDGE_CURVE('',#1782,#1783,#252,.T.);
#2273=EDGE_CURVE('',#1783,#1782,#253,.T.);
#2274=EDGE_CURVE('',#1783,#1772,#1048,.T.);
#2275=EDGE_CURVE('',#1784,#1785,#254,.T.);
#2276=EDGE_CURVE('',#1785,#1764,#255,.T.);
#2277=EDGE_CURVE('',#1785,#1786,#256,.T.);
#2278=EDGE_CURVE('',#1786,#1784,#257,.T.);
#2279=EDGE_CURVE('',#1787,#1788,#258,.T.);
#2280=EDGE_CURVE('',#1788,#1787,#259,.T.);
#2281=EDGE_CURVE('',#1788,#1786,#1049,.T.);
#2282=EDGE_CURVE('',#1789,#1790,#260,.T.);
#2283=EDGE_CURVE('',#1790,#1766,#261,.T.);
#2284=EDGE_CURVE('',#1790,#1791,#262,.T.);
#2285=EDGE_CURVE('',#1791,#1789,#263,.T.);
#2286=EDGE_CURVE('',#1792,#1793,#264,.T.);
#2287=EDGE_CURVE('',#1793,#1792,#265,.T.);
#2288=EDGE_CURVE('',#1793,#1791,#1050,.T.);
#2289=EDGE_CURVE('',#1686,#1778,#1051,.T.);
#2290=EDGE_CURVE('',#1777,#1687,#1052,.T.);
#2291=EDGE_CURVE('',#1779,#1685,#1053,.T.);
#2292=EDGE_CURVE('',#1688,#1776,#1054,.T.);
#2293=EDGE_CURVE('',#1775,#1681,#1055,.T.);
#2294=EDGE_CURVE('',#1682,#1774,#1056,.T.);
#2295=EDGE_CURVE('',#1781,#1683,#1057,.T.);
#2296=EDGE_CURVE('',#1684,#1780,#1058,.T.);
#2297=EDGE_CURVE('',#1668,#1733,#30,.T.);
#2298=EDGE_CURVE('',#1731,#1729,#266,.T.);
#2299=EDGE_CURVE('',#1732,#1729,#31,.T.);
#2300=EDGE_CURVE('',#1730,#1680,#267,.T.);
#2301=EDGE_CURVE('',#1730,#1794,#32,.T.);
#2302=EDGE_CURVE('',#1794,#1680,#33,.T.);
#2303=EDGE_CURVE('',#1679,#1795,#34,.T.);
#2304=EDGE_CURVE('',#1795,#1670,#35,.T.);
#2305=EDGE_CURVE('',#1709,#1542,#1059,.T.);
#2306=EDGE_CURVE('',#1710,#1541,#1060,.T.);
#2307=EDGE_CURVE('',#1712,#1543,#1061,.T.);
#2308=EDGE_CURVE('',#1711,#1540,#1062,.T.);
#2309=EDGE_CURVE('',#1705,#1536,#1063,.T.);
#2310=EDGE_CURVE('',#1706,#1539,#1064,.T.);
#2311=EDGE_CURVE('',#1708,#1537,#1065,.T.);
#2312=EDGE_CURVE('',#1707,#1538,#1066,.T.);
#2313=EDGE_CURVE('',#1796,#1797,#268,.T.);
#2314=EDGE_CURVE('',#1797,#1796,#269,.T.);
#2315=EDGE_CURVE('',#1797,#1798,#1067,.T.);
#2316=EDGE_CURVE('',#1799,#1798,#270,.T.);
#2317=EDGE_CURVE('',#1798,#1799,#271,.T.);
#2318=EDGE_CURVE('',#1800,#1801,#272,.T.);
#2319=EDGE_CURVE('',#1801,#1800,#273,.T.);
#2320=EDGE_CURVE('',#1801,#1802,#1068,.T.);
#2321=EDGE_CURVE('',#1803,#1802,#274,.T.);
#2322=EDGE_CURVE('',#1802,#1803,#275,.T.);
#2323=EDGE_CURVE('',#1804,#1805,#276,.T.);
#2324=EDGE_CURVE('',#1805,#1804,#277,.T.);
#2325=EDGE_CURVE('',#1805,#1806,#1069,.T.);
#2326=EDGE_CURVE('',#1807,#1806,#278,.T.);
#2327=EDGE_CURVE('',#1806,#1807,#279,.T.);
#2328=EDGE_CURVE('',#1808,#1809,#280,.T.);
#2329=EDGE_CURVE('',#1809,#1808,#281,.T.);
#2330=EDGE_CURVE('',#1809,#1810,#1070,.T.);
#2331=EDGE_CURVE('',#1811,#1810,#282,.T.);
#2332=EDGE_CURVE('',#1810,#1811,#283,.T.);
#2333=EDGE_CURVE('',#1604,#1794,#1071,.T.);
#2334=EDGE_CURVE('',#1594,#1609,#1072,.T.);
#2335=EDGE_CURVE('',#1584,#1613,#1073,.T.);
#2336=EDGE_CURVE('',#1574,#1615,#1074,.T.);
#2337=EDGE_CURVE('',#1795,#1611,#1075,.T.);
#2338=EDGE_CURVE('',#1812,#1794,#1076,.T.);
#2339=EDGE_CURVE('',#1813,#1812,#1077,.T.);
#2340=EDGE_CURVE('',#1813,#1795,#1078,.T.);
#2341=EDGE_CURVE('',#1814,#1815,#1079,.T.);
#2342=EDGE_CURVE('',#1815,#1816,#1080,.T.);
#2343=EDGE_CURVE('',#1817,#1816,#1081,.T.);
#2344=EDGE_CURVE('',#1814,#1817,#1082,.T.);
#2345=EDGE_CURVE('',#1646,#1818,#36,.T.);
#2346=EDGE_CURVE('',#1818,#1819,#1083,.T.);
#2347=EDGE_CURVE('',#1773,#1819,#37,.T.);
#2348=EDGE_CURVE('',#1733,#1795,#1084,.T.);
#2349=EDGE_CURVE('',#1820,#1733,#1085,.T.);
#2350=EDGE_CURVE('',#1820,#1813,#1086,.T.);
#2351=EDGE_CURVE('',#1821,#1822,#1087,.T.);
#2352=EDGE_CURVE('',#1822,#1815,#1088,.T.);
#2353=EDGE_CURVE('',#1821,#1814,#1089,.T.);
#2354=EDGE_CURVE('',#1737,#1818,#1090,.T.);
#2355=EDGE_CURVE('',#1823,#1820,#1091,.T.);
#2356=EDGE_CURVE('',#1823,#1732,#1092,.T.);
#2357=EDGE_CURVE('',#1823,#1812,#1093,.T.);
#2358=EDGE_CURVE('',#1824,#1816,#1094,.T.);
#2359=EDGE_CURVE('',#1824,#1822,#1095,.T.);
#2360=EDGE_CURVE('',#1825,#1824,#1096,.T.);
#2361=EDGE_CURVE('',#1825,#1821,#1097,.T.);
#2362=EDGE_CURVE('',#1736,#1819,#1098,.T.);
#2363=EDGE_CURVE('',#1825,#1817,#1099,.T.);
#2364=EDGE_CURVE('',#1732,#1794,#1100,.T.);
#2365=EDGE_CURVE('',#1773,#1734,#1101,.T.);
#2366=ORIENTED_EDGE('',*,*,#1826,.T.);
#2367=ORIENTED_EDGE('',*,*,#1827,.T.);
#2368=ORIENTED_EDGE('',*,*,#1828,.T.);
#2369=ORIENTED_EDGE('',*,*,#1829,.T.);
#2370=ORIENTED_EDGE('',*,*,#1830,.T.);
#2371=ORIENTED_EDGE('',*,*,#1831,.T.);
#2372=ORIENTED_EDGE('',*,*,#1832,.T.);
#2373=ORIENTED_EDGE('',*,*,#1833,.T.);
#2374=ORIENTED_EDGE('',*,*,#1834,.T.);
#2375=ORIENTED_EDGE('',*,*,#1835,.T.);
#2376=ORIENTED_EDGE('',*,*,#1836,.T.);
#2377=ORIENTED_EDGE('',*,*,#1837,.T.);
#2378=ORIENTED_EDGE('',*,*,#1838,.T.);
#2379=ORIENTED_EDGE('',*,*,#1839,.T.);
#2380=ORIENTED_EDGE('',*,*,#1840,.T.);
#2381=ORIENTED_EDGE('',*,*,#1841,.T.);
#2382=ORIENTED_EDGE('',*,*,#1842,.T.);
#2383=ORIENTED_EDGE('',*,*,#1843,.T.);
#2384=ORIENTED_EDGE('',*,*,#1844,.T.);
#2385=ORIENTED_EDGE('',*,*,#1845,.T.);
#2386=ORIENTED_EDGE('',*,*,#1843,.F.);
#2387=ORIENTED_EDGE('',*,*,#1846,.T.);
#2388=ORIENTED_EDGE('',*,*,#1847,.F.);
#2389=ORIENTED_EDGE('',*,*,#1848,.T.);
#2390=ORIENTED_EDGE('',*,*,#1849,.T.);
#2391=ORIENTED_EDGE('',*,*,#1850,.T.);
#2392=ORIENTED_EDGE('',*,*,#1842,.F.);
#2393=ORIENTED_EDGE('',*,*,#1851,.F.);
#2394=ORIENTED_EDGE('',*,*,#1852,.F.);
#2395=ORIENTED_EDGE('',*,*,#1853,.T.);
#2396=ORIENTED_EDGE('',*,*,#1854,.T.);
#2397=ORIENTED_EDGE('',*,*,#1855,.T.);
#2398=ORIENTED_EDGE('',*,*,#1856,.T.);
#2399=ORIENTED_EDGE('',*,*,#1857,.T.);
#2400=ORIENTED_EDGE('',*,*,#1855,.F.);
#2401=ORIENTED_EDGE('',*,*,#1858,.T.);
#2402=ORIENTED_EDGE('',*,*,#1859,.T.);
#2403=ORIENTED_EDGE('',*,*,#1860,.T.);
#2404=ORIENTED_EDGE('',*,*,#1861,.F.);
#2405=ORIENTED_EDGE('',*,*,#1862,.T.);
#2406=ORIENTED_EDGE('',*,*,#1854,.F.);
#2407=ORIENTED_EDGE('',*,*,#1863,.F.);
#2408=ORIENTED_EDGE('',*,*,#1864,.F.);
#2409=ORIENTED_EDGE('',*,*,#1865,.T.);
#2410=ORIENTED_EDGE('',*,*,#1866,.F.);
#2411=ORIENTED_EDGE('',*,*,#1867,.F.);
#2412=ORIENTED_EDGE('',*,*,#1868,.T.);
#2413=ORIENTED_EDGE('',*,*,#1826,.F.);
#2414=ORIENTED_EDGE('',*,*,#1869,.F.);
#2415=ORIENTED_EDGE('',*,*,#1870,.F.);
#2416=ORIENTED_EDGE('',*,*,#1871,.F.);
#2417=ORIENTED_EDGE('',*,*,#1869,.T.);
#2418=ORIENTED_EDGE('',*,*,#1829,.F.);
#2419=ORIENTED_EDGE('',*,*,#1872,.F.);
#2420=ORIENTED_EDGE('',*,*,#1873,.F.);
#2421=ORIENTED_EDGE('',*,*,#1874,.F.);
#2422=ORIENTED_EDGE('',*,*,#1872,.T.);
#2423=ORIENTED_EDGE('',*,*,#1828,.F.);
#2424=ORIENTED_EDGE('',*,*,#1875,.F.);
#2425=ORIENTED_EDGE('',*,*,#1876,.F.);
#2426=ORIENTED_EDGE('',*,*,#1875,.T.);
#2427=ORIENTED_EDGE('',*,*,#1827,.F.);
#2428=ORIENTED_EDGE('',*,*,#1868,.F.);
#2429=ORIENTED_EDGE('',*,*,#1877,.F.);
#2430=ORIENTED_EDGE('',*,*,#1878,.T.);
#2431=ORIENTED_EDGE('',*,*,#1832,.F.);
#2432=ORIENTED_EDGE('',*,*,#1879,.F.);
#2433=ORIENTED_EDGE('',*,*,#1880,.F.);
#2434=ORIENTED_EDGE('',*,*,#1879,.T.);
#2435=ORIENTED_EDGE('',*,*,#1831,.F.);
#2436=ORIENTED_EDGE('',*,*,#1881,.F.);
#2437=ORIENTED_EDGE('',*,*,#1882,.F.);
#2438=ORIENTED_EDGE('',*,*,#1881,.T.);
#2439=ORIENTED_EDGE('',*,*,#1830,.F.);
#2440=ORIENTED_EDGE('',*,*,#1883,.F.);
#2441=ORIENTED_EDGE('',*,*,#1884,.F.);
#2442=ORIENTED_EDGE('',*,*,#1883,.T.);
#2443=ORIENTED_EDGE('',*,*,#1833,.F.);
#2444=ORIENTED_EDGE('',*,*,#1878,.F.);
#2445=ORIENTED_EDGE('',*,*,#1885,.F.);
#2446=ORIENTED_EDGE('',*,*,#1886,.T.);
#2447=ORIENTED_EDGE('',*,*,#1834,.F.);
#2448=ORIENTED_EDGE('',*,*,#1887,.F.);
#2449=ORIENTED_EDGE('',*,*,#1888,.F.);
#2450=ORIENTED_EDGE('',*,*,#1889,.F.);
#2451=ORIENTED_EDGE('',*,*,#1887,.T.);
#2452=ORIENTED_EDGE('',*,*,#1837,.F.);
#2453=ORIENTED_EDGE('',*,*,#1890,.F.);
#2454=ORIENTED_EDGE('',*,*,#1891,.F.);
#2455=ORIENTED_EDGE('',*,*,#1892,.F.);
#2456=ORIENTED_EDGE('',*,*,#1890,.T.);
#2457=ORIENTED_EDGE('',*,*,#1836,.F.);
#2458=ORIENTED_EDGE('',*,*,#1893,.F.);
#2459=ORIENTED_EDGE('',*,*,#1894,.F.);
#2460=ORIENTED_EDGE('',*,*,#1895,.F.);
#2461=ORIENTED_EDGE('',*,*,#1893,.T.);
#2462=ORIENTED_EDGE('',*,*,#1835,.F.);
#2463=ORIENTED_EDGE('',*,*,#1886,.F.);
#2464=ORIENTED_EDGE('',*,*,#1896,.F.);
#2465=ORIENTED_EDGE('',*,*,#1897,.T.);
#2466=ORIENTED_EDGE('',*,*,#1838,.F.);
#2467=ORIENTED_EDGE('',*,*,#1898,.F.);
#2468=ORIENTED_EDGE('',*,*,#1899,.F.);
#2469=ORIENTED_EDGE('',*,*,#1898,.T.);
#2470=ORIENTED_EDGE('',*,*,#1841,.F.);
#2471=ORIENTED_EDGE('',*,*,#1900,.F.);
#2472=ORIENTED_EDGE('',*,*,#1901,.F.);
#2473=ORIENTED_EDGE('',*,*,#1900,.T.);
#2474=ORIENTED_EDGE('',*,*,#1840,.F.);
#2475=ORIENTED_EDGE('',*,*,#1902,.F.);
#2476=ORIENTED_EDGE('',*,*,#1903,.F.);
#2477=ORIENTED_EDGE('',*,*,#1902,.T.);
#2478=ORIENTED_EDGE('',*,*,#1839,.F.);
#2479=ORIENTED_EDGE('',*,*,#1897,.F.);
#2480=ORIENTED_EDGE('',*,*,#1889,.T.);
#2481=ORIENTED_EDGE('',*,*,#1904,.T.);
#2482=ORIENTED_EDGE('',*,*,#1905,.T.);
#2483=ORIENTED_EDGE('',*,*,#1906,.T.);
#2484=ORIENTED_EDGE('',*,*,#1907,.T.);
#2485=ORIENTED_EDGE('',*,*,#1908,.T.);
#2486=ORIENTED_EDGE('',*,*,#1894,.T.);
#2487=ORIENTED_EDGE('',*,*,#1885,.T.);
#2488=ORIENTED_EDGE('',*,*,#1892,.T.);
#2489=ORIENTED_EDGE('',*,*,#1909,.T.);
#2490=ORIENTED_EDGE('',*,*,#1888,.T.);
#2491=ORIENTED_EDGE('',*,*,#1891,.T.);
#2492=ORIENTED_EDGE('',*,*,#1895,.T.);
#2493=ORIENTED_EDGE('',*,*,#1910,.T.);
#2494=ORIENTED_EDGE('',*,*,#1871,.T.);
#2495=ORIENTED_EDGE('',*,*,#1911,.T.);
#2496=ORIENTED_EDGE('',*,*,#1866,.T.);
#2497=ORIENTED_EDGE('',*,*,#1870,.T.);
#2498=ORIENTED_EDGE('',*,*,#1874,.T.);
#2499=ORIENTED_EDGE('',*,*,#1912,.T.);
#2500=ORIENTED_EDGE('',*,*,#1873,.T.);
#2501=ORIENTED_EDGE('',*,*,#1876,.T.);
#2502=ORIENTED_EDGE('',*,*,#1867,.T.);
#2503=ORIENTED_EDGE('',*,*,#1913,.T.);
#2504=ORIENTED_EDGE('',*,*,#1914,.T.);
#2505=ORIENTED_EDGE('',*,*,#1915,.T.);
#2506=ORIENTED_EDGE('',*,*,#1916,.T.);
#2507=ORIENTED_EDGE('',*,*,#1917,.T.);
#2508=ORIENTED_EDGE('',*,*,#1918,.T.);
#2509=ORIENTED_EDGE('',*,*,#1919,.T.);
#2510=ORIENTED_EDGE('',*,*,#1920,.T.);
#2511=ORIENTED_EDGE('',*,*,#1921,.T.);
#2512=ORIENTED_EDGE('',*,*,#1920,.F.);
#2513=ORIENTED_EDGE('',*,*,#1922,.F.);
#2514=ORIENTED_EDGE('',*,*,#1923,.F.);
#2515=ORIENTED_EDGE('',*,*,#1924,.F.);
#2516=ORIENTED_EDGE('',*,*,#1925,.F.);
#2517=ORIENTED_EDGE('',*,*,#1926,.T.);
#2518=ORIENTED_EDGE('',*,*,#1919,.F.);
#2519=ORIENTED_EDGE('',*,*,#1927,.T.);
#2520=ORIENTED_EDGE('',*,*,#1928,.F.);
#2521=ORIENTED_EDGE('',*,*,#1922,.T.);
#2522=ORIENTED_EDGE('',*,*,#1923,.T.);
#2523=ORIENTED_EDGE('',*,*,#1928,.T.);
#2524=ORIENTED_EDGE('',*,*,#1929,.T.);
#2525=ORIENTED_EDGE('',*,*,#1930,.T.);
#2526=ORIENTED_EDGE('',*,*,#1931,.T.);
#2527=ORIENTED_EDGE('',*,*,#1932,.T.);
#2528=ORIENTED_EDGE('',*,*,#1933,.T.);
#2529=ORIENTED_EDGE('',*,*,#1934,.T.);
#2530=ORIENTED_EDGE('',*,*,#1933,.F.);
#2531=ORIENTED_EDGE('',*,*,#1935,.F.);
#2532=ORIENTED_EDGE('',*,*,#1936,.F.);
#2533=ORIENTED_EDGE('',*,*,#1937,.F.);
#2534=ORIENTED_EDGE('',*,*,#1938,.F.);
#2535=ORIENTED_EDGE('',*,*,#1939,.T.);
#2536=ORIENTED_EDGE('',*,*,#1932,.F.);
#2537=ORIENTED_EDGE('',*,*,#1940,.T.);
#2538=ORIENTED_EDGE('',*,*,#1941,.F.);
#2539=ORIENTED_EDGE('',*,*,#1935,.T.);
#2540=ORIENTED_EDGE('',*,*,#1936,.T.);
#2541=ORIENTED_EDGE('',*,*,#1941,.T.);
#2542=ORIENTED_EDGE('',*,*,#1942,.T.);
#2543=ORIENTED_EDGE('',*,*,#1943,.T.);
#2544=ORIENTED_EDGE('',*,*,#1934,.F.);
#2545=ORIENTED_EDGE('',*,*,#1939,.F.);
#2546=ORIENTED_EDGE('',*,*,#1944,.F.);
#2547=ORIENTED_EDGE('',*,*,#1945,.T.);
#2548=ORIENTED_EDGE('',*,*,#1943,.F.);
#2549=ORIENTED_EDGE('',*,*,#1946,.F.);
#2550=ORIENTED_EDGE('',*,*,#1947,.T.);
#2551=ORIENTED_EDGE('',*,*,#1937,.T.);
#2552=ORIENTED_EDGE('',*,*,#1931,.F.);
#2553=ORIENTED_EDGE('',*,*,#1945,.F.);
#2554=ORIENTED_EDGE('',*,*,#1948,.F.);
#2555=ORIENTED_EDGE('',*,*,#1946,.T.);
#2556=ORIENTED_EDGE('',*,*,#1942,.F.);
#2557=ORIENTED_EDGE('',*,*,#1940,.F.);
#2558=ORIENTED_EDGE('',*,*,#1921,.F.);
#2559=ORIENTED_EDGE('',*,*,#1926,.F.);
#2560=ORIENTED_EDGE('',*,*,#1949,.F.);
#2561=ORIENTED_EDGE('',*,*,#1950,.T.);
#2562=ORIENTED_EDGE('',*,*,#1930,.F.);
#2563=ORIENTED_EDGE('',*,*,#1951,.F.);
#2564=ORIENTED_EDGE('',*,*,#1952,.T.);
#2565=ORIENTED_EDGE('',*,*,#1924,.T.);
#2566=ORIENTED_EDGE('',*,*,#1918,.F.);
#2567=ORIENTED_EDGE('',*,*,#1950,.F.);
#2568=ORIENTED_EDGE('',*,*,#1953,.F.);
#2569=ORIENTED_EDGE('',*,*,#1951,.T.);
#2570=ORIENTED_EDGE('',*,*,#1929,.F.);
#2571=ORIENTED_EDGE('',*,*,#1927,.F.);
#2572=ORIENTED_EDGE('',*,*,#1954,.T.);
#2573=ORIENTED_EDGE('',*,*,#1955,.T.);
#2574=ORIENTED_EDGE('',*,*,#1956,.T.);
#2575=ORIENTED_EDGE('',*,*,#1957,.T.);
#2576=ORIENTED_EDGE('',*,*,#1956,.F.);
#2577=ORIENTED_EDGE('',*,*,#1958,.F.);
#2578=ORIENTED_EDGE('',*,*,#1959,.F.);
#2579=ORIENTED_EDGE('',*,*,#1960,.F.);
#2580=ORIENTED_EDGE('',*,*,#1961,.F.);
#2581=ORIENTED_EDGE('',*,*,#1962,.T.);
#2582=ORIENTED_EDGE('',*,*,#1955,.F.);
#2583=ORIENTED_EDGE('',*,*,#1963,.T.);
#2584=ORIENTED_EDGE('',*,*,#1964,.F.);
#2585=ORIENTED_EDGE('',*,*,#1958,.T.);
#2586=ORIENTED_EDGE('',*,*,#1959,.T.);
#2587=ORIENTED_EDGE('',*,*,#1964,.T.);
#2588=ORIENTED_EDGE('',*,*,#1965,.T.);
#2589=ORIENTED_EDGE('',*,*,#1966,.T.);
#2590=ORIENTED_EDGE('',*,*,#1967,.T.);
#2591=ORIENTED_EDGE('',*,*,#1968,.T.);
#2592=ORIENTED_EDGE('',*,*,#1969,.T.);
#2593=ORIENTED_EDGE('',*,*,#1970,.T.);
#2594=ORIENTED_EDGE('',*,*,#1969,.F.);
#2595=ORIENTED_EDGE('',*,*,#1971,.F.);
#2596=ORIENTED_EDGE('',*,*,#1972,.F.);
#2597=ORIENTED_EDGE('',*,*,#1973,.F.);
#2598=ORIENTED_EDGE('',*,*,#1974,.F.);
#2599=ORIENTED_EDGE('',*,*,#1975,.T.);
#2600=ORIENTED_EDGE('',*,*,#1968,.F.);
#2601=ORIENTED_EDGE('',*,*,#1976,.T.);
#2602=ORIENTED_EDGE('',*,*,#1977,.F.);
#2603=ORIENTED_EDGE('',*,*,#1971,.T.);
#2604=ORIENTED_EDGE('',*,*,#1972,.T.);
#2605=ORIENTED_EDGE('',*,*,#1977,.T.);
#2606=ORIENTED_EDGE('',*,*,#1978,.T.);
#2607=ORIENTED_EDGE('',*,*,#1979,.T.);
#2608=ORIENTED_EDGE('',*,*,#1980,.T.);
#2609=ORIENTED_EDGE('',*,*,#1981,.T.);
#2610=ORIENTED_EDGE('',*,*,#1982,.T.);
#2611=ORIENTED_EDGE('',*,*,#1983,.T.);
#2612=ORIENTED_EDGE('',*,*,#1982,.F.);
#2613=ORIENTED_EDGE('',*,*,#1984,.F.);
#2614=ORIENTED_EDGE('',*,*,#1985,.F.);
#2615=ORIENTED_EDGE('',*,*,#1986,.F.);
#2616=ORIENTED_EDGE('',*,*,#1987,.F.);
#2617=ORIENTED_EDGE('',*,*,#1988,.T.);
#2618=ORIENTED_EDGE('',*,*,#1981,.F.);
#2619=ORIENTED_EDGE('',*,*,#1989,.T.);
#2620=ORIENTED_EDGE('',*,*,#1990,.F.);
#2621=ORIENTED_EDGE('',*,*,#1984,.T.);
#2622=ORIENTED_EDGE('',*,*,#1985,.T.);
#2623=ORIENTED_EDGE('',*,*,#1990,.T.);
#2624=ORIENTED_EDGE('',*,*,#1991,.T.);
#2625=ORIENTED_EDGE('',*,*,#1992,.T.);
#2626=ORIENTED_EDGE('',*,*,#1993,.T.);
#2627=ORIENTED_EDGE('',*,*,#1994,.T.);
#2628=ORIENTED_EDGE('',*,*,#1995,.T.);
#2629=ORIENTED_EDGE('',*,*,#1996,.T.);
#2630=ORIENTED_EDGE('',*,*,#1995,.F.);
#2631=ORIENTED_EDGE('',*,*,#1997,.F.);
#2632=ORIENTED_EDGE('',*,*,#1998,.F.);
#2633=ORIENTED_EDGE('',*,*,#1999,.F.);
#2634=ORIENTED_EDGE('',*,*,#2000,.F.);
#2635=ORIENTED_EDGE('',*,*,#2001,.T.);
#2636=ORIENTED_EDGE('',*,*,#1994,.F.);
#2637=ORIENTED_EDGE('',*,*,#2002,.T.);
#2638=ORIENTED_EDGE('',*,*,#2003,.F.);
#2639=ORIENTED_EDGE('',*,*,#1997,.T.);
#2640=ORIENTED_EDGE('',*,*,#1998,.T.);
#2641=ORIENTED_EDGE('',*,*,#2003,.T.);
#2642=ORIENTED_EDGE('',*,*,#2004,.T.);
#2643=ORIENTED_EDGE('',*,*,#2005,.T.);
#2644=ORIENTED_EDGE('',*,*,#1996,.F.);
#2645=ORIENTED_EDGE('',*,*,#2001,.F.);
#2646=ORIENTED_EDGE('',*,*,#2006,.F.);
#2647=ORIENTED_EDGE('',*,*,#2007,.T.);
#2648=ORIENTED_EDGE('',*,*,#2005,.F.);
#2649=ORIENTED_EDGE('',*,*,#2008,.F.);
#2650=ORIENTED_EDGE('',*,*,#2009,.T.);
#2651=ORIENTED_EDGE('',*,*,#1999,.T.);
#2652=ORIENTED_EDGE('',*,*,#1993,.F.);
#2653=ORIENTED_EDGE('',*,*,#2007,.F.);
#2654=ORIENTED_EDGE('',*,*,#2010,.F.);
#2655=ORIENTED_EDGE('',*,*,#2008,.T.);
#2656=ORIENTED_EDGE('',*,*,#2004,.F.);
#2657=ORIENTED_EDGE('',*,*,#2002,.F.);
#2658=ORIENTED_EDGE('',*,*,#1957,.F.);
#2659=ORIENTED_EDGE('',*,*,#1962,.F.);
#2660=ORIENTED_EDGE('',*,*,#2011,.F.);
#2661=ORIENTED_EDGE('',*,*,#2012,.T.);
#2662=ORIENTED_EDGE('',*,*,#1966,.F.);
#2663=ORIENTED_EDGE('',*,*,#2013,.F.);
#2664=ORIENTED_EDGE('',*,*,#2014,.T.);
#2665=ORIENTED_EDGE('',*,*,#1960,.T.);
#2666=ORIENTED_EDGE('',*,*,#1954,.F.);
#2667=ORIENTED_EDGE('',*,*,#2012,.F.);
#2668=ORIENTED_EDGE('',*,*,#2015,.F.);
#2669=ORIENTED_EDGE('',*,*,#2013,.T.);
#2670=ORIENTED_EDGE('',*,*,#1965,.F.);
#2671=ORIENTED_EDGE('',*,*,#1963,.F.);
#2672=ORIENTED_EDGE('',*,*,#1983,.F.);
#2673=ORIENTED_EDGE('',*,*,#1988,.F.);
#2674=ORIENTED_EDGE('',*,*,#2016,.F.);
#2675=ORIENTED_EDGE('',*,*,#2017,.T.);
#2676=ORIENTED_EDGE('',*,*,#1992,.F.);
#2677=ORIENTED_EDGE('',*,*,#2018,.F.);
#2678=ORIENTED_EDGE('',*,*,#2019,.T.);
#2679=ORIENTED_EDGE('',*,*,#1986,.T.);
#2680=ORIENTED_EDGE('',*,*,#1980,.F.);
#2681=ORIENTED_EDGE('',*,*,#2017,.F.);
#2682=ORIENTED_EDGE('',*,*,#2020,.F.);
#2683=ORIENTED_EDGE('',*,*,#2018,.T.);
#2684=ORIENTED_EDGE('',*,*,#1991,.F.);
#2685=ORIENTED_EDGE('',*,*,#1989,.F.);
#2686=ORIENTED_EDGE('',*,*,#1970,.F.);
#2687=ORIENTED_EDGE('',*,*,#1975,.F.);
#2688=ORIENTED_EDGE('',*,*,#2021,.F.);
#2689=ORIENTED_EDGE('',*,*,#2022,.T.);
#2690=ORIENTED_EDGE('',*,*,#1979,.F.);
#2691=ORIENTED_EDGE('',*,*,#2023,.F.);
#2692=ORIENTED_EDGE('',*,*,#2024,.T.);
#2693=ORIENTED_EDGE('',*,*,#1973,.T.);
#2694=ORIENTED_EDGE('',*,*,#1967,.F.);
#2695=ORIENTED_EDGE('',*,*,#2022,.F.);
#2696=ORIENTED_EDGE('',*,*,#2025,.F.);
#2697=ORIENTED_EDGE('',*,*,#2023,.T.);
#2698=ORIENTED_EDGE('',*,*,#1978,.F.);
#2699=ORIENTED_EDGE('',*,*,#1976,.F.);
#2700=ORIENTED_EDGE('',*,*,#2026,.T.);
#2701=ORIENTED_EDGE('',*,*,#2027,.T.);
#2702=ORIENTED_EDGE('',*,*,#2028,.T.);
#2703=ORIENTED_EDGE('',*,*,#2029,.F.);
#2704=ORIENTED_EDGE('',*,*,#2027,.F.);
#2705=ORIENTED_EDGE('',*,*,#2030,.T.);
#2706=ORIENTED_EDGE('',*,*,#2031,.F.);
#2707=ORIENTED_EDGE('',*,*,#2032,.T.);
#2708=ORIENTED_EDGE('',*,*,#2026,.F.);
#2709=ORIENTED_EDGE('',*,*,#2033,.F.);
#2710=ORIENTED_EDGE('',*,*,#2034,.F.);
#2711=ORIENTED_EDGE('',*,*,#2030,.F.);
#2712=ORIENTED_EDGE('',*,*,#2035,.T.);
#2713=ORIENTED_EDGE('',*,*,#2031,.T.);
#2714=ORIENTED_EDGE('',*,*,#2034,.T.);
#2715=ORIENTED_EDGE('',*,*,#2036,.F.);
#2716=ORIENTED_EDGE('',*,*,#2037,.T.);
#2717=ORIENTED_EDGE('',*,*,#2038,.T.);
#2718=ORIENTED_EDGE('',*,*,#2039,.T.);
#2719=ORIENTED_EDGE('',*,*,#2040,.F.);
#2720=ORIENTED_EDGE('',*,*,#2039,.F.);
#2721=ORIENTED_EDGE('',*,*,#2041,.F.);
#2722=ORIENTED_EDGE('',*,*,#2042,.F.);
#2723=ORIENTED_EDGE('',*,*,#2043,.F.);
#2724=ORIENTED_EDGE('',*,*,#2038,.F.);
#2725=ORIENTED_EDGE('',*,*,#2044,.T.);
#2726=ORIENTED_EDGE('',*,*,#2045,.F.);
#2727=ORIENTED_EDGE('',*,*,#2041,.T.);
#2728=ORIENTED_EDGE('',*,*,#2042,.T.);
#2729=ORIENTED_EDGE('',*,*,#2045,.T.);
#2730=ORIENTED_EDGE('',*,*,#2046,.T.);
#2731=ORIENTED_EDGE('',*,*,#2047,.F.);
#2732=ORIENTED_EDGE('',*,*,#2028,.F.);
#2733=ORIENTED_EDGE('',*,*,#2032,.F.);
#2734=ORIENTED_EDGE('',*,*,#2035,.F.);
#2735=ORIENTED_EDGE('',*,*,#2048,.T.);
#2736=ORIENTED_EDGE('',*,*,#1859,.F.);
#2737=ORIENTED_EDGE('',*,*,#2049,.F.);
#2738=ORIENTED_EDGE('',*,*,#2050,.F.);
#2739=ORIENTED_EDGE('',*,*,#2051,.T.);
#2740=ORIENTED_EDGE('',*,*,#2052,.F.);
#2741=ORIENTED_EDGE('',*,*,#2049,.T.);
#2742=ORIENTED_EDGE('',*,*,#1858,.F.);
#2743=ORIENTED_EDGE('',*,*,#1865,.F.);
#2744=ORIENTED_EDGE('',*,*,#1857,.F.);
#2745=ORIENTED_EDGE('',*,*,#2053,.F.);
#2746=ORIENTED_EDGE('',*,*,#2054,.F.);
#2747=ORIENTED_EDGE('',*,*,#1863,.T.);
#2748=ORIENTED_EDGE('',*,*,#1856,.F.);
#2749=ORIENTED_EDGE('',*,*,#2055,.F.);
#2750=ORIENTED_EDGE('',*,*,#2056,.F.);
#2751=ORIENTED_EDGE('',*,*,#2053,.T.);
#2752=ORIENTED_EDGE('',*,*,#2057,.F.);
#2753=ORIENTED_EDGE('',*,*,#2055,.T.);
#2754=ORIENTED_EDGE('',*,*,#1862,.F.);
#2755=ORIENTED_EDGE('',*,*,#2058,.F.);
#2756=ORIENTED_EDGE('',*,*,#2029,.T.);
#2757=ORIENTED_EDGE('',*,*,#2051,.F.);
#2758=ORIENTED_EDGE('',*,*,#2059,.F.);
#2759=ORIENTED_EDGE('',*,*,#2060,.F.);
#2760=ORIENTED_EDGE('',*,*,#1860,.F.);
#2761=ORIENTED_EDGE('',*,*,#2048,.F.);
#2762=ORIENTED_EDGE('',*,*,#2036,.T.);
#2763=ORIENTED_EDGE('',*,*,#2033,.T.);
#2764=ORIENTED_EDGE('',*,*,#2037,.F.);
#2765=ORIENTED_EDGE('',*,*,#2061,.F.);
#2766=ORIENTED_EDGE('',*,*,#2062,.F.);
#2767=ORIENTED_EDGE('',*,*,#2063,.T.);
#2768=ORIENTED_EDGE('',*,*,#1849,.F.);
#2769=ORIENTED_EDGE('',*,*,#2064,.F.);
#2770=ORIENTED_EDGE('',*,*,#2046,.F.);
#2771=ORIENTED_EDGE('',*,*,#2044,.F.);
#2772=ORIENTED_EDGE('',*,*,#2047,.T.);
#2773=ORIENTED_EDGE('',*,*,#2064,.T.);
#2774=ORIENTED_EDGE('',*,*,#1848,.F.);
#2775=ORIENTED_EDGE('',*,*,#2065,.F.);
#2776=ORIENTED_EDGE('',*,*,#2066,.F.);
#2777=ORIENTED_EDGE('',*,*,#2061,.T.);
#2778=ORIENTED_EDGE('',*,*,#2040,.T.);
#2779=ORIENTED_EDGE('',*,*,#2043,.T.);
#2780=ORIENTED_EDGE('',*,*,#2067,.F.);
#2781=ORIENTED_EDGE('',*,*,#2068,.F.);
#2782=ORIENTED_EDGE('',*,*,#1846,.F.);
#2783=ORIENTED_EDGE('',*,*,#1853,.F.);
#2784=ORIENTED_EDGE('',*,*,#1845,.F.);
#2785=ORIENTED_EDGE('',*,*,#2069,.F.);
#2786=ORIENTED_EDGE('',*,*,#2070,.F.);
#2787=ORIENTED_EDGE('',*,*,#1851,.T.);
#2788=ORIENTED_EDGE('',*,*,#1844,.F.);
#2789=ORIENTED_EDGE('',*,*,#2071,.F.);
#2790=ORIENTED_EDGE('',*,*,#2072,.F.);
#2791=ORIENTED_EDGE('',*,*,#2069,.T.);
#2792=ORIENTED_EDGE('',*,*,#2073,.F.);
#2793=ORIENTED_EDGE('',*,*,#2071,.T.);
#2794=ORIENTED_EDGE('',*,*,#1850,.F.);
#2795=ORIENTED_EDGE('',*,*,#2063,.F.);
#2796=ORIENTED_EDGE('',*,*,#2058,.T.);
#2797=ORIENTED_EDGE('',*,*,#1861,.T.);
#2798=ORIENTED_EDGE('',*,*,#2060,.T.);
#2799=ORIENTED_EDGE('',*,*,#2074,.F.);
#2800=ORIENTED_EDGE('',*,*,#2065,.T.);
#2801=ORIENTED_EDGE('',*,*,#1847,.T.);
#2802=ORIENTED_EDGE('',*,*,#2068,.T.);
#2803=ORIENTED_EDGE('',*,*,#2075,.F.);
#2804=ORIENTED_EDGE('',*,*,#2076,.T.);
#2805=ORIENTED_EDGE('',*,*,#2077,.T.);
#2806=ORIENTED_EDGE('',*,*,#2078,.F.);
#2807=ORIENTED_EDGE('',*,*,#2079,.F.);
#2808=ORIENTED_EDGE('',*,*,#2080,.T.);
#2809=ORIENTED_EDGE('',*,*,#2081,.T.);
#2810=ORIENTED_EDGE('',*,*,#2082,.T.);
#2811=ORIENTED_EDGE('',*,*,#2083,.T.);
#2812=ORIENTED_EDGE('',*,*,#2084,.T.);
#2813=ORIENTED_EDGE('',*,*,#2085,.T.);
#2814=ORIENTED_EDGE('',*,*,#2086,.T.);
#2815=ORIENTED_EDGE('',*,*,#2087,.T.);
#2816=ORIENTED_EDGE('',*,*,#2088,.T.);
#2817=ORIENTED_EDGE('',*,*,#2089,.T.);
#2818=ORIENTED_EDGE('',*,*,#2090,.T.);
#2819=ORIENTED_EDGE('',*,*,#2091,.T.);
#2820=ORIENTED_EDGE('',*,*,#2092,.T.);
#2821=ORIENTED_EDGE('',*,*,#2093,.T.);
#2822=ORIENTED_EDGE('',*,*,#2094,.T.);
#2823=ORIENTED_EDGE('',*,*,#2095,.T.);
#2824=ORIENTED_EDGE('',*,*,#2092,.F.);
#2825=ORIENTED_EDGE('',*,*,#2096,.T.);
#2826=ORIENTED_EDGE('',*,*,#2090,.F.);
#2827=ORIENTED_EDGE('',*,*,#2097,.T.);
#2828=ORIENTED_EDGE('',*,*,#2098,.T.);
#2829=ORIENTED_EDGE('',*,*,#2099,.T.);
#2830=ORIENTED_EDGE('',*,*,#2100,.T.);
#2831=ORIENTED_EDGE('',*,*,#2097,.F.);
#2832=ORIENTED_EDGE('',*,*,#2101,.T.);
#2833=ORIENTED_EDGE('',*,*,#2094,.F.);
#2834=ORIENTED_EDGE('',*,*,#2102,.T.);
#2835=ORIENTED_EDGE('',*,*,#2103,.T.);
#2836=ORIENTED_EDGE('',*,*,#2104,.T.);
#2837=ORIENTED_EDGE('',*,*,#2105,.T.);
#2838=ORIENTED_EDGE('',*,*,#2102,.F.);
#2839=ORIENTED_EDGE('',*,*,#2106,.T.);
#2840=ORIENTED_EDGE('',*,*,#2099,.F.);
#2841=ORIENTED_EDGE('',*,*,#2088,.F.);
#2842=ORIENTED_EDGE('',*,*,#2107,.T.);
#2843=ORIENTED_EDGE('',*,*,#2104,.F.);
#2844=ORIENTED_EDGE('',*,*,#2101,.F.);
#2845=ORIENTED_EDGE('',*,*,#2108,.T.);
#2846=ORIENTED_EDGE('',*,*,#2109,.T.);
#2847=ORIENTED_EDGE('',*,*,#2110,.T.);
#2848=ORIENTED_EDGE('',*,*,#2100,.F.);
#2849=ORIENTED_EDGE('',*,*,#2111,.F.);
#2850=ORIENTED_EDGE('',*,*,#2112,.F.);
#2851=ORIENTED_EDGE('',*,*,#2108,.F.);
#2852=ORIENTED_EDGE('',*,*,#2113,.T.);
#2853=ORIENTED_EDGE('',*,*,#2114,.T.);
#2854=ORIENTED_EDGE('',*,*,#2115,.T.);
#2855=ORIENTED_EDGE('',*,*,#2116,.T.);
#2856=ORIENTED_EDGE('',*,*,#2117,.T.);
#2857=ORIENTED_EDGE('',*,*,#2118,.T.);
#2858=ORIENTED_EDGE('',*,*,#2119,.T.);
#2859=ORIENTED_EDGE('',*,*,#2120,.T.);
#2860=ORIENTED_EDGE('',*,*,#2106,.F.);
#2861=ORIENTED_EDGE('',*,*,#2121,.T.);
#2862=ORIENTED_EDGE('',*,*,#2122,.T.);
#2863=ORIENTED_EDGE('',*,*,#2111,.T.);
#2864=ORIENTED_EDGE('',*,*,#2105,.F.);
#2865=ORIENTED_EDGE('',*,*,#2123,.F.);
#2866=ORIENTED_EDGE('',*,*,#2124,.F.);
#2867=ORIENTED_EDGE('',*,*,#2121,.F.);
#2868=ORIENTED_EDGE('',*,*,#2125,.T.);
#2869=ORIENTED_EDGE('',*,*,#2126,.F.);
#2870=ORIENTED_EDGE('',*,*,#2127,.T.);
#2871=ORIENTED_EDGE('',*,*,#2128,.F.);
#2872=ORIENTED_EDGE('',*,*,#2129,.T.);
#2873=ORIENTED_EDGE('',*,*,#2130,.F.);
#2874=ORIENTED_EDGE('',*,*,#2131,.T.);
#2875=ORIENTED_EDGE('',*,*,#2132,.F.);
#2876=ORIENTED_EDGE('',*,*,#2133,.T.);
#2877=ORIENTED_EDGE('',*,*,#2134,.T.);
#2878=ORIENTED_EDGE('',*,*,#2135,.T.);
#2879=ORIENTED_EDGE('',*,*,#2136,.T.);
#2880=ORIENTED_EDGE('',*,*,#2137,.T.);
#2881=ORIENTED_EDGE('',*,*,#2138,.T.);
#2882=ORIENTED_EDGE('',*,*,#2139,.T.);
#2883=ORIENTED_EDGE('',*,*,#2140,.T.);
#2884=ORIENTED_EDGE('',*,*,#2141,.T.);
#2885=ORIENTED_EDGE('',*,*,#2142,.T.);
#2886=ORIENTED_EDGE('',*,*,#2143,.T.);
#2887=ORIENTED_EDGE('',*,*,#2144,.T.);
#2888=ORIENTED_EDGE('',*,*,#2145,.T.);
#2889=ORIENTED_EDGE('',*,*,#2146,.T.);
#2890=ORIENTED_EDGE('',*,*,#2147,.T.);
#2891=ORIENTED_EDGE('',*,*,#2148,.T.);
#2892=ORIENTED_EDGE('',*,*,#2089,.F.);
#2893=ORIENTED_EDGE('',*,*,#2103,.F.);
#2894=ORIENTED_EDGE('',*,*,#2098,.F.);
#2895=ORIENTED_EDGE('',*,*,#2093,.F.);
#2896=ORIENTED_EDGE('',*,*,#2149,.T.);
#2897=ORIENTED_EDGE('',*,*,#2150,.T.);
#2898=ORIENTED_EDGE('',*,*,#2151,.T.);
#2899=ORIENTED_EDGE('',*,*,#2152,.T.);
#2900=ORIENTED_EDGE('',*,*,#2153,.T.);
#2901=ORIENTED_EDGE('',*,*,#2154,.T.);
#2902=ORIENTED_EDGE('',*,*,#2155,.T.);
#2903=ORIENTED_EDGE('',*,*,#2156,.T.);
#2904=ORIENTED_EDGE('',*,*,#2086,.F.);
#2905=ORIENTED_EDGE('',*,*,#2157,.F.);
#2906=ORIENTED_EDGE('',*,*,#2119,.F.);
#2907=ORIENTED_EDGE('',*,*,#2158,.T.);
#2908=ORIENTED_EDGE('',*,*,#2087,.F.);
#2909=ORIENTED_EDGE('',*,*,#2158,.F.);
#2910=ORIENTED_EDGE('',*,*,#2118,.F.);
#2911=ORIENTED_EDGE('',*,*,#2159,.T.);
#2912=ORIENTED_EDGE('',*,*,#2084,.F.);
#2913=ORIENTED_EDGE('',*,*,#2159,.F.);
#2914=ORIENTED_EDGE('',*,*,#2117,.F.);
#2915=ORIENTED_EDGE('',*,*,#2160,.T.);
#2916=ORIENTED_EDGE('',*,*,#2085,.F.);
#2917=ORIENTED_EDGE('',*,*,#2160,.F.);
#2918=ORIENTED_EDGE('',*,*,#2120,.F.);
#2919=ORIENTED_EDGE('',*,*,#2157,.T.);
#2920=ORIENTED_EDGE('',*,*,#2082,.F.);
#2921=ORIENTED_EDGE('',*,*,#2161,.F.);
#2922=ORIENTED_EDGE('',*,*,#2115,.F.);
#2923=ORIENTED_EDGE('',*,*,#2162,.T.);
#2924=ORIENTED_EDGE('',*,*,#2083,.F.);
#2925=ORIENTED_EDGE('',*,*,#2162,.F.);
#2926=ORIENTED_EDGE('',*,*,#2114,.F.);
#2927=ORIENTED_EDGE('',*,*,#2163,.T.);
#2928=ORIENTED_EDGE('',*,*,#2080,.F.);
#2929=ORIENTED_EDGE('',*,*,#2163,.F.);
#2930=ORIENTED_EDGE('',*,*,#2113,.F.);
#2931=ORIENTED_EDGE('',*,*,#2164,.T.);
#2932=ORIENTED_EDGE('',*,*,#2081,.F.);
#2933=ORIENTED_EDGE('',*,*,#2164,.F.);
#2934=ORIENTED_EDGE('',*,*,#2116,.F.);
#2935=ORIENTED_EDGE('',*,*,#2161,.T.);
#2936=ORIENTED_EDGE('',*,*,#2165,.F.);
#2937=ORIENTED_EDGE('',*,*,#2166,.T.);
#2938=ORIENTED_EDGE('',*,*,#2167,.F.);
#2939=ORIENTED_EDGE('',*,*,#2168,.T.);
#2940=ORIENTED_EDGE('',*,*,#2169,.F.);
#2941=ORIENTED_EDGE('',*,*,#2168,.F.);
#2942=ORIENTED_EDGE('',*,*,#2170,.F.);
#2943=ORIENTED_EDGE('',*,*,#2171,.T.);
#2944=ORIENTED_EDGE('',*,*,#2172,.F.);
#2945=ORIENTED_EDGE('',*,*,#2173,.F.);
#2946=ORIENTED_EDGE('',*,*,#2174,.F.);
#2947=ORIENTED_EDGE('',*,*,#2166,.F.);
#2948=ORIENTED_EDGE('',*,*,#2175,.F.);
#2949=ORIENTED_EDGE('',*,*,#2171,.F.);
#2950=ORIENTED_EDGE('',*,*,#2176,.F.);
#2951=ORIENTED_EDGE('',*,*,#2173,.T.);
#2952=ORIENTED_EDGE('',*,*,#2177,.F.);
#2953=ORIENTED_EDGE('',*,*,#2178,.T.);
#2954=ORIENTED_EDGE('',*,*,#2179,.F.);
#2955=ORIENTED_EDGE('',*,*,#2180,.T.);
#2956=ORIENTED_EDGE('',*,*,#2181,.F.);
#2957=ORIENTED_EDGE('',*,*,#2180,.F.);
#2958=ORIENTED_EDGE('',*,*,#2182,.F.);
#2959=ORIENTED_EDGE('',*,*,#2183,.T.);
#2960=ORIENTED_EDGE('',*,*,#2184,.F.);
#2961=ORIENTED_EDGE('',*,*,#2185,.F.);
#2962=ORIENTED_EDGE('',*,*,#2186,.F.);
#2963=ORIENTED_EDGE('',*,*,#2178,.F.);
#2964=ORIENTED_EDGE('',*,*,#2187,.F.);
#2965=ORIENTED_EDGE('',*,*,#2183,.F.);
#2966=ORIENTED_EDGE('',*,*,#2188,.F.);
#2967=ORIENTED_EDGE('',*,*,#2185,.T.);
#2968=ORIENTED_EDGE('',*,*,#2091,.F.);
#2969=ORIENTED_EDGE('',*,*,#2189,.F.);
#2970=ORIENTED_EDGE('',*,*,#2190,.T.);
#2971=ORIENTED_EDGE('',*,*,#2191,.F.);
#2972=ORIENTED_EDGE('',*,*,#2187,.T.);
#2973=ORIENTED_EDGE('',*,*,#2184,.T.);
#2974=ORIENTED_EDGE('',*,*,#2177,.T.);
#2975=ORIENTED_EDGE('',*,*,#2181,.T.);
#2976=ORIENTED_EDGE('',*,*,#2175,.T.);
#2977=ORIENTED_EDGE('',*,*,#2172,.T.);
#2978=ORIENTED_EDGE('',*,*,#2165,.T.);
#2979=ORIENTED_EDGE('',*,*,#2169,.T.);
#2980=ORIENTED_EDGE('',*,*,#2095,.F.);
#2981=ORIENTED_EDGE('',*,*,#2110,.F.);
#2982=ORIENTED_EDGE('',*,*,#2192,.F.);
#2983=ORIENTED_EDGE('',*,*,#2193,.F.);
#2984=ORIENTED_EDGE('',*,*,#2194,.F.);
#2985=ORIENTED_EDGE('',*,*,#2192,.T.);
#2986=ORIENTED_EDGE('',*,*,#2195,.F.);
#2987=ORIENTED_EDGE('',*,*,#2196,.F.);
#2988=ORIENTED_EDGE('',*,*,#1952,.F.);
#2989=ORIENTED_EDGE('',*,*,#2197,.F.);
#2990=ORIENTED_EDGE('',*,*,#1947,.F.);
#2991=ORIENTED_EDGE('',*,*,#2198,.F.);
#2992=ORIENTED_EDGE('',*,*,#2199,.T.);
#2993=ORIENTED_EDGE('',*,*,#2076,.F.);
#2994=ORIENTED_EDGE('',*,*,#2200,.F.);
#2995=ORIENTED_EDGE('',*,*,#2201,.T.);
#2996=ORIENTED_EDGE('',*,*,#2202,.T.);
#2997=ORIENTED_EDGE('',*,*,#2203,.T.);
#2998=ORIENTED_EDGE('',*,*,#2204,.F.);
#2999=ORIENTED_EDGE('',*,*,#2199,.F.);
#3000=ORIENTED_EDGE('',*,*,#2205,.F.);
#3001=ORIENTED_EDGE('',*,*,#2206,.F.);
#3002=ORIENTED_EDGE('',*,*,#2147,.F.);
#3003=ORIENTED_EDGE('',*,*,#2207,.T.);
#3004=ORIENTED_EDGE('',*,*,#2208,.F.);
#3005=ORIENTED_EDGE('',*,*,#2207,.F.);
#3006=ORIENTED_EDGE('',*,*,#2146,.F.);
#3007=ORIENTED_EDGE('',*,*,#2209,.T.);
#3008=ORIENTED_EDGE('',*,*,#2210,.F.);
#3009=ORIENTED_EDGE('',*,*,#2209,.F.);
#3010=ORIENTED_EDGE('',*,*,#2145,.F.);
#3011=ORIENTED_EDGE('',*,*,#2211,.T.);
#3012=ORIENTED_EDGE('',*,*,#2212,.F.);
#3013=ORIENTED_EDGE('',*,*,#2211,.F.);
#3014=ORIENTED_EDGE('',*,*,#2148,.F.);
#3015=ORIENTED_EDGE('',*,*,#2206,.T.);
#3016=ORIENTED_EDGE('',*,*,#2213,.F.);
#3017=ORIENTED_EDGE('',*,*,#2214,.F.);
#3018=ORIENTED_EDGE('',*,*,#2143,.F.);
#3019=ORIENTED_EDGE('',*,*,#2215,.T.);
#3020=ORIENTED_EDGE('',*,*,#2216,.F.);
#3021=ORIENTED_EDGE('',*,*,#2215,.F.);
#3022=ORIENTED_EDGE('',*,*,#2142,.F.);
#3023=ORIENTED_EDGE('',*,*,#2217,.T.);
#3024=ORIENTED_EDGE('',*,*,#2218,.F.);
#3025=ORIENTED_EDGE('',*,*,#2217,.F.);
#3026=ORIENTED_EDGE('',*,*,#2141,.F.);
#3027=ORIENTED_EDGE('',*,*,#2219,.T.);
#3028=ORIENTED_EDGE('',*,*,#2220,.F.);
#3029=ORIENTED_EDGE('',*,*,#2219,.F.);
#3030=ORIENTED_EDGE('',*,*,#2144,.F.);
#3031=ORIENTED_EDGE('',*,*,#2214,.T.);
#3032=ORIENTED_EDGE('',*,*,#2221,.F.);
#3033=ORIENTED_EDGE('',*,*,#2222,.F.);
#3034=ORIENTED_EDGE('',*,*,#2139,.F.);
#3035=ORIENTED_EDGE('',*,*,#2223,.T.);
#3036=ORIENTED_EDGE('',*,*,#2224,.F.);
#3037=ORIENTED_EDGE('',*,*,#2223,.F.);
#3038=ORIENTED_EDGE('',*,*,#2138,.F.);
#3039=ORIENTED_EDGE('',*,*,#2225,.T.);
#3040=ORIENTED_EDGE('',*,*,#2226,.F.);
#3041=ORIENTED_EDGE('',*,*,#2225,.F.);
#3042=ORIENTED_EDGE('',*,*,#2137,.F.);
#3043=ORIENTED_EDGE('',*,*,#2227,.T.);
#3044=ORIENTED_EDGE('',*,*,#2228,.F.);
#3045=ORIENTED_EDGE('',*,*,#2227,.F.);
#3046=ORIENTED_EDGE('',*,*,#2140,.F.);
#3047=ORIENTED_EDGE('',*,*,#2222,.T.);
#3048=ORIENTED_EDGE('',*,*,#2229,.F.);
#3049=ORIENTED_EDGE('',*,*,#2230,.F.);
#3050=ORIENTED_EDGE('',*,*,#2135,.F.);
#3051=ORIENTED_EDGE('',*,*,#2231,.T.);
#3052=ORIENTED_EDGE('',*,*,#2232,.F.);
#3053=ORIENTED_EDGE('',*,*,#2231,.F.);
#3054=ORIENTED_EDGE('',*,*,#2134,.F.);
#3055=ORIENTED_EDGE('',*,*,#2233,.T.);
#3056=ORIENTED_EDGE('',*,*,#2234,.F.);
#3057=ORIENTED_EDGE('',*,*,#2233,.F.);
#3058=ORIENTED_EDGE('',*,*,#2133,.F.);
#3059=ORIENTED_EDGE('',*,*,#2235,.T.);
#3060=ORIENTED_EDGE('',*,*,#2236,.F.);
#3061=ORIENTED_EDGE('',*,*,#2235,.F.);
#3062=ORIENTED_EDGE('',*,*,#2136,.F.);
#3063=ORIENTED_EDGE('',*,*,#2230,.T.);
#3064=ORIENTED_EDGE('',*,*,#2237,.T.);
#3065=ORIENTED_EDGE('',*,*,#2238,.T.);
#3066=ORIENTED_EDGE('',*,*,#2239,.F.);
#3067=ORIENTED_EDGE('',*,*,#2240,.T.);
#3068=ORIENTED_EDGE('',*,*,#2241,.F.);
#3069=ORIENTED_EDGE('',*,*,#2238,.F.);
#3070=ORIENTED_EDGE('',*,*,#2242,.T.);
#3071=ORIENTED_EDGE('',*,*,#2243,.T.);
#3072=ORIENTED_EDGE('',*,*,#2057,.T.);
#3073=ORIENTED_EDGE('',*,*,#2079,.T.);
#3074=ORIENTED_EDGE('',*,*,#2244,.T.);
#3075=ORIENTED_EDGE('',*,*,#2240,.F.);
#3076=ORIENTED_EDGE('',*,*,#2245,.T.);
#3077=ORIENTED_EDGE('',*,*,#2246,.F.);
#3078=ORIENTED_EDGE('',*,*,#2247,.T.);
#3079=ORIENTED_EDGE('',*,*,#2248,.T.);
#3080=ORIENTED_EDGE('',*,*,#2200,.T.);
#3081=ORIENTED_EDGE('',*,*,#2075,.T.);
#3082=ORIENTED_EDGE('',*,*,#2067,.T.);
#3083=ORIENTED_EDGE('',*,*,#1852,.T.);
#3084=ORIENTED_EDGE('',*,*,#2070,.T.);
#3085=ORIENTED_EDGE('',*,*,#2072,.T.);
#3086=ORIENTED_EDGE('',*,*,#2073,.T.);
#3087=ORIENTED_EDGE('',*,*,#2062,.T.);
#3088=ORIENTED_EDGE('',*,*,#2066,.T.);
#3089=ORIENTED_EDGE('',*,*,#2074,.T.);
#3090=ORIENTED_EDGE('',*,*,#2059,.T.);
#3091=ORIENTED_EDGE('',*,*,#2050,.T.);
#3092=ORIENTED_EDGE('',*,*,#2052,.T.);
#3093=ORIENTED_EDGE('',*,*,#1864,.T.);
#3094=ORIENTED_EDGE('',*,*,#2054,.T.);
#3095=ORIENTED_EDGE('',*,*,#2056,.T.);
#3096=ORIENTED_EDGE('',*,*,#1877,.T.);
#3097=ORIENTED_EDGE('',*,*,#1880,.T.);
#3098=ORIENTED_EDGE('',*,*,#1882,.T.);
#3099=ORIENTED_EDGE('',*,*,#1884,.T.);
#3100=ORIENTED_EDGE('',*,*,#1896,.T.);
#3101=ORIENTED_EDGE('',*,*,#1899,.T.);
#3102=ORIENTED_EDGE('',*,*,#1901,.T.);
#3103=ORIENTED_EDGE('',*,*,#1903,.T.);
#3104=ORIENTED_EDGE('',*,*,#2249,.F.);
#3105=ORIENTED_EDGE('',*,*,#2250,.F.);
#3106=ORIENTED_EDGE('',*,*,#2251,.F.);
#3107=ORIENTED_EDGE('',*,*,#2252,.F.);
#3108=ORIENTED_EDGE('',*,*,#2253,.F.);
#3109=ORIENTED_EDGE('',*,*,#2254,.F.);
#3110=ORIENTED_EDGE('',*,*,#2255,.T.);
#3111=ORIENTED_EDGE('',*,*,#2242,.F.);
#3112=ORIENTED_EDGE('',*,*,#2237,.F.);
#3113=ORIENTED_EDGE('',*,*,#2243,.F.);
#3114=ORIENTED_EDGE('',*,*,#2255,.F.);
#3115=ORIENTED_EDGE('',*,*,#2256,.T.);
#3116=ORIENTED_EDGE('',*,*,#2257,.T.);
#3117=ORIENTED_EDGE('',*,*,#2258,.F.);
#3118=ORIENTED_EDGE('',*,*,#2246,.T.);
#3119=ORIENTED_EDGE('',*,*,#2259,.F.);
#3120=ORIENTED_EDGE('',*,*,#2257,.F.);
#3121=ORIENTED_EDGE('',*,*,#2260,.T.);
#3122=ORIENTED_EDGE('',*,*,#2261,.T.);
#3123=ORIENTED_EDGE('',*,*,#2239,.T.);
#3124=ORIENTED_EDGE('',*,*,#2241,.T.);
#3125=ORIENTED_EDGE('',*,*,#2244,.F.);
#3126=ORIENTED_EDGE('',*,*,#2078,.T.);
#3127=ORIENTED_EDGE('',*,*,#2262,.T.);
#3128=ORIENTED_EDGE('',*,*,#2263,.F.);
#3129=ORIENTED_EDGE('',*,*,#2247,.F.);
#3130=ORIENTED_EDGE('',*,*,#2258,.T.);
#3131=ORIENTED_EDGE('',*,*,#2259,.T.);
#3132=ORIENTED_EDGE('',*,*,#2245,.F.);
#3133=ORIENTED_EDGE('',*,*,#2210,.T.);
#3134=ORIENTED_EDGE('',*,*,#2212,.T.);
#3135=ORIENTED_EDGE('',*,*,#2205,.T.);
#3136=ORIENTED_EDGE('',*,*,#2208,.T.);
#3137=ORIENTED_EDGE('',*,*,#2218,.T.);
#3138=ORIENTED_EDGE('',*,*,#2220,.T.);
#3139=ORIENTED_EDGE('',*,*,#2213,.T.);
#3140=ORIENTED_EDGE('',*,*,#2216,.T.);
#3141=ORIENTED_EDGE('',*,*,#2226,.T.);
#3142=ORIENTED_EDGE('',*,*,#2228,.T.);
#3143=ORIENTED_EDGE('',*,*,#2221,.T.);
#3144=ORIENTED_EDGE('',*,*,#2224,.T.);
#3145=ORIENTED_EDGE('',*,*,#2234,.T.);
#3146=ORIENTED_EDGE('',*,*,#2236,.T.);
#3147=ORIENTED_EDGE('',*,*,#2229,.T.);
#3148=ORIENTED_EDGE('',*,*,#2232,.T.);
#3149=ORIENTED_EDGE('',*,*,#2264,.T.);
#3150=ORIENTED_EDGE('',*,*,#2265,.F.);
#3151=ORIENTED_EDGE('',*,*,#2266,.T.);
#3152=ORIENTED_EDGE('',*,*,#2267,.F.);
#3153=ORIENTED_EDGE('',*,*,#2268,.T.);
#3154=ORIENTED_EDGE('',*,*,#2269,.F.);
#3155=ORIENTED_EDGE('',*,*,#2270,.T.);
#3156=ORIENTED_EDGE('',*,*,#2271,.F.);
#3157=ORIENTED_EDGE('',*,*,#2272,.F.);
#3158=ORIENTED_EDGE('',*,*,#2273,.F.);
#3159=ORIENTED_EDGE('',*,*,#2274,.T.);
#3160=ORIENTED_EDGE('',*,*,#2260,.F.);
#3161=ORIENTED_EDGE('',*,*,#2256,.F.);
#3162=ORIENTED_EDGE('',*,*,#2261,.F.);
#3163=ORIENTED_EDGE('',*,*,#2274,.F.);
#3164=ORIENTED_EDGE('',*,*,#2275,.T.);
#3165=ORIENTED_EDGE('',*,*,#2276,.T.);
#3166=ORIENTED_EDGE('',*,*,#2250,.T.);
#3167=ORIENTED_EDGE('',*,*,#2249,.T.);
#3168=ORIENTED_EDGE('',*,*,#2276,.F.);
#3169=ORIENTED_EDGE('',*,*,#2277,.T.);
#3170=ORIENTED_EDGE('',*,*,#2278,.T.);
#3171=ORIENTED_EDGE('',*,*,#2279,.F.);
#3172=ORIENTED_EDGE('',*,*,#2280,.F.);
#3173=ORIENTED_EDGE('',*,*,#2281,.T.);
#3174=ORIENTED_EDGE('',*,*,#2277,.F.);
#3175=ORIENTED_EDGE('',*,*,#2275,.F.);
#3176=ORIENTED_EDGE('',*,*,#2278,.F.);
#3177=ORIENTED_EDGE('',*,*,#2281,.F.);
#3178=ORIENTED_EDGE('',*,*,#2282,.T.);
#3179=ORIENTED_EDGE('',*,*,#2283,.T.);
#3180=ORIENTED_EDGE('',*,*,#2252,.T.);
#3181=ORIENTED_EDGE('',*,*,#2251,.T.);
#3182=ORIENTED_EDGE('',*,*,#2283,.F.);
#3183=ORIENTED_EDGE('',*,*,#2284,.T.);
#3184=ORIENTED_EDGE('',*,*,#2285,.T.);
#3185=ORIENTED_EDGE('',*,*,#2286,.F.);
#3186=ORIENTED_EDGE('',*,*,#2287,.F.);
#3187=ORIENTED_EDGE('',*,*,#2288,.T.);
#3188=ORIENTED_EDGE('',*,*,#2284,.F.);
#3189=ORIENTED_EDGE('',*,*,#2282,.F.);
#3190=ORIENTED_EDGE('',*,*,#2285,.F.);
#3191=ORIENTED_EDGE('',*,*,#2288,.F.);
#3192=ORIENTED_EDGE('',*,*,#2130,.T.);
#3193=ORIENTED_EDGE('',*,*,#2289,.T.);
#3194=ORIENTED_EDGE('',*,*,#2267,.T.);
#3195=ORIENTED_EDGE('',*,*,#2290,.T.);
#3196=ORIENTED_EDGE('',*,*,#2289,.F.);
#3197=ORIENTED_EDGE('',*,*,#2129,.F.);
#3198=ORIENTED_EDGE('',*,*,#2291,.F.);
#3199=ORIENTED_EDGE('',*,*,#2268,.F.);
#3200=ORIENTED_EDGE('',*,*,#2132,.T.);
#3201=ORIENTED_EDGE('',*,*,#2292,.T.);
#3202=ORIENTED_EDGE('',*,*,#2265,.T.);
#3203=ORIENTED_EDGE('',*,*,#2293,.T.);
#3204=ORIENTED_EDGE('',*,*,#2290,.F.);
#3205=ORIENTED_EDGE('',*,*,#2266,.F.);
#3206=ORIENTED_EDGE('',*,*,#2292,.F.);
#3207=ORIENTED_EDGE('',*,*,#2131,.F.);
#3208=ORIENTED_EDGE('',*,*,#2126,.T.);
#3209=ORIENTED_EDGE('',*,*,#2294,.T.);
#3210=ORIENTED_EDGE('',*,*,#2271,.T.);
#3211=ORIENTED_EDGE('',*,*,#2295,.T.);
#3212=ORIENTED_EDGE('',*,*,#2293,.F.);
#3213=ORIENTED_EDGE('',*,*,#2264,.F.);
#3214=ORIENTED_EDGE('',*,*,#2294,.F.);
#3215=ORIENTED_EDGE('',*,*,#2125,.F.);
#3216=ORIENTED_EDGE('',*,*,#2128,.T.);
#3217=ORIENTED_EDGE('',*,*,#2296,.T.);
#3218=ORIENTED_EDGE('',*,*,#2269,.T.);
#3219=ORIENTED_EDGE('',*,*,#2291,.T.);
#3220=ORIENTED_EDGE('',*,*,#2295,.F.);
#3221=ORIENTED_EDGE('',*,*,#2270,.F.);
#3222=ORIENTED_EDGE('',*,*,#2296,.F.);
#3223=ORIENTED_EDGE('',*,*,#2127,.F.);
#3224=ORIENTED_EDGE('',*,*,#2109,.F.);
#3225=ORIENTED_EDGE('',*,*,#2297,.T.);
#3226=ORIENTED_EDGE('',*,*,#2195,.T.);
#3227=ORIENTED_EDGE('',*,*,#2096,.F.);
#3228=ORIENTED_EDGE('',*,*,#2193,.T.);
#3229=ORIENTED_EDGE('',*,*,#2298,.T.);
#3230=ORIENTED_EDGE('',*,*,#2189,.T.);
#3231=ORIENTED_EDGE('',*,*,#2299,.T.);
#3232=ORIENTED_EDGE('',*,*,#2298,.F.);
#3233=ORIENTED_EDGE('',*,*,#2194,.T.);
#3234=ORIENTED_EDGE('',*,*,#2107,.F.);
#3235=ORIENTED_EDGE('',*,*,#2191,.T.);
#3236=ORIENTED_EDGE('',*,*,#2300,.T.);
#3237=ORIENTED_EDGE('',*,*,#2123,.T.);
#3238=ORIENTED_EDGE('',*,*,#2300,.F.);
#3239=ORIENTED_EDGE('',*,*,#2301,.T.);
#3240=ORIENTED_EDGE('',*,*,#2302,.T.);
#3241=ORIENTED_EDGE('',*,*,#2122,.F.);
#3242=ORIENTED_EDGE('',*,*,#2303,.T.);
#3243=ORIENTED_EDGE('',*,*,#2304,.T.);
#3244=ORIENTED_EDGE('',*,*,#2153,.F.);
#3245=ORIENTED_EDGE('',*,*,#2305,.T.);
#3246=ORIENTED_EDGE('',*,*,#1915,.F.);
#3247=ORIENTED_EDGE('',*,*,#2306,.F.);
#3248=ORIENTED_EDGE('',*,*,#2156,.F.);
#3249=ORIENTED_EDGE('',*,*,#2307,.T.);
#3250=ORIENTED_EDGE('',*,*,#1916,.F.);
#3251=ORIENTED_EDGE('',*,*,#2305,.F.);
#3252=ORIENTED_EDGE('',*,*,#2155,.F.);
#3253=ORIENTED_EDGE('',*,*,#2308,.T.);
#3254=ORIENTED_EDGE('',*,*,#1913,.F.);
#3255=ORIENTED_EDGE('',*,*,#1911,.F.);
#3256=ORIENTED_EDGE('',*,*,#1912,.F.);
#3257=ORIENTED_EDGE('',*,*,#1917,.F.);
#3258=ORIENTED_EDGE('',*,*,#2307,.F.);
#3259=ORIENTED_EDGE('',*,*,#2154,.F.);
#3260=ORIENTED_EDGE('',*,*,#2306,.T.);
#3261=ORIENTED_EDGE('',*,*,#1914,.F.);
#3262=ORIENTED_EDGE('',*,*,#2308,.F.);
#3263=ORIENTED_EDGE('',*,*,#2149,.F.);
#3264=ORIENTED_EDGE('',*,*,#2309,.T.);
#3265=ORIENTED_EDGE('',*,*,#1904,.F.);
#3266=ORIENTED_EDGE('',*,*,#1909,.F.);
#3267=ORIENTED_EDGE('',*,*,#1910,.F.);
#3268=ORIENTED_EDGE('',*,*,#1908,.F.);
#3269=ORIENTED_EDGE('',*,*,#2310,.F.);
#3270=ORIENTED_EDGE('',*,*,#2152,.F.);
#3271=ORIENTED_EDGE('',*,*,#2311,.T.);
#3272=ORIENTED_EDGE('',*,*,#1905,.F.);
#3273=ORIENTED_EDGE('',*,*,#2309,.F.);
#3274=ORIENTED_EDGE('',*,*,#2151,.F.);
#3275=ORIENTED_EDGE('',*,*,#2312,.T.);
#3276=ORIENTED_EDGE('',*,*,#1906,.F.);
#3277=ORIENTED_EDGE('',*,*,#2311,.F.);
#3278=ORIENTED_EDGE('',*,*,#2150,.F.);
#3279=ORIENTED_EDGE('',*,*,#2310,.T.);
#3280=ORIENTED_EDGE('',*,*,#1907,.F.);
#3281=ORIENTED_EDGE('',*,*,#2312,.F.);
#3282=ORIENTED_EDGE('',*,*,#2313,.F.);
#3283=ORIENTED_EDGE('',*,*,#2314,.F.);
#3284=ORIENTED_EDGE('',*,*,#2315,.T.);
#3285=ORIENTED_EDGE('',*,*,#2316,.F.);
#3286=ORIENTED_EDGE('',*,*,#2317,.F.);
#3287=ORIENTED_EDGE('',*,*,#2315,.F.);
#3288=ORIENTED_EDGE('',*,*,#2316,.T.);
#3289=ORIENTED_EDGE('',*,*,#2317,.T.);
#3290=ORIENTED_EDGE('',*,*,#2318,.F.);
#3291=ORIENTED_EDGE('',*,*,#2319,.F.);
#3292=ORIENTED_EDGE('',*,*,#2320,.T.);
#3293=ORIENTED_EDGE('',*,*,#2321,.F.);
#3294=ORIENTED_EDGE('',*,*,#2322,.F.);
#3295=ORIENTED_EDGE('',*,*,#2320,.F.);
#3296=ORIENTED_EDGE('',*,*,#2321,.T.);
#3297=ORIENTED_EDGE('',*,*,#2322,.T.);
#3298=ORIENTED_EDGE('',*,*,#2323,.F.);
#3299=ORIENTED_EDGE('',*,*,#2324,.F.);
#3300=ORIENTED_EDGE('',*,*,#2325,.T.);
#3301=ORIENTED_EDGE('',*,*,#2326,.F.);
#3302=ORIENTED_EDGE('',*,*,#2327,.F.);
#3303=ORIENTED_EDGE('',*,*,#2325,.F.);
#3304=ORIENTED_EDGE('',*,*,#2326,.T.);
#3305=ORIENTED_EDGE('',*,*,#2327,.T.);
#3306=ORIENTED_EDGE('',*,*,#2328,.F.);
#3307=ORIENTED_EDGE('',*,*,#2329,.F.);
#3308=ORIENTED_EDGE('',*,*,#2330,.T.);
#3309=ORIENTED_EDGE('',*,*,#2331,.F.);
#3310=ORIENTED_EDGE('',*,*,#2332,.F.);
#3311=ORIENTED_EDGE('',*,*,#2330,.F.);
#3312=ORIENTED_EDGE('',*,*,#2331,.T.);
#3313=ORIENTED_EDGE('',*,*,#2332,.T.);
#3314=ORIENTED_EDGE('',*,*,#2272,.T.);
#3315=ORIENTED_EDGE('',*,*,#2273,.T.);
#3316=ORIENTED_EDGE('',*,*,#2323,.T.);
#3317=ORIENTED_EDGE('',*,*,#2324,.T.);
#3318=ORIENTED_EDGE('',*,*,#2279,.T.);
#3319=ORIENTED_EDGE('',*,*,#2280,.T.);
#3320=ORIENTED_EDGE('',*,*,#2313,.T.);
#3321=ORIENTED_EDGE('',*,*,#2314,.T.);
#3322=ORIENTED_EDGE('',*,*,#2253,.T.);
#3323=ORIENTED_EDGE('',*,*,#2254,.T.);
#3324=ORIENTED_EDGE('',*,*,#2318,.T.);
#3325=ORIENTED_EDGE('',*,*,#2319,.T.);
#3326=ORIENTED_EDGE('',*,*,#2286,.T.);
#3327=ORIENTED_EDGE('',*,*,#2287,.T.);
#3328=ORIENTED_EDGE('',*,*,#2328,.T.);
#3329=ORIENTED_EDGE('',*,*,#2329,.T.);
#3330=ORIENTED_EDGE('',*,*,#2302,.F.);
#3331=ORIENTED_EDGE('',*,*,#2333,.F.);
#3332=ORIENTED_EDGE('',*,*,#2009,.F.);
#3333=ORIENTED_EDGE('',*,*,#2334,.F.);
#3334=ORIENTED_EDGE('',*,*,#2019,.F.);
#3335=ORIENTED_EDGE('',*,*,#2335,.F.);
#3336=ORIENTED_EDGE('',*,*,#2024,.F.);
#3337=ORIENTED_EDGE('',*,*,#2336,.F.);
#3338=ORIENTED_EDGE('',*,*,#2014,.F.);
#3339=ORIENTED_EDGE('',*,*,#2337,.F.);
#3340=ORIENTED_EDGE('',*,*,#2303,.F.);
#3341=ORIENTED_EDGE('',*,*,#2124,.T.);
#3342=ORIENTED_EDGE('',*,*,#2000,.T.);
#3343=ORIENTED_EDGE('',*,*,#2333,.T.);
#3344=ORIENTED_EDGE('',*,*,#2338,.F.);
#3345=ORIENTED_EDGE('',*,*,#2339,.F.);
#3346=ORIENTED_EDGE('',*,*,#2340,.T.);
#3347=ORIENTED_EDGE('',*,*,#2337,.T.);
#3348=ORIENTED_EDGE('',*,*,#2015,.T.);
#3349=ORIENTED_EDGE('',*,*,#2011,.T.);
#3350=ORIENTED_EDGE('',*,*,#1961,.T.);
#3351=ORIENTED_EDGE('',*,*,#2336,.T.);
#3352=ORIENTED_EDGE('',*,*,#2025,.T.);
#3353=ORIENTED_EDGE('',*,*,#2021,.T.);
#3354=ORIENTED_EDGE('',*,*,#1974,.T.);
#3355=ORIENTED_EDGE('',*,*,#2335,.T.);
#3356=ORIENTED_EDGE('',*,*,#2020,.T.);
#3357=ORIENTED_EDGE('',*,*,#2016,.T.);
#3358=ORIENTED_EDGE('',*,*,#1987,.T.);
#3359=ORIENTED_EDGE('',*,*,#2334,.T.);
#3360=ORIENTED_EDGE('',*,*,#2010,.T.);
#3361=ORIENTED_EDGE('',*,*,#2006,.T.);
#3362=ORIENTED_EDGE('',*,*,#2341,.T.);
#3363=ORIENTED_EDGE('',*,*,#2342,.T.);
#3364=ORIENTED_EDGE('',*,*,#2343,.F.);
#3365=ORIENTED_EDGE('',*,*,#2344,.F.);
#3366=ORIENTED_EDGE('',*,*,#2345,.T.);
#3367=ORIENTED_EDGE('',*,*,#2346,.T.);
#3368=ORIENTED_EDGE('',*,*,#2347,.F.);
#3369=ORIENTED_EDGE('',*,*,#2262,.F.);
#3370=ORIENTED_EDGE('',*,*,#2297,.F.);
#3371=ORIENTED_EDGE('',*,*,#2112,.T.);
#3372=ORIENTED_EDGE('',*,*,#2304,.F.);
#3373=ORIENTED_EDGE('',*,*,#2348,.F.);
#3374=ORIENTED_EDGE('',*,*,#2349,.T.);
#3375=ORIENTED_EDGE('',*,*,#2348,.T.);
#3376=ORIENTED_EDGE('',*,*,#2340,.F.);
#3377=ORIENTED_EDGE('',*,*,#2350,.F.);
#3378=ORIENTED_EDGE('',*,*,#2351,.T.);
#3379=ORIENTED_EDGE('',*,*,#2352,.T.);
#3380=ORIENTED_EDGE('',*,*,#2341,.F.);
#3381=ORIENTED_EDGE('',*,*,#2353,.F.);
#3382=ORIENTED_EDGE('',*,*,#2204,.T.);
#3383=ORIENTED_EDGE('',*,*,#2354,.T.);
#3384=ORIENTED_EDGE('',*,*,#2345,.F.);
#3385=ORIENTED_EDGE('',*,*,#2077,.F.);
#3386=ORIENTED_EDGE('',*,*,#1938,.T.);
#3387=ORIENTED_EDGE('',*,*,#2197,.T.);
#3388=ORIENTED_EDGE('',*,*,#1953,.T.);
#3389=ORIENTED_EDGE('',*,*,#1949,.T.);
#3390=ORIENTED_EDGE('',*,*,#1925,.T.);
#3391=ORIENTED_EDGE('',*,*,#2196,.T.);
#3392=ORIENTED_EDGE('',*,*,#2349,.F.);
#3393=ORIENTED_EDGE('',*,*,#2355,.F.);
#3394=ORIENTED_EDGE('',*,*,#2356,.T.);
#3395=ORIENTED_EDGE('',*,*,#2198,.T.);
#3396=ORIENTED_EDGE('',*,*,#1948,.T.);
#3397=ORIENTED_EDGE('',*,*,#1944,.T.);
#3398=ORIENTED_EDGE('',*,*,#2355,.T.);
#3399=ORIENTED_EDGE('',*,*,#2350,.T.);
#3400=ORIENTED_EDGE('',*,*,#2339,.T.);
#3401=ORIENTED_EDGE('',*,*,#2357,.F.);
#3402=ORIENTED_EDGE('',*,*,#2358,.T.);
#3403=ORIENTED_EDGE('',*,*,#2342,.F.);
#3404=ORIENTED_EDGE('',*,*,#2352,.F.);
#3405=ORIENTED_EDGE('',*,*,#2359,.F.);
#3406=ORIENTED_EDGE('',*,*,#2360,.T.);
#3407=ORIENTED_EDGE('',*,*,#2359,.T.);
#3408=ORIENTED_EDGE('',*,*,#2351,.F.);
#3409=ORIENTED_EDGE('',*,*,#2361,.F.);
#3410=ORIENTED_EDGE('',*,*,#2362,.T.);
#3411=ORIENTED_EDGE('',*,*,#2346,.F.);
#3412=ORIENTED_EDGE('',*,*,#2354,.F.);
#3413=ORIENTED_EDGE('',*,*,#2203,.F.);
#3414=ORIENTED_EDGE('',*,*,#2361,.T.);
#3415=ORIENTED_EDGE('',*,*,#2353,.T.);
#3416=ORIENTED_EDGE('',*,*,#2344,.T.);
#3417=ORIENTED_EDGE('',*,*,#2363,.F.);
#3418=ORIENTED_EDGE('',*,*,#2338,.T.);
#3419=ORIENTED_EDGE('',*,*,#2364,.F.);
#3420=ORIENTED_EDGE('',*,*,#2356,.F.);
#3421=ORIENTED_EDGE('',*,*,#2357,.T.);
#3422=ORIENTED_EDGE('',*,*,#2299,.F.);
#3423=ORIENTED_EDGE('',*,*,#2364,.T.);
#3424=ORIENTED_EDGE('',*,*,#2301,.F.);
#3425=ORIENTED_EDGE('',*,*,#2190,.F.);
#3426=ORIENTED_EDGE('',*,*,#2343,.T.);
#3427=ORIENTED_EDGE('',*,*,#2358,.F.);
#3428=ORIENTED_EDGE('',*,*,#2360,.F.);
#3429=ORIENTED_EDGE('',*,*,#2363,.T.);
#3430=ORIENTED_EDGE('',*,*,#2347,.T.);
#3431=ORIENTED_EDGE('',*,*,#2362,.F.);
#3432=ORIENTED_EDGE('',*,*,#2202,.F.);
#3433=ORIENTED_EDGE('',*,*,#2365,.F.);
#3434=ORIENTED_EDGE('',*,*,#2263,.T.);
#3435=ORIENTED_EDGE('',*,*,#2365,.T.);
#3436=ORIENTED_EDGE('',*,*,#2201,.F.);
#3437=ORIENTED_EDGE('',*,*,#2248,.F.);
#3438=ORIENTED_EDGE('',*,*,#2176,.T.);
#3439=ORIENTED_EDGE('',*,*,#2170,.T.);
#3440=ORIENTED_EDGE('',*,*,#2167,.T.);
#3441=ORIENTED_EDGE('',*,*,#2174,.T.);
#3442=ORIENTED_EDGE('',*,*,#2188,.T.);
#3443=ORIENTED_EDGE('',*,*,#2182,.T.);
#3444=ORIENTED_EDGE('',*,*,#2179,.T.);
#3445=ORIENTED_EDGE('',*,*,#2186,.T.);
#3446=PLANE('',#4009);
#3447=PLANE('',#4010);
#3448=PLANE('',#4011);
#3449=PLANE('',#4012);
#3450=PLANE('',#4013);
#3451=PLANE('',#4014);
#3452=PLANE('',#4015);
#3453=PLANE('',#4016);
#3454=PLANE('',#4017);
#3455=PLANE('',#4018);
#3456=PLANE('',#4019);
#3457=PLANE('',#4020);
#3458=PLANE('',#4021);
#3459=PLANE('',#4022);
#3460=PLANE('',#4023);
#3461=PLANE('',#4024);
#3462=PLANE('',#4025);
#3463=PLANE('',#4026);
#3464=PLANE('',#4027);
#3465=PLANE('',#4028);
#3466=PLANE('',#4029);
#3467=PLANE('',#4030);
#3468=PLANE('',#4031);
#3469=PLANE('',#4032);
#3470=PLANE('',#4033);
#3471=PLANE('',#4034);
#3472=PLANE('',#4035);
#3473=PLANE('',#4039);
#3474=PLANE('',#4041);
#3475=PLANE('',#4043);
#3476=PLANE('',#4045);
#3477=PLANE('',#4047);
#3478=PLANE('',#4054);
#3479=PLANE('',#4056);
#3480=PLANE('',#4062);
#3481=PLANE('',#4064);
#3482=PLANE('',#4067);
#3483=PLANE('',#4068);
#3484=PLANE('',#4069);
#3485=PLANE('',#4070);
#3486=PLANE('',#4071);
#3487=PLANE('',#4072);
#3488=PLANE('',#4076);
#3489=PLANE('',#4078);
#3490=PLANE('',#4084);
#3491=PLANE('',#4086);
#3492=PLANE('',#4092);
#3493=PLANE('',#4094);
#3494=PLANE('',#4100);
#3495=PLANE('',#4102);
#3496=PLANE('',#4105);
#3497=PLANE('',#4106);
#3498=PLANE('',#4107);
#3499=PLANE('',#4108);
#3500=PLANE('',#4109);
#3501=PLANE('',#4110);
#3502=PLANE('',#4111);
#3503=PLANE('',#4112);
#3504=PLANE('',#4113);
#3505=PLANE('',#4114);
#3506=PLANE('',#4115);
#3507=PLANE('',#4116);
#3508=PLANE('',#4120);
#3509=PLANE('',#4121);
#3510=PLANE('',#4128);
#3511=PLANE('',#4130);
#3512=PLANE('',#4133);
#3513=PLANE('',#4134);
#3514=PLANE('',#4135);
#3515=PLANE('',#4136);
#3516=PLANE('',#4137);
#3517=PLANE('',#4138);
#3518=PLANE('',#4139);
#3519=PLANE('',#4140);
#3520=PLANE('',#4141);
#3521=PLANE('',#4142);
#3522=PLANE('',#4143);
#3523=PLANE('',#4144);
#3524=PLANE('',#4145);
#3525=PLANE('',#4172);
#3526=PLANE('',#4179);
#3527=PLANE('',#4192);
#3528=PLANE('',#4198);
#3529=PLANE('',#4200);
#3530=PLANE('',#4202);
#3531=PLANE('',#4204);
#3532=PLANE('',#4205);
#3533=PLANE('',#4212);
#3534=PLANE('',#4213);
#3535=PLANE('',#4220);
#3536=PLANE('',#4221);
#3537=PLANE('',#4222);
#3538=PLANE('',#4226);
#3539=PLANE('',#4230);
#3540=PLANE('',#4233);
#3541=PLANE('',#4236);
#3542=PLANE('',#4239);
#3543=PLANE('',#4242);
#3544=PLANE('',#4245);
#3545=PLANE('',#4248);
#3546=PLANE('',#4251);
#3547=PLANE('',#4260);
#3548=PLANE('',#4274);
#3549=PLANE('',#4299);
#3550=PLANE('',#4301);
#3551=PLANE('',#4303);
#3552=PLANE('',#4305);
#3553=PLANE('',#4317);
#3554=PLANE('',#4319);
#3555=PLANE('',#4321);
#3556=PLANE('',#4323);
#3557=PLANE('',#4329);
#3558=PLANE('',#4335);
#3559=PLANE('',#4341);
#3560=PLANE('',#4347);
#3561=PLANE('',#4348);
#3562=PLANE('',#4349);
#3563=PLANE('',#4350);
#3564=PLANE('',#4351);
#3565=PLANE('',#4353);
#3566=PLANE('',#4354);
#3567=PLANE('',#4359);
#3568=PLANE('',#4360);
#3569=PLANE('',#4362);
#3570=PLANE('',#4363);
#3571=PLANE('',#4364);
#3572=PLANE('',#4365);
#3573=PLANE('',#4366);
#3574=PLANE('',#4368);
#3575=PLANE('',#4370);
#3576=STYLED_ITEM('',(#6724),#3783);
#3577=STYLED_ITEM('',(#6724),#3784);
#3578=STYLED_ITEM('',(#6724),#3785);
#3579=STYLED_ITEM('',(#6724),#3786);
#3580=STYLED_ITEM('',(#6724),#3787);
#3581=STYLED_ITEM('',(#6724),#3788);
#3582=STYLED_ITEM('',(#6724),#3789);
#3583=STYLED_ITEM('',(#6724),#3790);
#3584=STYLED_ITEM('',(#6724),#3791);
#3585=STYLED_ITEM('',(#6724),#3792);
#3586=STYLED_ITEM('',(#6724),#3793);
#3587=STYLED_ITEM('',(#6724),#3794);
#3588=STYLED_ITEM('',(#6724),#3795);
#3589=STYLED_ITEM('',(#6724),#3796);
#3590=STYLED_ITEM('',(#6724),#3797);
#3591=STYLED_ITEM('',(#6724),#3798);
#3592=STYLED_ITEM('',(#6724),#3799);
#3593=STYLED_ITEM('',(#6724),#3800);
#3594=STYLED_ITEM('',(#6724),#3801);
#3595=STYLED_ITEM('',(#6724),#3802);
#3596=STYLED_ITEM('',(#6724),#3803);
#3597=STYLED_ITEM('',(#6724),#3804);
#3598=STYLED_ITEM('',(#6724),#3805);
#3599=STYLED_ITEM('',(#6724),#3806);
#3600=STYLED_ITEM('',(#6724),#3807);
#3601=STYLED_ITEM('',(#6724),#3808);
#3602=STYLED_ITEM('',(#6724),#3809);
#3603=STYLED_ITEM('',(#6724),#3810);
#3604=STYLED_ITEM('',(#6724),#3811);
#3605=STYLED_ITEM('',(#6724),#3812);
#3606=STYLED_ITEM('',(#6724),#3813);
#3607=STYLED_ITEM('',(#6724),#3814);
#3608=STYLED_ITEM('',(#6724),#3815);
#3609=STYLED_ITEM('',(#6724),#3816);
#3610=STYLED_ITEM('',(#6724),#3817);
#3611=STYLED_ITEM('',(#6724),#3818);
#3612=STYLED_ITEM('',(#6724),#3819);
#3613=STYLED_ITEM('',(#6724),#3820);
#3614=STYLED_ITEM('',(#6724),#3821);
#3615=STYLED_ITEM('',(#6724),#3822);
#3616=STYLED_ITEM('',(#6724),#3823);
#3617=STYLED_ITEM('',(#6724),#3824);
#3618=STYLED_ITEM('',(#6724),#3825);
#3619=STYLED_ITEM('',(#6724),#3826);
#3620=STYLED_ITEM('',(#6724),#3827);
#3621=STYLED_ITEM('',(#6724),#3828);
#3622=STYLED_ITEM('',(#6724),#3829);
#3623=STYLED_ITEM('',(#6724),#3830);
#3624=STYLED_ITEM('',(#6724),#3831);
#3625=STYLED_ITEM('',(#6724),#3832);
#3626=STYLED_ITEM('',(#6724),#3833);
#3627=STYLED_ITEM('',(#6724),#3834);
#3628=STYLED_ITEM('',(#6724),#3835);
#3629=STYLED_ITEM('',(#6724),#3836);
#3630=STYLED_ITEM('',(#6724),#3837);
#3631=STYLED_ITEM('',(#6724),#3838);
#3632=STYLED_ITEM('',(#6724),#3839);
#3633=STYLED_ITEM('',(#6724),#3840);
#3634=STYLED_ITEM('',(#6724),#3841);
#3635=STYLED_ITEM('',(#6724),#3842);
#3636=STYLED_ITEM('',(#6724),#3843);
#3637=STYLED_ITEM('',(#6724),#3844);
#3638=STYLED_ITEM('',(#6724),#3845);
#3639=STYLED_ITEM('',(#6724),#3846);
#3640=STYLED_ITEM('',(#6724),#3847);
#3641=STYLED_ITEM('',(#6724),#3848);
#3642=STYLED_ITEM('',(#6724),#3849);
#3643=STYLED_ITEM('',(#6724),#3850);
#3644=STYLED_ITEM('',(#6724),#3851);
#3645=STYLED_ITEM('',(#6724),#3852);
#3646=STYLED_ITEM('',(#6724),#3853);
#3647=STYLED_ITEM('',(#6724),#3854);
#3648=STYLED_ITEM('',(#6724),#3855);
#3649=STYLED_ITEM('',(#6724),#3856);
#3650=STYLED_ITEM('',(#6724),#3857);
#3651=STYLED_ITEM('',(#6724),#3858);
#3652=STYLED_ITEM('',(#6724),#3859);
#3653=STYLED_ITEM('',(#6724),#3860);
#3654=STYLED_ITEM('',(#6724),#3861);
#3655=STYLED_ITEM('',(#6724),#3862);
#3656=STYLED_ITEM('',(#6724),#3863);
#3657=STYLED_ITEM('',(#6724),#3864);
#3658=STYLED_ITEM('',(#6724),#3865);
#3659=STYLED_ITEM('',(#6724),#3866);
#3660=STYLED_ITEM('',(#6724),#3867);
#3661=STYLED_ITEM('',(#6724),#3868);
#3662=STYLED_ITEM('',(#6724),#3869);
#3663=STYLED_ITEM('',(#6724),#3870);
#3664=STYLED_ITEM('',(#6724),#3871);
#3665=STYLED_ITEM('',(#6724),#3872);
#3666=STYLED_ITEM('',(#6724),#3873);
#3667=STYLED_ITEM('',(#6724),#3874);
#3668=STYLED_ITEM('',(#6724),#3875);
#3669=STYLED_ITEM('',(#6724),#3876);
#3670=STYLED_ITEM('',(#6724),#3877);
#3671=STYLED_ITEM('',(#6724),#3878);
#3672=STYLED_ITEM('',(#6724),#3879);
#3673=STYLED_ITEM('',(#6724),#3880);
#3674=STYLED_ITEM('',(#6724),#3881);
#3675=STYLED_ITEM('',(#6724),#3882);
#3676=STYLED_ITEM('',(#6724),#3883);
#3677=STYLED_ITEM('',(#6724),#3884);
#3678=STYLED_ITEM('',(#6724),#3885);
#3679=STYLED_ITEM('',(#6724),#3886);
#3680=STYLED_ITEM('',(#6724),#3887);
#3681=STYLED_ITEM('',(#6724),#3888);
#3682=STYLED_ITEM('',(#6724),#3889);
#3683=STYLED_ITEM('',(#6724),#3890);
#3684=STYLED_ITEM('',(#6724),#3891);
#3685=STYLED_ITEM('',(#6724),#3892);
#3686=STYLED_ITEM('',(#6724),#3893);
#3687=STYLED_ITEM('',(#6724),#3894);
#3688=STYLED_ITEM('',(#6724),#3895);
#3689=STYLED_ITEM('',(#6724),#3896);
#3690=STYLED_ITEM('',(#6724),#3897);
#3691=STYLED_ITEM('',(#6724),#3898);
#3692=STYLED_ITEM('',(#6724),#3899);
#3693=STYLED_ITEM('',(#6724),#3900);
#3694=STYLED_ITEM('',(#6724),#3901);
#3695=STYLED_ITEM('',(#6724),#3902);
#3696=STYLED_ITEM('',(#6724),#3903);
#3697=STYLED_ITEM('',(#6724),#3904);
#3698=STYLED_ITEM('',(#6724),#3905);
#3699=STYLED_ITEM('',(#6724),#3906);
#3700=STYLED_ITEM('',(#6724),#3907);
#3701=STYLED_ITEM('',(#6724),#3908);
#3702=STYLED_ITEM('',(#6724),#3909);
#3703=STYLED_ITEM('',(#6724),#3910);
#3704=STYLED_ITEM('',(#6724),#3911);
#3705=STYLED_ITEM('',(#6724),#3912);
#3706=STYLED_ITEM('',(#6724),#3913);
#3707=STYLED_ITEM('',(#6724),#3914);
#3708=STYLED_ITEM('',(#6724),#3915);
#3709=STYLED_ITEM('',(#6724),#3916);
#3710=STYLED_ITEM('',(#6724),#3917);
#3711=STYLED_ITEM('',(#6724),#3918);
#3712=STYLED_ITEM('',(#6724),#3919);
#3713=STYLED_ITEM('',(#6724),#3920);
#3714=STYLED_ITEM('',(#6724),#3921);
#3715=STYLED_ITEM('',(#6724),#3922);
#3716=STYLED_ITEM('',(#6724),#3923);
#3717=STYLED_ITEM('',(#6724),#3924);
#3718=STYLED_ITEM('',(#6724),#3925);
#3719=STYLED_ITEM('',(#6724),#3926);
#3720=STYLED_ITEM('',(#6724),#3927);
#3721=STYLED_ITEM('',(#6724),#3928);
#3722=STYLED_ITEM('',(#6724),#3929);
#3723=STYLED_ITEM('',(#6724),#3930);
#3724=STYLED_ITEM('',(#6724),#3931);
#3725=STYLED_ITEM('',(#6724),#3932);
#3726=STYLED_ITEM('',(#6724),#3933);
#3727=STYLED_ITEM('',(#6724),#3934);
#3728=STYLED_ITEM('',(#6724),#3935);
#3729=STYLED_ITEM('',(#6724),#3936);
#3730=STYLED_ITEM('',(#6724),#3937);
#3731=STYLED_ITEM('',(#6724),#3938);
#3732=STYLED_ITEM('',(#6724),#3939);
#3733=STYLED_ITEM('',(#6724),#3940);
#3734=STYLED_ITEM('',(#6724),#3941);
#3735=STYLED_ITEM('',(#6724),#3942);
#3736=STYLED_ITEM('',(#6724),#3943);
#3737=STYLED_ITEM('',(#6724),#3944);
#3738=STYLED_ITEM('',(#6724),#3945);
#3739=STYLED_ITEM('',(#6724),#3946);
#3740=STYLED_ITEM('',(#6724),#3947);
#3741=STYLED_ITEM('',(#6724),#3948);
#3742=STYLED_ITEM('',(#6724),#3949);
#3743=STYLED_ITEM('',(#6724),#3950);
#3744=STYLED_ITEM('',(#6724),#3951);
#3745=STYLED_ITEM('',(#6724),#3952);
#3746=STYLED_ITEM('',(#6724),#3953);
#3747=STYLED_ITEM('',(#6724),#3954);
#3748=STYLED_ITEM('',(#6724),#3955);
#3749=STYLED_ITEM('',(#6724),#3956);
#3750=STYLED_ITEM('',(#6724),#3957);
#3751=STYLED_ITEM('',(#6724),#3958);
#3752=STYLED_ITEM('',(#6724),#3959);
#3753=STYLED_ITEM('',(#6724),#3960);
#3754=STYLED_ITEM('',(#6724),#3961);
#3755=STYLED_ITEM('',(#6724),#3962);
#3756=STYLED_ITEM('',(#6724),#3963);
#3757=STYLED_ITEM('',(#6724),#3964);
#3758=STYLED_ITEM('',(#6724),#3965);
#3759=STYLED_ITEM('',(#6724),#3966);
#3760=STYLED_ITEM('',(#6724),#3967);
#3761=STYLED_ITEM('',(#6724),#3968);
#3762=STYLED_ITEM('',(#6724),#3969);
#3763=STYLED_ITEM('',(#6724),#3970);
#3764=STYLED_ITEM('',(#6724),#3971);
#3765=STYLED_ITEM('',(#6724),#3972);
#3766=STYLED_ITEM('',(#6724),#3973);
#3767=STYLED_ITEM('',(#6724),#3974);
#3768=STYLED_ITEM('',(#6724),#3975);
#3769=STYLED_ITEM('',(#6724),#3976);
#3770=STYLED_ITEM('',(#6724),#3977);
#3771=STYLED_ITEM('',(#6724),#3978);
#3772=STYLED_ITEM('',(#6724),#3979);
#3773=STYLED_ITEM('',(#6724),#3980);
#3774=STYLED_ITEM('',(#6724),#3981);
#3775=STYLED_ITEM('',(#6724),#3982);
#3776=STYLED_ITEM('',(#6724),#3983);
#3777=STYLED_ITEM('',(#6724),#3984);
#3778=STYLED_ITEM('',(#6724),#3985);
#3779=STYLED_ITEM('',(#6724),#3986);
#3780=STYLED_ITEM('',(#6724),#3987);
#3781=STYLED_ITEM('',(#6724),#3988);
#3782=STYLED_ITEM('',(#6723),#13);
#3783=ADVANCED_FACE('',(#284),#3446,.F.);
#3784=ADVANCED_FACE('',(#285),#3447,.T.);
#3785=ADVANCED_FACE('',(#286),#3448,.F.);
#3786=ADVANCED_FACE('',(#287),#3449,.T.);
#3787=ADVANCED_FACE('',(#288),#3450,.T.);
#3788=ADVANCED_FACE('',(#289),#3451,.T.);
#3789=ADVANCED_FACE('',(#290),#3452,.T.);
#3790=ADVANCED_FACE('',(#291),#3453,.T.);
#3791=ADVANCED_FACE('',(#292),#3454,.T.);
#3792=ADVANCED_FACE('',(#293),#3455,.T.);
#3793=ADVANCED_FACE('',(#294),#3456,.T.);
#3794=ADVANCED_FACE('',(#295),#3457,.T.);
#3795=ADVANCED_FACE('',(#296),#3458,.T.);
#3796=ADVANCED_FACE('',(#297),#3459,.T.);
#3797=ADVANCED_FACE('',(#298),#3460,.T.);
#3798=ADVANCED_FACE('',(#299),#3461,.T.);
#3799=ADVANCED_FACE('',(#300),#3462,.T.);
#3800=ADVANCED_FACE('',(#301),#3463,.T.);
#3801=ADVANCED_FACE('',(#302),#3464,.T.);
#3802=ADVANCED_FACE('',(#303),#3465,.T.);
#3803=ADVANCED_FACE('',(#304),#3466,.T.);
#3804=ADVANCED_FACE('',(#305),#3467,.T.);
#3805=ADVANCED_FACE('',(#306),#3468,.T.);
#3806=ADVANCED_FACE('',(#307),#3469,.T.);
#3807=ADVANCED_FACE('',(#308),#3470,.T.);
#3808=ADVANCED_FACE('',(#309),#3471,.T.);
#3809=ADVANCED_FACE('',(#310),#3472,.T.);
#3810=ADVANCED_FACE('',(#311),#3473,.T.);
#3811=ADVANCED_FACE('',(#312),#3474,.T.);
#3812=ADVANCED_FACE('',(#313),#3475,.T.);
#3813=ADVANCED_FACE('',(#314),#3476,.T.);
#3814=ADVANCED_FACE('',(#315),#3477,.T.);
#3815=ADVANCED_FACE('',(#316),#72,.T.);
#3816=ADVANCED_FACE('',(#317),#3478,.T.);
#3817=ADVANCED_FACE('',(#318),#3479,.T.);
#3818=ADVANCED_FACE('',(#319),#73,.T.);
#3819=ADVANCED_FACE('',(#320),#74,.T.);
#3820=ADVANCED_FACE('',(#321),#3480,.T.);
#3821=ADVANCED_FACE('',(#322),#3481,.T.);
#3822=ADVANCED_FACE('',(#323),#75,.T.);
#3823=ADVANCED_FACE('',(#324),#3482,.T.);
#3824=ADVANCED_FACE('',(#325),#3483,.T.);
#3825=ADVANCED_FACE('',(#326),#3484,.T.);
#3826=ADVANCED_FACE('',(#327),#3485,.T.);
#3827=ADVANCED_FACE('',(#328),#3486,.T.);
#3828=ADVANCED_FACE('',(#329),#3487,.T.);
#3829=ADVANCED_FACE('',(#330),#76,.T.);
#3830=ADVANCED_FACE('',(#331),#3488,.T.);
#3831=ADVANCED_FACE('',(#332),#3489,.T.);
#3832=ADVANCED_FACE('',(#333),#77,.T.);
#3833=ADVANCED_FACE('',(#334),#78,.T.);
#3834=ADVANCED_FACE('',(#335),#3490,.T.);
#3835=ADVANCED_FACE('',(#336),#3491,.T.);
#3836=ADVANCED_FACE('',(#337),#79,.T.);
#3837=ADVANCED_FACE('',(#338),#80,.T.);
#3838=ADVANCED_FACE('',(#339),#3492,.T.);
#3839=ADVANCED_FACE('',(#340),#3493,.T.);
#3840=ADVANCED_FACE('',(#341),#81,.T.);
#3841=ADVANCED_FACE('',(#342),#82,.T.);
#3842=ADVANCED_FACE('',(#343),#3494,.T.);
#3843=ADVANCED_FACE('',(#344),#3495,.T.);
#3844=ADVANCED_FACE('',(#345),#83,.T.);
#3845=ADVANCED_FACE('',(#346),#3496,.T.);
#3846=ADVANCED_FACE('',(#347),#3497,.T.);
#3847=ADVANCED_FACE('',(#348),#3498,.T.);
#3848=ADVANCED_FACE('',(#349),#3499,.T.);
#3849=ADVANCED_FACE('',(#350),#3500,.T.);
#3850=ADVANCED_FACE('',(#351),#3501,.T.);
#3851=ADVANCED_FACE('',(#352),#3502,.T.);
#3852=ADVANCED_FACE('',(#353),#3503,.T.);
#3853=ADVANCED_FACE('',(#354),#3504,.T.);
#3854=ADVANCED_FACE('',(#355),#3505,.T.);
#3855=ADVANCED_FACE('',(#356),#3506,.T.);
#3856=ADVANCED_FACE('',(#357),#3507,.T.);
#3857=ADVANCED_FACE('',(#358),#84,.T.);
#3858=ADVANCED_FACE('',(#359),#3508,.T.);
#3859=ADVANCED_FACE('',(#360),#3509,.T.);
#3860=ADVANCED_FACE('',(#361),#85,.T.);
#3861=ADVANCED_FACE('',(#362),#86,.T.);
#3862=ADVANCED_FACE('',(#363),#3510,.T.);
#3863=ADVANCED_FACE('',(#364),#3511,.T.);
#3864=ADVANCED_FACE('',(#365),#87,.T.);
#3865=ADVANCED_FACE('',(#366),#3512,.T.);
#3866=ADVANCED_FACE('',(#367),#3513,.T.);
#3867=ADVANCED_FACE('',(#368),#3514,.T.);
#3868=ADVANCED_FACE('',(#369),#3515,.T.);
#3869=ADVANCED_FACE('',(#370),#3516,.T.);
#3870=ADVANCED_FACE('',(#371),#3517,.T.);
#3871=ADVANCED_FACE('',(#372),#3518,.T.);
#3872=ADVANCED_FACE('',(#373),#3519,.T.);
#3873=ADVANCED_FACE('',(#374),#3520,.T.);
#3874=ADVANCED_FACE('',(#375),#3521,.T.);
#3875=ADVANCED_FACE('',(#376),#3522,.T.);
#3876=ADVANCED_FACE('',(#377),#3523,.T.);
#3877=ADVANCED_FACE('',(#378,#42,#43),#3524,.T.);
#3878=ADVANCED_FACE('',(#379),#88,.T.);
#3879=ADVANCED_FACE('',(#380),#89,.T.);
#3880=ADVANCED_FACE('',(#381),#38,.T.);
#3881=ADVANCED_FACE('',(#382),#90,.T.);
#3882=ADVANCED_FACE('',(#383),#39,.T.);
#3883=ADVANCED_FACE('',(#384),#91,.T.);
#3884=ADVANCED_FACE('',(#385),#40,.T.);
#3885=ADVANCED_FACE('',(#386),#41,.T.);
#3886=ADVANCED_FACE('',(#387),#92,.T.);
#3887=ADVANCED_FACE('',(#388,#44,#45),#3525,.T.);
#3888=ADVANCED_FACE('',(#389),#93,.T.);
#3889=ADVANCED_FACE('',(#390,#46,#47,#48,#49,#50),#3526,.T.);
#3890=ADVANCED_FACE('',(#391,#51,#52),#3527,.F.);
#3891=ADVANCED_FACE('',(#392),#94,.F.);
#3892=ADVANCED_FACE('',(#393),#3528,.F.);
#3893=ADVANCED_FACE('',(#394),#95,.F.);
#3894=ADVANCED_FACE('',(#395),#3529,.F.);
#3895=ADVANCED_FACE('',(#396),#96,.F.);
#3896=ADVANCED_FACE('',(#397),#3530,.F.);
#3897=ADVANCED_FACE('',(#398),#97,.F.);
#3898=ADVANCED_FACE('',(#399),#3531,.F.);
#3899=ADVANCED_FACE('',(#400),#3532,.F.);
#3900=ADVANCED_FACE('',(#401),#98,.F.);
#3901=ADVANCED_FACE('',(#402),#99,.F.);
#3902=ADVANCED_FACE('',(#403),#3533,.F.);
#3903=ADVANCED_FACE('',(#404),#3534,.F.);
#3904=ADVANCED_FACE('',(#405),#100,.F.);
#3905=ADVANCED_FACE('',(#406),#101,.F.);
#3906=ADVANCED_FACE('',(#407),#3535,.F.);
#3907=ADVANCED_FACE('',(#408,#53,#54),#3536,.T.);
#3908=ADVANCED_FACE('',(#409),#3537,.T.);
#3909=ADVANCED_FACE('',(#410),#102,.T.);
#3910=ADVANCED_FACE('',(#411),#3538,.T.);
#3911=ADVANCED_FACE('',(#412),#103,.F.);
#3912=ADVANCED_FACE('',(#413),#3539,.F.);
#3913=ADVANCED_FACE('',(#414),#104,.F.);
#3914=ADVANCED_FACE('',(#415),#3540,.F.);
#3915=ADVANCED_FACE('',(#416),#105,.F.);
#3916=ADVANCED_FACE('',(#417),#3541,.F.);
#3917=ADVANCED_FACE('',(#418),#106,.F.);
#3918=ADVANCED_FACE('',(#419),#3542,.F.);
#3919=ADVANCED_FACE('',(#420),#107,.F.);
#3920=ADVANCED_FACE('',(#421),#3543,.F.);
#3921=ADVANCED_FACE('',(#422),#108,.F.);
#3922=ADVANCED_FACE('',(#423),#3544,.F.);
#3923=ADVANCED_FACE('',(#424),#109,.F.);
#3924=ADVANCED_FACE('',(#425),#3545,.F.);
#3925=ADVANCED_FACE('',(#426),#110,.F.);
#3926=ADVANCED_FACE('',(#427),#3546,.F.);
#3927=ADVANCED_FACE('',(#428),#111,.F.);
#3928=ADVANCED_FACE('',(#429),#22,.F.);
#3929=ADVANCED_FACE('',(#430,#55,#56,#57,#58),#3547,.T.);
#3930=ADVANCED_FACE('',(#431),#112,.T.);
#3931=ADVANCED_FACE('',(#432),#23,.F.);
#3932=ADVANCED_FACE('',(#433,#59,#60,#61,#62,#63),#3548,.T.);
#3933=ADVANCED_FACE('',(#434),#113,.T.);
#3934=ADVANCED_FACE('',(#435),#24,.F.);
#3935=ADVANCED_FACE('',(#436),#114,.T.);
#3936=ADVANCED_FACE('',(#437),#25,.F.);
#3937=ADVANCED_FACE('',(#438),#115,.T.);
#3938=ADVANCED_FACE('',(#439),#116,.F.);
#3939=ADVANCED_FACE('',(#440),#3549,.F.);
#3940=ADVANCED_FACE('',(#441),#117,.F.);
#3941=ADVANCED_FACE('',(#442),#3550,.F.);
#3942=ADVANCED_FACE('',(#443),#118,.F.);
#3943=ADVANCED_FACE('',(#444),#3551,.F.);
#3944=ADVANCED_FACE('',(#445),#119,.F.);
#3945=ADVANCED_FACE('',(#446),#3552,.F.);
#3946=ADVANCED_FACE('',(#447),#14,.F.);
#3947=ADVANCED_FACE('',(#448),#120,.T.);
#3948=ADVANCED_FACE('',(#449),#15,.F.);
#3949=ADVANCED_FACE('',(#450),#121,.T.);
#3950=ADVANCED_FACE('',(#451),#16,.F.);
#3951=ADVANCED_FACE('',(#452),#17,.F.);
#3952=ADVANCED_FACE('',(#453),#122,.F.);
#3953=ADVANCED_FACE('',(#454),#3553,.F.);
#3954=ADVANCED_FACE('',(#455),#123,.F.);
#3955=ADVANCED_FACE('',(#456),#3554,.F.);
#3956=ADVANCED_FACE('',(#457),#124,.F.);
#3957=ADVANCED_FACE('',(#458),#3555,.F.);
#3958=ADVANCED_FACE('',(#459),#125,.F.);
#3959=ADVANCED_FACE('',(#460),#3556,.F.);
#3960=ADVANCED_FACE('',(#461),#126,.F.);
#3961=ADVANCED_FACE('',(#462),#3557,.T.);
#3962=ADVANCED_FACE('',(#463),#127,.F.);
#3963=ADVANCED_FACE('',(#464),#3558,.T.);
#3964=ADVANCED_FACE('',(#465),#128,.F.);
#3965=ADVANCED_FACE('',(#466),#3559,.T.);
#3966=ADVANCED_FACE('',(#467),#129,.F.);
#3967=ADVANCED_FACE('',(#468),#3560,.T.);
#3968=ADVANCED_FACE('',(#469,#64),#3561,.T.);
#3969=ADVANCED_FACE('',(#470,#65),#3562,.T.);
#3970=ADVANCED_FACE('',(#471,#66),#3563,.T.);
#3971=ADVANCED_FACE('',(#472,#67),#3564,.T.);
#3972=ADVANCED_FACE('',(#473),#130,.T.);
#3973=ADVANCED_FACE('',(#474),#3565,.T.);
#3974=ADVANCED_FACE('',(#475),#3566,.T.);
#3975=ADVANCED_FACE('',(#476),#131,.F.);
#3976=ADVANCED_FACE('',(#477),#132,.T.);
#3977=ADVANCED_FACE('',(#478),#3567,.T.);
#3978=ADVANCED_FACE('',(#479),#3568,.T.);
#3979=ADVANCED_FACE('',(#480),#133,.F.);
#3980=ADVANCED_FACE('',(#481),#3569,.T.);
#3981=ADVANCED_FACE('',(#482,#68),#3570,.T.);
#3982=ADVANCED_FACE('',(#483),#3571,.T.);
#3983=ADVANCED_FACE('',(#484,#69),#3572,.T.);
#3984=ADVANCED_FACE('',(#485),#3573,.T.);
#3985=ADVANCED_FACE('',(#486),#134,.T.);
#3986=ADVANCED_FACE('',(#487),#3574,.T.);
#3987=ADVANCED_FACE('',(#488),#135,.F.);
#3988=ADVANCED_FACE('',(#489,#70,#71),#3575,.T.);
#3989=CLOSED_SHELL('',(#3783,#3784,#3785,#3786,#3787,#3788,#3789,#3790,
#3791,#3792,#3793,#3794,#3795,#3796,#3797,#3798,#3799,#3800,#3801,#3802,
#3803,#3804,#3805,#3806,#3807,#3808,#3809,#3810,#3811,#3812,#3813,#3814,
#3815,#3816,#3817,#3818,#3819,#3820,#3821,#3822,#3823,#3824,#3825,#3826,
#3827,#3828,#3829,#3830,#3831,#3832,#3833,#3834,#3835,#3836,#3837,#3838,
#3839,#3840,#3841,#3842,#3843,#3844,#3845,#3846,#3847,#3848,#3849,#3850,
#3851,#3852,#3853,#3854,#3855,#3856,#3857,#3858,#3859,#3860,#3861,#3862,
#3863,#3864,#3865,#3866,#3867,#3868,#3869,#3870,#3871,#3872,#3873,#3874,
#3875,#3876,#3877,#3878,#3879,#3880,#3881,#3882,#3883,#3884,#3885,#3886,
#3887,#3888,#3889,#3890,#3891,#3892,#3893,#3894,#3895,#3896,#3897,#3898,
#3899,#3900,#3901,#3902,#3903,#3904,#3905,#3906,#3907,#3908,#3909,#3910,
#3911,#3912,#3913,#3914,#3915,#3916,#3917,#3918,#3919,#3920,#3921,#3922,
#3923,#3924,#3925,#3926,#3927,#3928,#3929,#3930,#3931,#3932,#3933,#3934,
#3935,#3936,#3937,#3938,#3939,#3940,#3941,#3942,#3943,#3944,#3945,#3946,
#3947,#3948,#3949,#3950,#3951,#3952,#3953,#3954,#3955,#3956,#3957,#3958,
#3959,#3960,#3961,#3962,#3963,#3964,#3965,#3966,#3967,#3968,#3969,#3970,
#3971,#3972,#3973,#3974,#3975,#3976,#3977,#3978,#3979,#3980,#3981,#3982,
#3983,#3984,#3985,#3986,#3987,#3988));
#3990=DERIVED_UNIT_ELEMENT(#3992,1.);
#3991=DERIVED_UNIT_ELEMENT(#6709,3.);
#3992=(
MASS_UNIT()
NAMED_UNIT(*)
SI_UNIT($,.GRAM.)
);
#3993=DERIVED_UNIT((#3990,#3991));
#3994=MEASURE_REPRESENTATION_ITEM('density measure',
POSITIVE_RATIO_MEASURE(1.541),#3993);
#3995=PROPERTY_DEFINITION_REPRESENTATION(#4000,#3997);
#3996=PROPERTY_DEFINITION_REPRESENTATION(#4001,#3998);
#3997=REPRESENTATION('material name',(#3999),#6706);
#3998=REPRESENTATION('density',(#3994),#6706);
#3999=DESCRIPTIVE_REPRESENTATION_ITEM('PET-Kunststoff','PET-Kunststoff');
#4000=PROPERTY_DEFINITION('material property','material name',#6716);
#4001=PROPERTY_DEFINITION('material property','density of part',#6716);
#4002=DATE_TIME_ROLE('creation_date');
#4003=APPLIED_DATE_AND_TIME_ASSIGNMENT(#4004,#4002,(#6716));
#4004=DATE_AND_TIME(#4005,#4006);
#4005=CALENDAR_DATE(2022,19,11);
#4006=LOCAL_TIME(0,0,0.,#4007);
#4007=COORDINATED_UNIVERSAL_TIME_OFFSET(0,0,.BEHIND.);
#4008=AXIS2_PLACEMENT_3D('placement',#5473,#4371,#4372);
#4009=AXIS2_PLACEMENT_3D('',#5474,#4373,#4374);
#4010=AXIS2_PLACEMENT_3D('',#5483,#4379,#4380);
#4011=AXIS2_PLACEMENT_3D('',#5492,#4385,#4386);
#4012=AXIS2_PLACEMENT_3D('',#5501,#4391,#4392);
#4013=AXIS2_PLACEMENT_3D('',#5510,#4397,#4398);
#4014=AXIS2_PLACEMENT_3D('',#5519,#4403,#4404);
#4015=AXIS2_PLACEMENT_3D('',#5529,#4410,#4411);
#4016=AXIS2_PLACEMENT_3D('',#5535,#4415,#4416);
#4017=AXIS2_PLACEMENT_3D('',#5544,#4421,#4422);
#4018=AXIS2_PLACEMENT_3D('',#5554,#4428,#4429);
#4019=AXIS2_PLACEMENT_3D('',#5560,#4433,#4434);
#4020=AXIS2_PLACEMENT_3D('',#5568,#4439,#4440);
#4021=AXIS2_PLACEMENT_3D('',#5574,#4444,#4445);
#4022=AXIS2_PLACEMENT_3D('',#5580,#4449,#4450);
#4023=AXIS2_PLACEMENT_3D('',#5582,#4452,#4453);
#4024=AXIS2_PLACEMENT_3D('',#5588,#4457,#4458);
#4025=AXIS2_PLACEMENT_3D('',#5592,#4461,#4462);
#4026=AXIS2_PLACEMENT_3D('',#5596,#4465,#4466);
#4027=AXIS2_PLACEMENT_3D('',#5598,#4468,#4469);
#4028=AXIS2_PLACEMENT_3D('',#5604,#4473,#4474);
#4029=AXIS2_PLACEMENT_3D('',#5610,#4478,#4479);
#4030=AXIS2_PLACEMENT_3D('',#5616,#4483,#4484);
#4031=AXIS2_PLACEMENT_3D('',#5620,#4487,#4488);
#4032=AXIS2_PLACEMENT_3D('',#5626,#4492,#4493);
#4033=AXIS2_PLACEMENT_3D('',#5630,#4496,#4497);
#4034=AXIS2_PLACEMENT_3D('',#5634,#4500,#4501);
#4035=AXIS2_PLACEMENT_3D('',#5636,#4503,#4504);
#4036=AXIS2_PLACEMENT_3D('',#5638,#4505,#4506);
#4037=AXIS2_PLACEMENT_3D('',#5642,#4508,#4509);
#4038=AXIS2_PLACEMENT_3D('',#5645,#4511,#4512);
#4039=AXIS2_PLACEMENT_3D('',#5646,#4513,#4514);
#4040=AXIS2_PLACEMENT_3D('',#5647,#4515,#4516);
#4041=AXIS2_PLACEMENT_3D('',#5648,#4517,#4518);
#4042=AXIS2_PLACEMENT_3D('',#5649,#4519,#4520);
#4043=AXIS2_PLACEMENT_3D('',#5650,#4521,#4522);
#4044=AXIS2_PLACEMENT_3D('',#5651,#4523,#4524);
#4045=AXIS2_PLACEMENT_3D('',#5652,#4525,#4526);
#4046=AXIS2_PLACEMENT_3D('',#5653,#4527,#4528);
#4047=AXIS2_PLACEMENT_3D('',#5654,#4529,#4530);
#4048=AXIS2_PLACEMENT_3D('',#5656,#4531,#4532);
#4049=AXIS2_PLACEMENT_3D('',#5660,#4534,#4535);
#4050=AXIS2_PLACEMENT_3D('',#5663,#4537,#4538);
#4051=AXIS2_PLACEMENT_3D('',#5664,#4539,#4540);
#4052=AXIS2_PLACEMENT_3D('',#5667,#4541,#4542);
#4053=AXIS2_PLACEMENT_3D('',#5671,#4544,#4545);
#4054=AXIS2_PLACEMENT_3D('',#5673,#4547,#4548);
#4055=AXIS2_PLACEMENT_3D('',#5677,#4550,#4551);
#4056=AXIS2_PLACEMENT_3D('',#5683,#4555,#4556);
#4057=AXIS2_PLACEMENT_3D('',#5687,#4559,#4560);
#4058=AXIS2_PLACEMENT_3D('',#5689,#4561,#4562);
#4059=AXIS2_PLACEMENT_3D('',#5691,#4564,#4565);
#4060=AXIS2_PLACEMENT_3D('',#5694,#4566,#4567);
#4061=AXIS2_PLACEMENT_3D('',#5698,#4569,#4570);
#4062=AXIS2_PLACEMENT_3D('',#5700,#4572,#4573);
#4063=AXIS2_PLACEMENT_3D('',#5704,#4575,#4576);
#4064=AXIS2_PLACEMENT_3D('',#5710,#4580,#4581);
#4065=AXIS2_PLACEMENT_3D('',#5714,#4584,#4585);
#4066=AXIS2_PLACEMENT_3D('',#5716,#4586,#4587);
#4067=AXIS2_PLACEMENT_3D('',#5718,#4589,#4590);
#4068=AXIS2_PLACEMENT_3D('',#5722,#4593,#4594);
#4069=AXIS2_PLACEMENT_3D('',#5726,#4597,#4598);
#4070=AXIS2_PLACEMENT_3D('',#5728,#4600,#4601);
#4071=AXIS2_PLACEMENT_3D('',#5732,#4604,#4605);
#4072=AXIS2_PLACEMENT_3D('',#5736,#4608,#4609);
#4073=AXIS2_PLACEMENT_3D('',#5738,#4611,#4612);
#4074=AXIS2_PLACEMENT_3D('',#5741,#4613,#4614);
#4075=AXIS2_PLACEMENT_3D('',#5745,#4616,#4617);
#4076=AXIS2_PLACEMENT_3D('',#5747,#4619,#4620);
#4077=AXIS2_PLACEMENT_3D('',#5751,#4622,#4623);
#4078=AXIS2_PLACEMENT_3D('',#5757,#4627,#4628);
#4079=AXIS2_PLACEMENT_3D('',#5761,#4631,#4632);
#4080=AXIS2_PLACEMENT_3D('',#5763,#4633,#4634);
#4081=AXIS2_PLACEMENT_3D('',#5765,#4636,#4637);
#4082=AXIS2_PLACEMENT_3D('',#5768,#4638,#4639);
#4083=AXIS2_PLACEMENT_3D('',#5772,#4641,#4642);
#4084=AXIS2_PLACEMENT_3D('',#5774,#4644,#4645);
#4085=AXIS2_PLACEMENT_3D('',#5778,#4647,#4648);
#4086=AXIS2_PLACEMENT_3D('',#5784,#4652,#4653);
#4087=AXIS2_PLACEMENT_3D('',#5788,#4656,#4657);
#4088=AXIS2_PLACEMENT_3D('',#5790,#4658,#4659);
#4089=AXIS2_PLACEMENT_3D('',#5792,#4661,#4662);
#4090=AXIS2_PLACEMENT_3D('',#5795,#4663,#4664);
#4091=AXIS2_PLACEMENT_3D('',#5799,#4666,#4667);
#4092=AXIS2_PLACEMENT_3D('',#5801,#4669,#4670);
#4093=AXIS2_PLACEMENT_3D('',#5805,#4672,#4673);
#4094=AXIS2_PLACEMENT_3D('',#5811,#4677,#4678);
#4095=AXIS2_PLACEMENT_3D('',#5815,#4681,#4682);
#4096=AXIS2_PLACEMENT_3D('',#5817,#4683,#4684);
#4097=AXIS2_PLACEMENT_3D('',#5819,#4686,#4687);
#4098=AXIS2_PLACEMENT_3D('',#5822,#4688,#4689);
#4099=AXIS2_PLACEMENT_3D('',#5826,#4691,#4692);
#4100=AXIS2_PLACEMENT_3D('',#5828,#4694,#4695);
#4101=AXIS2_PLACEMENT_3D('',#5832,#4697,#4698);
#4102=AXIS2_PLACEMENT_3D('',#5838,#4702,#4703);
#4103=AXIS2_PLACEMENT_3D('',#5842,#4706,#4707);
#4104=AXIS2_PLACEMENT_3D('',#5844,#4708,#4709);
#4105=AXIS2_PLACEMENT_3D('',#5846,#4711,#4712);
#4106=AXIS2_PLACEMENT_3D('',#5850,#4715,#4716);
#4107=AXIS2_PLACEMENT_3D('',#5854,#4719,#4720);
#4108=AXIS2_PLACEMENT_3D('',#5856,#4722,#4723);
#4109=AXIS2_PLACEMENT_3D('',#5860,#4726,#4727);
#4110=AXIS2_PLACEMENT_3D('',#5864,#4730,#4731);
#4111=AXIS2_PLACEMENT_3D('',#5866,#4733,#4734);
#4112=AXIS2_PLACEMENT_3D('',#5870,#4737,#4738);
#4113=AXIS2_PLACEMENT_3D('',#5874,#4741,#4742);
#4114=AXIS2_PLACEMENT_3D('',#5876,#4744,#4745);
#4115=AXIS2_PLACEMENT_3D('',#5880,#4748,#4749);
#4116=AXIS2_PLACEMENT_3D('',#5884,#4752,#4753);
#4117=AXIS2_PLACEMENT_3D('',#5886,#4755,#4756);
#4118=AXIS2_PLACEMENT_3D('',#5889,#4757,#4758);
#4119=AXIS2_PLACEMENT_3D('',#5893,#4760,#4761);
#4120=AXIS2_PLACEMENT_3D('',#5895,#4763,#4764);
#4121=AXIS2_PLACEMENT_3D('',#5901,#4768,#4769);
#4122=AXIS2_PLACEMENT_3D('',#5904,#4771,#4772);
#4123=AXIS2_PLACEMENT_3D('',#5905,#4773,#4774);
#4124=AXIS2_PLACEMENT_3D('',#5907,#4775,#4776);
#4125=AXIS2_PLACEMENT_3D('',#5909,#4778,#4779);
#4126=AXIS2_PLACEMENT_3D('',#5912,#4780,#4781);
#4127=AXIS2_PLACEMENT_3D('',#5916,#4783,#4784);
#4128=AXIS2_PLACEMENT_3D('',#5918,#4786,#4787);
#4129=AXIS2_PLACEMENT_3D('',#5922,#4789,#4790);
#4130=AXIS2_PLACEMENT_3D('',#5924,#4792,#4793);
#4131=AXIS2_PLACEMENT_3D('',#5928,#4796,#4797);
#4132=AXIS2_PLACEMENT_3D('',#5930,#4798,#4799);
#4133=AXIS2_PLACEMENT_3D('',#5932,#4801,#4802);
#4134=AXIS2_PLACEMENT_3D('',#5939,#4807,#4808);
#4135=AXIS2_PLACEMENT_3D('',#5941,#4810,#4811);
#4136=AXIS2_PLACEMENT_3D('',#5945,#4814,#4815);
#4137=AXIS2_PLACEMENT_3D('',#5949,#4818,#4819);
#4138=AXIS2_PLACEMENT_3D('',#5953,#4822,#4823);
#4139=AXIS2_PLACEMENT_3D('',#5957,#4826,#4827);
#4140=AXIS2_PLACEMENT_3D('',#5964,#4832,#4833);
#4141=AXIS2_PLACEMENT_3D('',#5968,#4836,#4837);
#4142=AXIS2_PLACEMENT_3D('',#5972,#4840,#4841);
#4143=AXIS2_PLACEMENT_3D('',#5976,#4844,#4845);
#4144=AXIS2_PLACEMENT_3D('',#5980,#4848,#4849);
#4145=AXIS2_PLACEMENT_3D('',#5982,#4851,#4852);
#4146=AXIS2_PLACEMENT_3D('',#5995,#4859,#4860);
#4147=AXIS2_PLACEMENT_3D('',#5999,#4862,#4863);
#4148=AXIS2_PLACEMENT_3D('',#6003,#4865,#4866);
#4149=AXIS2_PLACEMENT_3D('',#6007,#4868,#4869);
#4150=AXIS2_PLACEMENT_3D('',#6009,#4871,#4872);
#4151=AXIS2_PLACEMENT_3D('',#6012,#4873,#4874);
#4152=AXIS2_PLACEMENT_3D('',#6016,#4876,#4877);
#4153=AXIS2_PLACEMENT_3D('',#6018,#4879,#4880);
#4154=AXIS2_PLACEMENT_3D('',#6020,#4881,#4882);
#4155=AXIS2_PLACEMENT_3D('',#6024,#4884,#4885);
#4156=AXIS2_PLACEMENT_3D('',#6026,#4887,#4888);
#4157=AXIS2_PLACEMENT_3D('',#6027,#4889,#4890);
#4158=AXIS2_PLACEMENT_3D('',#6028,#4891,#4892);
#4159=AXIS2_PLACEMENT_3D('',#6030,#4893,#4894);
#4160=AXIS2_PLACEMENT_3D('',#6034,#4896,#4897);
#4161=AXIS2_PLACEMENT_3D('',#6036,#4899,#4900);
#4162=AXIS2_PLACEMENT_3D('',#6037,#4901,#4902);
#4163=AXIS2_PLACEMENT_3D('',#6038,#4903,#4904);
#4164=AXIS2_PLACEMENT_3D('',#6040,#4905,#4906);
#4165=AXIS2_PLACEMENT_3D('',#6043,#4908,#4909);
#4166=AXIS2_PLACEMENT_3D('',#6045,#4911,#4912);
#4167=AXIS2_PLACEMENT_3D('',#6046,#4913,#4914);
#4168=AXIS2_PLACEMENT_3D('',#6047,#4915,#4916);
#4169=AXIS2_PLACEMENT_3D('',#6048,#4917,#4918);
#4170=AXIS2_PLACEMENT_3D('',#6049,#4919,#4920);
#4171=AXIS2_PLACEMENT_3D('',#6053,#4922,#4923);
#4172=AXIS2_PLACEMENT_3D('',#6055,#4925,#4926);
#4173=AXIS2_PLACEMENT_3D('',#6061,#4929,#4930);
#4174=AXIS2_PLACEMENT_3D('',#6065,#4932,#4933);
#4175=AXIS2_PLACEMENT_3D('',#6069,#4935,#4936);
#4176=AXIS2_PLACEMENT_3D('',#6073,#4938,#4939);
#4177=AXIS2_PLACEMENT_3D('',#6075,#4941,#4942);
#4178=AXIS2_PLACEMENT_3D('',#6078,#4944,#4945);
#4179=AXIS2_PLACEMENT_3D('',#6079,#4946,#4947);
#4180=AXIS2_PLACEMENT_3D('',#6087,#4951,#4952);
#4181=AXIS2_PLACEMENT_3D('',#6091,#4954,#4955);
#4182=AXIS2_PLACEMENT_3D('',#6095,#4957,#4958);
#4183=AXIS2_PLACEMENT_3D('',#6098,#4960,#4961);
#4184=AXIS2_PLACEMENT_3D('',#6103,#4963,#4964);
#4185=AXIS2_PLACEMENT_3D('',#6106,#4966,#4967);
#4186=AXIS2_PLACEMENT_3D('',#6111,#4969,#4970);
#4187=AXIS2_PLACEMENT_3D('',#6114,#4972,#4973);
#4188=AXIS2_PLACEMENT_3D('',#6119,#4975,#4976);
#4189=AXIS2_PLACEMENT_3D('',#6122,#4978,#4979);
#4190=AXIS2_PLACEMENT_3D('',#6127,#4981,#4982);
#4191=AXIS2_PLACEMENT_3D('',#6130,#4984,#4985);
#4192=AXIS2_PLACEMENT_3D('',#6131,#4986,#4987);
#4193=AXIS2_PLACEMENT_3D('',#6134,#4988,#4989);
#4194=AXIS2_PLACEMENT_3D('',#6138,#4991,#4992);
#4195=AXIS2_PLACEMENT_3D('',#6142,#4994,#4995);
#4196=AXIS2_PLACEMENT_3D('',#6146,#4997,#4998);
#4197=AXIS2_PLACEMENT_3D('',#6148,#5000,#5001);
#4198=AXIS2_PLACEMENT_3D('',#6151,#5004,#5005);
#4199=AXIS2_PLACEMENT_3D('',#6153,#5007,#5008);
#4200=AXIS2_PLACEMENT_3D('',#6155,#5010,#5011);
#4201=AXIS2_PLACEMENT_3D('',#6156,#5012,#5013);
#4202=AXIS2_PLACEMENT_3D('',#6159,#5016,#5017);
#4203=AXIS2_PLACEMENT_3D('',#6161,#5019,#5020);
#4204=AXIS2_PLACEMENT_3D('',#6163,#5022,#5023);
#4205=AXIS2_PLACEMENT_3D('',#6164,#5024,#5025);
#4206=AXIS2_PLACEMENT_3D('',#6173,#5030,#5031);
#4207=AXIS2_PLACEMENT_3D('',#6175,#5032,#5033);
#4208=AXIS2_PLACEMENT_3D('',#6177,#5034,#5035);
#4209=AXIS2_PLACEMENT_3D('',#6179,#5037,#5038);
#4210=AXIS2_PLACEMENT_3D('',#6181,#5039,#5040);
#4211=AXIS2_PLACEMENT_3D('',#6184,#5042,#5043);
#4212=AXIS2_PLACEMENT_3D('',#6185,#5044,#5045);
#4213=AXIS2_PLACEMENT_3D('',#6188,#5048,#5049);
#4214=AXIS2_PLACEMENT_3D('',#6197,#5054,#5055);
#4215=AXIS2_PLACEMENT_3D('',#6199,#5056,#5057);
#4216=AXIS2_PLACEMENT_3D('',#6201,#5058,#5059);
#4217=AXIS2_PLACEMENT_3D('',#6203,#5061,#5062);
#4218=AXIS2_PLACEMENT_3D('',#6205,#5063,#5064);
#4219=AXIS2_PLACEMENT_3D('',#6208,#5066,#5067);
#4220=AXIS2_PLACEMENT_3D('',#6209,#5068,#5069);
#4221=AXIS2_PLACEMENT_3D('',#6212,#5072,#5073);
#4222=AXIS2_PLACEMENT_3D('',#6218,#5077,#5078);
#4223=AXIS2_PLACEMENT_3D('',#6222,#5081,#5082);
#4224=AXIS2_PLACEMENT_3D('',#6224,#5083,#5084);
#4225=AXIS2_PLACEMENT_3D('',#6226,#5085,#5086);
#4226=AXIS2_PLACEMENT_3D('',#6230,#5090,#5091);
#4227=AXIS2_PLACEMENT_3D('',#6236,#5095,#5096);
#4228=AXIS2_PLACEMENT_3D('',#6238,#5097,#5098);
#4229=AXIS2_PLACEMENT_3D('',#6241,#5100,#5101);
#4230=AXIS2_PLACEMENT_3D('',#6242,#5102,#5103);
#4231=AXIS2_PLACEMENT_3D('',#6248,#5107,#5108);
#4232=AXIS2_PLACEMENT_3D('',#6250,#5109,#5110);
#4233=AXIS2_PLACEMENT_3D('',#6252,#5112,#5113);
#4234=AXIS2_PLACEMENT_3D('',#6256,#5116,#5117);
#4235=AXIS2_PLACEMENT_3D('',#6257,#5118,#5119);
#4236=AXIS2_PLACEMENT_3D('',#6258,#5120,#5121);
#4237=AXIS2_PLACEMENT_3D('',#6264,#5125,#5126);
#4238=AXIS2_PLACEMENT_3D('',#6266,#5127,#5128);
#4239=AXIS2_PLACEMENT_3D('',#6268,#5130,#5131);
#4240=AXIS2_PLACEMENT_3D('',#6272,#5134,#5135);
#4241=AXIS2_PLACEMENT_3D('',#6273,#5136,#5137);
#4242=AXIS2_PLACEMENT_3D('',#6274,#5138,#5139);
#4243=AXIS2_PLACEMENT_3D('',#6280,#5143,#5144);
#4244=AXIS2_PLACEMENT_3D('',#6282,#5145,#5146);
#4245=AXIS2_PLACEMENT_3D('',#6284,#5148,#5149);
#4246=AXIS2_PLACEMENT_3D('',#6288,#5152,#5153);
#4247=AXIS2_PLACEMENT_3D('',#6289,#5154,#5155);
#4248=AXIS2_PLACEMENT_3D('',#6290,#5156,#5157);
#4249=AXIS2_PLACEMENT_3D('',#6296,#5161,#5162);
#4250=AXIS2_PLACEMENT_3D('',#6298,#5163,#5164);
#4251=AXIS2_PLACEMENT_3D('',#6300,#5166,#5167);
#4252=AXIS2_PLACEMENT_3D('',#6304,#5170,#5171);
#4253=AXIS2_PLACEMENT_3D('',#6305,#5172,#5173);
#4254=AXIS2_PLACEMENT_3D('',#6306,#5174,#5175);
#4255=AXIS2_PLACEMENT_3D('',#6309,#5176,#5177);
#4256=AXIS2_PLACEMENT_3D('',#6311,#5178,#5179);
#4257=AXIS2_PLACEMENT_3D('',#6320,#5180,#5181);
#4258=AXIS2_PLACEMENT_3D('',#6328,#5182,#5183);
#4259=AXIS2_PLACEMENT_3D('',#6329,#5184,#5185);
#4260=AXIS2_PLACEMENT_3D('',#6330,#5186,#5187);
#4261=AXIS2_PLACEMENT_3D('',#6335,#5190,#5191);
#4262=AXIS2_PLACEMENT_3D('',#6341,#5194,#5195);
#4263=AXIS2_PLACEMENT_3D('',#6342,#5196,#5197);
#4264=AXIS2_PLACEMENT_3D('',#6345,#5198,#5199);
#4265=AXIS2_PLACEMENT_3D('',#6346,#5200,#5201);
#4266=AXIS2_PLACEMENT_3D('',#6347,#5202,#5203);
#4267=AXIS2_PLACEMENT_3D('',#6350,#5204,#5205);
#4268=AXIS2_PLACEMENT_3D('',#6351,#5206,#5207);
#4269=AXIS2_PLACEMENT_3D('',#6353,#5209,#5210);
#4270=AXIS2_PLACEMENT_3D('',#6356,#5211,#5212);
#4271=AXIS2_PLACEMENT_3D('',#6358,#5213,#5214);
#4272=AXIS2_PLACEMENT_3D('',#6372,#5215,#5216);
#4273=AXIS2_PLACEMENT_3D('',#6373,#5217,#5218);
#4274=AXIS2_PLACEMENT_3D('',#6374,#5219,#5220);
#4275=AXIS2_PLACEMENT_3D('',#6382,#5224,#5225);
#4276=AXIS2_PLACEMENT_3D('',#6386,#5227,#5228);
#4277=AXIS2_PLACEMENT_3D('',#6390,#5230,#5231);
#4278=AXIS2_PLACEMENT_3D('',#6393,#5233,#5234);
#4279=AXIS2_PLACEMENT_3D('',#6394,#5235,#5236);
#4280=AXIS2_PLACEMENT_3D('',#6397,#5237,#5238);
#4281=AXIS2_PLACEMENT_3D('',#6398,#5239,#5240);
#4282=AXIS2_PLACEMENT_3D('',#6400,#5242,#5243);
#4283=AXIS2_PLACEMENT_3D('',#6403,#5244,#5245);
#4284=AXIS2_PLACEMENT_3D('',#6404,#5246,#5247);
#4285=AXIS2_PLACEMENT_3D('',#6406,#5248,#5249);
#4286=AXIS2_PLACEMENT_3D('',#6407,#5250,#5251);
#4287=AXIS2_PLACEMENT_3D('',#6408,#5252,#5253);
#4288=AXIS2_PLACEMENT_3D('',#6411,#5254,#5255);
#4289=AXIS2_PLACEMENT_3D('',#6412,#5256,#5257);
#4290=AXIS2_PLACEMENT_3D('',#6414,#5259,#5260);
#4291=AXIS2_PLACEMENT_3D('',#6417,#5261,#5262);
#4292=AXIS2_PLACEMENT_3D('',#6418,#5263,#5264);
#4293=AXIS2_PLACEMENT_3D('',#6420,#5265,#5266);
#4294=AXIS2_PLACEMENT_3D('',#6421,#5267,#5268);
#4295=AXIS2_PLACEMENT_3D('',#6422,#5269,#5270);
#4296=AXIS2_PLACEMENT_3D('',#6425,#5271,#5272);
#4297=AXIS2_PLACEMENT_3D('',#6426,#5273,#5274);
#4298=AXIS2_PLACEMENT_3D('',#6428,#5276,#5277);
#4299=AXIS2_PLACEMENT_3D('',#6431,#5280,#5281);
#4300=AXIS2_PLACEMENT_3D('',#6433,#5283,#5284);
#4301=AXIS2_PLACEMENT_3D('',#6436,#5287,#5288);
#4302=AXIS2_PLACEMENT_3D('',#6437,#5289,#5290);
#4303=AXIS2_PLACEMENT_3D('',#6440,#5293,#5294);
#4304=AXIS2_PLACEMENT_3D('',#6441,#5295,#5296);
#4305=AXIS2_PLACEMENT_3D('',#6443,#5298,#5299);
#4306=AXIS2_PLACEMENT_3D('',#6474,#5300,#5301);
#4307=AXIS2_PLACEMENT_3D('',#6475,#5302,#5303);
#4308=AXIS2_PLACEMENT_3D('',#6476,#5304,#5305);
#4309=AXIS2_PLACEMENT_3D('',#6507,#5306,#5307);
#4310=AXIS2_PLACEMENT_3D('',#6508,#5308,#5309);
#4311=AXIS2_PLACEMENT_3D('',#6509,#5310,#5311);
#4312=AXIS2_PLACEMENT_3D('',#6541,#5312,#5313);
#4313=AXIS2_PLACEMENT_3D('',#6542,#5314,#5315);
#4314=AXIS2_PLACEMENT_3D('',#6574,#5316,#5317);
#4315=AXIS2_PLACEMENT_3D('',#6575,#5318,#5319);
#4316=AXIS2_PLACEMENT_3D('',#6576,#5320,#5321);
#4317=AXIS2_PLACEMENT_3D('',#6579,#5324,#5325);
#4318=AXIS2_PLACEMENT_3D('',#6581,#5327,#5328);
#4319=AXIS2_PLACEMENT_3D('',#6583,#5330,#5331);
#4320=AXIS2_PLACEMENT_3D('',#6584,#5332,#5333);
#4321=AXIS2_PLACEMENT_3D('',#6587,#5336,#5337);
#4322=AXIS2_PLACEMENT_3D('',#6589,#5339,#5340);
#4323=AXIS2_PLACEMENT_3D('',#6591,#5342,#5343);
#4324=AXIS2_PLACEMENT_3D('',#6592,#5344,#5345);
#4325=AXIS2_PLACEMENT_3D('',#6595,#5346,#5347);
#4326=AXIS2_PLACEMENT_3D('',#6596,#5348,#5349);
#4327=AXIS2_PLACEMENT_3D('',#6600,#5351,#5352);
#4328=AXIS2_PLACEMENT_3D('',#6601,#5353,#5354);
#4329=AXIS2_PLACEMENT_3D('',#6602,#5355,#5356);
#4330=AXIS2_PLACEMENT_3D('',#6603,#5357,#5358);
#4331=AXIS2_PLACEMENT_3D('',#6606,#5359,#5360);
#4332=AXIS2_PLACEMENT_3D('',#6607,#5361,#5362);
#4333=AXIS2_PLACEMENT_3D('',#6611,#5364,#5365);
#4334=AXIS2_PLACEMENT_3D('',#6612,#5366,#5367);
#4335=AXIS2_PLACEMENT_3D('',#6613,#5368,#5369);
#4336=AXIS2_PLACEMENT_3D('',#6614,#5370,#5371);
#4337=AXIS2_PLACEMENT_3D('',#6617,#5372,#5373);
#4338=AXIS2_PLACEMENT_3D('',#6618,#5374,#5375);
#4339=AXIS2_PLACEMENT_3D('',#6622,#5377,#5378);
#4340=AXIS2_PLACEMENT_3D('',#6623,#5379,#5380);
#4341=AXIS2_PLACEMENT_3D('',#6624,#5381,#5382);
#4342=AXIS2_PLACEMENT_3D('',#6625,#5383,#5384);
#4343=AXIS2_PLACEMENT_3D('',#6628,#5385,#5386);
#4344=AXIS2_PLACEMENT_3D('',#6629,#5387,#5388);
#4345=AXIS2_PLACEMENT_3D('',#6633,#5390,#5391);
#4346=AXIS2_PLACEMENT_3D('',#6634,#5392,#5393);
#4347=AXIS2_PLACEMENT_3D('',#6635,#5394,#5395);
#4348=AXIS2_PLACEMENT_3D('',#6636,#5396,#5397);
#4349=AXIS2_PLACEMENT_3D('',#6637,#5398,#5399);
#4350=AXIS2_PLACEMENT_3D('',#6638,#5400,#5401);
#4351=AXIS2_PLACEMENT_3D('',#6639,#5402,#5403);
#4352=AXIS2_PLACEMENT_3D('',#6640,#5404,#5405);
#4353=AXIS2_PLACEMENT_3D('',#6646,#5411,#5412);
#4354=AXIS2_PLACEMENT_3D('',#6652,#5416,#5417);
#4355=AXIS2_PLACEMENT_3D('',#6661,#5422,#5423);
#4356=AXIS2_PLACEMENT_3D('',#6663,#5424,#5425);
#4357=AXIS2_PLACEMENT_3D('',#6666,#5427,#5428);
#4358=AXIS2_PLACEMENT_3D('',#6667,#5429,#5430);
#4359=AXIS2_PLACEMENT_3D('',#6669,#5432,#5433);
#4360=AXIS2_PLACEMENT_3D('',#6673,#5436,#5437);
#4361=AXIS2_PLACEMENT_3D('',#6679,#5441,#5442);
#4362=AXIS2_PLACEMENT_3D('',#6681,#5444,#5445);
#4363=AXIS2_PLACEMENT_3D('',#6685,#5448,#5449);
#4364=AXIS2_PLACEMENT_3D('',#6690,#5453,#5454);
#4365=AXIS2_PLACEMENT_3D('',#6694,#5457,#5458);
#4366=AXIS2_PLACEMENT_3D('',#6697,#5461,#5462);
#4367=AXIS2_PLACEMENT_3D('',#6699,#5464,#5465);
#4368=AXIS2_PLACEMENT_3D('',#6700,#5466,#5467);
#4369=AXIS2_PLACEMENT_3D('',#6701,#5468,#5469);
#4370=AXIS2_PLACEMENT_3D('',#6703,#5471,#5472);
#4371=DIRECTION('axis',(0.,0.,1.));
#4372=DIRECTION('refdir',(1.,0.,0.));
#4373=DIRECTION('center_axis',(0.,1.,0.));
#4374=DIRECTION('ref_axis',(0.,0.,1.));
#4375=DIRECTION('',(0.,0.,-1.));
#4376=DIRECTION('',(1.,0.,0.));
#4377=DIRECTION('',(-1.11022302462516E-15,0.,1.));
#4378=DIRECTION('',(-1.,0.,0.));
#4379=DIRECTION('center_axis',(0.,1.,0.));
#4380=DIRECTION('ref_axis',(0.,0.,1.));
#4381=DIRECTION('',(-1.,0.,0.));
#4382=DIRECTION('',(0.,0.,1.));
#4383=DIRECTION('',(1.,0.,0.));
#4384=DIRECTION('',(0.,0.,-1.));
#4385=DIRECTION('center_axis',(0.,1.,0.));
#4386=DIRECTION('ref_axis',(0.,0.,1.));
#4387=DIRECTION('',(1.,0.,0.));
#4388=DIRECTION('',(-1.38777878078145E-16,0.,1.));
#4389=DIRECTION('',(-1.,0.,0.));
#4390=DIRECTION('',(0.,0.,-1.));
#4391=DIRECTION('center_axis',(0.,1.,0.));
#4392=DIRECTION('ref_axis',(0.,0.,1.));
#4393=DIRECTION('',(1.,0.,0.));
#4394=DIRECTION('',(0.,0.,-1.));
#4395=DIRECTION('',(-1.,0.,0.));
#4396=DIRECTION('',(0.,0.,1.));
#4397=DIRECTION('center_axis',(0.,0.707106781186548,-0.707106781186548));
#4398=DIRECTION('ref_axis',(-1.,0.,0.));
#4399=DIRECTION('',(0.,0.707106781186548,0.707106781186548));
#4400=DIRECTION('',(1.,0.,0.));
#4401=DIRECTION('',(0.,-0.707106781186548,-0.707106781186548));
#4402=DIRECTION('',(-1.,0.,0.));
#4403=DIRECTION('center_axis',(0.,1.,0.));
#4404=DIRECTION('ref_axis',(0.,0.,1.));
#4405=DIRECTION('',(-1.,0.,0.));
#4406=DIRECTION('',(3.08931624243522E-16,0.,-1.));
#4407=DIRECTION('',(1.,0.,1.0449157878825E-15));
#4408=DIRECTION('',(0.,0.,-1.));
#4409=DIRECTION('',(-1.,0.,0.));
#4410=DIRECTION('center_axis',(-1.,0.,0.));
#4411=DIRECTION('ref_axis',(0.,0.,1.));
#4412=DIRECTION('',(0.,1.,0.));
#4413=DIRECTION('',(0.,0.,-1.));
#4414=DIRECTION('',(0.,1.,0.));
#4415=DIRECTION('center_axis',(0.,0.707106781186548,0.707106781186548));
#4416=DIRECTION('ref_axis',(1.,0.,0.));
#4417=DIRECTION('',(0.,0.707106781186548,-0.707106781186548));
#4418=DIRECTION('',(-1.,0.,0.));
#4419=DIRECTION('',(0.,-0.707106781186548,0.707106781186548));
#4420=DIRECTION('',(1.,0.,0.));
#4421=DIRECTION('center_axis',(0.,1.,0.));
#4422=DIRECTION('ref_axis',(0.,0.,1.));
#4423=DIRECTION('',(1.,0.,2.61228946970625E-16));
#4424=DIRECTION('',(0.,0.,-1.));
#4425=DIRECTION('',(-1.,0.,0.));
#4426=DIRECTION('',(3.08931624243522E-16,0.,-1.));
#4427=DIRECTION('',(1.,0.,2.61228946970625E-16));
#4428=DIRECTION('center_axis',(1.,0.,0.));
#4429=DIRECTION('ref_axis',(0.,0.,-1.));
#4430=DIRECTION('',(0.,1.,0.));
#4431=DIRECTION('',(0.,0.,1.));
#4432=DIRECTION('',(0.,1.,0.));
#4433=DIRECTION('center_axis',(1.,0.,0.));
#4434=DIRECTION('ref_axis',(0.,0.,-1.));
#4435=DIRECTION('',(0.,0.,1.));
#4436=DIRECTION('',(0.,0.,1.));
#4437=DIRECTION('',(0.,1.,0.));
#4438=DIRECTION('',(0.,1.,0.));
#4439=DIRECTION('center_axis',(0.,0.,-1.));
#4440=DIRECTION('ref_axis',(-1.,0.,0.));
#4441=DIRECTION('',(1.,0.,0.));
#4442=DIRECTION('',(1.,0.,0.));
#4443=DIRECTION('',(0.,1.,0.));
#4444=DIRECTION('center_axis',(-1.,0.,-1.11022302462516E-15));
#4445=DIRECTION('ref_axis',(-1.11022302462516E-15,0.,1.));
#4446=DIRECTION('',(1.11022302462516E-15,0.,-1.));
#4447=DIRECTION('',(1.11022302462516E-15,0.,-1.));
#4448=DIRECTION('',(0.,1.,0.));
#4449=DIRECTION('center_axis',(0.,0.,1.));
#4450=DIRECTION('ref_axis',(1.,0.,0.));
#4451=DIRECTION('',(-1.,0.,0.));
#4452=DIRECTION('center_axis',(0.,0.,1.));
#4453=DIRECTION('ref_axis',(1.,0.,0.));
#4454=DIRECTION('',(-1.,0.,0.));
#4455=DIRECTION('',(0.,1.,0.));
#4456=DIRECTION('',(0.,1.,0.));
#4457=DIRECTION('center_axis',(-1.,0.,0.));
#4458=DIRECTION('ref_axis',(0.,0.,1.));
#4459=DIRECTION('',(0.,0.,-1.));
#4460=DIRECTION('',(0.,1.,0.));
#4461=DIRECTION('center_axis',(0.,0.,-1.));
#4462=DIRECTION('ref_axis',(-1.,0.,0.));
#4463=DIRECTION('',(1.,0.,0.));
#4464=DIRECTION('',(0.,1.,0.));
#4465=DIRECTION('center_axis',(1.,0.,0.));
#4466=DIRECTION('ref_axis',(0.,0.,-1.));
#4467=DIRECTION('',(0.,0.,1.));
#4468=DIRECTION('center_axis',(0.,0.,1.));
#4469=DIRECTION('ref_axis',(1.,0.,0.));
#4470=DIRECTION('',(-1.,0.,0.));
#4471=DIRECTION('',(0.,1.,0.));
#4472=DIRECTION('',(0.,1.,0.));
#4473=DIRECTION('center_axis',(1.,0.,0.));
#4474=DIRECTION('ref_axis',(0.,0.,-1.));
#4475=DIRECTION('',(0.,0.,1.));
#4476=DIRECTION('',(0.,0.,1.));
#4477=DIRECTION('',(0.,1.,0.));
#4478=DIRECTION('center_axis',(0.,0.,-1.));
#4479=DIRECTION('ref_axis',(-1.,0.,0.));
#4480=DIRECTION('',(1.,0.,0.));
#4481=DIRECTION('',(1.,0.,0.));
#4482=DIRECTION('',(0.,1.,0.));
#4483=DIRECTION('center_axis',(-1.,0.,-1.38777878078145E-16));
#4484=DIRECTION('ref_axis',(-1.38777878078145E-16,0.,1.));
#4485=DIRECTION('',(1.38777878078145E-16,0.,-1.));
#4486=DIRECTION('',(1.38777878078145E-16,0.,-1.));
#4487=DIRECTION('center_axis',(0.,0.,1.));
#4488=DIRECTION('ref_axis',(1.,0.,0.));
#4489=DIRECTION('',(-1.,0.,0.));
#4490=DIRECTION('',(0.,1.,0.));
#4491=DIRECTION('',(0.,1.,0.));
#4492=DIRECTION('center_axis',(-1.,0.,0.));
#4493=DIRECTION('ref_axis',(0.,0.,1.));
#4494=DIRECTION('',(0.,0.,-1.));
#4495=DIRECTION('',(0.,1.,0.));
#4496=DIRECTION('center_axis',(0.,0.,-1.));
#4497=DIRECTION('ref_axis',(-1.,0.,0.));
#4498=DIRECTION('',(1.,0.,0.));
#4499=DIRECTION('',(0.,1.,0.));
#4500=DIRECTION('center_axis',(1.,0.,0.));
#4501=DIRECTION('ref_axis',(0.,0.,-1.));
#4502=DIRECTION('',(0.,0.,1.));
#4503=DIRECTION('center_axis',(0.,1.,0.));
#4504=DIRECTION('ref_axis',(0.,0.,1.));
#4505=DIRECTION('center_axis',(0.,-1.,0.));
#4506=DIRECTION('ref_axis',(1.,0.,0.));
#4507=DIRECTION('',(3.48927236310764E-15,0.,-1.));
#4508=DIRECTION('center_axis',(0.,-1.,0.));
#4509=DIRECTION('ref_axis',(-1.,0.,0.));
#4510=DIRECTION('',(-4.1236855200363E-15,0.,1.));
#4511=DIRECTION('center_axis',(0.,-1.,0.));
#4512=DIRECTION('ref_axis',(1.,0.,0.));
#4513=DIRECTION('center_axis',(0.,1.,0.));
#4514=DIRECTION('ref_axis',(0.,0.,1.));
#4515=DIRECTION('center_axis',(0.,-1.,0.));
#4516=DIRECTION('ref_axis',(1.,0.,0.));
#4517=DIRECTION('center_axis',(0.,1.,0.));
#4518=DIRECTION('ref_axis',(0.,0.,1.));
#4519=DIRECTION('center_axis',(0.,-1.,0.));
#4520=DIRECTION('ref_axis',(1.,0.,0.));
#4521=DIRECTION('center_axis',(0.,1.,0.));
#4522=DIRECTION('ref_axis',(0.,0.,1.));
#4523=DIRECTION('center_axis',(0.,-1.,0.));
#4524=DIRECTION('ref_axis',(1.,0.,0.));
#4525=DIRECTION('center_axis',(0.,1.,0.));
#4526=DIRECTION('ref_axis',(0.,0.,1.));
#4527=DIRECTION('center_axis',(0.,-1.,0.));
#4528=DIRECTION('ref_axis',(1.,0.,0.));
#4529=DIRECTION('center_axis',(0.,1.,0.));
#4530=DIRECTION('ref_axis',(0.,0.,1.));
#4531=DIRECTION('center_axis',(0.,-1.,0.));
#4532=DIRECTION('ref_axis',(1.,0.,0.));
#4533=DIRECTION('',(-2.53765262771465E-15,0.,-1.));
#4534=DIRECTION('center_axis',(0.,-1.,0.));
#4535=DIRECTION('ref_axis',(-1.,0.,0.));
#4536=DIRECTION('',(0.,0.,1.));
#4537=DIRECTION('center_axis',(0.,-1.,0.));
#4538=DIRECTION('ref_axis',(1.,0.,0.));
#4539=DIRECTION('center_axis',(1.,1.11022302462516E-16,0.));
#4540=DIRECTION('ref_axis',(0.,-0.707106781186541,0.707106781186554));
#4541=DIRECTION('center_axis',(-1.,0.,0.));
#4542=DIRECTION('ref_axis',(0.,-0.707106781186541,0.707106781186554));
#4543=DIRECTION('',(-1.,-1.11022302462516E-16,0.));
#4544=DIRECTION('center_axis',(1.,-5.9211894646675E-15,0.));
#4545=DIRECTION('ref_axis',(0.,-0.707106781186541,0.707106781186554));
#4546=DIRECTION('',(1.,1.11022302462516E-16,0.));
#4547=DIRECTION('center_axis',(-1.,5.9211894646675E-15,0.));
#4548=DIRECTION('ref_axis',(-5.9211894646675E-15,-1.,-5.5511151231258E-16));
#4549=DIRECTION('',(-5.9211894646675E-15,-1.,-5.5511151231258E-16));
#4550=DIRECTION('center_axis',(1.,-5.9211894646675E-15,0.));
#4551=DIRECTION('ref_axis',(0.,0.707106781186541,0.707106781186554));
#4552=DIRECTION('',(0.,0.,1.));
#4553=DIRECTION('',(5.9211894646675E-15,1.,5.5511151231258E-16));
#4554=DIRECTION('',(0.,0.,1.));
#4555=DIRECTION('center_axis',(0.,0.,1.));
#4556=DIRECTION('ref_axis',(1.,0.,0.));
#4557=DIRECTION('',(0.,1.,5.5511151231258E-16));
#4558=DIRECTION('',(1.,0.,0.));
#4559=DIRECTION('center_axis',(-1.,0.,0.));
#4560=DIRECTION('ref_axis',(0.,0.707106781186541,0.707106781186554));
#4561=DIRECTION('center_axis',(-1.,0.,0.));
#4562=DIRECTION('ref_axis',(0.,0.707106781186541,0.707106781186554));
#4563=DIRECTION('',(-1.,0.,0.));
#4564=DIRECTION('center_axis',(1.,1.11022302462516E-16,0.));
#4565=DIRECTION('ref_axis',(0.,-0.707106781186541,0.707106781186554));
#4566=DIRECTION('center_axis',(-1.,0.,0.));
#4567=DIRECTION('ref_axis',(0.,-0.707106781186541,0.707106781186554));
#4568=DIRECTION('',(-1.,-1.11022302462516E-16,0.));
#4569=DIRECTION('center_axis',(1.,0.,0.));
#4570=DIRECTION('ref_axis',(0.,-0.707106781186541,0.707106781186554));
#4571=DIRECTION('',(1.,1.11022302462516E-16,0.));
#4572=DIRECTION('center_axis',(-1.,0.,0.));
#4573=DIRECTION('ref_axis',(0.,-1.,-5.5511151231258E-16));
#4574=DIRECTION('',(0.,-1.,-5.5511151231258E-16));
#4575=DIRECTION('center_axis',(1.,0.,0.));
#4576=DIRECTION('ref_axis',(0.,0.707106781186541,0.707106781186554));
#4577=DIRECTION('',(0.,0.,1.));
#4578=DIRECTION('',(0.,1.,5.5511151231258E-16));
#4579=DIRECTION('',(0.,0.,1.));
#4580=DIRECTION('center_axis',(0.,0.,1.));
#4581=DIRECTION('ref_axis',(1.,0.,0.));
#4582=DIRECTION('',(0.,1.,5.5511151231258E-16));
#4583=DIRECTION('',(1.,0.,0.));
#4584=DIRECTION('center_axis',(-1.,0.,0.));
#4585=DIRECTION('ref_axis',(0.,0.707106781186541,0.707106781186554));
#4586=DIRECTION('center_axis',(-1.,0.,0.));
#4587=DIRECTION('ref_axis',(0.,0.707106781186541,0.707106781186554));
#4588=DIRECTION('',(-1.,0.,0.));
#4589=DIRECTION('center_axis',(1.11022302462516E-16,-1.,0.));
#4590=DIRECTION('ref_axis',(1.,1.11022302462516E-16,6.16297582203917E-32));
#4591=DIRECTION('',(-1.,-1.11022302462516E-16,-6.16297582203917E-32));
#4592=DIRECTION('',(0.,0.,1.));
#4593=DIRECTION('center_axis',(0.,1.,0.));
#4594=DIRECTION('ref_axis',(-1.,0.,0.));
#4595=DIRECTION('',(0.,0.,1.));
#4596=DIRECTION('',(-1.,0.,0.));
#4597=DIRECTION('center_axis',(1.,0.,0.));
#4598=DIRECTION('ref_axis',(0.,1.,5.5511151231258E-16));
#4599=DIRECTION('',(0.,-1.,-5.5511151231258E-16));
#4600=DIRECTION('center_axis',(1.11022302462516E-16,-1.,0.));
#4601=DIRECTION('ref_axis',(1.,1.11022302462516E-16,6.16297582203917E-32));
#4602=DIRECTION('',(-1.,-1.11022302462516E-16,-6.16297582203917E-32));
#4603=DIRECTION('',(0.,0.,1.));
#4604=DIRECTION('center_axis',(0.,1.,0.));
#4605=DIRECTION('ref_axis',(-1.,0.,0.));
#4606=DIRECTION('',(0.,0.,1.));
#4607=DIRECTION('',(-1.,0.,0.));
#4608=DIRECTION('center_axis',(1.,0.,0.));
#4609=DIRECTION('ref_axis',(0.,1.,5.5511151231258E-16));
#4610=DIRECTION('',(0.,-1.,-5.5511151231258E-16));
#4611=DIRECTION('center_axis',(-1.,1.11022302462516E-16,0.));
#4612=DIRECTION('ref_axis',(0.,-0.707106781186549,-0.707106781186546));
#4613=DIRECTION('center_axis',(1.,2.05432527401306E-32,0.));
#4614=DIRECTION('ref_axis',(0.,-0.707106781186549,-0.707106781186546));
#4615=DIRECTION('',(1.,-1.11022302462516E-16,0.));
#4616=DIRECTION('center_axis',(-1.,-2.05432527401306E-32,0.));
#4617=DIRECTION('ref_axis',(0.,-0.707106781186549,-0.707106781186546));
#4618=DIRECTION('',(-1.,1.11022302462516E-16,0.));
#4619=DIRECTION('center_axis',(1.,2.05432527401306E-32,0.));
#4620=DIRECTION('ref_axis',(2.05432527401306E-32,-1.,5.55111512312579E-16));
#4621=DIRECTION('',(2.05432527401306E-32,-1.,5.55111512312579E-16));
#4622=DIRECTION('center_axis',(-1.,-2.05432527401306E-32,0.));
#4623=DIRECTION('ref_axis',(0.,0.707106781186545,-0.70710678118655));
#4624=DIRECTION('',(0.,0.,-1.));
#4625=DIRECTION('',(-2.05432527401306E-32,1.,-5.5511151231258E-16));
#4626=DIRECTION('',(0.,0.,-1.));
#4627=DIRECTION('center_axis',(0.,0.,-1.));
#4628=DIRECTION('ref_axis',(-1.,0.,0.));
#4629=DIRECTION('',(-2.05432527401306E-32,1.,-5.5511151231258E-16));
#4630=DIRECTION('',(-1.,-2.05432527401306E-32,0.));
#4631=DIRECTION('center_axis',(1.,2.05432527401306E-32,0.));
#4632=DIRECTION('ref_axis',(0.,0.707106781186545,-0.70710678118655));
#4633=DIRECTION('center_axis',(1.,2.05432527401306E-32,0.));
#4634=DIRECTION('ref_axis',(0.,0.707106781186545,-0.70710678118655));
#4635=DIRECTION('',(1.,2.05432527401306E-32,0.));
#4636=DIRECTION('center_axis',(-1.,1.11022302462516E-16,0.));
#4637=DIRECTION('ref_axis',(0.,-0.707106781186545,-0.70710678118655));
#4638=DIRECTION('center_axis',(1.,2.05432527401306E-32,0.));
#4639=DIRECTION('ref_axis',(0.,-0.707106781186545,-0.70710678118655));
#4640=DIRECTION('',(1.,-1.11022302462516E-16,0.));
#4641=DIRECTION('center_axis',(-1.,-2.05432527401306E-32,0.));
#4642=DIRECTION('ref_axis',(0.,-0.707106781186545,-0.70710678118655));
#4643=DIRECTION('',(-1.,1.11022302462516E-16,0.));
#4644=DIRECTION('center_axis',(1.,2.05432527401306E-32,0.));
#4645=DIRECTION('ref_axis',(2.05432527401306E-32,-1.,5.5511151231258E-16));
#4646=DIRECTION('',(2.05432527401306E-32,-1.,5.5511151231258E-16));
#4647=DIRECTION('center_axis',(-1.,-2.05432527401306E-32,0.));
#4648=DIRECTION('ref_axis',(0.,0.707106781186545,-0.70710678118655));
#4649=DIRECTION('',(0.,0.,-1.));
#4650=DIRECTION('',(-2.05432527401306E-32,1.,-5.5511151231258E-16));
#4651=DIRECTION('',(0.,0.,-1.));
#4652=DIRECTION('center_axis',(0.,0.,-1.));
#4653=DIRECTION('ref_axis',(-1.,0.,0.));
#4654=DIRECTION('',(-2.05432527401306E-32,1.,-5.5511151231258E-16));
#4655=DIRECTION('',(-1.,-2.05432527401306E-32,0.));
#4656=DIRECTION('center_axis',(1.,2.05432527401306E-32,0.));
#4657=DIRECTION('ref_axis',(0.,0.707106781186545,-0.70710678118655));
#4658=DIRECTION('center_axis',(1.,2.05432527401306E-32,0.));
#4659=DIRECTION('ref_axis',(0.,0.707106781186545,-0.70710678118655));
#4660=DIRECTION('',(1.,2.05432527401306E-32,0.));
#4661=DIRECTION('center_axis',(-1.,-2.77555756156289E-17,0.));
#4662=DIRECTION('ref_axis',(0.,-0.707106781186549,-0.707106781186546));
#4663=DIRECTION('center_axis',(1.,2.05432527401306E-32,0.));
#4664=DIRECTION('ref_axis',(0.,-0.707106781186549,-0.707106781186546));
#4665=DIRECTION('',(1.,2.77555756156289E-17,0.));
#4666=DIRECTION('center_axis',(-1.,-2.05432527401306E-32,0.));
#4667=DIRECTION('ref_axis',(0.,-0.707106781186549,-0.707106781186546));
#4668=DIRECTION('',(-1.,-2.77555756156289E-17,0.));
#4669=DIRECTION('center_axis',(1.,2.05432527401306E-32,0.));
#4670=DIRECTION('ref_axis',(2.05432527401306E-32,-1.,5.5511151231258E-16));
#4671=DIRECTION('',(2.05432527401306E-32,-1.,5.5511151231258E-16));
#4672=DIRECTION('center_axis',(-1.,-2.05432527401306E-32,0.));
#4673=DIRECTION('ref_axis',(0.,0.707106781186544,-0.707106781186551));
#4674=DIRECTION('',(0.,0.,-1.));
#4675=DIRECTION('',(-2.05432527401306E-32,1.,-5.5511151231258E-16));
#4676=DIRECTION('',(0.,0.,-1.));
#4677=DIRECTION('center_axis',(0.,0.,-1.));
#4678=DIRECTION('ref_axis',(-1.,0.,0.));
#4679=DIRECTION('',(-2.05432527401306E-32,1.,-5.5511151231258E-16));
#4680=DIRECTION('',(-1.,-2.05432527401306E-32,0.));
#4681=DIRECTION('center_axis',(1.,2.05432527401306E-32,0.));
#4682=DIRECTION('ref_axis',(0.,0.707106781186544,-0.707106781186551));
#4683=DIRECTION('center_axis',(1.,2.05432527401306E-32,0.));
#4684=DIRECTION('ref_axis',(0.,0.707106781186544,-0.707106781186551));
#4685=DIRECTION('',(1.,2.05432527401306E-32,0.));
#4686=DIRECTION('center_axis',(-1.,-2.05432527401306E-32,0.));
#4687=DIRECTION('ref_axis',(0.,-0.707106781186549,-0.707106781186546));
#4688=DIRECTION('center_axis',(1.,2.05432527401306E-32,0.));
#4689=DIRECTION('ref_axis',(0.,-0.707106781186549,-0.707106781186546));
#4690=DIRECTION('',(1.,2.05432527401306E-32,0.));
#4691=DIRECTION('center_axis',(-1.,-2.05432527401306E-32,0.));
#4692=DIRECTION('ref_axis',(0.,-0.707106781186549,-0.707106781186546));
#4693=DIRECTION('',(-1.,-2.05432527401306E-32,0.));
#4694=DIRECTION('center_axis',(1.,2.05432527401306E-32,0.));
#4695=DIRECTION('ref_axis',(2.05432527401306E-32,-1.,5.5511151231258E-16));
#4696=DIRECTION('',(2.05432527401306E-32,-1.,5.5511151231258E-16));
#4697=DIRECTION('center_axis',(-1.,-2.05432527401306E-32,0.));
#4698=DIRECTION('ref_axis',(0.,0.707106781186544,-0.707106781186551));
#4699=DIRECTION('',(0.,0.,-1.));
#4700=DIRECTION('',(-2.05432527401306E-32,1.,-5.5511151231258E-16));
#4701=DIRECTION('',(0.,0.,-1.));
#4702=DIRECTION('center_axis',(0.,0.,-1.));
#4703=DIRECTION('ref_axis',(-1.,0.,0.));
#4704=DIRECTION('',(-2.05432527401306E-32,1.,-5.5511151231258E-16));
#4705=DIRECTION('',(-1.,-2.05432527401306E-32,0.));
#4706=DIRECTION('center_axis',(1.,2.05432527401306E-32,0.));
#4707=DIRECTION('ref_axis',(0.,0.707106781186544,-0.707106781186551));
#4708=DIRECTION('center_axis',(1.,2.05432527401306E-32,0.));
#4709=DIRECTION('ref_axis',(0.,0.707106781186544,-0.707106781186551));
#4710=DIRECTION('',(1.,2.05432527401306E-32,0.));
#4711=DIRECTION('center_axis',(2.05432527401306E-32,-1.,0.));
#4712=DIRECTION('ref_axis',(-1.,-2.05432527401306E-32,0.));
#4713=DIRECTION('',(1.,2.05432527401306E-32,-1.14037960963934E-47));
#4714=DIRECTION('',(0.,0.,-1.));
#4715=DIRECTION('center_axis',(-2.05432527401306E-32,1.,0.));
#4716=DIRECTION('ref_axis',(1.,2.05432527401306E-32,0.));
#4717=DIRECTION('',(0.,0.,-1.));
#4718=DIRECTION('',(1.,0.,0.));
#4719=DIRECTION('center_axis',(-1.,-2.05432527401306E-32,0.));
#4720=DIRECTION('ref_axis',(-2.05432527401306E-32,1.,-5.5511151231258E-16));
#4721=DIRECTION('',(2.05432527401306E-32,-1.,5.5511151231258E-16));
#4722=DIRECTION('center_axis',(-1.11022302462516E-16,-1.,0.));
#4723=DIRECTION('ref_axis',(-1.,1.11022302462516E-16,-6.16297582203917E-32));
#4724=DIRECTION('',(1.,-1.11022302462516E-16,6.16297582203917E-32));
#4725=DIRECTION('',(0.,0.,-1.));
#4726=DIRECTION('center_axis',(-2.05432527401306E-32,1.,0.));
#4727=DIRECTION('ref_axis',(1.,2.05432527401306E-32,0.));
#4728=DIRECTION('',(0.,0.,-1.));
#4729=DIRECTION('',(1.,0.,0.));
#4730=DIRECTION('center_axis',(-1.,-2.05432527401306E-32,0.));
#4731=DIRECTION('ref_axis',(-2.05432527401306E-32,1.,-5.5511151231258E-16));
#4732=DIRECTION('',(2.05432527401306E-32,-1.,5.5511151231258E-16));
#4733=DIRECTION('center_axis',(2.77555756156289E-17,-1.,0.));
#4734=DIRECTION('ref_axis',(-1.,-2.77555756156289E-17,1.54074395550979E-32));
#4735=DIRECTION('',(1.,2.77555756156289E-17,-1.54074395550979E-32));
#4736=DIRECTION('',(0.,0.,-1.));
#4737=DIRECTION('center_axis',(-2.05432527401306E-32,1.,0.));
#4738=DIRECTION('ref_axis',(1.,2.05432527401306E-32,0.));
#4739=DIRECTION('',(0.,0.,-1.));
#4740=DIRECTION('',(1.,0.,0.));
#4741=DIRECTION('center_axis',(-1.,-2.05432527401306E-32,0.));
#4742=DIRECTION('ref_axis',(-2.05432527401306E-32,1.,-5.5511151231258E-16));
#4743=DIRECTION('',(2.05432527401306E-32,-1.,5.5511151231258E-16));
#4744=DIRECTION('center_axis',(-1.11022302462516E-16,-1.,0.));
#4745=DIRECTION('ref_axis',(-1.,1.11022302462516E-16,-6.16297582203917E-32));
#4746=DIRECTION('',(1.,-1.11022302462516E-16,6.16297582203917E-32));
#4747=DIRECTION('',(0.,0.,-1.));
#4748=DIRECTION('center_axis',(-2.05432527401306E-32,1.,0.));
#4749=DIRECTION('ref_axis',(1.,2.05432527401306E-32,0.));
#4750=DIRECTION('',(0.,0.,-1.));
#4751=DIRECTION('',(1.,0.,0.));
#4752=DIRECTION('center_axis',(-1.,-2.05432527401306E-32,0.));
#4753=DIRECTION('ref_axis',(-2.05432527401306E-32,1.,-5.5511151231258E-16));
#4754=DIRECTION('',(2.05432527401306E-32,-1.,5.5511151231258E-16));
#4755=DIRECTION('center_axis',(-1.,6.93889390390723E-17,0.));
#4756=DIRECTION('ref_axis',(0.,-0.707106781186548,-0.707106781186547));
#4757=DIRECTION('center_axis',(1.,0.,0.));
#4758=DIRECTION('ref_axis',(0.,-0.707106781186548,-0.707106781186547));
#4759=DIRECTION('',(1.,-6.93889390390723E-17,0.));
#4760=DIRECTION('center_axis',(-1.,0.,0.));
#4761=DIRECTION('ref_axis',(0.,-0.707106781186548,-0.707106781186547));
#4762=DIRECTION('',(1.,-6.93889390390723E-17,0.));
#4763=DIRECTION('center_axis',(0.,0.,-1.));
#4764=DIRECTION('ref_axis',(-1.,0.,0.));
#4765=DIRECTION('',(0.,1.,0.));
#4766=DIRECTION('',(-1.,-1.38777878078145E-16,0.));
#4767=DIRECTION('',(0.,-1.,0.));
#4768=DIRECTION('center_axis',(-1.,0.,0.));
#4769=DIRECTION('ref_axis',(0.,1.,0.));
#4770=DIRECTION('',(0.,-1.,0.));
#4771=DIRECTION('center_axis',(1.,0.,0.));
#4772=DIRECTION('ref_axis',(0.,0.707106781186549,-0.707106781186546));
#4773=DIRECTION('center_axis',(1.,1.38777878078145E-16,0.));
#4774=DIRECTION('ref_axis',(0.,0.707106781186549,-0.707106781186546));
#4775=DIRECTION('center_axis',(-1.,0.,0.));
#4776=DIRECTION('ref_axis',(0.,0.707106781186549,-0.707106781186546));
#4777=DIRECTION('',(-1.,-1.38777878078145E-16,0.));
#4778=DIRECTION('center_axis',(1.,4.16333634234434E-16,0.));
#4779=DIRECTION('ref_axis',(0.,-0.707106781186543,0.707106781186552));
#4780=DIRECTION('center_axis',(-1.,0.,0.));
#4781=DIRECTION('ref_axis',(0.,-0.707106781186543,0.707106781186552));
#4782=DIRECTION('',(-1.,-4.16333634234434E-16,0.));
#4783=DIRECTION('center_axis',(1.,2.22044604925031E-15,0.));
#4784=DIRECTION('ref_axis',(0.,-0.707106781186543,0.707106781186552));
#4785=DIRECTION('',(-1.,-4.16333634234434E-16,-1.0449157878825E-15));
#4786=DIRECTION('center_axis',(-1.,-2.22044604925031E-15,0.));
#4787=DIRECTION('ref_axis',(2.22044604925031E-15,-1.,2.32017913300298E-30));
#4788=DIRECTION('',(2.22044604925031E-15,-1.,2.32017913300298E-30));
#4789=DIRECTION('center_axis',(1.,2.22044604925031E-15,0.));
#4790=DIRECTION('ref_axis',(0.,0.707106781186542,0.707106781186553));
#4791=DIRECTION('',(-2.22044604925031E-15,1.,-2.32017913300298E-30));
#4792=DIRECTION('center_axis',(0.,0.,1.));
#4793=DIRECTION('ref_axis',(1.,0.,0.));
#4794=DIRECTION('',(0.,1.,0.));
#4795=DIRECTION('',(1.,0.,0.));
#4796=DIRECTION('center_axis',(-1.,0.,0.));
#4797=DIRECTION('ref_axis',(0.,0.707106781186542,0.707106781186553));
#4798=DIRECTION('center_axis',(-1.,0.,0.));
#4799=DIRECTION('ref_axis',(0.,0.707106781186542,0.707106781186553));
#4800=DIRECTION('',(1.,0.,1.0449157878825E-15));
#4801=DIRECTION('center_axis',(1.,0.,0.));
#4802=DIRECTION('ref_axis',(0.,0.,-1.));
#4803=DIRECTION('',(0.,1.,0.));
#4804=DIRECTION('',(0.,1.,0.));
#4805=DIRECTION('',(0.,0.,1.));
#4806=DIRECTION('',(0.,1.,0.));
#4807=DIRECTION('center_axis',(-2.61228946970625E-16,0.,1.));
#4808=DIRECTION('ref_axis',(1.,0.,2.61228946970625E-16));
#4809=DIRECTION('',(-1.,0.,-2.61228946970625E-16));
#4810=DIRECTION('center_axis',(0.,0.,1.));
#4811=DIRECTION('ref_axis',(1.,0.,0.));
#4812=DIRECTION('',(0.,1.,0.));
#4813=DIRECTION('',(-1.,0.,0.));
#4814=DIRECTION('center_axis',(-1.,0.,0.));
#4815=DIRECTION('ref_axis',(0.,0.,1.));
#4816=DIRECTION('',(0.,1.,0.));
#4817=DIRECTION('',(0.,0.,-1.));
#4818=DIRECTION('center_axis',(-2.61228946970625E-16,0.,1.));
#4819=DIRECTION('ref_axis',(1.,0.,2.61228946970625E-16));
#4820=DIRECTION('',(-1.,0.,-2.61228946970625E-16));
#4821=DIRECTION('',(0.,1.,0.));
#4822=DIRECTION('center_axis',(0.,0.,-1.));
#4823=DIRECTION('ref_axis',(-1.,0.,0.));
#4824=DIRECTION('',(1.,0.,0.));
#4825=DIRECTION('',(0.,-1.,0.));
#4826=DIRECTION('center_axis',(1.,0.,0.));
#4827=DIRECTION('ref_axis',(0.,0.,-1.));
#4828=DIRECTION('',(0.,1.,0.));
#4829=DIRECTION('',(0.,0.,1.));
#4830=DIRECTION('',(0.,1.,0.));
#4831=DIRECTION('',(0.,1.,0.));
#4832=DIRECTION('center_axis',(-1.0449157878825E-15,0.,1.));
#4833=DIRECTION('ref_axis',(1.,0.,1.0449157878825E-15));
#4834=DIRECTION('',(0.,1.,0.));
#4835=DIRECTION('',(-1.,0.,-1.0449157878825E-15));
#4836=DIRECTION('center_axis',(0.,0.,-1.));
#4837=DIRECTION('ref_axis',(-1.,0.,0.));
#4838=DIRECTION('',(1.,0.,0.));
#4839=DIRECTION('',(0.,-1.,0.));
#4840=DIRECTION('center_axis',(0.,0.,-1.));
#4841=DIRECTION('ref_axis',(-1.,0.,0.));
#4842=DIRECTION('',(0.,1.,0.));
#4843=DIRECTION('',(1.,0.,0.));
#4844=DIRECTION('center_axis',(1.,0.,0.));
#4845=DIRECTION('ref_axis',(0.,0.,-1.));
#4846=DIRECTION('',(0.,1.,0.));
#4847=DIRECTION('',(0.,0.,1.));
#4848=DIRECTION('center_axis',(0.,0.,-1.));
#4849=DIRECTION('ref_axis',(-1.,0.,0.));
#4850=DIRECTION('',(1.,0.,0.));
#4851=DIRECTION('center_axis',(1.,0.,3.08931624243522E-16));
#4852=DIRECTION('ref_axis',(0.,1.,0.));
#4853=DIRECTION('',(-3.08931624243522E-16,0.,1.));
#4854=DIRECTION('',(-3.08931624243522E-16,0.,1.));
#4855=DIRECTION('',(0.,1.,0.));
#4856=DIRECTION('',(-3.06793915401608E-16,0.,1.));
#4857=DIRECTION('',(0.,1.,0.));
#4858=DIRECTION('',(-3.08931624243522E-16,0.,1.));
#4859=DIRECTION('center_axis',(-1.,0.,-3.08931624243522E-16));
#4860=DIRECTION('ref_axis',(0.,0.,1.));
#4861=DIRECTION('',(-1.87081637601821E-31,-1.,6.05576195250085E-16));
#4862=DIRECTION('center_axis',(-1.,0.,-3.08931624243522E-16));
#4863=DIRECTION('ref_axis',(0.,-5.55111512312579E-16,-1.));
#4864=DIRECTION('',(9.35408188009105E-32,1.,-3.02788097625043E-16));
#4865=DIRECTION('center_axis',(-1.,0.,-3.08931624243522E-16));
#4866=DIRECTION('ref_axis',(0.,0.,1.));
#4867=DIRECTION('',(6.23605458672737E-32,-1.,-2.01858731750028E-16));
#4868=DIRECTION('center_axis',(-1.,0.,-3.08931624243522E-16));
#4869=DIRECTION('ref_axis',(0.,0.,-1.));
#4870=DIRECTION('',(-6.23605458672737E-32,1.,2.01858731750028E-16));
#4871=DIRECTION('center_axis',(-1.61834166512926E-16,0.,-1.));
#4872=DIRECTION('ref_axis',(0.707106781186546,-0.707106781186549,0.));
#4873=DIRECTION('center_axis',(6.93889390390725E-16,0.,-1.));
#4874=DIRECTION('ref_axis',(1.,0.,6.93889390390725E-16));
#4875=DIRECTION('',(-1.61834166512926E-16,0.,-1.));
#4876=DIRECTION('center_axis',(0.,0.,1.));
#4877=DIRECTION('ref_axis',(0.,-1.,0.));
#4878=DIRECTION('',(1.61834166512926E-16,0.,1.));
#4879=DIRECTION('center_axis',(-1.,0.,0.));
#4880=DIRECTION('ref_axis',(0.,-0.707106781186543,-0.707106781186553));
#4881=DIRECTION('center_axis',(-1.,0.,-2.77555756156285E-16));
#4882=DIRECTION('ref_axis',(2.77555756156285E-16,0.,-1.));
#4883=DIRECTION('',(-1.,0.,0.));
#4884=DIRECTION('center_axis',(1.,0.,1.77635683940023E-14));
#4885=DIRECTION('ref_axis',(0.,-1.,0.));
#4886=DIRECTION('',(1.,0.,0.));
#4887=DIRECTION('center_axis',(-0.40824829046386,0.408248290463859,-0.816496580927729));
#4888=DIRECTION('ref_axis',(0.577350269189628,-0.577350269189626,-0.577350269189623));
#4889=DIRECTION('center_axis',(0.,-1.,0.));
#4890=DIRECTION('ref_axis',(0.707106781186552,0.,-0.707106781186543));
#4891=DIRECTION('center_axis',(-3.08931624243522E-16,0.,1.));
#4892=DIRECTION('ref_axis',(-0.70710678118654,-0.707106781186555,0.));
#4893=DIRECTION('center_axis',(0.,0.,1.));
#4894=DIRECTION('ref_axis',(-1.,0.,0.));
#4895=DIRECTION('',(-3.08931624243522E-16,0.,1.));
#4896=DIRECTION('center_axis',(2.77555756156285E-16,0.,-1.));
#4897=DIRECTION('ref_axis',(0.,-1.,0.));
#4898=DIRECTION('',(3.08931624243522E-16,0.,-1.));
#4899=DIRECTION('center_axis',(0.408248290463859,-0.81649658092773,0.408248290463859));
#4900=DIRECTION('ref_axis',(-0.577350269189627,-0.577350269189624,-0.577350269189627));
#4901=DIRECTION('center_axis',(0.,-1.,0.));
#4902=DIRECTION('ref_axis',(-0.70710678118653,0.,-0.707106781186565));
#4903=DIRECTION('center_axis',(1.,0.,-7.00649232162408E-48));
#4904=DIRECTION('ref_axis',(0.,-0.707106781186549,0.707106781186546));
#4905=DIRECTION('center_axis',(1.,0.,0.));
#4906=DIRECTION('ref_axis',(0.,0.,1.));
#4907=DIRECTION('',(1.,0.,-7.00649232162408E-48));
#4908=DIRECTION('center_axis',(-1.,0.,0.));
#4909=DIRECTION('ref_axis',(0.,-1.,0.));
#4910=DIRECTION('',(-1.,0.,7.00649232162408E-48));
#4911=DIRECTION('center_axis',(-0.816496580927732,0.408248290463858,-0.408248290463856));
#4912=DIRECTION('ref_axis',(-0.577350269189621,-0.577350269189629,0.577350269189627));
#4913=DIRECTION('center_axis',(0.,-1.,0.));
#4914=DIRECTION('ref_axis',(-0.707106781186544,0.,0.707106781186551));
#4915=DIRECTION('center_axis',(-0.408248290463862,-0.816496580927726,-0.408248290463865));
#4916=DIRECTION('ref_axis',(0.577350269189624,-0.577350269189626,0.577350269189628));
#4917=DIRECTION('center_axis',(0.,-1.,0.));
#4918=DIRECTION('ref_axis',(0.707106781186546,0.,0.707106781186549));
#4919=DIRECTION('center_axis',(0.,1.,0.));
#4920=DIRECTION('ref_axis',(-0.707106781186535,0.,-0.70710678118656));
#4921=DIRECTION('',(0.,1.,0.));
#4922=DIRECTION('center_axis',(0.,-1.,0.));
#4923=DIRECTION('ref_axis',(-1.,0.,0.));
#4924=DIRECTION('',(0.,-1.,0.));
#4925=DIRECTION('center_axis',(-1.,0.,-3.08931624243522E-16));
#4926=DIRECTION('ref_axis',(-3.08931624243522E-16,0.,1.));
#4927=DIRECTION('',(0.,-1.,0.));
#4928=DIRECTION('',(-3.06793915401608E-16,0.,1.));
#4929=DIRECTION('center_axis',(1.,0.,3.08931624243522E-16));
#4930=DIRECTION('ref_axis',(0.,0.,1.));
#4931=DIRECTION('',(-9.35408188009105E-32,-1.,3.02788097625043E-16));
#4932=DIRECTION('center_axis',(1.,0.,3.08931624243522E-16));
#4933=DIRECTION('ref_axis',(0.,-5.55111512312579E-16,-1.));
#4934=DIRECTION('',(1.87081637601821E-31,1.,-6.05576195250085E-16));
#4935=DIRECTION('center_axis',(1.,0.,3.08931624243522E-16));
#4936=DIRECTION('ref_axis',(0.,0.,1.));
#4937=DIRECTION('',(6.23605458672737E-32,-1.,-2.01858731750028E-16));
#4938=DIRECTION('center_axis',(1.,0.,3.08931624243522E-16));
#4939=DIRECTION('ref_axis',(0.,0.,-1.));
#4940=DIRECTION('',(-6.23605458672737E-32,1.,2.01858731750028E-16));
#4941=DIRECTION('center_axis',(0.,1.,0.));
#4942=DIRECTION('ref_axis',(-0.707106781186541,0.,0.707106781186554));
#4943=DIRECTION('',(0.,1.,0.));
#4944=DIRECTION('center_axis',(0.,-1.,0.));
#4945=DIRECTION('ref_axis',(0.,0.,1.));
#4946=DIRECTION('center_axis',(7.00649232162408E-48,0.,1.));
#4947=DIRECTION('ref_axis',(1.,0.,-7.00649232162408E-48));
#4948=DIRECTION('',(0.,-1.,0.));
#4949=DIRECTION('',(1.,0.,0.));
#4950=DIRECTION('',(0.,-1.,0.));
#4951=DIRECTION('center_axis',(7.00649232162408E-48,0.,1.));
#4952=DIRECTION('ref_axis',(0.707106781186549,-0.707106781186546,0.));
#4953=DIRECTION('',(-1.,-1.11022302462516E-16,7.00649232162408E-48));
#4954=DIRECTION('center_axis',(7.00649232162408E-48,0.,1.));
#4955=DIRECTION('ref_axis',(-0.707106781186546,-0.707106781186549,0.));
#4956=DIRECTION('',(0.,1.,0.));
#4957=DIRECTION('center_axis',(7.00649232162408E-48,0.,1.));
#4958=DIRECTION('ref_axis',(-0.70710678118655,0.707106781186545,0.));
#4959=DIRECTION('',(1.,0.,-7.00649232162408E-48));
#4960=DIRECTION('center_axis',(7.00649232162408E-48,0.,1.));
#4961=DIRECTION('ref_axis',(0.707106781186547,0.707106781186548,0.));
#4962=DIRECTION('',(-4.84460956200069E-15,-1.,3.39437196974244E-62));
#4963=DIRECTION('center_axis',(-7.00649232162408E-48,0.,-1.));
#4964=DIRECTION('ref_axis',(-1.,3.33066907387542E-15,0.));
#4965=DIRECTION('',(3.22973970800046E-15,1.,-2.26291464649496E-62));
#4966=DIRECTION('center_axis',(-7.00649232162408E-48,0.,-1.));
#4967=DIRECTION('ref_axis',(1.,-3.33066907387542E-15,0.));
#4968=DIRECTION('',(0.,-1.,0.));
#4969=DIRECTION('center_axis',(-7.00649232162408E-48,0.,-1.));
#4970=DIRECTION('ref_axis',(-1.,0.,0.));
#4971=DIRECTION('',(0.,1.,0.));
#4972=DIRECTION('center_axis',(-7.00649232162408E-48,0.,-1.));
#4973=DIRECTION('ref_axis',(1.,1.11022302462516E-15,0.));
#4974=DIRECTION('',(-2.01858731750028E-16,1.,1.41432165405935E-63));
#4975=DIRECTION('center_axis',(-7.00649232162408E-48,0.,-1.));
#4976=DIRECTION('ref_axis',(1.,0.,0.));
#4977=DIRECTION('',(2.01858731750028E-16,-1.,-1.41432165405935E-63));
#4978=DIRECTION('center_axis',(-7.00649232162408E-48,0.,-1.));
#4979=DIRECTION('ref_axis',(-1.,0.,0.));
#4980=DIRECTION('',(-1.51394048812521E-16,1.,1.06074124054451E-63));
#4981=DIRECTION('center_axis',(-7.00649232162408E-48,0.,-1.));
#4982=DIRECTION('ref_axis',(1.,0.,0.));
#4983=DIRECTION('',(4.03717463500057E-16,-1.,-2.8286433081187E-63));
#4984=DIRECTION('center_axis',(-7.00649232162408E-48,0.,-1.));
#4985=DIRECTION('ref_axis',(-1.,0.,0.));
#4986=DIRECTION('center_axis',(0.,1.,0.));
#4987=DIRECTION('ref_axis',(0.,0.,1.));
#4988=DIRECTION('center_axis',(0.,1.,0.));
#4989=DIRECTION('ref_axis',(1.,0.,0.));
#4990=DIRECTION('',(4.1236855200363E-15,0.,-1.));
#4991=DIRECTION('center_axis',(0.,1.,0.));
#4992=DIRECTION('ref_axis',(-1.,0.,0.));
#4993=DIRECTION('',(-3.48927236310764E-15,0.,1.));
#4994=DIRECTION('center_axis',(0.,1.,0.));
#4995=DIRECTION('ref_axis',(-1.,0.,0.));
#4996=DIRECTION('',(2.53765262771465E-15,0.,1.));
#4997=DIRECTION('center_axis',(0.,1.,0.));
#4998=DIRECTION('ref_axis',(1.,0.,0.));
#4999=DIRECTION('',(0.,0.,-1.));
#5000=DIRECTION('center_axis',(1.,0.,0.));
#5001=DIRECTION('ref_axis',(0.,0.,-1.));
#5002=DIRECTION('',(1.,0.,0.));
#5003=DIRECTION('',(1.,0.,0.));
#5004=DIRECTION('center_axis',(0.,-2.01858731750028E-16,1.));
#5005=DIRECTION('ref_axis',(6.23605458672737E-32,-1.,-2.01858731750028E-16));
#5006=DIRECTION('',(1.,0.,0.));
#5007=DIRECTION('center_axis',(1.,0.,0.));
#5008=DIRECTION('ref_axis',(0.,0.,1.));
#5009=DIRECTION('',(1.,0.,0.));
#5010=DIRECTION('center_axis',(0.,2.01858731750028E-16,-1.));
#5011=DIRECTION('ref_axis',(-6.23605458672737E-32,1.,2.01858731750028E-16));
#5012=DIRECTION('center_axis',(1.,0.,0.));
#5013=DIRECTION('ref_axis',(0.,-5.55111512312579E-16,-1.));
#5014=DIRECTION('',(1.,0.,0.));
#5015=DIRECTION('',(1.,0.,0.));
#5016=DIRECTION('center_axis',(0.,3.02788097625043E-16,1.));
#5017=DIRECTION('ref_axis',(-9.35408188009105E-32,-1.,3.02788097625043E-16));
#5018=DIRECTION('',(1.,0.,0.));
#5019=DIRECTION('center_axis',(1.,0.,0.));
#5020=DIRECTION('ref_axis',(0.,0.,1.));
#5021=DIRECTION('',(1.,0.,0.));
#5022=DIRECTION('center_axis',(0.,-6.05576195250085E-16,-1.));
#5023=DIRECTION('ref_axis',(1.87081637601821E-31,1.,-6.05576195250085E-16));
#5024=DIRECTION('center_axis',(0.,3.22973970800045E-15,-1.));
#5025=DIRECTION('ref_axis',(-5.22682233697953E-31,-1.,-3.22973970800045E-15));
#5026=DIRECTION('',(-5.22682233697953E-31,-1.,-3.22973970800045E-15));
#5027=DIRECTION('',(-1.,0.,0.));
#5028=DIRECTION('',(5.22682233697953E-31,1.,3.22973970800045E-15));
#5029=DIRECTION('',(1.,0.,0.));
#5030=DIRECTION('center_axis',(-1.,0.,0.));
#5031=DIRECTION('ref_axis',(0.,-1.66533453693777E-15,1.));
#5032=DIRECTION('center_axis',(-1.,0.,1.61834166512926E-16));
#5033=DIRECTION('ref_axis',(0.,-1.66533453693777E-15,1.));
#5034=DIRECTION('center_axis',(1.,0.,-1.61834166512926E-16));
#5035=DIRECTION('ref_axis',(0.,-1.66533453693777E-15,1.));
#5036=DIRECTION('',(1.,0.,0.));
#5037=DIRECTION('center_axis',(-1.,0.,0.));
#5038=DIRECTION('ref_axis',(0.,2.22044604925034E-15,-1.));
#5039=DIRECTION('center_axis',(-1.,0.,1.61834166512926E-16));
#5040=DIRECTION('ref_axis',(0.,2.22044604925034E-15,-1.));
#5041=DIRECTION('',(1.,0.,0.));
#5042=DIRECTION('center_axis',(1.,0.,-1.61834166512926E-16));
#5043=DIRECTION('ref_axis',(0.,2.22044604925034E-15,-1.));
#5044=DIRECTION('center_axis',(0.,-3.22973970800045E-15,1.));
#5045=DIRECTION('ref_axis',(5.22682233697953E-31,1.,3.22973970800045E-15));
#5046=DIRECTION('',(5.22682233697953E-31,1.,3.22973970800045E-15));
#5047=DIRECTION('',(-5.22682233697953E-31,-1.,-3.22973970800045E-15));
#5048=DIRECTION('center_axis',(0.,-1.61486985400023E-15,1.));
#5049=DIRECTION('ref_axis',(2.61341116848977E-31,1.,1.61486985400023E-15));
#5050=DIRECTION('',(2.61341116848977E-31,1.,1.61486985400023E-15));
#5051=DIRECTION('',(-1.,0.,0.));
#5052=DIRECTION('',(-2.61341116848977E-31,-1.,-1.61486985400023E-15));
#5053=DIRECTION('',(1.,0.,0.));
#5054=DIRECTION('center_axis',(-1.,0.,0.));
#5055=DIRECTION('ref_axis',(0.,2.22044604925036E-15,-1.));
#5056=DIRECTION('center_axis',(-1.,0.,1.61834166512926E-16));
#5057=DIRECTION('ref_axis',(0.,2.22044604925036E-15,-1.));
#5058=DIRECTION('center_axis',(1.,0.,-1.61834166512926E-16));
#5059=DIRECTION('ref_axis',(0.,2.22044604925036E-15,-1.));
#5060=DIRECTION('',(1.,0.,0.));
#5061=DIRECTION('center_axis',(-1.,0.,0.));
#5062=DIRECTION('ref_axis',(0.,-3.33066907387545E-15,1.));
#5063=DIRECTION('center_axis',(-1.,0.,1.61834166512926E-16));
#5064=DIRECTION('ref_axis',(0.,-3.33066907387545E-15,1.));
#5065=DIRECTION('',(1.,0.,0.));
#5066=DIRECTION('center_axis',(1.,0.,-1.61834166512926E-16));
#5067=DIRECTION('ref_axis',(0.,-3.33066907387545E-15,1.));
#5068=DIRECTION('center_axis',(0.,4.84460956200069E-15,-1.));
#5069=DIRECTION('ref_axis',(-7.84023350546931E-31,-1.,-4.84460956200069E-15));
#5070=DIRECTION('',(-7.84023350546931E-31,-1.,-4.84460956200069E-15));
#5071=DIRECTION('',(7.84023350546931E-31,1.,4.84460956200069E-15));
#5072=DIRECTION('center_axis',(1.,0.,-1.61834166512926E-16));
#5073=DIRECTION('ref_axis',(-1.61834166512926E-16,0.,-1.));
#5074=DIRECTION('',(0.,-1.,0.));
#5075=DIRECTION('',(1.61834166512926E-16,0.,1.));
#5076=DIRECTION('',(0.,1.,0.));
#5077=DIRECTION('center_axis',(0.,0.,-1.));
#5078=DIRECTION('ref_axis',(-1.,0.,0.));
#5079=DIRECTION('',(-1.,0.,0.));
#5080=DIRECTION('',(0.,1.,0.));
#5081=DIRECTION('center_axis',(-1.,0.,0.));
#5082=DIRECTION('ref_axis',(0.,-1.77635683940025E-15,-1.));
#5083=DIRECTION('center_axis',(0.857492925712546,-3.80803355831704E-16,
0.514495755427524));
#5084=DIRECTION('ref_axis',(0.514495755427523,-3.04642684665362E-15,-0.857492925712546));
#5085=DIRECTION('center_axis',(-0.857492925712544,0.,0.514495755427527));
#5086=DIRECTION('ref_axis',(-0.514495755427527,-3.04642684665362E-15,-0.857492925712544));
#5087=DIRECTION('',(-1.,0.,0.));
#5088=DIRECTION('',(-1.,0.,0.));
#5089=DIRECTION('',(-1.,0.,0.));
#5090=DIRECTION('center_axis',(0.,0.,1.));
#5091=DIRECTION('ref_axis',(0.,1.,0.));
#5092=DIRECTION('',(-1.,0.,0.));
#5093=DIRECTION('',(-1.,0.,0.));
#5094=DIRECTION('',(0.,1.,0.));
#5095=DIRECTION('center_axis',(-1.,0.,0.));
#5096=DIRECTION('ref_axis',(0.,2.22044604925031E-15,1.));
#5097=DIRECTION('center_axis',(0.707106781186548,0.,0.707106781186547));
#5098=DIRECTION('ref_axis',(-0.707106781186547,1.57009245868378E-15,0.707106781186548));
#5099=DIRECTION('',(-1.,0.,0.));
#5100=DIRECTION('center_axis',(0.707106781186548,0.,-0.707106781186547));
#5101=DIRECTION('ref_axis',(0.707106781186547,1.57009245868378E-15,0.707106781186548));
#5102=DIRECTION('center_axis',(1.,4.03717463500057E-16,0.));
#5103=DIRECTION('ref_axis',(4.03717463500057E-16,-1.,-2.8286433081187E-63));
#5104=DIRECTION('',(-4.03717463500057E-16,1.,0.));
#5105=DIRECTION('',(0.,0.,-1.));
#5106=DIRECTION('',(0.,0.,-1.));
#5107=DIRECTION('center_axis',(0.,0.,-1.));
#5108=DIRECTION('ref_axis',(1.,0.,0.));
#5109=DIRECTION('center_axis',(0.,0.,1.));
#5110=DIRECTION('ref_axis',(1.,0.,0.));
#5111=DIRECTION('',(0.,0.,-1.));
#5112=DIRECTION('center_axis',(-1.,-1.51394048812521E-16,0.));
#5113=DIRECTION('ref_axis',(-1.51394048812521E-16,1.,1.06074124054451E-63));
#5114=DIRECTION('',(1.51394048812521E-16,-1.,0.));
#5115=DIRECTION('',(0.,0.,-1.));
#5116=DIRECTION('center_axis',(0.,0.,-1.));
#5117=DIRECTION('ref_axis',(-1.,0.,0.));
#5118=DIRECTION('center_axis',(0.,0.,1.));
#5119=DIRECTION('ref_axis',(-1.,0.,0.));
#5120=DIRECTION('center_axis',(1.,2.01858731750028E-16,0.));
#5121=DIRECTION('ref_axis',(2.01858731750028E-16,-1.,-1.41432165405935E-63));
#5122=DIRECTION('',(-2.01858731750028E-16,1.,0.));
#5123=DIRECTION('',(0.,0.,-1.));
#5124=DIRECTION('',(0.,0.,-1.));
#5125=DIRECTION('center_axis',(0.,0.,-1.));
#5126=DIRECTION('ref_axis',(1.,0.,0.));
#5127=DIRECTION('center_axis',(0.,0.,1.));
#5128=DIRECTION('ref_axis',(1.,0.,0.));
#5129=DIRECTION('',(0.,0.,-1.));
#5130=DIRECTION('center_axis',(-1.,-2.01858731750028E-16,0.));
#5131=DIRECTION('ref_axis',(-2.01858731750028E-16,1.,1.41432165405935E-63));
#5132=DIRECTION('',(2.01858731750028E-16,-1.,0.));
#5133=DIRECTION('',(0.,0.,-1.));
#5134=DIRECTION('center_axis',(0.,0.,-1.));
#5135=DIRECTION('ref_axis',(-1.,0.,0.));
#5136=DIRECTION('center_axis',(0.,0.,1.));
#5137=DIRECTION('ref_axis',(-1.,0.,0.));
#5138=DIRECTION('center_axis',(-1.,0.,0.));
#5139=DIRECTION('ref_axis',(0.,1.,0.));
#5140=DIRECTION('',(0.,-1.,0.));
#5141=DIRECTION('',(0.,0.,-1.));
#5142=DIRECTION('',(0.,0.,-1.));
#5143=DIRECTION('center_axis',(0.,0.,-1.));
#5144=DIRECTION('ref_axis',(-1.,0.,0.));
#5145=DIRECTION('center_axis',(0.,0.,1.));
#5146=DIRECTION('ref_axis',(-1.,0.,0.));
#5147=DIRECTION('',(0.,0.,-1.));
#5148=DIRECTION('center_axis',(1.,0.,0.));
#5149=DIRECTION('ref_axis',(0.,-1.,0.));
#5150=DIRECTION('',(0.,1.,0.));
#5151=DIRECTION('',(0.,0.,-1.));
#5152=DIRECTION('center_axis',(0.,0.,-1.));
#5153=DIRECTION('ref_axis',(1.,1.11022302462516E-15,0.));
#5154=DIRECTION('center_axis',(0.,0.,1.));
#5155=DIRECTION('ref_axis',(1.,1.11022302462516E-15,0.));
#5156=DIRECTION('center_axis',(-1.,3.22973970800046E-15,0.));
#5157=DIRECTION('ref_axis',(3.22973970800046E-15,1.,-2.26291464649496E-62));
#5158=DIRECTION('',(-3.22973970800046E-15,-1.,0.));
#5159=DIRECTION('',(0.,0.,-1.));
#5160=DIRECTION('',(0.,0.,-1.));
#5161=DIRECTION('center_axis',(0.,0.,-1.));
#5162=DIRECTION('ref_axis',(-1.,3.33066907387542E-15,0.));
#5163=DIRECTION('center_axis',(0.,0.,1.));
#5164=DIRECTION('ref_axis',(-1.,3.33066907387542E-15,0.));
#5165=DIRECTION('',(0.,0.,-1.));
#5166=DIRECTION('center_axis',(1.,-4.84460956200069E-15,0.));
#5167=DIRECTION('ref_axis',(-4.84460956200069E-15,-1.,3.39437196974244E-62));
#5168=DIRECTION('',(4.84460956200069E-15,1.,0.));
#5169=DIRECTION('',(0.,0.,-1.));
#5170=DIRECTION('center_axis',(0.,0.,-1.));
#5171=DIRECTION('ref_axis',(1.,-3.33066907387542E-15,0.));
#5172=DIRECTION('center_axis',(0.,0.,1.));
#5173=DIRECTION('ref_axis',(1.,-3.33066907387542E-15,0.));
#5174=DIRECTION('center_axis',(0.,-1.,0.));
#5175=DIRECTION('ref_axis',(0.,0.,-1.));
#5176=DIRECTION('center_axis',(0.,-1.,0.));
#5177=DIRECTION('ref_axis',(-1.,0.,0.));
#5178=DIRECTION('center_axis',(-1.,0.,0.));
#5179=DIRECTION('ref_axis',(0.,0.,1.));
#5180=DIRECTION('center_axis',(0.,1.,0.));
#5181=DIRECTION('ref_axis',(-1.,0.,0.));
#5182=DIRECTION('center_axis',(0.,-1.,0.));
#5183=DIRECTION('ref_axis',(-1.,0.,0.));
#5184=DIRECTION('center_axis',(0.,-1.,0.));
#5185=DIRECTION('ref_axis',(-1.,0.,0.));
#5186=DIRECTION('center_axis',(0.,1.,0.));
#5187=DIRECTION('ref_axis',(0.,0.,1.));
#5188=DIRECTION('',(1.,0.,0.));
#5189=DIRECTION('',(1.,0.,0.));
#5190=DIRECTION('center_axis',(0.,1.,0.));
#5191=DIRECTION('ref_axis',(-1.,0.,0.));
#5192=DIRECTION('',(1.,0.,0.));
#5193=DIRECTION('',(-1.61834166512926E-16,0.,-1.));
#5194=DIRECTION('center_axis',(0.,1.,0.));
#5195=DIRECTION('ref_axis',(-1.,0.,0.));
#5196=DIRECTION('center_axis',(0.,1.,0.));
#5197=DIRECTION('ref_axis',(-1.,0.,0.));
#5198=DIRECTION('center_axis',(0.,1.,0.));
#5199=DIRECTION('ref_axis',(-1.,0.,0.));
#5200=DIRECTION('center_axis',(0.,1.,0.));
#5201=DIRECTION('ref_axis',(-1.,0.,0.));
#5202=DIRECTION('center_axis',(0.,1.,0.));
#5203=DIRECTION('ref_axis',(1.,0.,0.));
#5204=DIRECTION('center_axis',(0.,1.,0.));
#5205=DIRECTION('ref_axis',(1.,0.,0.));
#5206=DIRECTION('center_axis',(0.,1.,0.));
#5207=DIRECTION('ref_axis',(1.,0.,0.));
#5208=DIRECTION('',(0.,-1.,0.));
#5209=DIRECTION('center_axis',(0.,-1.,0.));
#5210=DIRECTION('ref_axis',(0.,0.,-1.));
#5211=DIRECTION('center_axis',(0.,-1.,0.));
#5212=DIRECTION('ref_axis',(-1.,0.,0.));
#5213=DIRECTION('center_axis',(-1.,0.,0.));
#5214=DIRECTION('ref_axis',(0.,0.,1.));
#5215=DIRECTION('center_axis',(0.,-1.,0.));
#5216=DIRECTION('ref_axis',(-1.,0.,0.));
#5217=DIRECTION('center_axis',(0.,-1.,0.));
#5218=DIRECTION('ref_axis',(-1.,0.,0.));
#5219=DIRECTION('center_axis',(0.,0.,-1.));
#5220=DIRECTION('ref_axis',(0.,1.,0.));
#5221=DIRECTION('',(1.,0.,0.));
#5222=DIRECTION('',(0.,1.,0.));
#5223=DIRECTION('',(0.,1.,0.));
#5224=DIRECTION('center_axis',(0.,0.,-1.));
#5225=DIRECTION('ref_axis',(0.707106781186547,0.707106781186548,0.));
#5226=DIRECTION('',(-1.,0.,0.));
#5227=DIRECTION('center_axis',(0.,0.,-1.));
#5228=DIRECTION('ref_axis',(-0.70710678118655,0.707106781186545,0.));
#5229=DIRECTION('',(0.,-1.,0.));
#5230=DIRECTION('center_axis',(0.,0.,-1.));
#5231=DIRECTION('ref_axis',(-0.707106781186546,-0.707106781186549,0.));
#5232=DIRECTION('',(1.,1.11022302462516E-16,0.));
#5233=DIRECTION('center_axis',(0.,0.,-1.));
#5234=DIRECTION('ref_axis',(0.707106781186549,-0.707106781186546,0.));
#5235=DIRECTION('center_axis',(0.,1.,0.));
#5236=DIRECTION('ref_axis',(1.,0.,0.));
#5237=DIRECTION('center_axis',(0.,1.,0.));
#5238=DIRECTION('ref_axis',(1.,0.,0.));
#5239=DIRECTION('center_axis',(0.,1.,0.));
#5240=DIRECTION('ref_axis',(1.,0.,0.));
#5241=DIRECTION('',(0.,-1.,0.));
#5242=DIRECTION('center_axis',(0.,-1.,0.));
#5243=DIRECTION('ref_axis',(0.,0.,-1.));
#5244=DIRECTION('center_axis',(0.,-1.,0.));
#5245=DIRECTION('ref_axis',(-1.,0.,0.));
#5246=DIRECTION('center_axis',(-1.,0.,0.));
#5247=DIRECTION('ref_axis',(0.,0.,1.));
#5248=DIRECTION('center_axis',(0.,-1.,0.));
#5249=DIRECTION('ref_axis',(-1.,0.,0.));
#5250=DIRECTION('center_axis',(0.,-1.,0.));
#5251=DIRECTION('ref_axis',(-1.,0.,0.));
#5252=DIRECTION('center_axis',(0.,1.,0.));
#5253=DIRECTION('ref_axis',(1.,0.,0.));
#5254=DIRECTION('center_axis',(0.,1.,0.));
#5255=DIRECTION('ref_axis',(1.,0.,0.));
#5256=DIRECTION('center_axis',(0.,1.,0.));
#5257=DIRECTION('ref_axis',(1.,0.,0.));
#5258=DIRECTION('',(0.,-1.,0.));
#5259=DIRECTION('center_axis',(0.,-1.,0.));
#5260=DIRECTION('ref_axis',(0.,0.,-1.));
#5261=DIRECTION('center_axis',(0.,-1.,0.));
#5262=DIRECTION('ref_axis',(-1.,0.,0.));
#5263=DIRECTION('center_axis',(-1.,0.,0.));
#5264=DIRECTION('ref_axis',(0.,0.,1.));
#5265=DIRECTION('center_axis',(0.,-1.,0.));
#5266=DIRECTION('ref_axis',(-1.,0.,0.));
#5267=DIRECTION('center_axis',(0.,-1.,0.));
#5268=DIRECTION('ref_axis',(-1.,0.,0.));
#5269=DIRECTION('center_axis',(0.,1.,0.));
#5270=DIRECTION('ref_axis',(1.,0.,0.));
#5271=DIRECTION('center_axis',(0.,1.,0.));
#5272=DIRECTION('ref_axis',(1.,0.,0.));
#5273=DIRECTION('center_axis',(0.,1.,0.));
#5274=DIRECTION('ref_axis',(1.,0.,0.));
#5275=DIRECTION('',(0.,-1.,0.));
#5276=DIRECTION('center_axis',(0.,0.,-1.));
#5277=DIRECTION('ref_axis',(-0.70710678118655,0.707106781186545,0.));
#5278=DIRECTION('',(0.,0.,-1.));
#5279=DIRECTION('',(0.,0.,1.));
#5280=DIRECTION('center_axis',(-1.,0.,0.));
#5281=DIRECTION('ref_axis',(0.,1.,0.));
#5282=DIRECTION('',(0.,0.,1.));
#5283=DIRECTION('center_axis',(0.,0.,-1.));
#5284=DIRECTION('ref_axis',(0.707106781186547,0.707106781186548,0.));
#5285=DIRECTION('',(0.,0.,-1.));
#5286=DIRECTION('',(0.,0.,1.));
#5287=DIRECTION('center_axis',(0.,1.,0.));
#5288=DIRECTION('ref_axis',(1.,0.,-7.00649232162408E-48));
#5289=DIRECTION('center_axis',(0.,0.,-1.));
#5290=DIRECTION('ref_axis',(0.707106781186549,-0.707106781186546,0.));
#5291=DIRECTION('',(0.,0.,-1.));
#5292=DIRECTION('',(0.,0.,1.));
#5293=DIRECTION('center_axis',(1.,0.,0.));
#5294=DIRECTION('ref_axis',(0.,-1.,0.));
#5295=DIRECTION('center_axis',(0.,0.,-1.));
#5296=DIRECTION('ref_axis',(-0.707106781186546,-0.707106781186549,0.));
#5297=DIRECTION('',(0.,0.,-1.));
#5298=DIRECTION('center_axis',(1.11022302462516E-16,-1.,0.));
#5299=DIRECTION('ref_axis',(-1.,-1.11022302462516E-16,7.00649232162408E-48));
#5300=DIRECTION('center_axis',(0.514495755427523,0.,-0.857492925712546));
#5301=DIRECTION('ref_axis',(-0.857492925712546,-3.04642684665363E-15,-0.514495755427523));
#5302=DIRECTION('center_axis',(0.,1.,0.));
#5303=DIRECTION('ref_axis',(0.707106781186555,0.,-0.70710678118654));
#5304=DIRECTION('center_axis',(0.,-1.,0.));
#5305=DIRECTION('ref_axis',(0.,0.,-1.));
#5306=DIRECTION('center_axis',(-0.514495755427528,3.42723020248534E-16,
-0.857492925712543));
#5307=DIRECTION('ref_axis',(0.857492925712543,-3.04642684665362E-15,-0.514495755427528));
#5308=DIRECTION('center_axis',(0.,1.,0.));
#5309=DIRECTION('ref_axis',(0.707106781186546,0.,0.707106781186549));
#5310=DIRECTION('center_axis',(0.,-1.,0.));
#5311=DIRECTION('ref_axis',(1.,0.,-1.3877787807815E-16));
#5312=DIRECTION('center_axis',(-0.514495755427525,-3.80803355831714E-17,
0.857492925712545));
#5313=DIRECTION('ref_axis',(0.857492925712545,-3.04642684665362E-15,0.514495755427525));
#5314=DIRECTION('center_axis',(0.857492925712545,-2.70370382640509E-15,
-0.514495755427526));
#5315=DIRECTION('ref_axis',(0.514495755427526,-3.04642684665362E-15,0.857492925712545));
#5316=DIRECTION('center_axis',(-0.857492925712546,3.42723020248531E-16,
-0.514495755427524));
#5317=DIRECTION('ref_axis',(-0.514495755427524,-3.04642684665363E-15,0.857492925712546));
#5318=DIRECTION('center_axis',(0.514495755427527,0.,0.857492925712544));
#5319=DIRECTION('ref_axis',(-0.857492925712544,-3.04642684665362E-15,0.514495755427527));
#5320=DIRECTION('center_axis',(0.,1.,0.));
#5321=DIRECTION('ref_axis',(-1.,0.,0.));
#5322=DIRECTION('',(0.,1.,0.));
#5323=DIRECTION('',(0.,1.,0.));
#5324=DIRECTION('center_axis',(1.,0.,0.));
#5325=DIRECTION('ref_axis',(0.,0.,-1.));
#5326=DIRECTION('',(0.,1.,0.));
#5327=DIRECTION('center_axis',(0.,1.,0.));
#5328=DIRECTION('ref_axis',(-1.83697019872103E-16,0.,1.));
#5329=DIRECTION('',(0.,1.,0.));
#5330=DIRECTION('center_axis',(-1.,0.,2.53765262771465E-15));
#5331=DIRECTION('ref_axis',(2.53765262771465E-15,0.,1.));
#5332=DIRECTION('center_axis',(0.,1.,0.));
#5333=DIRECTION('ref_axis',(-4.62458911837273E-15,0.,1.));
#5334=DIRECTION('',(0.,1.,0.));
#5335=DIRECTION('',(0.,1.,0.));
#5336=DIRECTION('center_axis',(-1.,0.,-3.48927236310764E-15));
#5337=DIRECTION('ref_axis',(-3.48927236310764E-15,0.,1.));
#5338=DIRECTION('',(0.,1.,0.));
#5339=DIRECTION('center_axis',(0.,1.,0.));
#5340=DIRECTION('ref_axis',(-1.,0.,0.));
#5341=DIRECTION('',(0.,1.,0.));
#5342=DIRECTION('center_axis',(1.,0.,4.1236855200363E-15));
#5343=DIRECTION('ref_axis',(4.1236855200363E-15,0.,-1.));
#5344=DIRECTION('center_axis',(0.,1.,0.));
#5345=DIRECTION('ref_axis',(1.,0.,0.));
#5346=DIRECTION('center_axis',(0.,-1.,0.));
#5347=DIRECTION('ref_axis',(1.,0.,0.));
#5348=DIRECTION('center_axis',(0.,-1.,0.));
#5349=DIRECTION('ref_axis',(1.,0.,0.));
#5350=DIRECTION('',(0.,-1.,0.));
#5351=DIRECTION('center_axis',(0.,1.,0.));
#5352=DIRECTION('ref_axis',(1.,0.,0.));
#5353=DIRECTION('center_axis',(0.,1.,0.));
#5354=DIRECTION('ref_axis',(1.,0.,0.));
#5355=DIRECTION('center_axis',(0.,1.,0.));
#5356=DIRECTION('ref_axis',(1.,0.,0.));
#5357=DIRECTION('center_axis',(0.,1.,0.));
#5358=DIRECTION('ref_axis',(1.,0.,0.));
#5359=DIRECTION('center_axis',(0.,-1.,0.));
#5360=DIRECTION('ref_axis',(1.,0.,0.));
#5361=DIRECTION('center_axis',(0.,-1.,0.));
#5362=DIRECTION('ref_axis',(1.,0.,0.));
#5363=DIRECTION('',(0.,-1.,0.));
#5364=DIRECTION('center_axis',(0.,1.,0.));
#5365=DIRECTION('ref_axis',(1.,0.,0.));
#5366=DIRECTION('center_axis',(0.,1.,0.));
#5367=DIRECTION('ref_axis',(1.,0.,0.));
#5368=DIRECTION('center_axis',(0.,1.,0.));
#5369=DIRECTION('ref_axis',(1.,0.,0.));
#5370=DIRECTION('center_axis',(0.,1.,0.));
#5371=DIRECTION('ref_axis',(1.,0.,0.));
#5372=DIRECTION('center_axis',(0.,-1.,0.));
#5373=DIRECTION('ref_axis',(1.,0.,0.));
#5374=DIRECTION('center_axis',(0.,-1.,0.));
#5375=DIRECTION('ref_axis',(1.,0.,0.));
#5376=DIRECTION('',(0.,-1.,0.));
#5377=DIRECTION('center_axis',(0.,1.,0.));
#5378=DIRECTION('ref_axis',(1.,0.,0.));
#5379=DIRECTION('center_axis',(0.,1.,0.));
#5380=DIRECTION('ref_axis',(1.,0.,0.));
#5381=DIRECTION('center_axis',(0.,1.,0.));
#5382=DIRECTION('ref_axis',(1.,0.,0.));
#5383=DIRECTION('center_axis',(0.,1.,0.));
#5384=DIRECTION('ref_axis',(1.,0.,0.));
#5385=DIRECTION('center_axis',(0.,-1.,0.));
#5386=DIRECTION('ref_axis',(1.,0.,0.));
#5387=DIRECTION('center_axis',(0.,-1.,0.));
#5388=DIRECTION('ref_axis',(1.,0.,0.));
#5389=DIRECTION('',(0.,-1.,0.));
#5390=DIRECTION('center_axis',(0.,1.,0.));
#5391=DIRECTION('ref_axis',(1.,0.,0.));
#5392=DIRECTION('center_axis',(0.,1.,0.));
#5393=DIRECTION('ref_axis',(1.,0.,0.));
#5394=DIRECTION('center_axis',(0.,1.,0.));
#5395=DIRECTION('ref_axis',(1.,0.,0.));
#5396=DIRECTION('center_axis',(0.,1.,0.));
#5397=DIRECTION('ref_axis',(0.,0.,1.));
#5398=DIRECTION('center_axis',(0.,1.,0.));
#5399=DIRECTION('ref_axis',(0.,0.,1.));
#5400=DIRECTION('center_axis',(0.,1.,0.));
#5401=DIRECTION('ref_axis',(0.,0.,1.));
#5402=DIRECTION('center_axis',(0.,1.,0.));
#5403=DIRECTION('ref_axis',(0.,0.,1.));
#5404=DIRECTION('center_axis',(1.,0.,0.));
#5405=DIRECTION('ref_axis',(0.,-1.77635683940025E-15,1.));
#5406=DIRECTION('',(1.,0.,0.));
#5407=DIRECTION('',(1.,0.,0.));
#5408=DIRECTION('',(1.,0.,0.));
#5409=DIRECTION('',(1.,0.,0.));
#5410=DIRECTION('',(1.,0.,0.));
#5411=DIRECTION('center_axis',(0.,-5.5511151231258E-16,-1.));
#5412=DIRECTION('ref_axis',(5.5511151231258E-16,1.,-5.5511151231258E-16));
#5413=DIRECTION('',(-5.5511151231258E-16,1.,-5.55111512312579E-16));
#5414=DIRECTION('',(1.,0.,0.));
#5415=DIRECTION('',(5.5511151231258E-16,1.,-5.5511151231258E-16));
#5416=DIRECTION('center_axis',(0.,0.,-1.));
#5417=DIRECTION('ref_axis',(0.,1.,0.));
#5418=DIRECTION('',(0.,1.,0.));
#5419=DIRECTION('',(1.,0.,0.));
#5420=DIRECTION('',(0.,1.,0.));
#5421=DIRECTION('',(1.,0.,0.));
#5422=DIRECTION('center_axis',(1.,0.,0.));
#5423=DIRECTION('ref_axis',(0.,2.22044604925031E-15,-1.));
#5424=DIRECTION('center_axis',(-0.707106781186547,0.,-0.707106781186548));
#5425=DIRECTION('ref_axis',(0.707106781186548,1.57009245868378E-15,-0.707106781186547));
#5426=DIRECTION('',(1.,0.,0.));
#5427=DIRECTION('center_axis',(-0.707106781186547,0.,0.707106781186548));
#5428=DIRECTION('ref_axis',(-0.707106781186548,1.57009245868378E-15,-0.707106781186547));
#5429=DIRECTION('center_axis',(-3.08931624243522E-16,0.,1.));
#5430=DIRECTION('ref_axis',(-1.,-1.77635683940025E-15,-3.33066907387548E-16));
#5431=DIRECTION('',(-3.06793915401608E-16,0.,1.));
#5432=DIRECTION('center_axis',(1.,-5.5511151231258E-16,3.08931624243522E-16));
#5433=DIRECTION('ref_axis',(5.55111512312579E-16,1.,5.5511151231258E-16));
#5434=DIRECTION('',(5.55111512312579E-16,1.,5.5511151231258E-16));
#5435=DIRECTION('',(-3.06793915401608E-16,0.,1.));
#5436=DIRECTION('center_axis',(1.,0.,3.08931624243522E-16));
#5437=DIRECTION('ref_axis',(0.,1.,0.));
#5438=DIRECTION('',(0.,1.,0.));
#5439=DIRECTION('',(-3.06793915401608E-16,0.,1.));
#5440=DIRECTION('',(-3.06793915401608E-16,0.,1.));
#5441=DIRECTION('center_axis',(-3.08931624243522E-16,0.,1.));
#5442=DIRECTION('ref_axis',(1.,2.22044604925031E-15,2.77555756156289E-16));
#5443=DIRECTION('',(-3.06793915401608E-16,0.,1.));
#5444=DIRECTION('center_axis',(0.,-5.5511151231258E-16,1.));
#5445=DIRECTION('ref_axis',(-5.55111512312579E-16,1.,5.5511151231258E-16));
#5446=DIRECTION('',(-1.,0.,0.));
#5447=DIRECTION('',(-5.55111512312579E-16,1.,5.5511151231258E-16));
#5448=DIRECTION('center_axis',(0.,1.,-4.44089209850063E-15));
#5449=DIRECTION('ref_axis',(0.707106781186547,-3.14018491736755E-15,-0.707106781186548));
#5450=DIRECTION('',(1.61834166512926E-16,0.,1.));
#5451=DIRECTION('',(1.61834166512926E-16,0.,1.));
#5452=DIRECTION('',(-1.,0.,0.));
#5453=DIRECTION('center_axis',(0.,0.,1.));
#5454=DIRECTION('ref_axis',(0.,1.,0.));
#5455=DIRECTION('',(0.,1.,0.));
#5456=DIRECTION('',(-1.,0.,0.));
#5457=DIRECTION('center_axis',(0.,-1.,0.));
#5458=DIRECTION('ref_axis',(-0.707106781186547,0.,0.707106781186548));
#5459=DIRECTION('',(1.61834166512926E-16,0.,1.));
#5460=DIRECTION('',(1.61834166512926E-16,0.,1.));
#5461=DIRECTION('center_axis',(-1.,-5.55111512312579E-16,1.61834166512926E-16));
#5462=DIRECTION('ref_axis',(-5.55111512312579E-16,1.,0.));
#5463=DIRECTION('',(1.61834166512926E-16,0.,1.));
#5464=DIRECTION('center_axis',(-1.61834166512926E-16,0.,-1.));
#5465=DIRECTION('ref_axis',(1.,-1.77635683940025E-15,-1.61834166512926E-16));
#5466=DIRECTION('center_axis',(-1.,0.,1.61834166512926E-16));
#5467=DIRECTION('ref_axis',(0.,1.,0.));
#5468=DIRECTION('center_axis',(-1.61834166512926E-16,0.,-1.));
#5469=DIRECTION('ref_axis',(-1.,2.22044604925031E-15,1.61834166512926E-16));
#5470=DIRECTION('',(-1.61834166512926E-16,0.,-1.));
#5471=DIRECTION('center_axis',(-1.,0.,1.61834166512926E-16));
#5472=DIRECTION('ref_axis',(0.,1.,0.));
#5473=CARTESIAN_POINT('',(0.,0.,0.));
#5474=CARTESIAN_POINT('Origin',(-111.,5.,-104.));
#5475=CARTESIAN_POINT('',(-115.,5.,-96.));
#5476=CARTESIAN_POINT('',(-115.,5.,-112.));
#5477=CARTESIAN_POINT('',(-115.,5.,-96.));
#5478=CARTESIAN_POINT('',(-107.,5.,-112.));
#5479=CARTESIAN_POINT('',(-115.,5.,-112.));
#5480=CARTESIAN_POINT('',(-107.,5.,-96.));
#5481=CARTESIAN_POINT('',(-107.,5.,-112.));
#5482=CARTESIAN_POINT('',(-107.,5.,-96.));
#5483=CARTESIAN_POINT('Origin',(-111.,7.,-104.));
#5484=CARTESIAN_POINT('',(-106.,7.,-113.));
#5485=CARTESIAN_POINT('',(-116.,7.,-113.));
#5486=CARTESIAN_POINT('',(-106.,7.,-113.));
#5487=CARTESIAN_POINT('',(-116.,7.,-95.));
#5488=CARTESIAN_POINT('',(-116.,7.,-113.));
#5489=CARTESIAN_POINT('',(-106.,7.,-95.));
#5490=CARTESIAN_POINT('',(-116.,7.,-95.));
#5491=CARTESIAN_POINT('',(-106.,7.,-95.));
#5492=CARTESIAN_POINT('Origin',(-14.,5.,-104.));
#5493=CARTESIAN_POINT('',(-18.,5.,-112.));
#5494=CARTESIAN_POINT('',(-10.,5.,-112.));
#5495=CARTESIAN_POINT('',(-18.,5.,-112.));
#5496=CARTESIAN_POINT('',(-10.,5.,-96.));
#5497=CARTESIAN_POINT('',(-10.,5.,-112.));
#5498=CARTESIAN_POINT('',(-18.,5.,-96.));
#5499=CARTESIAN_POINT('',(-10.,5.,-96.));
#5500=CARTESIAN_POINT('',(-18.,5.,-96.));
#5501=CARTESIAN_POINT('Origin',(-14.,7.,-104.));
#5502=CARTESIAN_POINT('',(-19.,7.,-95.));
#5503=CARTESIAN_POINT('',(-9.,7.,-95.));
#5504=CARTESIAN_POINT('',(-19.,7.,-95.));
#5505=CARTESIAN_POINT('',(-9.,7.,-113.));
#5506=CARTESIAN_POINT('',(-9.,7.,-95.));
#5507=CARTESIAN_POINT('',(-19.,7.,-113.));
#5508=CARTESIAN_POINT('',(-9.,7.,-113.));
#5509=CARTESIAN_POINT('',(-19.,7.,-113.));
#5510=CARTESIAN_POINT('Origin',(-115.75,5.5,-91.5));
#5511=CARTESIAN_POINT('',(-117.,3.,-94.));
#5512=CARTESIAN_POINT('',(-117.,8.,-89.));
#5513=CARTESIAN_POINT('',(-117.,3.75,-93.25));
#5514=CARTESIAN_POINT('',(-116.,8.,-89.));
#5515=CARTESIAN_POINT('',(-115.75,8.,-89.));
#5516=CARTESIAN_POINT('',(-116.,3.,-94.));
#5517=CARTESIAN_POINT('',(-116.,5.,-92.));
#5518=CARTESIAN_POINT('',(-115.75,3.,-94.));
#5519=CARTESIAN_POINT('Origin',(-115.5,8.,-88.5));
#5520=CARTESIAN_POINT('',(-124.,8.,-89.));
#5521=CARTESIAN_POINT('',(-107.,8.,-89.));
#5522=CARTESIAN_POINT('',(-124.,8.,-88.));
#5523=CARTESIAN_POINT('',(-124.,8.,-101.25));
#5524=CARTESIAN_POINT('',(-107.,8.,-88.));
#5525=CARTESIAN_POINT('',(-124.,8.,-88.));
#5526=CARTESIAN_POINT('',(-107.,8.,-89.));
#5527=CARTESIAN_POINT('',(-107.,8.,-88.));
#5528=CARTESIAN_POINT('',(-107.,8.,-89.));
#5529=CARTESIAN_POINT('Origin',(-117.,1.,-94.));
#5530=CARTESIAN_POINT('',(-117.,1.,-94.));
#5531=CARTESIAN_POINT('',(-117.,1.,-94.));
#5532=CARTESIAN_POINT('',(-117.,1.,-89.));
#5533=CARTESIAN_POINT('',(-117.,1.,-75.75));
#5534=CARTESIAN_POINT('',(-117.,1.,-89.));
#5535=CARTESIAN_POINT('Origin',(-116.25,5.5,-8.09999999999999));
#5536=CARTESIAN_POINT('',(-116.,3.,-5.59999999999999));
#5537=CARTESIAN_POINT('',(-116.,8.,-10.6));
#5538=CARTESIAN_POINT('',(-116.,3.75,-6.34999999999999));
#5539=CARTESIAN_POINT('',(-117.,8.,-10.6));
#5540=CARTESIAN_POINT('',(-116.25,8.,-10.6));
#5541=CARTESIAN_POINT('',(-117.,3.,-5.59999999999999));
#5542=CARTESIAN_POINT('',(-117.,5.,-7.59999999999999));
#5543=CARTESIAN_POINT('',(-116.25,3.,-5.59999999999999));
#5544=CARTESIAN_POINT('Origin',(-115.5,8.,-11.1));
#5545=CARTESIAN_POINT('',(-107.,8.,-10.6));
#5546=CARTESIAN_POINT('',(-124.,8.,-10.6));
#5547=CARTESIAN_POINT('',(-107.,8.,-11.6));
#5548=CARTESIAN_POINT('',(-107.,8.,-10.6));
#5549=CARTESIAN_POINT('',(-124.,8.,-11.6));
#5550=CARTESIAN_POINT('',(-107.,8.,-11.6));
#5551=CARTESIAN_POINT('',(-124.,8.,-10.6));
#5552=CARTESIAN_POINT('',(-124.,8.,-62.55));
#5553=CARTESIAN_POINT('',(-124.,8.,-10.6));
#5554=CARTESIAN_POINT('Origin',(-116.,1.,-5.59999999999999));
#5555=CARTESIAN_POINT('',(-116.,1.,-5.59999999999999));
#5556=CARTESIAN_POINT('',(-116.,1.,-5.59999999999999));
#5557=CARTESIAN_POINT('',(-116.,1.,-10.6));
#5558=CARTESIAN_POINT('',(-116.,1.,-31.55));
#5559=CARTESIAN_POINT('',(-116.,1.,-10.6));
#5560=CARTESIAN_POINT('Origin',(-115.,1.,-96.));
#5561=CARTESIAN_POINT('',(-115.,1.,-100.));
#5562=CARTESIAN_POINT('',(-115.,1.,-96.));
#5563=CARTESIAN_POINT('',(-115.,1.,-76.75));
#5564=CARTESIAN_POINT('',(-115.,1.,-112.));
#5565=CARTESIAN_POINT('',(-115.,1.,-76.75));
#5566=CARTESIAN_POINT('',(-115.,1.,-112.));
#5567=CARTESIAN_POINT('',(-115.,1.,-96.));
#5568=CARTESIAN_POINT('Origin',(-107.,1.,-96.));
#5569=CARTESIAN_POINT('',(-111.,1.,-96.));
#5570=CARTESIAN_POINT('',(-107.,1.,-96.));
#5571=CARTESIAN_POINT('',(-84.75,1.,-96.));
#5572=CARTESIAN_POINT('',(-84.75,1.,-96.));
#5573=CARTESIAN_POINT('',(-107.,1.,-96.));
#5574=CARTESIAN_POINT('Origin',(-107.,1.,-112.));
#5575=CARTESIAN_POINT('',(-107.,1.,-100.));
#5576=CARTESIAN_POINT('',(-107.,1.,-112.));
#5577=CARTESIAN_POINT('',(-107.,1.,-84.75));
#5578=CARTESIAN_POINT('',(-107.,1.,-84.75));
#5579=CARTESIAN_POINT('',(-107.,1.,-112.));
#5580=CARTESIAN_POINT('Origin',(-115.,1.,-112.));
#5581=CARTESIAN_POINT('',(-88.7500000000001,1.,-112.));
#5582=CARTESIAN_POINT('Origin',(-116.,1.,-95.));
#5583=CARTESIAN_POINT('',(-106.,1.,-95.));
#5584=CARTESIAN_POINT('',(-116.,1.,-95.));
#5585=CARTESIAN_POINT('',(-89.2500000000001,1.,-95.));
#5586=CARTESIAN_POINT('',(-106.,1.,-95.));
#5587=CARTESIAN_POINT('',(-116.,1.,-95.));
#5588=CARTESIAN_POINT('Origin',(-116.,1.,-113.));
#5589=CARTESIAN_POINT('',(-116.,1.,-113.));
#5590=CARTESIAN_POINT('',(-116.,1.,-85.25));
#5591=CARTESIAN_POINT('',(-116.,1.,-113.));
#5592=CARTESIAN_POINT('Origin',(-106.,1.,-113.));
#5593=CARTESIAN_POINT('',(-106.,1.,-113.));
#5594=CARTESIAN_POINT('',(-84.2500000000001,1.,-113.));
#5595=CARTESIAN_POINT('',(-106.,1.,-113.));
#5596=CARTESIAN_POINT('Origin',(-106.,1.,-95.));
#5597=CARTESIAN_POINT('',(-106.,1.,-76.25));
#5598=CARTESIAN_POINT('Origin',(-18.,1.,-112.));
#5599=CARTESIAN_POINT('',(-10.,1.,-112.));
#5600=CARTESIAN_POINT('',(-18.,1.,-112.));
#5601=CARTESIAN_POINT('',(-40.25,1.,-112.));
#5602=CARTESIAN_POINT('',(-10.,1.,-112.));
#5603=CARTESIAN_POINT('',(-18.,1.,-112.));
#5604=CARTESIAN_POINT('Origin',(-18.,1.,-96.));
#5605=CARTESIAN_POINT('',(-18.,1.,-100.));
#5606=CARTESIAN_POINT('',(-18.,1.,-96.));
#5607=CARTESIAN_POINT('',(-18.,1.,-76.75));
#5608=CARTESIAN_POINT('',(-18.,1.,-76.75));
#5609=CARTESIAN_POINT('',(-18.,1.,-96.));
#5610=CARTESIAN_POINT('Origin',(-10.,1.,-96.));
#5611=CARTESIAN_POINT('',(-14.,1.,-96.));
#5612=CARTESIAN_POINT('',(-10.,1.,-96.));
#5613=CARTESIAN_POINT('',(-36.25,1.,-96.));
#5614=CARTESIAN_POINT('',(-36.25,1.,-96.));
#5615=CARTESIAN_POINT('',(-10.,1.,-96.));
#5616=CARTESIAN_POINT('Origin',(-10.,1.,-112.));
#5617=CARTESIAN_POINT('',(-10.,1.,-100.));
#5618=CARTESIAN_POINT('',(-10.,1.,-84.75));
#5619=CARTESIAN_POINT('',(-10.,1.,-84.75));
#5620=CARTESIAN_POINT('Origin',(-19.,1.,-95.));
#5621=CARTESIAN_POINT('',(-9.,1.,-95.));
#5622=CARTESIAN_POINT('',(-19.,1.,-95.));
#5623=CARTESIAN_POINT('',(-40.75,1.,-95.));
#5624=CARTESIAN_POINT('',(-9.,1.,-95.));
#5625=CARTESIAN_POINT('',(-19.,1.,-95.));
#5626=CARTESIAN_POINT('Origin',(-19.,1.,-113.));
#5627=CARTESIAN_POINT('',(-19.,1.,-113.));
#5628=CARTESIAN_POINT('',(-19.,1.,-85.25));
#5629=CARTESIAN_POINT('',(-19.,1.,-113.));
#5630=CARTESIAN_POINT('Origin',(-9.,1.,-113.));
#5631=CARTESIAN_POINT('',(-9.,1.,-113.));
#5632=CARTESIAN_POINT('',(-35.75,1.,-113.));
#5633=CARTESIAN_POINT('',(-9.,1.,-113.));
#5634=CARTESIAN_POINT('Origin',(-9.,1.,-95.));
#5635=CARTESIAN_POINT('',(-9.,1.,-76.25));
#5636=CARTESIAN_POINT('Origin',(-62.5,1.,-57.5));
#5637=CARTESIAN_POINT('',(-16.,1.,-103.464101615138));
#5638=CARTESIAN_POINT('Origin',(-14.,1.,-100.));
#5639=CARTESIAN_POINT('',(-16.,1.,-107.));
#5640=CARTESIAN_POINT('',(-16.0000000000001,1.,-82.2499999999999));
#5641=CARTESIAN_POINT('',(-12.,1.,-107.));
#5642=CARTESIAN_POINT('Origin',(-14.,1.,-107.));
#5643=CARTESIAN_POINT('',(-12.,1.,-103.464101615138));
#5644=CARTESIAN_POINT('',(-12.0000000000001,1.,-80.4820508075688));
#5645=CARTESIAN_POINT('Origin',(-14.,1.,-100.));
#5646=CARTESIAN_POINT('Origin',(-62.5,1.,-57.5));
#5647=CARTESIAN_POINT('Origin',(-14.,1.,-100.));
#5648=CARTESIAN_POINT('Origin',(-62.5,1.,-57.5));
#5649=CARTESIAN_POINT('Origin',(-14.,1.,-100.));
#5650=CARTESIAN_POINT('Origin',(-62.5,1.,-57.5));
#5651=CARTESIAN_POINT('Origin',(-111.,1.,-100.));
#5652=CARTESIAN_POINT('Origin',(-62.5,1.,-57.5));
#5653=CARTESIAN_POINT('Origin',(-111.,1.,-100.));
#5654=CARTESIAN_POINT('Origin',(-62.5,1.,-57.5));
#5655=CARTESIAN_POINT('',(-113.,1.,-103.464101615138));
#5656=CARTESIAN_POINT('Origin',(-111.,1.,-100.));
#5657=CARTESIAN_POINT('',(-113.,1.,-107.));
#5658=CARTESIAN_POINT('',(-113.,1.,-82.2499999999999));
#5659=CARTESIAN_POINT('',(-109.,1.,-107.));
#5660=CARTESIAN_POINT('Origin',(-111.,1.,-107.));
#5661=CARTESIAN_POINT('',(-109.,1.,-103.464101615138));
#5662=CARTESIAN_POINT('',(-109.,1.,-80.4820508075689));
#5663=CARTESIAN_POINT('Origin',(-111.,1.,-100.));
#5664=CARTESIAN_POINT('Origin',(-95.,26.,-112.3));
#5665=CARTESIAN_POINT('',(-87.5,25.5,-112.3));
#5666=CARTESIAN_POINT('',(-87.5,26.,-111.8));
#5667=CARTESIAN_POINT('Origin',(-87.5,26.,-112.3));
#5668=CARTESIAN_POINT('',(-97.5,26.,-111.8));
#5669=CARTESIAN_POINT('',(-95.,26.,-111.8));
#5670=CARTESIAN_POINT('',(-97.5,25.5,-112.3));
#5671=CARTESIAN_POINT('Origin',(-97.5,26.,-112.3));
#5672=CARTESIAN_POINT('',(-95.,25.5,-112.3));
#5673=CARTESIAN_POINT('Origin',(-97.5,27.,-112.5));
#5674=CARTESIAN_POINT('',(-97.5,26.5,-111.8));
#5675=CARTESIAN_POINT('',(-97.5,27.,-111.8));
#5676=CARTESIAN_POINT('',(-97.5,27.,-112.3));
#5677=CARTESIAN_POINT('Origin',(-97.5,26.5,-112.3));
#5678=CARTESIAN_POINT('',(-97.5,27.,-112.5));
#5679=CARTESIAN_POINT('',(-97.5,27.,-112.5));
#5680=CARTESIAN_POINT('',(-97.5,25.5,-112.5));
#5681=CARTESIAN_POINT('',(-97.5,25.5000000000003,-112.5));
#5682=CARTESIAN_POINT('',(-97.5,25.5,-112.5));
#5683=CARTESIAN_POINT('Origin',(-92.5,26.25,-111.8));
#5684=CARTESIAN_POINT('',(-87.5,26.5,-111.8));
#5685=CARTESIAN_POINT('',(-87.5,25.5,-111.8));
#5686=CARTESIAN_POINT('',(-90.,26.5,-111.8));
#5687=CARTESIAN_POINT('Origin',(-90.,26.5,-112.3));
#5688=CARTESIAN_POINT('',(-87.5,27.,-112.3));
#5689=CARTESIAN_POINT('Origin',(-87.5,26.5,-112.3));
#5690=CARTESIAN_POINT('',(-90.,27.,-112.3));
#5691=CARTESIAN_POINT('Origin',(-35.0000000000001,26.,-112.3));
#5692=CARTESIAN_POINT('',(-27.5000000000001,25.5,-112.3));
#5693=CARTESIAN_POINT('',(-27.5000000000001,26.,-111.8));
#5694=CARTESIAN_POINT('Origin',(-27.5000000000001,26.,-112.3));
#5695=CARTESIAN_POINT('',(-37.5000000000001,26.,-111.8));
#5696=CARTESIAN_POINT('',(-35.0000000000001,26.,-111.8));
#5697=CARTESIAN_POINT('',(-37.5000000000001,25.5,-112.3));
#5698=CARTESIAN_POINT('Origin',(-37.5000000000001,26.,-112.3));
#5699=CARTESIAN_POINT('',(-35.0000000000001,25.5,-112.3));
#5700=CARTESIAN_POINT('Origin',(-37.5000000000001,27.,-112.5));
#5701=CARTESIAN_POINT('',(-37.5000000000001,26.5,-111.8));
#5702=CARTESIAN_POINT('',(-37.5000000000001,27.,-111.8));
#5703=CARTESIAN_POINT('',(-37.5000000000001,27.,-112.3));
#5704=CARTESIAN_POINT('Origin',(-37.5000000000001,26.5,-112.3));
#5705=CARTESIAN_POINT('',(-37.5000000000001,27.,-112.5));
#5706=CARTESIAN_POINT('',(-37.5000000000001,27.,-112.5));
#5707=CARTESIAN_POINT('',(-37.5000000000001,25.5,-112.5));
#5708=CARTESIAN_POINT('',(-37.5000000000001,25.5,-112.5));
#5709=CARTESIAN_POINT('',(-37.5000000000001,25.5,-112.5));
#5710=CARTESIAN_POINT('Origin',(-32.5000000000001,26.25,-111.8));
#5711=CARTESIAN_POINT('',(-27.5000000000001,26.5,-111.8));
#5712=CARTESIAN_POINT('',(-27.5000000000001,25.5,-111.8));
#5713=CARTESIAN_POINT('',(-30.0000000000001,26.5,-111.8));
#5714=CARTESIAN_POINT('Origin',(-30.0000000000001,26.5,-112.3));
#5715=CARTESIAN_POINT('',(-27.5000000000001,27.,-112.3));
#5716=CARTESIAN_POINT('Origin',(-27.5000000000001,26.5,-112.3));
#5717=CARTESIAN_POINT('',(-30.0000000000001,27.,-112.3));
#5718=CARTESIAN_POINT('Origin',(-37.5000000000001,25.5,-112.5));
#5719=CARTESIAN_POINT('',(-27.5000000000001,25.5,-112.5));
#5720=CARTESIAN_POINT('',(-20.,25.5,-112.5));
#5721=CARTESIAN_POINT('',(-27.5000000000001,25.5,-112.5));
#5722=CARTESIAN_POINT('Origin',(-27.5000000000001,27.,-112.5));
#5723=CARTESIAN_POINT('',(-27.5000000000001,27.,-112.5));
#5724=CARTESIAN_POINT('',(-27.5000000000001,27.,-112.5));
#5725=CARTESIAN_POINT('',(-2.50000000000006,27.,-112.5));
#5726=CARTESIAN_POINT('Origin',(-27.5000000000001,25.5,-112.5));
#5727=CARTESIAN_POINT('',(-27.5000000000001,24.75,-112.5));
#5728=CARTESIAN_POINT('Origin',(-97.5,25.5,-112.5));
#5729=CARTESIAN_POINT('',(-87.5,25.5,-112.5));
#5730=CARTESIAN_POINT('',(-50.,25.5,-112.5));
#5731=CARTESIAN_POINT('',(-87.5,25.5,-112.5));
#5732=CARTESIAN_POINT('Origin',(-87.5,27.,-112.5));
#5733=CARTESIAN_POINT('',(-87.5,27.,-112.5));
#5734=CARTESIAN_POINT('',(-87.5,27.,-112.5));
#5735=CARTESIAN_POINT('',(-2.50000000000006,27.,-112.5));
#5736=CARTESIAN_POINT('Origin',(-87.5,25.5,-112.5));
#5737=CARTESIAN_POINT('',(-87.5,24.75,-112.5));
#5738=CARTESIAN_POINT('Origin',(-105.,26.2,-2.80000000000002));
#5739=CARTESIAN_POINT('',(-112.5,25.5,-2.80000000000002));
#5740=CARTESIAN_POINT('',(-112.5,26.2,-3.50000000000002));
#5741=CARTESIAN_POINT('Origin',(-112.5,26.2,-2.80000000000002));
#5742=CARTESIAN_POINT('',(-102.5,26.2,-3.50000000000002));
#5743=CARTESIAN_POINT('',(-105.,26.2,-3.50000000000002));
#5744=CARTESIAN_POINT('',(-102.5,25.5,-2.80000000000002));
#5745=CARTESIAN_POINT('Origin',(-102.5,26.2,-2.80000000000002));
#5746=CARTESIAN_POINT('',(-105.,25.5,-2.80000000000002));
#5747=CARTESIAN_POINT('Origin',(-102.5,27.,-2.50000000000002));
#5748=CARTESIAN_POINT('',(-102.5,26.3,-3.50000000000002));
#5749=CARTESIAN_POINT('',(-102.5,27.,-3.50000000000002));
#5750=CARTESIAN_POINT('',(-102.5,27.,-2.80000000000002));
#5751=CARTESIAN_POINT('Origin',(-102.5,26.3,-2.80000000000002));
#5752=CARTESIAN_POINT('',(-102.5,27.,-2.50000000000002));
#5753=CARTESIAN_POINT('',(-102.5,27.,-2.50000000000002));
#5754=CARTESIAN_POINT('',(-102.5,25.5,-2.50000000000002));
#5755=CARTESIAN_POINT('',(-102.5,25.5,-2.50000000000002));
#5756=CARTESIAN_POINT('',(-102.5,25.5,-2.50000000000002));
#5757=CARTESIAN_POINT('Origin',(-107.5,26.25,-3.50000000000002));
#5758=CARTESIAN_POINT('',(-112.5,26.3,-3.50000000000002));
#5759=CARTESIAN_POINT('',(-112.5,25.5,-3.50000000000002));
#5760=CARTESIAN_POINT('',(-110.,26.3,-3.50000000000002));
#5761=CARTESIAN_POINT('Origin',(-110.,26.3,-2.80000000000002));
#5762=CARTESIAN_POINT('',(-112.5,27.,-2.80000000000002));
#5763=CARTESIAN_POINT('Origin',(-112.5,26.3,-2.80000000000002));
#5764=CARTESIAN_POINT('',(-110.,27.,-2.80000000000002));
#5765=CARTESIAN_POINT('Origin',(-75.,26.2,-2.80000000000002));
#5766=CARTESIAN_POINT('',(-82.5,25.5,-2.80000000000002));
#5767=CARTESIAN_POINT('',(-82.5,26.2,-3.50000000000002));
#5768=CARTESIAN_POINT('Origin',(-82.5,26.2,-2.80000000000002));
#5769=CARTESIAN_POINT('',(-72.5,26.2,-3.50000000000002));
#5770=CARTESIAN_POINT('',(-75.,26.2,-3.50000000000002));
#5771=CARTESIAN_POINT('',(-72.5,25.5,-2.80000000000002));
#5772=CARTESIAN_POINT('Origin',(-72.5,26.2,-2.80000000000002));
#5773=CARTESIAN_POINT('',(-75.,25.5,-2.80000000000002));
#5774=CARTESIAN_POINT('Origin',(-72.5,27.,-2.50000000000002));
#5775=CARTESIAN_POINT('',(-72.5,26.3,-3.50000000000002));
#5776=CARTESIAN_POINT('',(-72.5,27.,-3.50000000000002));
#5777=CARTESIAN_POINT('',(-72.5,27.,-2.80000000000002));
#5778=CARTESIAN_POINT('Origin',(-72.5,26.3,-2.80000000000002));
#5779=CARTESIAN_POINT('',(-72.5,27.,-2.50000000000002));
#5780=CARTESIAN_POINT('',(-72.5,27.,-2.50000000000002));
#5781=CARTESIAN_POINT('',(-72.5,25.5,-2.50000000000002));
#5782=CARTESIAN_POINT('',(-72.5,25.5,-2.50000000000002));
#5783=CARTESIAN_POINT('',(-72.5,25.5,-2.50000000000002));
#5784=CARTESIAN_POINT('Origin',(-77.5,26.25,-3.50000000000002));
#5785=CARTESIAN_POINT('',(-82.5,26.3,-3.50000000000002));
#5786=CARTESIAN_POINT('',(-82.5,25.5,-3.50000000000002));
#5787=CARTESIAN_POINT('',(-80.,26.3,-3.50000000000002));
#5788=CARTESIAN_POINT('Origin',(-80.,26.3,-2.80000000000002));
#5789=CARTESIAN_POINT('',(-82.5,27.,-2.80000000000002));
#5790=CARTESIAN_POINT('Origin',(-82.5,26.3,-2.80000000000002));
#5791=CARTESIAN_POINT('',(-80.,27.,-2.80000000000002));
#5792=CARTESIAN_POINT('Origin',(-45.,26.2,-2.80000000000002));
#5793=CARTESIAN_POINT('',(-52.5,25.5,-2.80000000000002));
#5794=CARTESIAN_POINT('',(-52.5,26.2,-3.50000000000002));
#5795=CARTESIAN_POINT('Origin',(-52.5,26.2,-2.80000000000002));
#5796=CARTESIAN_POINT('',(-42.5,26.2,-3.50000000000002));
#5797=CARTESIAN_POINT('',(-45.,26.2,-3.50000000000002));
#5798=CARTESIAN_POINT('',(-42.5,25.5,-2.80000000000002));
#5799=CARTESIAN_POINT('Origin',(-42.5,26.2,-2.80000000000002));
#5800=CARTESIAN_POINT('',(-45.,25.5,-2.80000000000002));
#5801=CARTESIAN_POINT('Origin',(-42.5,27.,-2.50000000000002));
#5802=CARTESIAN_POINT('',(-42.5,26.3,-3.50000000000002));
#5803=CARTESIAN_POINT('',(-42.5,27.,-3.50000000000002));
#5804=CARTESIAN_POINT('',(-42.5,27.,-2.80000000000001));
#5805=CARTESIAN_POINT('Origin',(-42.5,26.3,-2.80000000000001));
#5806=CARTESIAN_POINT('',(-42.5,27.,-2.50000000000002));
#5807=CARTESIAN_POINT('',(-42.5,27.,-2.50000000000002));
#5808=CARTESIAN_POINT('',(-42.5,25.5,-2.50000000000002));
#5809=CARTESIAN_POINT('',(-42.5,25.5,-2.50000000000002));
#5810=CARTESIAN_POINT('',(-42.5,25.5,-2.50000000000002));
#5811=CARTESIAN_POINT('Origin',(-47.5,26.25,-3.50000000000002));
#5812=CARTESIAN_POINT('',(-52.5,26.3,-3.50000000000002));
#5813=CARTESIAN_POINT('',(-52.5,25.5,-3.50000000000002));
#5814=CARTESIAN_POINT('',(-50.,26.3,-3.50000000000002));
#5815=CARTESIAN_POINT('Origin',(-50.,26.3,-2.80000000000001));
#5816=CARTESIAN_POINT('',(-52.5,27.,-2.80000000000001));
#5817=CARTESIAN_POINT('Origin',(-52.5,26.3,-2.80000000000001));
#5818=CARTESIAN_POINT('',(-50.,27.,-2.80000000000001));
#5819=CARTESIAN_POINT('Origin',(-15.,26.2,-2.80000000000002));
#5820=CARTESIAN_POINT('',(-22.5,25.5,-2.80000000000002));
#5821=CARTESIAN_POINT('',(-22.5,26.2,-3.50000000000002));
#5822=CARTESIAN_POINT('Origin',(-22.5,26.2,-2.80000000000002));
#5823=CARTESIAN_POINT('',(-12.5,26.2,-3.50000000000002));
#5824=CARTESIAN_POINT('',(-15.,26.2,-3.50000000000002));
#5825=CARTESIAN_POINT('',(-12.5,25.5,-2.80000000000002));
#5826=CARTESIAN_POINT('Origin',(-12.5,26.2,-2.80000000000002));
#5827=CARTESIAN_POINT('',(-15.,25.5,-2.80000000000002));
#5828=CARTESIAN_POINT('Origin',(-12.5,27.,-2.50000000000002));
#5829=CARTESIAN_POINT('',(-12.5,26.3,-3.50000000000002));
#5830=CARTESIAN_POINT('',(-12.5,27.,-3.50000000000002));
#5831=CARTESIAN_POINT('',(-12.5,27.,-2.80000000000001));
#5832=CARTESIAN_POINT('Origin',(-12.5,26.3,-2.80000000000001));
#5833=CARTESIAN_POINT('',(-12.5,27.,-2.50000000000002));
#5834=CARTESIAN_POINT('',(-12.5,27.,-2.50000000000002));
#5835=CARTESIAN_POINT('',(-12.5,25.5,-2.50000000000002));
#5836=CARTESIAN_POINT('',(-12.5,25.5,-2.50000000000002));
#5837=CARTESIAN_POINT('',(-12.5,25.5,-2.50000000000002));
#5838=CARTESIAN_POINT('Origin',(-17.5,26.25,-3.50000000000002));
#5839=CARTESIAN_POINT('',(-22.5,26.3,-3.50000000000002));
#5840=CARTESIAN_POINT('',(-22.5,25.5,-3.50000000000002));
#5841=CARTESIAN_POINT('',(-20.,26.3,-3.50000000000002));
#5842=CARTESIAN_POINT('Origin',(-20.,26.3,-2.80000000000001));
#5843=CARTESIAN_POINT('',(-22.5,27.,-2.80000000000001));
#5844=CARTESIAN_POINT('Origin',(-22.5,26.3,-2.80000000000001));
#5845=CARTESIAN_POINT('',(-20.,27.,-2.80000000000001));
#5846=CARTESIAN_POINT('Origin',(-12.5,25.5,-2.50000000000002));
#5847=CARTESIAN_POINT('',(-22.5,25.5,-2.50000000000002));
#5848=CARTESIAN_POINT('',(-67.5000000000001,25.5,-2.50000000000002));
#5849=CARTESIAN_POINT('',(-22.5,25.5,-2.50000000000002));
#5850=CARTESIAN_POINT('Origin',(-22.5,27.,-2.50000000000002));
#5851=CARTESIAN_POINT('',(-22.5,27.,-2.50000000000002));
#5852=CARTESIAN_POINT('',(-22.5,27.,-2.50000000000002));
#5853=CARTESIAN_POINT('',(-122.5,27.,-2.50000000000005));
#5854=CARTESIAN_POINT('Origin',(-22.5,25.5,-2.50000000000002));
#5855=CARTESIAN_POINT('',(-22.5,24.75,-2.50000000000002));
#5856=CARTESIAN_POINT('Origin',(-102.5,25.5,-2.50000000000002));
#5857=CARTESIAN_POINT('',(-112.5,25.5,-2.50000000000002));
#5858=CARTESIAN_POINT('',(-112.5,25.5,-2.50000000000002));
#5859=CARTESIAN_POINT('',(-112.5,25.5,-2.50000000000002));
#5860=CARTESIAN_POINT('Origin',(-112.5,27.,-2.50000000000002));
#5861=CARTESIAN_POINT('',(-112.5,27.,-2.50000000000002));
#5862=CARTESIAN_POINT('',(-112.5,27.,-2.50000000000002));
#5863=CARTESIAN_POINT('',(-122.5,27.,-2.50000000000005));
#5864=CARTESIAN_POINT('Origin',(-112.5,25.5,-2.50000000000002));
#5865=CARTESIAN_POINT('',(-112.5,24.75,-2.50000000000002));
#5866=CARTESIAN_POINT('Origin',(-42.5,25.5,-2.50000000000002));
#5867=CARTESIAN_POINT('',(-52.5,25.5,-2.50000000000002));
#5868=CARTESIAN_POINT('',(-82.5000000000001,25.5,-2.50000000000002));
#5869=CARTESIAN_POINT('',(-52.5,25.5,-2.50000000000002));
#5870=CARTESIAN_POINT('Origin',(-52.5,27.,-2.50000000000002));
#5871=CARTESIAN_POINT('',(-52.5,27.,-2.50000000000002));
#5872=CARTESIAN_POINT('',(-52.5,27.,-2.50000000000002));
#5873=CARTESIAN_POINT('',(-122.5,27.,-2.50000000000005));
#5874=CARTESIAN_POINT('Origin',(-52.5,25.5,-2.50000000000002));
#5875=CARTESIAN_POINT('',(-52.5,24.75,-2.50000000000002));
#5876=CARTESIAN_POINT('Origin',(-72.5,25.5,-2.50000000000002));
#5877=CARTESIAN_POINT('',(-82.5,25.5,-2.50000000000002));
#5878=CARTESIAN_POINT('',(-97.5000000000001,25.5,-2.50000000000002));
#5879=CARTESIAN_POINT('',(-82.5,25.5,-2.50000000000002));
#5880=CARTESIAN_POINT('Origin',(-82.5,27.,-2.50000000000002));
#5881=CARTESIAN_POINT('',(-82.5,27.,-2.50000000000002));
#5882=CARTESIAN_POINT('',(-82.5,27.,-2.50000000000002));
#5883=CARTESIAN_POINT('',(-122.5,27.,-2.50000000000005));
#5884=CARTESIAN_POINT('Origin',(-82.5,25.5,-2.50000000000002));
#5885=CARTESIAN_POINT('',(-82.5,24.75,-2.50000000000002));
#5886=CARTESIAN_POINT('Origin',(-108.,4.,-11.6));
#5887=CARTESIAN_POINT('',(-111.,3.5,-11.6));
#5888=CARTESIAN_POINT('',(-111.,4.,-12.1));
#5889=CARTESIAN_POINT('Origin',(-111.,4.,-11.6));
#5890=CARTESIAN_POINT('',(-107.,4.,-12.1));
#5891=CARTESIAN_POINT('',(-108.,4.,-12.1));
#5892=CARTESIAN_POINT('',(-107.,3.5,-11.6));
#5893=CARTESIAN_POINT('Origin',(-107.,4.,-11.6));
#5894=CARTESIAN_POINT('',(-107.,3.5,-11.6));
#5895=CARTESIAN_POINT('Origin',(-109.,4.5,-12.1));
#5896=CARTESIAN_POINT('',(-111.,5.,-12.1));
#5897=CARTESIAN_POINT('',(-111.,3.5,-12.1));
#5898=CARTESIAN_POINT('',(-107.,5.,-12.1));
#5899=CARTESIAN_POINT('',(-110.,5.,-12.1));
#5900=CARTESIAN_POINT('',(-107.,8.,-12.1));
#5901=CARTESIAN_POINT('Origin',(-111.,3.5,-11.6));
#5902=CARTESIAN_POINT('',(-111.,5.5,-11.6));
#5903=CARTESIAN_POINT('',(-111.,2.25,-11.6));
#5904=CARTESIAN_POINT('Origin',(-111.,5.,-11.6));
#5905=CARTESIAN_POINT('Origin',(-110.,5.,-11.6));
#5906=CARTESIAN_POINT('',(-107.,5.5,-11.6));
#5907=CARTESIAN_POINT('Origin',(-107.,5.,-11.6));
#5908=CARTESIAN_POINT('',(-109.,5.5,-11.6));
#5909=CARTESIAN_POINT('Origin',(-110.,4.,-88.));
#5910=CARTESIAN_POINT('',(-107.,3.5,-88.));
#5911=CARTESIAN_POINT('',(-107.,4.,-87.5));
#5912=CARTESIAN_POINT('Origin',(-107.,4.,-88.));
#5913=CARTESIAN_POINT('',(-111.,4.,-87.5));
#5914=CARTESIAN_POINT('',(-110.,4.,-87.5));
#5915=CARTESIAN_POINT('',(-111.,3.5,-88.));
#5916=CARTESIAN_POINT('Origin',(-111.,4.,-88.));
#5917=CARTESIAN_POINT('',(-117.5,3.5,-88.));
#5918=CARTESIAN_POINT('Origin',(-111.,5.5,-88.));
#5919=CARTESIAN_POINT('',(-111.,5.,-87.5));
#5920=CARTESIAN_POINT('',(-111.,5.5,-87.5));
#5921=CARTESIAN_POINT('',(-111.,5.5,-88.));
#5922=CARTESIAN_POINT('Origin',(-111.,5.,-88.));
#5923=CARTESIAN_POINT('',(-111.,3.25000000000001,-88.));
#5924=CARTESIAN_POINT('Origin',(-109.,4.5,-87.5));
#5925=CARTESIAN_POINT('',(-107.,5.,-87.5));
#5926=CARTESIAN_POINT('',(-107.,1.,-87.5));
#5927=CARTESIAN_POINT('',(-108.,5.,-87.5));
#5928=CARTESIAN_POINT('Origin',(-108.,5.,-88.));
#5929=CARTESIAN_POINT('',(-107.,5.5,-88.));
#5930=CARTESIAN_POINT('Origin',(-107.,5.,-88.));
#5931=CARTESIAN_POINT('',(-115.5,5.5,-88.));
#5932=CARTESIAN_POINT('Origin',(-107.,1.,-10.6));
#5933=CARTESIAN_POINT('',(-107.,1.,-11.6));
#5934=CARTESIAN_POINT('',(-107.,1.,-10.6));
#5935=CARTESIAN_POINT('',(-107.,1.,-10.6));
#5936=CARTESIAN_POINT('',(-107.,1.,-11.6));
#5937=CARTESIAN_POINT('',(-107.,1.,-34.05));
#5938=CARTESIAN_POINT('',(-107.,1.,-11.6));
#5939=CARTESIAN_POINT('Origin',(-116.,1.,-10.6));
#5940=CARTESIAN_POINT('',(-89.25,1.,-10.6));
#5941=CARTESIAN_POINT('Origin',(-117.,1.,-5.59999999999999));
#5942=CARTESIAN_POINT('',(-117.,1.,-5.59999999999999));
#5943=CARTESIAN_POINT('',(-117.,1.,-5.59999999999999));
#5944=CARTESIAN_POINT('',(-89.75,1.,-5.59999999999999));
#5945=CARTESIAN_POINT('Origin',(-117.,1.,-10.6));
#5946=CARTESIAN_POINT('',(-117.,1.,-10.6));
#5947=CARTESIAN_POINT('',(-117.,1.,-10.6));
#5948=CARTESIAN_POINT('',(-117.,1.,-34.05));
#5949=CARTESIAN_POINT('Origin',(-124.,1.,-10.6));
#5950=CARTESIAN_POINT('',(-124.,1.,-10.6));
#5951=CARTESIAN_POINT('',(-93.25,1.,-10.6));
#5952=CARTESIAN_POINT('',(-124.,1.,-10.6));
#5953=CARTESIAN_POINT('Origin',(-107.,1.,-11.6));
#5954=CARTESIAN_POINT('',(-124.,1.,-11.6));
#5955=CARTESIAN_POINT('',(-84.75,1.,-11.6));
#5956=CARTESIAN_POINT('',(-124.,1.,-11.6));
#5957=CARTESIAN_POINT('Origin',(-107.,1.,-88.));
#5958=CARTESIAN_POINT('',(-107.,1.,-88.));
#5959=CARTESIAN_POINT('',(-107.,1.,-88.));
#5960=CARTESIAN_POINT('',(-107.,1.,-89.));
#5961=CARTESIAN_POINT('',(-107.,1.,-72.75));
#5962=CARTESIAN_POINT('',(-107.,1.,-89.));
#5963=CARTESIAN_POINT('',(-107.,1.,-88.));
#5964=CARTESIAN_POINT('Origin',(-124.,1.,-88.));
#5965=CARTESIAN_POINT('',(-124.,1.,-88.));
#5966=CARTESIAN_POINT('',(-124.,1.,-88.));
#5967=CARTESIAN_POINT('',(-93.25,1.,-88.));
#5968=CARTESIAN_POINT('Origin',(-117.,1.,-89.));
#5969=CARTESIAN_POINT('',(-124.,1.,-89.));
#5970=CARTESIAN_POINT('',(-89.75,1.,-89.));
#5971=CARTESIAN_POINT('',(-124.,1.,-89.));
#5972=CARTESIAN_POINT('Origin',(-116.,1.,-94.));
#5973=CARTESIAN_POINT('',(-116.,1.,-94.));
#5974=CARTESIAN_POINT('',(-116.,1.,-94.));
#5975=CARTESIAN_POINT('',(-89.25,1.,-94.));
#5976=CARTESIAN_POINT('Origin',(-116.,1.,-89.));
#5977=CARTESIAN_POINT('',(-116.,1.,-89.));
#5978=CARTESIAN_POINT('',(-116.,1.,-89.));
#5979=CARTESIAN_POINT('',(-116.,1.,-73.25));
#5980=CARTESIAN_POINT('Origin',(-107.,1.,-89.));
#5981=CARTESIAN_POINT('',(-84.75,1.,-89.));
#5982=CARTESIAN_POINT('Origin',(-124.,1.,-114.));
#5983=CARTESIAN_POINT('',(-124.,1.,-85.75));
#5984=CARTESIAN_POINT('',(-124.,1.,-114.));
#5985=CARTESIAN_POINT('',(-124.,1.,-85.75));
#5986=CARTESIAN_POINT('',(-124.,21.,-114.));
#5987=CARTESIAN_POINT('',(-124.,1.,-114.));
#5988=CARTESIAN_POINT('',(-124.,21.,-0.999999999999996));
#5989=CARTESIAN_POINT('',(-124.,21.,-114.));
#5990=CARTESIAN_POINT('',(-124.,1.,-0.999999999999996));
#5991=CARTESIAN_POINT('',(-124.,1.,-1.00000000000001));
#5992=CARTESIAN_POINT('',(-124.,1.,-85.75));
#5993=CARTESIAN_POINT('',(-124.,17.5,-107.));
#5994=CARTESIAN_POINT('',(-124.,17.5,-111.));
#5995=CARTESIAN_POINT('Origin',(-124.,17.5,-109.));
#5996=CARTESIAN_POINT('',(-124.,6.5,-111.));
#5997=CARTESIAN_POINT('',(-124.,3.75,-111.));
#5998=CARTESIAN_POINT('',(-124.,6.5,-107.));
#5999=CARTESIAN_POINT('Origin',(-124.,6.5,-109.));
#6000=CARTESIAN_POINT('',(-124.,9.25,-107.));
#6001=CARTESIAN_POINT('',(-124.,17.5,-99.));
#6002=CARTESIAN_POINT('',(-124.,17.5,-103.));
#6003=CARTESIAN_POINT('Origin',(-124.,17.5,-101.));
#6004=CARTESIAN_POINT('',(-124.,6.5,-103.));
#6005=CARTESIAN_POINT('',(-124.,3.75,-103.));
#6006=CARTESIAN_POINT('',(-124.,6.5,-99.));
#6007=CARTESIAN_POINT('Origin',(-124.,6.5,-101.));
#6008=CARTESIAN_POINT('',(-124.,9.25,-99.));
#6009=CARTESIAN_POINT('Origin',(-1.,1.,-28.75));
#6010=CARTESIAN_POINT('',(-1.38777878078145E-16,1.,-1.));
#6011=CARTESIAN_POINT('',(-0.999999999999996,0.,-0.999999999999996));
#6012=CARTESIAN_POINT('Origin',(-0.999999999999996,1.,-1.));
#6013=CARTESIAN_POINT('',(-1.00000000000001,0.,-114.));
#6014=CARTESIAN_POINT('',(-1.,0.,-28.75));
#6015=CARTESIAN_POINT('',(-1.84574577843932E-14,1.,-114.));
#6016=CARTESIAN_POINT('Origin',(-1.00000000000001,1.,-114.));
#6017=CARTESIAN_POINT('',(-4.71844785465692E-15,1.,-28.75));
#6018=CARTESIAN_POINT('Origin',(-31.25,1.,-114.));
#6019=CARTESIAN_POINT('',(-1.00000000000002,1.,-115.));
#6020=CARTESIAN_POINT('Origin',(-1.00000000000002,1.,-114.));
#6021=CARTESIAN_POINT('',(-124.,0.,-114.));
#6022=CARTESIAN_POINT('',(-31.25,0.,-114.));
#6023=CARTESIAN_POINT('',(-124.,1.,-115.));
#6024=CARTESIAN_POINT('Origin',(-124.,1.,-114.));
#6025=CARTESIAN_POINT('',(-31.25,1.,-115.));
#6026=CARTESIAN_POINT('Origin',(-1.00000000000002,1.,-114.));
#6027=CARTESIAN_POINT('Origin',(-1.00000000000002,1.,-114.));
#6028=CARTESIAN_POINT('Origin',(-124.,1.,-86.25));
#6029=CARTESIAN_POINT('',(-125.,1.,-114.));
#6030=CARTESIAN_POINT('Origin',(-124.,1.,-114.));
#6031=CARTESIAN_POINT('',(-124.,0.,-0.999999999999996));
#6032=CARTESIAN_POINT('',(-124.,0.,-86.25));
#6033=CARTESIAN_POINT('',(-125.,1.,-0.999999999999997));
#6034=CARTESIAN_POINT('Origin',(-124.,1.,-0.999999999999996));
#6035=CARTESIAN_POINT('',(-125.,1.,-86.25));
#6036=CARTESIAN_POINT('Origin',(-124.,1.,-114.));
#6037=CARTESIAN_POINT('Origin',(-124.,1.,-114.));
#6038=CARTESIAN_POINT('Origin',(-93.7500000000001,1.,-0.999999999999996));
#6039=CARTESIAN_POINT('',(-124.,1.,0.));
#6040=CARTESIAN_POINT('Origin',(-124.,1.,-0.999999999999996));
#6041=CARTESIAN_POINT('',(-93.7500000000001,0.,-0.999999999999996));
#6042=CARTESIAN_POINT('',(-0.999999999999996,1.,0.));
#6043=CARTESIAN_POINT('Origin',(-0.999999999999996,1.,-0.999999999999996));
#6044=CARTESIAN_POINT('',(-93.7500000000001,1.,0.));
#6045=CARTESIAN_POINT('Origin',(-124.,1.,-0.999999999999996));
#6046=CARTESIAN_POINT('Origin',(-124.,1.,-0.999999999999996));
#6047=CARTESIAN_POINT('Origin',(-0.999999999999996,1.,-1.));
#6048=CARTESIAN_POINT('Origin',(-0.999999999999996,1.,-1.));
#6049=CARTESIAN_POINT('Origin',(-124.,0.,-114.));
#6050=CARTESIAN_POINT('',(-125.,24.5,-114.));
#6051=CARTESIAN_POINT('',(-125.,0.,-114.));
#6052=CARTESIAN_POINT('',(-124.,24.5,-115.));
#6053=CARTESIAN_POINT('Origin',(-124.,24.5,-114.));
#6054=CARTESIAN_POINT('',(-124.,0.,-115.));
#6055=CARTESIAN_POINT('Origin',(-125.,0.,-115.));
#6056=CARTESIAN_POINT('',(-125.,24.5,-0.999999999999996));
#6057=CARTESIAN_POINT('',(-125.,0.,-0.999999999999997));
#6058=CARTESIAN_POINT('',(-125.,24.5,-115.));
#6059=CARTESIAN_POINT('',(-125.,17.5,-111.));
#6060=CARTESIAN_POINT('',(-125.,17.5,-107.));
#6061=CARTESIAN_POINT('Origin',(-125.,17.5,-109.));
#6062=CARTESIAN_POINT('',(-125.,6.5,-107.));
#6063=CARTESIAN_POINT('',(-125.,8.75,-107.));
#6064=CARTESIAN_POINT('',(-125.,6.5,-111.));
#6065=CARTESIAN_POINT('Origin',(-125.,6.5,-109.));
#6066=CARTESIAN_POINT('',(-125.,3.25,-111.));
#6067=CARTESIAN_POINT('',(-125.,17.5,-103.));
#6068=CARTESIAN_POINT('',(-125.,17.5,-99.));
#6069=CARTESIAN_POINT('Origin',(-125.,17.5,-101.));
#6070=CARTESIAN_POINT('',(-125.,6.5,-99.));
#6071=CARTESIAN_POINT('',(-125.,8.75,-99.));
#6072=CARTESIAN_POINT('',(-125.,6.5,-103.));
#6073=CARTESIAN_POINT('Origin',(-125.,6.5,-101.));
#6074=CARTESIAN_POINT('',(-125.,3.25,-103.));
#6075=CARTESIAN_POINT('Origin',(-124.,0.,-0.999999999999996));
#6076=CARTESIAN_POINT('',(-124.,24.5,-3.5527136788005E-14));
#6077=CARTESIAN_POINT('',(-124.,0.,0.));
#6078=CARTESIAN_POINT('Origin',(-124.,24.5,-0.999999999999996));
#6079=CARTESIAN_POINT('Origin',(-125.,0.,8.75811540203011E-46));
#6080=CARTESIAN_POINT('',(-0.999999999999996,24.5,-3.5527136788005E-14));
#6081=CARTESIAN_POINT('',(-0.999999999999996,0.,0.));
#6082=CARTESIAN_POINT('',(-125.,24.5,-3.5527136788005E-14));
#6083=CARTESIAN_POINT('',(-55.,12.2,3.85357077689324E-46));
#6084=CARTESIAN_POINT('',(-55.,6.2,3.85357077689324E-46));
#6085=CARTESIAN_POINT('',(-55.,7.1,3.85357077689324E-46));
#6086=CARTESIAN_POINT('',(-57.,4.2,3.99370062332573E-46));
#6087=CARTESIAN_POINT('Origin',(-57.,6.2,8.75811540203011E-46));
#6088=CARTESIAN_POINT('',(-68.,4.2,4.76441477870438E-46));
#6089=CARTESIAN_POINT('',(-90.,4.2,6.30584308946167E-46));
#6090=CARTESIAN_POINT('',(-70.,6.2,4.90454462513686E-46));
#6091=CARTESIAN_POINT('Origin',(-68.,6.2,8.75811540203011E-46));
#6092=CARTESIAN_POINT('',(-70.,12.2,4.90454462513686E-46));
#6093=CARTESIAN_POINT('',(-70.,2.1,4.90454462513686E-46));
#6094=CARTESIAN_POINT('',(-68.,14.2,4.76441477870438E-46));
#6095=CARTESIAN_POINT('Origin',(-68.,12.2,8.75811540203011E-46));
#6096=CARTESIAN_POINT('',(-57.,14.2,3.99370062332573E-46));
#6097=CARTESIAN_POINT('',(-97.5,14.2,6.83133001358348E-46));
#6098=CARTESIAN_POINT('Origin',(-57.,12.2,8.75811540203011E-46));
#6099=CARTESIAN_POINT('',(-14.,17.5,-3.39814877598768E-46));
#6100=CARTESIAN_POINT('',(-14.,6.5,-3.39814877598768E-46));
#6101=CARTESIAN_POINT('',(-14.,8.74999999999973,9.80908925027373E-47));
#6102=CARTESIAN_POINT('',(-18.,6.50000000000001,-3.11788908312272E-46));
#6103=CARTESIAN_POINT('Origin',(-16.,6.5,8.75811540203011E-46));
#6104=CARTESIAN_POINT('',(-18.,17.5,-3.11788908312272E-46));
#6105=CARTESIAN_POINT('',(-18.,3.24999999999983,1.26116861789234E-46));
#6106=CARTESIAN_POINT('Origin',(-16.,17.5,8.75811540203011E-46));
#6107=CARTESIAN_POINT('',(-6.,17.5,-3.95866816171761E-46));
#6108=CARTESIAN_POINT('',(-6.,6.5,-3.95866816171761E-46));
#6109=CARTESIAN_POINT('',(-6.,8.75,4.20389539297445E-47));
#6110=CARTESIAN_POINT('',(-9.99999999999996,6.5,-3.67840846885265E-46));
#6111=CARTESIAN_POINT('Origin',(-7.99999999999999,6.5,8.75811540203011E-46));
#6112=CARTESIAN_POINT('',(-9.99999999999996,17.5,-3.67840846885265E-46));
#6113=CARTESIAN_POINT('',(-9.99999999999996,3.25,7.00649232162405E-47));
#6114=CARTESIAN_POINT('Origin',(-7.99999999999999,17.5,8.75811540203011E-46));
#6115=CARTESIAN_POINT('',(-113.,6.5,3.53827862242016E-46));
#6116=CARTESIAN_POINT('',(-113.,17.5,3.53827862242016E-46));
#6117=CARTESIAN_POINT('',(-113.,3.25,7.91733632343522E-46));
#6118=CARTESIAN_POINT('',(-109.,17.5,3.2580189295552E-46));
#6119=CARTESIAN_POINT('Origin',(-111.,17.5,8.75811540203011E-46));
#6120=CARTESIAN_POINT('',(-109.,6.5,3.2580189295552E-46));
#6121=CARTESIAN_POINT('',(-109.,8.75,7.63707663057025E-46));
#6122=CARTESIAN_POINT('Origin',(-111.,6.5,8.75811540203011E-46));
#6123=CARTESIAN_POINT('',(-121.,6.5,4.09879800815009E-46));
#6124=CARTESIAN_POINT('',(-121.,17.5,4.09879800815009E-46));
#6125=CARTESIAN_POINT('',(-121.,3.25,8.47785570916514E-46));
#6126=CARTESIAN_POINT('',(-117.,17.5,3.81853831528513E-46));
#6127=CARTESIAN_POINT('Origin',(-119.,17.5,8.75811540203011E-46));
#6128=CARTESIAN_POINT('',(-117.,6.5,3.81853831528513E-46));
#6129=CARTESIAN_POINT('',(-117.,8.75,8.19759601630018E-46));
#6130=CARTESIAN_POINT('Origin',(-119.,6.5,8.75811540203011E-46));
#6131=CARTESIAN_POINT('Origin',(-62.5,0.,-57.5));
#6132=CARTESIAN_POINT('',(-16.,0.,-103.464101615138));
#6133=CARTESIAN_POINT('',(-12.,0.,-103.464101615138));
#6134=CARTESIAN_POINT('Origin',(-14.,0.,-100.));
#6135=CARTESIAN_POINT('',(-12.,0.,-107.));
#6136=CARTESIAN_POINT('',(-12.0000000000001,0.,-80.4820508075688));
#6137=CARTESIAN_POINT('',(-16.,0.,-107.));
#6138=CARTESIAN_POINT('Origin',(-14.,0.,-107.));
#6139=CARTESIAN_POINT('',(-16.0000000000001,0.,-82.2499999999999));
#6140=CARTESIAN_POINT('',(-109.,0.,-107.));
#6141=CARTESIAN_POINT('',(-113.,0.,-107.));
#6142=CARTESIAN_POINT('Origin',(-111.,0.,-107.));
#6143=CARTESIAN_POINT('',(-113.,0.,-103.464101615138));
#6144=CARTESIAN_POINT('',(-113.,0.,-82.2499999999999));
#6145=CARTESIAN_POINT('',(-109.,0.,-103.464101615138));
#6146=CARTESIAN_POINT('Origin',(-111.,0.,-100.));
#6147=CARTESIAN_POINT('',(-109.,0.,-80.4820508075689));
#6148=CARTESIAN_POINT('Origin',(-125.,6.5,-101.));
#6149=CARTESIAN_POINT('',(-125.,6.5,-103.));
#6150=CARTESIAN_POINT('',(-125.,6.5,-99.));
#6151=CARTESIAN_POINT('Origin',(-125.,17.5,-99.));
#6152=CARTESIAN_POINT('',(-125.,17.5,-99.));
#6153=CARTESIAN_POINT('Origin',(-125.,17.5,-101.));
#6154=CARTESIAN_POINT('',(-125.,17.5,-103.));
#6155=CARTESIAN_POINT('Origin',(-125.,6.5,-103.));
#6156=CARTESIAN_POINT('Origin',(-125.,6.5,-109.));
#6157=CARTESIAN_POINT('',(-125.,6.5,-111.));
#6158=CARTESIAN_POINT('',(-125.,6.5,-107.));
#6159=CARTESIAN_POINT('Origin',(-125.,17.5,-107.));
#6160=CARTESIAN_POINT('',(-125.,17.5,-107.));
#6161=CARTESIAN_POINT('Origin',(-125.,17.5,-109.));
#6162=CARTESIAN_POINT('',(-125.,17.5,-111.));
#6163=CARTESIAN_POINT('Origin',(-125.,6.5,-111.));
#6164=CARTESIAN_POINT('Origin',(-1.66689191508313E-14,17.5,-103.));
#6165=CARTESIAN_POINT('',(-1.66689191508313E-14,17.5,-103.));
#6166=CARTESIAN_POINT('',(-1.66689191508313E-14,6.5,-103.));
#6167=CARTESIAN_POINT('',(-1.66689191508313E-14,8.75000000000017,-103.));
#6168=CARTESIAN_POINT('',(-1.00000000000004,17.5,-103.));
#6169=CARTESIAN_POINT('',(-1.66689191508313E-14,17.5,-103.));
#6170=CARTESIAN_POINT('',(-1.00000000000004,6.5,-103.));
#6171=CARTESIAN_POINT('',(-1.00000000000004,9.25000000000017,-103.));
#6172=CARTESIAN_POINT('',(-1.66689191508313E-14,6.5,-103.));
#6173=CARTESIAN_POINT('Origin',(-1.63452508178055E-14,6.5,-101.));
#6174=CARTESIAN_POINT('',(-1.60215824847796E-14,6.5,-99.));
#6175=CARTESIAN_POINT('Origin',(0.,6.5,-101.));
#6176=CARTESIAN_POINT('',(-1.00000000000003,6.5,-99.));
#6177=CARTESIAN_POINT('Origin',(-1.00000000000002,6.5,-101.));
#6178=CARTESIAN_POINT('',(-1.60215824847796E-14,6.5,-99.));
#6179=CARTESIAN_POINT('Origin',(-1.63452508178055E-14,17.5,-101.));
#6180=CARTESIAN_POINT('',(-1.60215824847796E-14,17.5,-99.));
#6181=CARTESIAN_POINT('Origin',(0.,17.5,-101.));
#6182=CARTESIAN_POINT('',(-1.00000000000003,17.5,-99.));
#6183=CARTESIAN_POINT('',(-1.60215824847796E-14,17.5,-99.));
#6184=CARTESIAN_POINT('Origin',(-1.00000000000002,17.5,-101.));
#6185=CARTESIAN_POINT('Origin',(-1.60215824847796E-14,6.5,-99.));
#6186=CARTESIAN_POINT('',(-1.60215824847797E-14,3.25000000000016,-99.0000000000001));
#6187=CARTESIAN_POINT('',(-1.00000000000003,3.75000000000016,-99.0000000000001));
#6188=CARTESIAN_POINT('Origin',(-1.7316255816883E-14,6.5,-107.));
#6189=CARTESIAN_POINT('',(-1.7316255816883E-14,6.5,-107.));
#6190=CARTESIAN_POINT('',(-1.7316255816883E-14,17.5,-107.));
#6191=CARTESIAN_POINT('',(-1.7316255816883E-14,3.25000000000009,-107.));
#6192=CARTESIAN_POINT('',(-1.00000000000004,6.5,-107.));
#6193=CARTESIAN_POINT('',(-1.7316255816883E-14,6.5,-107.));
#6194=CARTESIAN_POINT('',(-1.00000000000004,17.5,-107.));
#6195=CARTESIAN_POINT('',(-1.00000000000004,3.75000000000009,-107.));
#6196=CARTESIAN_POINT('',(-1.7316255816883E-14,17.5,-107.));
#6197=CARTESIAN_POINT('Origin',(-1.76399241499089E-14,17.5,-109.));
#6198=CARTESIAN_POINT('',(-1.79635924829347E-14,17.5,-111.));
#6199=CARTESIAN_POINT('Origin',(0.,17.5,-109.));
#6200=CARTESIAN_POINT('',(-1.00000000000004,17.5,-111.));
#6201=CARTESIAN_POINT('Origin',(-1.00000000000002,17.5,-109.));
#6202=CARTESIAN_POINT('',(-1.79635924829347E-14,17.5,-111.));
#6203=CARTESIAN_POINT('Origin',(-1.76399241499089E-14,6.5,-109.));
#6204=CARTESIAN_POINT('',(-1.79635924829348E-14,6.50000000000001,-111.));
#6205=CARTESIAN_POINT('Origin',(0.,6.5,-109.));
#6206=CARTESIAN_POINT('',(-1.00000000000004,6.50000000000001,-111.));
#6207=CARTESIAN_POINT('',(-1.79635924829348E-14,6.50000000000001,-111.));
#6208=CARTESIAN_POINT('Origin',(-1.00000000000002,6.5,-109.));
#6209=CARTESIAN_POINT('Origin',(-1.79635924829347E-14,17.5,-111.));
#6210=CARTESIAN_POINT('',(-1.79635924829348E-14,8.75000000000027,-111.));
#6211=CARTESIAN_POINT('',(-1.00000000000004,9.25000000000027,-111.));
#6212=CARTESIAN_POINT('Origin',(0.,0.,0.));
#6213=CARTESIAN_POINT('',(-5.25884529896971E-14,24.5,-114.));
#6214=CARTESIAN_POINT('',(-1.84574577843932E-14,0.,-114.));
#6215=CARTESIAN_POINT('',(-3.43011921737365E-14,24.5,-1.));
#6216=CARTESIAN_POINT('',(-3.41393580072236E-14,24.5,0.));
#6217=CARTESIAN_POINT('',(-1.38777878078145E-16,0.,-1.));
#6218=CARTESIAN_POINT('Origin',(-1.86109291489865E-14,0.,-115.));
#6219=CARTESIAN_POINT('',(-1.00000000000002,24.5,-115.));
#6220=CARTESIAN_POINT('',(-5.275028715621E-14,24.5,-115.));
#6221=CARTESIAN_POINT('',(-1.00000000000002,0.,-115.));
#6222=CARTESIAN_POINT('Origin',(-2.50000000000005,24.5,-112.5));
#6223=CARTESIAN_POINT('',(-2.50000000000006,27.,-112.5));
#6224=CARTESIAN_POINT('Origin',(-2.50000000000005,24.5,-112.5));
#6225=CARTESIAN_POINT('',(-122.5,27.,-112.5));
#6226=CARTESIAN_POINT('Origin',(-122.5,24.5,-112.5));
#6227=CARTESIAN_POINT('',(-2.50000000000006,27.,-112.5));
#6228=CARTESIAN_POINT('',(-2.50000000000006,27.,-112.5));
#6229=CARTESIAN_POINT('',(-2.50000000000006,27.,-112.5));
#6230=CARTESIAN_POINT('Origin',(-1.00000000000004,1.,-114.));
#6231=CARTESIAN_POINT('',(-1.00000000000004,21.,-114.));
#6232=CARTESIAN_POINT('',(-1.00000000000004,21.,-114.));
#6233=CARTESIAN_POINT('',(-1.00000000000004,1.,-114.));
#6234=CARTESIAN_POINT('',(-31.75,1.,-114.));
#6235=CARTESIAN_POINT('',(-1.00000000000004,1.,-114.));
#6236=CARTESIAN_POINT('Origin',(-3.00000000000004,21.,-112.));
#6237=CARTESIAN_POINT('',(-3.00000000000004,23.,-112.));
#6238=CARTESIAN_POINT('Origin',(-3.00000000000004,21.,-112.));
#6239=CARTESIAN_POINT('',(-122.,23.,-112.));
#6240=CARTESIAN_POINT('',(-3.00000000000004,23.,-112.));
#6241=CARTESIAN_POINT('Origin',(-122.,21.,-112.));
#6242=CARTESIAN_POINT('Origin',(-117.,17.5,3.81853831528513E-46));
#6243=CARTESIAN_POINT('',(-117.,6.5,-1.00000000000001));
#6244=CARTESIAN_POINT('',(-117.,17.5,-1.00000000000001));
#6245=CARTESIAN_POINT('',(-117.,9.25,-1.00000000000001));
#6246=CARTESIAN_POINT('',(-117.,6.5,3.81853831528513E-46));
#6247=CARTESIAN_POINT('',(-117.,17.5,3.81853831528513E-46));
#6248=CARTESIAN_POINT('Origin',(-119.,17.5,3.95866816171761E-46));
#6249=CARTESIAN_POINT('',(-121.,17.5,-1.00000000000001));
#6250=CARTESIAN_POINT('Origin',(-119.,17.5,-1.00000000000001));
#6251=CARTESIAN_POINT('',(-121.,17.5,4.09879800815009E-46));
#6252=CARTESIAN_POINT('Origin',(-121.,6.5,4.09879800815009E-46));
#6253=CARTESIAN_POINT('',(-121.,6.5,-1.00000000000001));
#6254=CARTESIAN_POINT('',(-121.,3.75,-1.00000000000001));
#6255=CARTESIAN_POINT('',(-121.,6.5,4.09879800815009E-46));
#6256=CARTESIAN_POINT('Origin',(-119.,6.5,3.95866816171761E-46));
#6257=CARTESIAN_POINT('Origin',(-119.,6.5,-1.00000000000001));
#6258=CARTESIAN_POINT('Origin',(-109.,17.5,3.2580189295552E-46));
#6259=CARTESIAN_POINT('',(-109.,6.5,-1.00000000000001));
#6260=CARTESIAN_POINT('',(-109.,17.5,-1.00000000000001));
#6261=CARTESIAN_POINT('',(-109.,9.25,-1.00000000000001));
#6262=CARTESIAN_POINT('',(-109.,6.5,3.2580189295552E-46));
#6263=CARTESIAN_POINT('',(-109.,17.5,3.2580189295552E-46));
#6264=CARTESIAN_POINT('Origin',(-111.,17.5,3.39814877598768E-46));
#6265=CARTESIAN_POINT('',(-113.,17.5,-1.00000000000001));
#6266=CARTESIAN_POINT('Origin',(-111.,17.5,-1.00000000000001));
#6267=CARTESIAN_POINT('',(-113.,17.5,3.53827862242016E-46));
#6268=CARTESIAN_POINT('Origin',(-113.,6.5,3.53827862242016E-46));
#6269=CARTESIAN_POINT('',(-113.,6.5,-1.00000000000001));
#6270=CARTESIAN_POINT('',(-113.,3.75,-1.00000000000001));
#6271=CARTESIAN_POINT('',(-113.,6.5,3.53827862242016E-46));
#6272=CARTESIAN_POINT('Origin',(-111.,6.5,3.39814877598768E-46));
#6273=CARTESIAN_POINT('Origin',(-111.,6.5,-1.00000000000001));
#6274=CARTESIAN_POINT('Origin',(-9.99999999999996,6.5,-3.67840846885265E-46));
#6275=CARTESIAN_POINT('',(-9.99999999999996,17.5,-1.00000000000001));
#6276=CARTESIAN_POINT('',(-9.99999999999996,6.5,-1.00000000000001));
#6277=CARTESIAN_POINT('',(-9.99999999999996,3.75,-1.00000000000001));
#6278=CARTESIAN_POINT('',(-9.99999999999996,17.5,-3.67840846885265E-46));
#6279=CARTESIAN_POINT('',(-9.99999999999996,6.5,-3.67840846885265E-46));
#6280=CARTESIAN_POINT('Origin',(-7.99999999999999,6.5,-3.81853831528513E-46));
#6281=CARTESIAN_POINT('',(-6.,6.5,-1.00000000000001));
#6282=CARTESIAN_POINT('Origin',(-7.99999999999999,6.5,-1.00000000000001));
#6283=CARTESIAN_POINT('',(-6.,6.5,-3.95866816171761E-46));
#6284=CARTESIAN_POINT('Origin',(-6.,17.5,-3.95866816171761E-46));
#6285=CARTESIAN_POINT('',(-6.,17.5,-1.00000000000001));
#6286=CARTESIAN_POINT('',(-6.,9.25,-1.00000000000001));
#6287=CARTESIAN_POINT('',(-6.,17.5,-3.95866816171761E-46));
#6288=CARTESIAN_POINT('Origin',(-7.99999999999999,17.5,-3.81853831528513E-46));
#6289=CARTESIAN_POINT('Origin',(-7.99999999999999,17.5,-1.00000000000001));
#6290=CARTESIAN_POINT('Origin',(-18.,6.50000000000001,-3.11788908312272E-46));
#6291=CARTESIAN_POINT('',(-18.,17.5,-1.00000000000001));
#6292=CARTESIAN_POINT('',(-18.,6.50000000000001,-1.00000000000001));
#6293=CARTESIAN_POINT('',(-18.,3.74999999999983,-1.00000000000001));
#6294=CARTESIAN_POINT('',(-18.,17.5,-3.11788908312272E-46));
#6295=CARTESIAN_POINT('',(-18.,6.50000000000001,-3.11788908312272E-46));
#6296=CARTESIAN_POINT('Origin',(-16.,6.5,-3.2580189295552E-46));
#6297=CARTESIAN_POINT('',(-14.,6.5,-1.00000000000001));
#6298=CARTESIAN_POINT('Origin',(-16.,6.5,-1.00000000000001));
#6299=CARTESIAN_POINT('',(-14.,6.5,-3.39814877598768E-46));
#6300=CARTESIAN_POINT('Origin',(-14.,17.5,-3.39814877598768E-46));
#6301=CARTESIAN_POINT('',(-14.,17.5,-1.00000000000001));
#6302=CARTESIAN_POINT('',(-14.,9.24999999999973,-1.00000000000001));
#6303=CARTESIAN_POINT('',(-14.,17.5,-3.39814877598768E-46));
#6304=CARTESIAN_POINT('Origin',(-16.,17.5,-3.2580189295552E-46));
#6305=CARTESIAN_POINT('Origin',(-16.,17.5,-1.00000000000001));
#6306=CARTESIAN_POINT('Origin',(-74.12,2.,-5.00000000000001));
#6307=CARTESIAN_POINT('',(-70.62,2.,-5.00000000000001));
#6308=CARTESIAN_POINT('',(-74.12,2.,-1.50000000000001));
#6309=CARTESIAN_POINT('Origin',(-74.12,2.,-5.00000000000001));
#6310=CARTESIAN_POINT('',(-74.12,1.13397459621556,-1.00000000000001));
#6311=CARTESIAN_POINT('Origin',(-74.12,2.,-0.500000000000005));
#6312=CARTESIAN_POINT('',(-72.0584471871912,1.,-1.00000000000001));
#6313=CARTESIAN_POINT('Ctrl Pts',(-72.0584471871912,1.,-1.00000000000001));
#6314=CARTESIAN_POINT('Ctrl Pts',(-72.2625254410532,1.,-1.00000000000001));
#6315=CARTESIAN_POINT('Ctrl Pts',(-72.5068981663143,1.01596858401839,-1.00000000000001));
#6316=CARTESIAN_POINT('Ctrl Pts',(-73.1506315638421,1.07330597422739,-1.00000000000001));
#6317=CARTESIAN_POINT('Ctrl Pts',(-73.6777963777363,1.13397459621556,-1.00000000000001));
#6318=CARTESIAN_POINT('Ctrl Pts',(-74.12,1.13397459621556,-1.00000000000001));
#6319=CARTESIAN_POINT('',(-76.1815528128088,1.,-1.00000000000001));
#6320=CARTESIAN_POINT('Origin',(-74.12,1.,-5.00000000000001));
#6321=CARTESIAN_POINT('Ctrl Pts',(-74.12,1.13397459621556,-1.00000000000001));
#6322=CARTESIAN_POINT('Ctrl Pts',(-74.5622036222637,1.13397459621556,-1.00000000000001));
#6323=CARTESIAN_POINT('Ctrl Pts',(-75.0893684361579,1.07330597422739,-1.00000000000001));
#6324=CARTESIAN_POINT('Ctrl Pts',(-75.7331018336857,1.01596858401839,-1.00000000000001));
#6325=CARTESIAN_POINT('Ctrl Pts',(-75.9774745589468,1.,-1.00000000000001));
#6326=CARTESIAN_POINT('Ctrl Pts',(-76.1815528128088,1.,-1.00000000000001));
#6327=CARTESIAN_POINT('',(-77.62,2.,-5.00000000000001));
#6328=CARTESIAN_POINT('Origin',(-74.12,2.,-5.00000000000001));
#6329=CARTESIAN_POINT('Origin',(-74.12,2.,-5.00000000000001));
#6330=CARTESIAN_POINT('Origin',(-62.5,1.,-57.5));
#6331=CARTESIAN_POINT('',(-93.25,1.,-1.00000000000001));
#6332=CARTESIAN_POINT('',(-52.9415528128088,1.,-1.00000000000001));
#6333=CARTESIAN_POINT('',(-93.25,1.,-1.00000000000001));
#6334=CARTESIAN_POINT('',(-48.8184471871912,1.,-1.00000000000001));
#6335=CARTESIAN_POINT('Origin',(-50.88,1.,-5.00000000000001));
#6336=CARTESIAN_POINT('',(-1.00000000000002,1.,-1.00000000000002));
#6337=CARTESIAN_POINT('',(-93.25,1.,-1.00000000000001));
#6338=CARTESIAN_POINT('',(-1.00000000000002,1.,-28.75));
#6339=CARTESIAN_POINT('',(-46.38,1.,-76.12));
#6340=CARTESIAN_POINT('',(-50.88,1.,-71.62));
#6341=CARTESIAN_POINT('Origin',(-50.88,1.,-76.12));
#6342=CARTESIAN_POINT('Origin',(-50.88,1.,-76.12));
#6343=CARTESIAN_POINT('',(-69.62,1.,-76.12));
#6344=CARTESIAN_POINT('',(-74.12,1.,-71.62));
#6345=CARTESIAN_POINT('Origin',(-74.12,1.,-76.12));
#6346=CARTESIAN_POINT('Origin',(-74.12,1.,-76.12));
#6347=CARTESIAN_POINT('Origin',(-74.12,1.,-5.00000000000001));
#6348=CARTESIAN_POINT('',(-70.62,6.,-5.00000000000001));
#6349=CARTESIAN_POINT('',(-77.62,6.,-5.00000000000001));
#6350=CARTESIAN_POINT('Origin',(-74.12,6.,-5.00000000000001));
#6351=CARTESIAN_POINT('Origin',(-74.12,6.,-5.00000000000001));
#6352=CARTESIAN_POINT('',(-77.62,1.,-5.00000000000001));
#6353=CARTESIAN_POINT('Origin',(-50.88,2.,-5.00000000000001));
#6354=CARTESIAN_POINT('',(-47.38,2.,-5.00000000000001));
#6355=CARTESIAN_POINT('',(-50.88,2.,-1.50000000000001));
#6356=CARTESIAN_POINT('Origin',(-50.88,2.,-5.00000000000001));
#6357=CARTESIAN_POINT('',(-50.88,1.13397459621556,-1.00000000000001));
#6358=CARTESIAN_POINT('Origin',(-50.88,2.,-0.500000000000009));
#6359=CARTESIAN_POINT('Ctrl Pts',(-48.8184471871912,1.,-1.00000000000001));
#6360=CARTESIAN_POINT('Ctrl Pts',(-49.0225254410532,1.,-1.00000000000001));
#6361=CARTESIAN_POINT('Ctrl Pts',(-49.2668981663143,1.01596858401839,-1.00000000000001));
#6362=CARTESIAN_POINT('Ctrl Pts',(-49.9106315638421,1.07330597422739,-1.00000000000001));
#6363=CARTESIAN_POINT('Ctrl Pts',(-50.4377963777363,1.13397459621556,-1.00000000000001));
#6364=CARTESIAN_POINT('Ctrl Pts',(-50.88,1.13397459621556,-1.00000000000001));
#6365=CARTESIAN_POINT('Ctrl Pts',(-50.88,1.13397459621556,-1.00000000000001));
#6366=CARTESIAN_POINT('Ctrl Pts',(-51.3222036222637,1.13397459621556,-1.00000000000001));
#6367=CARTESIAN_POINT('Ctrl Pts',(-51.8493684361579,1.07330597422739,-1.00000000000001));
#6368=CARTESIAN_POINT('Ctrl Pts',(-52.4931018336857,1.01596858401839,-1.00000000000001));
#6369=CARTESIAN_POINT('Ctrl Pts',(-52.7374745589468,1.,-1.00000000000001));
#6370=CARTESIAN_POINT('Ctrl Pts',(-52.9415528128088,1.,-1.00000000000001));
#6371=CARTESIAN_POINT('',(-54.38,2.,-5.00000000000001));
#6372=CARTESIAN_POINT('Origin',(-50.88,2.,-5.00000000000001));
#6373=CARTESIAN_POINT('Origin',(-50.88,2.,-5.00000000000001));
#6374=CARTESIAN_POINT('Origin',(-124.,1.,-1.00000000000001));
#6375=CARTESIAN_POINT('',(-1.00000000000002,21.,-1.00000000000002));
#6376=CARTESIAN_POINT('',(-124.,21.,-0.999999999999996));
#6377=CARTESIAN_POINT('',(-1.00000000000002,1.,-1.00000000000002));
#6378=CARTESIAN_POINT('',(-55.,6.2,-1.00000000000001));
#6379=CARTESIAN_POINT('',(-55.,12.2,-1.00000000000001));
#6380=CARTESIAN_POINT('',(-55.,7.6,-1.00000000000001));
#6381=CARTESIAN_POINT('',(-57.,14.2,-1.00000000000001));
#6382=CARTESIAN_POINT('Origin',(-57.,12.2,-1.00000000000001));
#6383=CARTESIAN_POINT('',(-68.,14.2,-1.00000000000001));
#6384=CARTESIAN_POINT('',(-97.,14.2,-1.00000000000001));
#6385=CARTESIAN_POINT('',(-70.,12.2,-1.00000000000001));
#6386=CARTESIAN_POINT('Origin',(-68.,12.2,-1.00000000000001));
#6387=CARTESIAN_POINT('',(-70.,6.2,-1.00000000000001));
#6388=CARTESIAN_POINT('',(-70.,2.6,-1.00000000000001));
#6389=CARTESIAN_POINT('',(-68.,4.2,-1.00000000000001));
#6390=CARTESIAN_POINT('Origin',(-68.,6.2,-1.00000000000001));
#6391=CARTESIAN_POINT('',(-57.,4.2,-1.00000000000001));
#6392=CARTESIAN_POINT('',(-89.5,4.2,-1.00000000000001));
#6393=CARTESIAN_POINT('Origin',(-57.,6.2,-1.00000000000001));
#6394=CARTESIAN_POINT('Origin',(-50.88,1.,-5.00000000000001));
#6395=CARTESIAN_POINT('',(-47.38,6.,-5.00000000000001));
#6396=CARTESIAN_POINT('',(-54.38,6.,-5.00000000000001));
#6397=CARTESIAN_POINT('Origin',(-50.88,6.,-5.00000000000001));
#6398=CARTESIAN_POINT('Origin',(-50.88,6.,-5.00000000000001));
#6399=CARTESIAN_POINT('',(-54.38,1.,-5.00000000000001));
#6400=CARTESIAN_POINT('Origin',(-50.88,2.,-76.12));
#6401=CARTESIAN_POINT('',(-47.38,2.,-76.12));
#6402=CARTESIAN_POINT('',(-50.88,2.,-72.62));
#6403=CARTESIAN_POINT('Origin',(-50.88,2.,-76.12));
#6404=CARTESIAN_POINT('Origin',(-50.88,2.,-71.62));
#6405=CARTESIAN_POINT('',(-54.38,2.,-76.12));
#6406=CARTESIAN_POINT('Origin',(-50.88,2.,-76.12));
#6407=CARTESIAN_POINT('Origin',(-50.88,2.,-76.12));
#6408=CARTESIAN_POINT('Origin',(-50.88,1.,-76.12));
#6409=CARTESIAN_POINT('',(-47.38,6.,-76.12));
#6410=CARTESIAN_POINT('',(-54.38,6.,-76.12));
#6411=CARTESIAN_POINT('Origin',(-50.88,6.,-76.12));
#6412=CARTESIAN_POINT('Origin',(-50.88,6.,-76.12));
#6413=CARTESIAN_POINT('',(-54.38,1.,-76.12));
#6414=CARTESIAN_POINT('Origin',(-74.12,2.,-76.12));
#6415=CARTESIAN_POINT('',(-70.62,2.,-76.12));
#6416=CARTESIAN_POINT('',(-74.12,2.,-72.62));
#6417=CARTESIAN_POINT('Origin',(-74.12,2.,-76.12));
#6418=CARTESIAN_POINT('Origin',(-74.12,2.,-71.62));
#6419=CARTESIAN_POINT('',(-77.62,2.,-76.12));
#6420=CARTESIAN_POINT('Origin',(-74.12,2.,-76.12));
#6421=CARTESIAN_POINT('Origin',(-74.12,2.,-76.12));
#6422=CARTESIAN_POINT('Origin',(-74.12,1.,-76.12));
#6423=CARTESIAN_POINT('',(-70.62,6.,-76.12));
#6424=CARTESIAN_POINT('',(-77.62,6.,-76.12));
#6425=CARTESIAN_POINT('Origin',(-74.12,6.,-76.12));
#6426=CARTESIAN_POINT('Origin',(-74.12,6.,-76.12));
#6427=CARTESIAN_POINT('',(-77.62,1.,-76.12));
#6428=CARTESIAN_POINT('Origin',(-68.,12.2,5.25486924121804E-47));
#6429=CARTESIAN_POINT('',(-70.,12.2,5.25486924121804E-47));
#6430=CARTESIAN_POINT('',(-68.,14.2,5.25486924121804E-47));
#6431=CARTESIAN_POINT('Origin',(-70.,4.2,5.25486924121804E-47));
#6432=CARTESIAN_POINT('',(-70.,6.2,-1.70160574004016E-61));
#6433=CARTESIAN_POINT('Origin',(-57.,12.2,-1.70160574004016E-61));
#6434=CARTESIAN_POINT('',(-57.,14.2,-1.70160574004016E-61));
#6435=CARTESIAN_POINT('',(-55.,12.2,-1.70160574004016E-61));
#6436=CARTESIAN_POINT('Origin',(-70.,14.2,5.25486924121804E-47));
#6437=CARTESIAN_POINT('Origin',(-57.,6.2,-5.25486924121808E-47));
#6438=CARTESIAN_POINT('',(-55.,6.2,-5.25486924121808E-47));
#6439=CARTESIAN_POINT('',(-57.,4.2,-5.25486924121808E-47));
#6440=CARTESIAN_POINT('Origin',(-55.,14.2,-5.25486924121808E-47));
#6441=CARTESIAN_POINT('Origin',(-68.,6.2,-1.70160574004016E-61));
#6442=CARTESIAN_POINT('',(-68.,4.2,-1.70160574004016E-61));
#6443=CARTESIAN_POINT('Origin',(-55.,4.2,-5.25486924121808E-47));
#6444=CARTESIAN_POINT('Ctrl Pts',(-122.5,27.,-112.5));
#6445=CARTESIAN_POINT('Ctrl Pts',(-122.836599212885,27.,-113.060998688141));
#6446=CARTESIAN_POINT('Ctrl Pts',(-123.395502317512,26.6719865177659,-113.992503862519));
#6447=CARTESIAN_POINT('Ctrl Pts',(-123.897323621043,25.6205748259577,-114.828872701739));
#6448=CARTESIAN_POINT('Ctrl Pts',(-124.,24.8739991254273,-115.));
#6449=CARTESIAN_POINT('Ctrl Pts',(-124.,24.5,-115.));
#6450=CARTESIAN_POINT('Ctrl Pts',(-122.5,27.,-112.5));
#6451=CARTESIAN_POINT('Ctrl Pts',(-122.879341970076,27.,-113.018255930949));
#6452=CARTESIAN_POINT('Ctrl Pts',(-123.508276401292,26.7319263859841,-113.879316738683));
#6453=CARTESIAN_POINT('Ctrl Pts',(-124.143423359472,25.7443803200732,-114.778043699842));
#6454=CARTESIAN_POINT('Ctrl Pts',(-124.299199300342,24.9194312689273,-115.));
#6455=CARTESIAN_POINT('Ctrl Pts',(-124.299199300342,24.5,-115.));
#6456=CARTESIAN_POINT('Ctrl Pts',(-122.5,27.,-112.5));
#6457=CARTESIAN_POINT('Ctrl Pts',(-122.954141795162,27.,-112.943456105864));
#6458=CARTESIAN_POINT('Ctrl Pts',(-123.708679301698,26.7757326299302,-113.67987733374));
#6459=CARTESIAN_POINT('Ctrl Pts',(-124.572763938019,25.8480017258623,-114.513803999137));
#6460=CARTESIAN_POINT('Ctrl Pts',(-124.816975799916,24.9584632680475,-114.748684023332));
#6461=CARTESIAN_POINT('Ctrl Pts',(-124.816975799916,24.5,-114.748684023332));
#6462=CARTESIAN_POINT('Ctrl Pts',(-122.5,27.,-112.5));
#6463=CARTESIAN_POINT('Ctrl Pts',(-123.028941620247,27.,-112.868656280778));
#6464=CARTESIAN_POINT('Ctrl Pts',(-123.908622926399,26.7170999462537,-113.480993631168));
#6465=CARTESIAN_POINT('Ctrl Pts',(-124.791063401162,25.7125286072992,-114.082187893175));
#6466=CARTESIAN_POINT('Ctrl Pts',(-125.,24.9076221247932,-114.224399475256));
#6467=CARTESIAN_POINT('Ctrl Pts',(-125.,24.5,-114.224399475256));
#6468=CARTESIAN_POINT('Ctrl Pts',(-122.5,27.,-112.5));
#6469=CARTESIAN_POINT('Ctrl Pts',(-123.060998688141,27.,-112.836599212885));
#6470=CARTESIAN_POINT('Ctrl Pts',(-123.992503862519,26.6719865177659,-113.395502317512));
#6471=CARTESIAN_POINT('Ctrl Pts',(-124.828872701739,25.6205748259577,-113.897323621043));
#6472=CARTESIAN_POINT('Ctrl Pts',(-125.,24.8739991254273,-114.));
#6473=CARTESIAN_POINT('Ctrl Pts',(-125.,24.5,-114.));
#6474=CARTESIAN_POINT('Origin',(-122.5,24.5,-112.5));
#6475=CARTESIAN_POINT('Origin',(-1.00000000000002,0.,-114.));
#6476=CARTESIAN_POINT('Origin',(-1.00000000000002,24.5,-114.));
#6477=CARTESIAN_POINT('Ctrl Pts',(-2.50000000000005,27.,-112.5));
#6478=CARTESIAN_POINT('Ctrl Pts',(-1.93900131185902,27.,-112.836599212885));
#6479=CARTESIAN_POINT('Ctrl Pts',(-1.00745475844949,26.6720847211459,-113.39552714493));
#6480=CARTESIAN_POINT('Ctrl Pts',(-0.171097687626984,25.6206226767058,-113.897341387424));
#6481=CARTESIAN_POINT('Ctrl Pts',(-5.12681039828516E-14,24.8739991254273,
-114.));
#6482=CARTESIAN_POINT('Ctrl Pts',(-5.25968157916168E-14,24.5,-114.));
#6483=CARTESIAN_POINT('Ctrl Pts',(-2.50000000000005,27.,-112.5));
#6484=CARTESIAN_POINT('Ctrl Pts',(-1.98174406905071,27.,-112.879341970076));
#6485=CARTESIAN_POINT('Ctrl Pts',(-1.12046101186041,26.7319699585395,-113.508409080549));
#6486=CARTESIAN_POINT('Ctrl Pts',(-0.221793581327412,25.7444066821675,-114.143522788514));
#6487=CARTESIAN_POINT('Ctrl Pts',(-5.09951823536613E-14,24.9194312689273,
-114.299199300342));
#6488=CARTESIAN_POINT('Ctrl Pts',(-5.25968157916168E-14,24.5,-114.299199300342));
#6489=CARTESIAN_POINT('Ctrl Pts',(-2.50000000000005,27.,-112.5));
#6490=CARTESIAN_POINT('Ctrl Pts',(-2.05654389413619,27.,-112.954141795162));
#6491=CARTESIAN_POINT('Ctrl Pts',(-1.31998202643926,26.775859466844,-113.708841933632));
#6492=CARTESIAN_POINT('Ctrl Pts',(-0.486053529706558,25.8481897158083,-114.572923690484));
#6493=CARTESIAN_POINT('Ctrl Pts',(-0.251285560552178,24.9584632680475,-114.817012294965));
#6494=CARTESIAN_POINT('Ctrl Pts',(-0.251285560552179,24.5,-114.817012294965));
#6495=CARTESIAN_POINT('Ctrl Pts',(-2.50000000000005,27.,-112.5));
#6496=CARTESIAN_POINT('Ctrl Pts',(-2.13134371922166,27.,-113.028941620247));
#6497=CARTESIAN_POINT('Ctrl Pts',(-1.51896133705727,26.7171815865426,-113.908732997699));
#6498=CARTESIAN_POINT('Ctrl Pts',(-0.917767598328021,25.7126036188219,-114.791154964477));
#6499=CARTESIAN_POINT('Ctrl Pts',(-0.775600524743644,24.9076221247932,-115.));
#6500=CARTESIAN_POINT('Ctrl Pts',(-0.775600524743645,24.5,-115.));
#6501=CARTESIAN_POINT('Ctrl Pts',(-2.50000000000005,27.,-112.5));
#6502=CARTESIAN_POINT('Ctrl Pts',(-2.16340078711543,27.,-113.060998688141));
#6503=CARTESIAN_POINT('Ctrl Pts',(-1.60447285506971,26.6720847211459,-113.992545241551));
#6504=CARTESIAN_POINT('Ctrl Pts',(-1.10265861257622,25.6206226767058,-114.828902312373));
#6505=CARTESIAN_POINT('Ctrl Pts',(-1.00000000000006,24.8739991254273,-115.));
#6506=CARTESIAN_POINT('Ctrl Pts',(-1.00000000000006,24.5,-115.));
#6507=CARTESIAN_POINT('Origin',(-2.50000000000005,24.5,-112.5));
#6508=CARTESIAN_POINT('Origin',(-0.999999999999996,0.,-1.));
#6509=CARTESIAN_POINT('Origin',(-0.999999999999996,24.5,-1.));
#6510=CARTESIAN_POINT('Ctrl Pts',(-2.50000000000004,27.,-2.50000000000002));
#6511=CARTESIAN_POINT('Ctrl Pts',(-2.16340078711542,27.,-1.93900131185898));
#6512=CARTESIAN_POINT('Ctrl Pts',(-1.60436713130175,26.6725303958682,-1.00727855216954));
#6513=CARTESIAN_POINT('Ctrl Pts',(-1.10258071852606,25.6208064525004,-0.170967864210065));
#6514=CARTESIAN_POINT('Ctrl Pts',(-1.00000000000003,24.8739991254273,-2.08757486837379E-14));
#6515=CARTESIAN_POINT('Ctrl Pts',(-1.00000000000003,24.5,-2.22044604925031E-14));
#6516=CARTESIAN_POINT('Ctrl Pts',(-2.50000000000004,27.,-2.50000000000002));
#6517=CARTESIAN_POINT('Ctrl Pts',(-2.12065802992372,27.,-1.98174406905068));
#6518=CARTESIAN_POINT('Ctrl Pts',(-1.49103142297818,26.7321614127171,-1.11951910597377));
#6519=CARTESIAN_POINT('Ctrl Pts',(-0.8560360761675,25.7445166720237,-0.221075896840811));
#6520=CARTESIAN_POINT('Ctrl Pts',(-0.700800699658146,24.9194312689273,-2.13502274469781E-14));
#6521=CARTESIAN_POINT('Ctrl Pts',(-0.700800699658147,24.5,-2.29518608849336E-14));
#6522=CARTESIAN_POINT('Ctrl Pts',(-2.50000000000003,27.,-2.50000000000002));
#6523=CARTESIAN_POINT('Ctrl Pts',(-2.04585820483824,27.,-2.05654389413616));
#6524=CARTESIAN_POINT('Ctrl Pts',(-1.29052568029672,26.7762980093418,-1.31944040280453));
#6525=CARTESIAN_POINT('Ctrl Pts',(-0.426328109003418,25.8491645503175,-0.485382777426054));
#6526=CARTESIAN_POINT('Ctrl Pts',(-0.182777512561965,24.9584632680475,-0.251110379570193));
#6527=CARTESIAN_POINT('Ctrl Pts',(-0.182777512561966,24.5,-0.251110379570195));
#6528=CARTESIAN_POINT('Ctrl Pts',(-2.50000000000003,27.,-2.50000000000002));
#6529=CARTESIAN_POINT('Ctrl Pts',(-1.97105837975277,27.,-2.13134371922163));
#6530=CARTESIAN_POINT('Ctrl Pts',(-1.09081396934725,26.7175088998123,-1.51878463623081));
#6531=CARTESIAN_POINT('Ctrl Pts',(-0.208428740990565,25.7129517460486,-0.917558203722194));
#6532=CARTESIAN_POINT('Ctrl Pts',(-3.07063687871977E-14,24.9076221247932,
-0.775600524743611));
#6533=CARTESIAN_POINT('Ctrl Pts',(-3.18703690968925E-14,24.5,-0.775600524743611));
#6534=CARTESIAN_POINT('Ctrl Pts',(-2.50000000000003,27.,-2.50000000000002));
#6535=CARTESIAN_POINT('Ctrl Pts',(-1.939001311859,27.,-2.1634007871154));
#6536=CARTESIAN_POINT('Ctrl Pts',(-1.00727855216955,26.6725303958682,-1.60436713130173));
#6537=CARTESIAN_POINT('Ctrl Pts',(-0.170967864210074,25.6208064525004,-1.10258071852605));
#6538=CARTESIAN_POINT('Ctrl Pts',(-3.10563495392882E-14,24.8739991254273,
-1.00000000000003));
#6539=CARTESIAN_POINT('Ctrl Pts',(-3.19189119579733E-14,24.5,-1.00000000000003));
#6540=CARTESIAN_POINT('',(-2.50000000000004,27.,-2.50000000000004));
#6541=CARTESIAN_POINT('Origin',(-2.50000000000003,24.5,-2.50000000000002));
#6542=CARTESIAN_POINT('Origin',(-2.50000000000003,24.5,-2.50000000000002));
#6543=CARTESIAN_POINT('Ctrl Pts',(-122.5,27.,-2.50000000000002));
#6544=CARTESIAN_POINT('Ctrl Pts',(-123.060998688141,27.,-2.1634007871154));
#6545=CARTESIAN_POINT('Ctrl Pts',(-123.992539775985,26.6720716514363,-1.60447613440912));
#6546=CARTESIAN_POINT('Ctrl Pts',(-124.828898387875,25.6206164279267,-1.10266096727484));
#6547=CARTESIAN_POINT('Ctrl Pts',(-125.,24.8739991254273,-1.00000000000001));
#6548=CARTESIAN_POINT('Ctrl Pts',(-125.,24.5,-1.00000000000001));
#6549=CARTESIAN_POINT('Ctrl Pts',(-122.5,27.,-2.50000000000002));
#6550=CARTESIAN_POINT('Ctrl Pts',(-123.018255930949,27.,-2.1206580299237));
#6551=CARTESIAN_POINT('Ctrl Pts',(-123.879509648386,26.7319641820807,-1.49160842474825));
#6552=CARTESIAN_POINT('Ctrl Pts',(-124.778184837156,25.7444032082482,-0.856490408129808));
#6553=CARTESIAN_POINT('Ctrl Pts',(-125.,24.9194312689273,-0.700800699658126));
#6554=CARTESIAN_POINT('Ctrl Pts',(-125.,24.5,-0.700800699658126));
#6555=CARTESIAN_POINT('Ctrl Pts',(-122.5,27.,-2.50000000000002));
#6556=CARTESIAN_POINT('Ctrl Pts',(-122.943456105864,27.,-2.04585820483823));
#6557=CARTESIAN_POINT('Ctrl Pts',(-123.679999603164,26.7758430543,-1.29117933129977));
#6558=CARTESIAN_POINT('Ctrl Pts',(-124.513927424331,25.848164265529,-0.427097651498014));
#6559=CARTESIAN_POINT('Ctrl Pts',(-124.748710243774,24.9584632680475,-0.182992739252279));
#6560=CARTESIAN_POINT('Ctrl Pts',(-124.748710243774,24.5,-0.18299273925228));
#6561=CARTESIAN_POINT('Ctrl Pts',(-122.5,27.,-2.50000000000002));
#6562=CARTESIAN_POINT('Ctrl Pts',(-122.868656280778,27.,-1.97105837975276));
#6563=CARTESIAN_POINT('Ctrl Pts',(-123.481032768852,26.7171708759128,-1.09128148491157));
#6564=CARTESIAN_POINT('Ctrl Pts',(-124.0822264516,25.7125936080782,-0.208857224220797));
#6565=CARTESIAN_POINT('Ctrl Pts',(-124.224399475256,24.9076221247932,-6.88640045058549E-15));
#6566=CARTESIAN_POINT('Ctrl Pts',(-124.224399475256,24.5,-8.05040076028039E-15));
#6567=CARTESIAN_POINT('Ctrl Pts',(-122.5,27.,-2.50000000000002));
#6568=CARTESIAN_POINT('Ctrl Pts',(-122.836599212885,27.,-1.93900131185899));
#6569=CARTESIAN_POINT('Ctrl Pts',(-123.395523865591,26.6720716514363,-1.00746022401519));
#6570=CARTESIAN_POINT('Ctrl Pts',(-123.897339032725,25.6206164279266,-0.17110161212471));
#6571=CARTESIAN_POINT('Ctrl Pts',(-124.,24.8739991254273,-7.18655450984736E-15));
#6572=CARTESIAN_POINT('Ctrl Pts',(-124.,24.5,-8.04911692853238E-15));
#6573=CARTESIAN_POINT('',(-122.5,27.,-2.50000000000005));
#6574=CARTESIAN_POINT('Origin',(-122.5,24.5,-2.50000000000002));
#6575=CARTESIAN_POINT('Origin',(-122.5,24.5,-2.50000000000002));
#6576=CARTESIAN_POINT('Origin',(-111.,0.,-107.));
#6577=CARTESIAN_POINT('',(-109.,0.,-107.));
#6578=CARTESIAN_POINT('',(-113.,0.,-107.));
#6579=CARTESIAN_POINT('Origin',(-109.,0.,-103.464101615138));
#6580=CARTESIAN_POINT('',(-109.,0.,-103.464101615138));
#6581=CARTESIAN_POINT('Origin',(-111.,0.,-100.));
#6582=CARTESIAN_POINT('',(-113.,0.,-103.464101615138));
#6583=CARTESIAN_POINT('Origin',(-113.,0.,-107.));
#6584=CARTESIAN_POINT('Origin',(-14.,0.,-100.));
#6585=CARTESIAN_POINT('',(-16.,0.,-103.464101615138));
#6586=CARTESIAN_POINT('',(-12.,0.,-103.464101615138));
#6587=CARTESIAN_POINT('Origin',(-16.,0.,-107.));
#6588=CARTESIAN_POINT('',(-16.,0.,-107.));
#6589=CARTESIAN_POINT('Origin',(-14.,0.,-107.));
#6590=CARTESIAN_POINT('',(-12.,0.,-107.));
#6591=CARTESIAN_POINT('Origin',(-12.,0.,-103.464101615138));
#6592=CARTESIAN_POINT('Origin',(-50.88,3.5,-76.12));
#6593=CARTESIAN_POINT('',(-49.93,6.,-76.12));
#6594=CARTESIAN_POINT('',(-51.83,6.,-76.12));
#6595=CARTESIAN_POINT('Origin',(-50.88,6.,-76.12));
#6596=CARTESIAN_POINT('Origin',(-50.88,6.,-76.12));
#6597=CARTESIAN_POINT('',(-51.83,1.,-76.12));
#6598=CARTESIAN_POINT('',(-51.83,3.5,-76.12));
#6599=CARTESIAN_POINT('',(-49.93,1.,-76.12));
#6600=CARTESIAN_POINT('Origin',(-50.88,1.,-76.12));
#6601=CARTESIAN_POINT('Origin',(-50.88,1.,-76.12));
#6602=CARTESIAN_POINT('Origin',(-50.88,1.,-76.12));
#6603=CARTESIAN_POINT('Origin',(-74.12,3.5,-5.00000000000001));
#6604=CARTESIAN_POINT('',(-73.17,6.,-5.00000000000001));
#6605=CARTESIAN_POINT('',(-75.07,6.,-5.00000000000001));
#6606=CARTESIAN_POINT('Origin',(-74.12,6.,-5.00000000000001));
#6607=CARTESIAN_POINT('Origin',(-74.12,6.,-5.00000000000001));
#6608=CARTESIAN_POINT('',(-75.07,1.,-5.00000000000001));
#6609=CARTESIAN_POINT('',(-75.07,3.5,-5.00000000000001));
#6610=CARTESIAN_POINT('',(-73.17,1.,-5.00000000000001));
#6611=CARTESIAN_POINT('Origin',(-74.12,1.,-5.00000000000001));
#6612=CARTESIAN_POINT('Origin',(-74.12,1.,-5.00000000000001));
#6613=CARTESIAN_POINT('Origin',(-74.12,1.,-5.00000000000001));
#6614=CARTESIAN_POINT('Origin',(-50.88,3.5,-5.00000000000001));
#6615=CARTESIAN_POINT('',(-49.93,6.,-5.00000000000001));
#6616=CARTESIAN_POINT('',(-51.83,6.,-5.00000000000001));
#6617=CARTESIAN_POINT('Origin',(-50.88,6.,-5.00000000000001));
#6618=CARTESIAN_POINT('Origin',(-50.88,6.,-5.00000000000001));
#6619=CARTESIAN_POINT('',(-51.83,1.,-5.00000000000001));
#6620=CARTESIAN_POINT('',(-51.83,3.5,-5.00000000000001));
#6621=CARTESIAN_POINT('',(-49.93,1.,-5.00000000000001));
#6622=CARTESIAN_POINT('Origin',(-50.88,1.,-5.00000000000001));
#6623=CARTESIAN_POINT('Origin',(-50.88,1.,-5.00000000000001));
#6624=CARTESIAN_POINT('Origin',(-50.88,1.,-5.00000000000001));
#6625=CARTESIAN_POINT('Origin',(-74.12,3.5,-76.12));
#6626=CARTESIAN_POINT('',(-73.17,6.,-76.12));
#6627=CARTESIAN_POINT('',(-75.07,6.,-76.12));
#6628=CARTESIAN_POINT('Origin',(-74.12,6.,-76.12));
#6629=CARTESIAN_POINT('Origin',(-74.12,6.,-76.12));
#6630=CARTESIAN_POINT('',(-75.07,1.,-76.12));
#6631=CARTESIAN_POINT('',(-75.07,3.5,-76.12));
#6632=CARTESIAN_POINT('',(-73.17,1.,-76.12));
#6633=CARTESIAN_POINT('Origin',(-74.12,1.,-76.12));
#6634=CARTESIAN_POINT('Origin',(-74.12,1.,-76.12));
#6635=CARTESIAN_POINT('Origin',(-74.12,1.,-76.12));
#6636=CARTESIAN_POINT('Origin',(-50.88,6.,-5.00000000000001));
#6637=CARTESIAN_POINT('Origin',(-50.88,6.,-76.12));
#6638=CARTESIAN_POINT('Origin',(-74.12,6.,-5.00000000000001));
#6639=CARTESIAN_POINT('Origin',(-74.12,6.,-76.12));
#6640=CARTESIAN_POINT('Origin',(-122.5,24.5,-2.50000000000002));
#6641=CARTESIAN_POINT('',(-122.5,27.,-2.50000000000005));
#6642=CARTESIAN_POINT('',(-122.5,27.,-2.50000000000005));
#6643=CARTESIAN_POINT('',(-122.5,27.,-2.50000000000005));
#6644=CARTESIAN_POINT('',(-122.5,27.,-2.50000000000005));
#6645=CARTESIAN_POINT('',(-122.5,27.,-2.50000000000005));
#6646=CARTESIAN_POINT('Origin',(-122.5,24.,-2.50000000000002));
#6647=CARTESIAN_POINT('',(-2.50000000000002,24.,-2.50000000000002));
#6648=CARTESIAN_POINT('',(-2.50000000000002,12.5,-2.50000000000002));
#6649=CARTESIAN_POINT('',(-122.5,24.,-2.50000000000002));
#6650=CARTESIAN_POINT('',(-122.5,24.,-2.50000000000002));
#6651=CARTESIAN_POINT('',(-122.5,12.5,-2.50000000000001));
#6652=CARTESIAN_POINT('Origin',(-121.5,23.,-3.50000000000001));
#6653=CARTESIAN_POINT('',(-121.5,23.,-3.50000000000001));
#6654=CARTESIAN_POINT('',(-121.5,24.,-3.50000000000001));
#6655=CARTESIAN_POINT('',(-121.5,12.,-3.50000000000001));
#6656=CARTESIAN_POINT('',(-3.50000000000002,24.,-3.50000000000002));
#6657=CARTESIAN_POINT('',(-121.5,24.,-3.50000000000001));
#6658=CARTESIAN_POINT('',(-3.50000000000002,23.,-3.50000000000002));
#6659=CARTESIAN_POINT('',(-3.50000000000002,12.,-3.50000000000002));
#6660=CARTESIAN_POINT('',(-121.5,23.,-3.50000000000001));
#6661=CARTESIAN_POINT('Origin',(-122.,21.,-3.00000000000002));
#6662=CARTESIAN_POINT('',(-122.,23.,-3.00000000000002));
#6663=CARTESIAN_POINT('Origin',(-122.,21.,-3.00000000000002));
#6664=CARTESIAN_POINT('',(-3.00000000000002,23.,-3.00000000000002));
#6665=CARTESIAN_POINT('',(-122.,23.,-3.00000000000002));
#6666=CARTESIAN_POINT('Origin',(-3.00000000000002,21.,-3.00000000000002));
#6667=CARTESIAN_POINT('Origin',(-122.5,24.5,-112.5));
#6668=CARTESIAN_POINT('',(-122.5,27.,-112.5));
#6669=CARTESIAN_POINT('Origin',(-122.5,24.,-112.5));
#6670=CARTESIAN_POINT('',(-122.5,24.,-112.5));
#6671=CARTESIAN_POINT('',(-122.5,12.5,-112.5));
#6672=CARTESIAN_POINT('',(-122.5,24.,-112.5));
#6673=CARTESIAN_POINT('Origin',(-121.5,23.,-111.5));
#6674=CARTESIAN_POINT('',(-121.5,23.,-111.5));
#6675=CARTESIAN_POINT('',(-121.5,24.,-111.5));
#6676=CARTESIAN_POINT('',(-121.5,12.,-111.5));
#6677=CARTESIAN_POINT('',(-121.5,24.,-111.5));
#6678=CARTESIAN_POINT('',(-121.5,23.,-111.5));
#6679=CARTESIAN_POINT('Origin',(-122.,21.,-112.));
#6680=CARTESIAN_POINT('',(-122.,23.,-112.));
#6681=CARTESIAN_POINT('Origin',(-2.50000000000004,24.,-112.5));
#6682=CARTESIAN_POINT('',(-2.50000000000004,24.,-112.5));
#6683=CARTESIAN_POINT('',(-2.50000000000004,24.,-112.5));
#6684=CARTESIAN_POINT('',(-2.50000000000003,12.5,-112.5));
#6685=CARTESIAN_POINT('Origin',(-3.50000000000004,24.,-111.5));
#6686=CARTESIAN_POINT('',(-2.50000000000002,24.,0.));
#6687=CARTESIAN_POINT('',(-3.50000000000004,24.,-111.5));
#6688=CARTESIAN_POINT('',(-3.50000000000002,24.,0.));
#6689=CARTESIAN_POINT('',(-3.50000000000004,24.,-111.5));
#6690=CARTESIAN_POINT('Origin',(-3.50000000000004,23.,-111.5));
#6691=CARTESIAN_POINT('',(-3.50000000000004,23.,-111.5));
#6692=CARTESIAN_POINT('',(-3.50000000000004,12.,-111.5));
#6693=CARTESIAN_POINT('',(-3.50000000000004,23.,-111.5));
#6694=CARTESIAN_POINT('Origin',(-3.00000000000002,23.,-112.));
#6695=CARTESIAN_POINT('',(-3.00000000000002,23.,0.));
#6696=CARTESIAN_POINT('',(-3.50000000000002,23.,0.));
#6697=CARTESIAN_POINT('Origin',(-2.50000000000002,24.,0.));
#6698=CARTESIAN_POINT('',(-2.50000000000004,27.,0.));
#6699=CARTESIAN_POINT('Origin',(-2.50000000000003,24.5,0.));
#6700=CARTESIAN_POINT('Origin',(-3.50000000000002,23.,0.));
#6701=CARTESIAN_POINT('Origin',(-3.00000000000002,21.,0.));
#6702=CARTESIAN_POINT('',(-1.00000000000002,21.,0.));
#6703=CARTESIAN_POINT('Origin',(-1.00000000000002,1.,0.));
#6704=UNCERTAINTY_MEASURE_WITH_UNIT(LENGTH_MEASURE(0.01),#6708,
'DISTANCE_ACCURACY_VALUE',
'Maximum model space distance between geometric entities at asserted c
onnectivities');
#6705=UNCERTAINTY_MEASURE_WITH_UNIT(LENGTH_MEASURE(0.01),#6708,
'DISTANCE_ACCURACY_VALUE',
'Maximum model space distance between geometric entities at asserted c
onnectivities');
#6706=(
GEOMETRIC_REPRESENTATION_CONTEXT(3)
GLOBAL_UNCERTAINTY_ASSIGNED_CONTEXT((#6704))
GLOBAL_UNIT_ASSIGNED_CONTEXT((#6708,#6710,#6711))
REPRESENTATION_CONTEXT('','3D')
);
#6707=(
GEOMETRIC_REPRESENTATION_CONTEXT(3)
GLOBAL_UNCERTAINTY_ASSIGNED_CONTEXT((#6705))
GLOBAL_UNIT_ASSIGNED_CONTEXT((#6708,#6710,#6711))
REPRESENTATION_CONTEXT('','3D')
);
#6708=(
LENGTH_UNIT()
NAMED_UNIT(*)
SI_UNIT(.MILLI.,.METRE.)
);
#6709=(
LENGTH_UNIT()
NAMED_UNIT(*)
SI_UNIT(.CENTI.,.METRE.)
);
#6710=(
NAMED_UNIT(*)
PLANE_ANGLE_UNIT()
SI_UNIT($,.RADIAN.)
);
#6711=(
NAMED_UNIT(*)
SI_UNIT($,.STERADIAN.)
SOLID_ANGLE_UNIT()
);
#6712=SHAPE_DEFINITION_REPRESENTATION(#6713,#6714);
#6713=PRODUCT_DEFINITION_SHAPE('',$,#6716);
#6714=SHAPE_REPRESENTATION('',(#4008),#6706);
#6715=PRODUCT_DEFINITION_CONTEXT('part definition',#6720,'design');
#6716=PRODUCT_DEFINITION('Geh\X\E4use-Outdoor_2_Panels',
'Gehaeuse-Outdoor_2_Panels',#6717,#6715);
#6717=PRODUCT_DEFINITION_FORMATION('',$,#6722);
#6718=PRODUCT_RELATED_PRODUCT_CATEGORY('Gehaeuse-Outdoor_2_Panels',
'Gehaeuse-Outdoor_2_Panels',(#6722));
#6719=APPLICATION_PROTOCOL_DEFINITION('international standard',
'automotive_design',2009,#6720);
#6720=APPLICATION_CONTEXT(
'Core Data for Automotive Mechanical Design Process');
#6721=PRODUCT_CONTEXT('part definition',#6720,'mechanical');
#6722=PRODUCT('Geh\X\E4use-Outdoor_2_Panels',
'Gehaeuse-Outdoor_2_Panels',$,(#6721));
#6723=PRESENTATION_STYLE_ASSIGNMENT((#6725));
#6724=PRESENTATION_STYLE_ASSIGNMENT((#6726));
#6725=SURFACE_STYLE_USAGE(.BOTH.,#6731);
#6726=SURFACE_STYLE_USAGE(.BOTH.,#6732);
#6727=SURFACE_STYLE_RENDERING_WITH_PROPERTIES($,#6739,(#6729));
#6728=SURFACE_STYLE_RENDERING_WITH_PROPERTIES($,#6740,(#6730));
#6729=SURFACE_STYLE_TRANSPARENT(0.);
#6730=SURFACE_STYLE_TRANSPARENT(0.);
#6731=SURFACE_SIDE_STYLE('',(#6733,#6727));
#6732=SURFACE_SIDE_STYLE('',(#6734,#6728));
#6733=SURFACE_STYLE_FILL_AREA(#6735);
#6734=SURFACE_STYLE_FILL_AREA(#6736);
#6735=FILL_AREA_STYLE('',(#6737));
#6736=FILL_AREA_STYLE('',(#6738));
#6737=FILL_AREA_STYLE_COLOUR('',#6739);
#6738=FILL_AREA_STYLE_COLOUR('',#6740);
#6739=COLOUR_RGB('',0.96078431372549,0.96078431372549,0.96078431372549);
#6740=COLOUR_RGB('',0.905882352941176,0.83921568627451,0.674509803921569);
ENDSEC;
END-ISO-10303-21;
